2026-05-30 21:45:56,492 INFO src.api.main: Admin user already exists
2026-05-30 21:45:57,018 INFO src.api.main: Demo user already exists
2026-05-30 21:45:57,248 INFO src.api.main: Database initialized and seeded
2026-05-30 22:11:21,982 INFO src.api.main: Serving frontend build from C:\Users\DELL\Documents\Retail_traders\frontend\dist
2026-05-30 22:11:23,937 INFO src.api.main: Admin user already exists
2026-05-30 22:11:24,559 INFO src.api.main: Demo user already exists
2026-05-30 22:11:24,882 INFO src.api.main: Database initialized and seeded
2026-05-30 22:14:50,879 INFO src.api.main: Serving frontend build from C:\Users\DELL\Documents\Retail_traders\frontend\dist
2026-05-30 22:14:51,567 INFO src.api.main: Admin user already exists
2026-05-30 22:14:52,211 INFO src.api.main: Demo user already exists
2026-05-30 22:14:52,461 INFO src.api.main: Database initialized and seeded
2026-05-30 22:57:49,207 INFO src.api.main: Serving frontend build from C:\Users\DELL\Documents\Retail_traders\frontend\dist
2026-05-30 22:57:59,399 INFO src.api.main: Serving frontend build from C:\Users\DELL\Documents\Retail_traders\frontend\dist
2026-05-30 22:58:00,507 INFO src.api.main: Admin user already exists
2026-05-30 22:58:01,246 INFO src.api.main: Demo user already exists
2026-05-30 22:58:01,559 INFO watchfiles.main: 1 change detected
2026-05-30 22:58:01,932 INFO watchfiles.main: 2 changes detected
2026-05-30 22:58:01,955 INFO src.api.main: Database initialized and seeded
2026-05-30 22:58:02,337 INFO watchfiles.main: 1 change detected
2026-05-30 22:58:03,815 INFO watchfiles.main: 1 change detected
2026-05-30 22:58:20,250 INFO watchfiles.main: 1 change detected
2026-05-30 22:58:20,617 INFO watchfiles.main: 3 changes detected
2026-05-30 22:58:22,359 INFO watchfiles.main: 1 change detected
2026-05-30 22:58:38,010 INFO watchfiles.main: 1 change detected
2026-05-30 22:58:38,380 INFO watchfiles.main: 1 change detected
2026-05-30 22:58:38,738 INFO watchfiles.main: 1 change detected
2026-05-30 22:58:39,101 INFO watchfiles.main: 1 change detected
2026-05-30 22:58:39,460 INFO watchfiles.main: 1 change detected
2026-05-30 22:58:39,817 INFO watchfiles.main: 1 change detected
2026-05-30 22:58:40,195 INFO watchfiles.main: 1 change detected
2026-05-30 22:58:40,553 INFO watchfiles.main: 1 change detected
2026-05-30 22:58:44,242 INFO watchfiles.main: 1 change detected
2026-05-30 22:58:44,593 INFO watchfiles.main: 1 change detected
2026-05-30 22:58:44,958 INFO watchfiles.main: 1 change detected
2026-05-30 22:58:45,310 INFO watchfiles.main: 1 change detected
2026-05-30 22:58:45,699 INFO watchfiles.main: 1 change detected
2026-05-30 22:58:46,056 INFO watchfiles.main: 1 change detected
2026-05-30 22:58:46,412 INFO watchfiles.main: 1 change detected
2026-05-30 22:58:46,767 INFO watchfiles.main: 1 change detected
2026-05-30 22:58:47,144 INFO watchfiles.main: 1 change detected
2026-05-30 22:58:47,498 INFO watchfiles.main: 1 change detected
2026-05-30 22:58:47,867 INFO watchfiles.main: 1 change detected
2026-05-30 22:58:48,220 INFO watchfiles.main: 1 change detected
2026-05-30 22:58:48,588 INFO watchfiles.main: 1 change detected
2026-05-30 22:58:48,945 INFO watchfiles.main: 1 change detected
2026-05-30 22:58:49,333 INFO watchfiles.main: 1 change detected
2026-05-30 22:58:49,860 INFO watchfiles.main: 1 change detected
2026-05-30 22:58:50,273 INFO watchfiles.main: 4 changes detected
2026-05-30 22:58:50,750 INFO watchfiles.main: 1 change detected
2026-05-30 22:58:51,166 INFO watchfiles.main: 2 changes detected
2026-05-30 22:58:51,579 INFO watchfiles.main: 4 changes detected
2026-05-30 22:58:51,941 INFO watchfiles.main: 1 change detected
2026-05-30 22:58:52,297 INFO watchfiles.main: 1 change detected
2026-05-30 22:58:52,648 INFO watchfiles.main: 1 change detected
2026-05-30 22:58:53,019 INFO watchfiles.main: 1 change detected
2026-05-30 22:58:53,376 INFO watchfiles.main: 1 change detected
2026-05-30 22:58:53,737 INFO watchfiles.main: 1 change detected
2026-05-30 22:58:54,099 INFO watchfiles.main: 1 change detected
2026-05-30 22:58:54,472 INFO watchfiles.main: 1 change detected
2026-05-30 22:58:54,836 INFO watchfiles.main: 1 change detected
2026-05-30 22:58:55,261 INFO watchfiles.main: 1 change detected
2026-05-30 22:58:55,616 INFO watchfiles.main: 1 change detected
2026-05-30 22:58:55,983 INFO watchfiles.main: 1 change detected
2026-05-30 22:58:56,354 INFO watchfiles.main: 1 change detected
2026-05-30 22:58:56,710 INFO watchfiles.main: 1 change detected
2026-05-30 22:58:57,077 INFO watchfiles.main: 1 change detected
2026-05-30 22:58:57,445 INFO watchfiles.main: 1 change detected
2026-05-30 22:58:57,819 INFO watchfiles.main: 1 change detected
2026-05-30 22:58:58,176 INFO watchfiles.main: 1 change detected
2026-05-30 22:58:58,543 INFO watchfiles.main: 1 change detected
2026-05-30 22:58:58,898 INFO watchfiles.main: 1 change detected
2026-05-30 22:58:59,267 INFO watchfiles.main: 1 change detected
2026-05-30 22:58:59,626 INFO watchfiles.main: 1 change detected
2026-05-30 22:58:59,991 INFO watchfiles.main: 1 change detected
2026-05-30 22:59:00,345 INFO watchfiles.main: 1 change detected
2026-05-30 22:59:00,722 INFO watchfiles.main: 2 changes detected
2026-05-30 22:59:01,082 INFO watchfiles.main: 1 change detected
2026-05-30 22:59:01,434 INFO watchfiles.main: 1 change detected
2026-05-30 22:59:01,804 INFO watchfiles.main: 1 change detected
2026-05-30 22:59:02,168 INFO watchfiles.main: 1 change detected
2026-05-30 22:59:02,541 INFO watchfiles.main: 1 change detected
2026-05-30 22:59:02,898 INFO watchfiles.main: 1 change detected
2026-05-30 22:59:03,249 INFO watchfiles.main: 1 change detected
2026-05-30 22:59:03,617 INFO watchfiles.main: 1 change detected
2026-05-30 22:59:03,984 INFO watchfiles.main: 1 change detected
2026-05-30 22:59:04,345 INFO watchfiles.main: 1 change detected
2026-05-30 22:59:04,699 INFO watchfiles.main: 1 change detected
2026-05-30 22:59:05,066 INFO watchfiles.main: 1 change detected
2026-05-30 22:59:05,441 INFO watchfiles.main: 1 change detected
2026-05-30 22:59:05,808 INFO watchfiles.main: 1 change detected
2026-05-30 22:59:06,173 INFO watchfiles.main: 1 change detected
2026-05-30 22:59:06,534 INFO watchfiles.main: 1 change detected
2026-05-30 22:59:06,892 INFO watchfiles.main: 1 change detected
2026-05-30 22:59:07,253 INFO watchfiles.main: 1 change detected
2026-05-30 22:59:07,617 INFO watchfiles.main: 1 change detected
2026-05-30 22:59:07,974 INFO watchfiles.main: 1 change detected
2026-05-30 22:59:08,342 INFO watchfiles.main: 1 change detected
2026-05-30 22:59:08,701 INFO watchfiles.main: 1 change detected
2026-05-30 22:59:09,057 INFO watchfiles.main: 1 change detected
2026-05-30 22:59:09,427 INFO watchfiles.main: 1 change detected
2026-05-30 22:59:09,792 INFO watchfiles.main: 1 change detected
2026-05-30 22:59:10,157 INFO watchfiles.main: 1 change detected
2026-05-30 22:59:10,542 INFO watchfiles.main: 1 change detected
2026-05-30 22:59:10,908 INFO watchfiles.main: 1 change detected
2026-05-30 22:59:11,274 INFO watchfiles.main: 1 change detected
2026-05-30 22:59:11,629 INFO watchfiles.main: 1 change detected
2026-05-30 22:59:11,983 INFO watchfiles.main: 1 change detected
2026-05-30 22:59:12,344 INFO watchfiles.main: 1 change detected
2026-05-30 22:59:12,747 INFO watchfiles.main: 1 change detected
2026-05-30 22:59:13,157 INFO watchfiles.main: 1 change detected
2026-05-30 22:59:13,524 INFO watchfiles.main: 1 change detected
2026-05-30 22:59:13,883 INFO watchfiles.main: 1 change detected
2026-05-30 22:59:14,241 INFO watchfiles.main: 1 change detected
2026-05-30 22:59:14,616 INFO watchfiles.main: 1 change detected
2026-05-30 22:59:14,982 INFO watchfiles.main: 1 change detected
2026-05-30 22:59:15,338 INFO watchfiles.main: 1 change detected
2026-05-30 22:59:15,699 INFO watchfiles.main: 1 change detected
2026-05-30 22:59:16,068 INFO watchfiles.main: 1 change detected
2026-05-30 22:59:16,432 INFO watchfiles.main: 1 change detected
2026-05-30 22:59:16,792 INFO watchfiles.main: 1 change detected
2026-05-30 22:59:17,168 INFO watchfiles.main: 1 change detected
2026-05-30 22:59:17,534 INFO watchfiles.main: 1 change detected
2026-05-30 22:59:17,886 INFO watchfiles.main: 1 change detected
2026-05-30 22:59:18,250 INFO watchfiles.main: 1 change detected
2026-05-30 22:59:18,617 INFO watchfiles.main: 1 change detected
2026-05-30 22:59:18,970 INFO watchfiles.main: 1 change detected
2026-05-30 22:59:19,336 INFO watchfiles.main: 1 change detected
2026-05-30 22:59:19,697 INFO watchfiles.main: 1 change detected
2026-05-30 22:59:20,049 INFO watchfiles.main: 1 change detected
2026-05-30 22:59:20,417 INFO watchfiles.main: 1 change detected
2026-05-30 22:59:20,787 INFO watchfiles.main: 1 change detected
2026-05-30 22:59:21,148 INFO watchfiles.main: 1 change detected
2026-05-30 22:59:21,504 INFO watchfiles.main: 1 change detected
2026-05-30 22:59:21,883 INFO watchfiles.main: 1 change detected
2026-05-30 22:59:22,283 INFO watchfiles.main: 1 change detected
2026-05-30 22:59:22,645 INFO watchfiles.main: 1 change detected
2026-05-30 22:59:23,005 INFO watchfiles.main: 1 change detected
2026-05-30 22:59:23,367 INFO watchfiles.main: 1 change detected
2026-05-30 22:59:23,725 INFO watchfiles.main: 1 change detected
2026-05-30 22:59:24,079 INFO watchfiles.main: 1 change detected
2026-05-30 22:59:24,443 INFO watchfiles.main: 1 change detected
2026-05-30 22:59:24,795 INFO watchfiles.main: 1 change detected
2026-05-30 22:59:25,151 INFO watchfiles.main: 1 change detected
2026-05-30 22:59:25,520 INFO watchfiles.main: 1 change detected
2026-05-30 22:59:25,886 INFO watchfiles.main: 1 change detected
2026-05-30 22:59:26,253 INFO watchfiles.main: 1 change detected
2026-05-30 22:59:26,616 INFO watchfiles.main: 1 change detected
2026-05-30 22:59:26,984 INFO watchfiles.main: 1 change detected
2026-05-30 22:59:27,348 INFO watchfiles.main: 1 change detected
2026-05-30 22:59:27,719 INFO watchfiles.main: 1 change detected
2026-05-30 22:59:28,083 INFO watchfiles.main: 1 change detected
2026-05-30 22:59:28,472 INFO watchfiles.main: 1 change detected
2026-05-30 22:59:28,849 INFO watchfiles.main: 1 change detected
2026-05-30 22:59:29,217 INFO watchfiles.main: 1 change detected
2026-05-30 22:59:29,574 INFO watchfiles.main: 1 change detected
2026-05-30 22:59:29,933 INFO watchfiles.main: 1 change detected
2026-05-30 22:59:30,298 INFO watchfiles.main: 1 change detected
2026-05-30 22:59:30,667 INFO watchfiles.main: 1 change detected
2026-05-30 22:59:31,033 INFO watchfiles.main: 1 change detected
2026-05-30 22:59:31,399 INFO watchfiles.main: 1 change detected
2026-05-30 22:59:31,767 INFO watchfiles.main: 1 change detected
2026-05-30 22:59:32,133 INFO watchfiles.main: 1 change detected
2026-05-30 22:59:32,492 INFO watchfiles.main: 1 change detected
2026-05-30 22:59:32,866 INFO watchfiles.main: 1 change detected
2026-05-30 22:59:33,225 INFO watchfiles.main: 1 change detected
2026-05-30 22:59:33,588 INFO watchfiles.main: 1 change detected
2026-05-30 22:59:33,949 INFO watchfiles.main: 1 change detected
2026-05-30 22:59:34,301 INFO watchfiles.main: 1 change detected
2026-05-30 22:59:34,667 INFO watchfiles.main: 1 change detected
2026-05-30 22:59:35,032 INFO watchfiles.main: 1 change detected
2026-05-30 22:59:35,400 INFO watchfiles.main: 1 change detected
2026-05-30 22:59:35,761 INFO watchfiles.main: 1 change detected
2026-05-30 22:59:36,126 INFO watchfiles.main: 1 change detected
2026-05-30 22:59:36,496 INFO watchfiles.main: 1 change detected
2026-05-30 22:59:36,851 INFO watchfiles.main: 1 change detected
2026-05-30 22:59:37,217 INFO watchfiles.main: 1 change detected
2026-05-30 22:59:37,572 INFO watchfiles.main: 1 change detected
2026-05-30 22:59:37,925 INFO watchfiles.main: 1 change detected
2026-05-30 22:59:38,283 INFO watchfiles.main: 1 change detected
2026-05-30 22:59:38,649 INFO watchfiles.main: 1 change detected
2026-05-30 22:59:39,016 INFO watchfiles.main: 1 change detected
2026-05-30 22:59:39,368 INFO watchfiles.main: 1 change detected
2026-05-30 22:59:39,733 INFO watchfiles.main: 1 change detected
2026-05-30 22:59:40,088 INFO watchfiles.main: 1 change detected
2026-05-30 22:59:40,466 INFO watchfiles.main: 1 change detected
2026-05-30 22:59:44,030 INFO watchfiles.main: 1 change detected
2026-05-30 22:59:44,382 INFO watchfiles.main: 1 change detected
2026-05-30 22:59:44,742 INFO watchfiles.main: 1 change detected
2026-05-30 22:59:45,100 INFO watchfiles.main: 1 change detected
2026-05-30 22:59:45,470 INFO watchfiles.main: 1 change detected
2026-05-30 22:59:45,842 INFO watchfiles.main: 1 change detected
2026-05-30 22:59:46,217 INFO watchfiles.main: 1 change detected
2026-05-30 22:59:46,587 INFO watchfiles.main: 1 change detected
2026-05-30 22:59:46,950 INFO watchfiles.main: 1 change detected
2026-05-30 22:59:47,315 INFO watchfiles.main: 1 change detected
2026-05-30 22:59:47,666 INFO watchfiles.main: 1 change detected
2026-05-30 22:59:48,047 INFO watchfiles.main: 1 change detected
2026-05-30 22:59:48,399 INFO watchfiles.main: 1 change detected
2026-05-30 22:59:48,774 INFO watchfiles.main: 1 change detected
2026-05-30 22:59:49,125 INFO watchfiles.main: 1 change detected
2026-05-30 22:59:49,534 INFO watchfiles.main: 1 change detected
2026-05-30 22:59:49,939 INFO watchfiles.main: 1 change detected
2026-05-30 22:59:50,298 INFO watchfiles.main: 1 change detected
2026-05-30 22:59:50,783 INFO watchfiles.main: 1 change detected
2026-05-30 22:59:51,189 INFO watchfiles.main: 1 change detected
2026-05-30 22:59:51,554 INFO watchfiles.main: 1 change detected
2026-05-30 22:59:51,916 INFO watchfiles.main: 1 change detected
2026-05-30 22:59:52,286 INFO watchfiles.main: 1 change detected
2026-05-30 22:59:52,651 INFO watchfiles.main: 1 change detected
2026-05-30 22:59:53,014 INFO watchfiles.main: 1 change detected
2026-05-30 22:59:53,366 INFO watchfiles.main: 1 change detected
2026-05-30 22:59:53,741 INFO watchfiles.main: 1 change detected
2026-05-30 22:59:54,099 INFO watchfiles.main: 1 change detected
2026-05-30 22:59:54,467 INFO watchfiles.main: 1 change detected
2026-05-30 22:59:54,833 INFO watchfiles.main: 1 change detected
2026-05-30 22:59:55,190 INFO watchfiles.main: 1 change detected
2026-05-30 22:59:55,551 INFO watchfiles.main: 1 change detected
2026-05-30 22:59:55,917 INFO watchfiles.main: 1 change detected
2026-05-30 22:59:56,283 INFO watchfiles.main: 1 change detected
2026-05-30 22:59:56,650 INFO watchfiles.main: 1 change detected
2026-05-30 22:59:57,018 INFO watchfiles.main: 1 change detected
2026-05-30 22:59:57,383 INFO watchfiles.main: 1 change detected
2026-05-30 22:59:57,749 INFO watchfiles.main: 1 change detected
2026-05-30 22:59:58,118 INFO watchfiles.main: 1 change detected
2026-05-30 22:59:58,483 INFO watchfiles.main: 1 change detected
2026-05-30 22:59:58,851 INFO watchfiles.main: 1 change detected
2026-05-30 22:59:59,217 INFO watchfiles.main: 1 change detected
2026-05-30 22:59:59,572 INFO watchfiles.main: 1 change detected
2026-05-30 22:59:59,942 INFO watchfiles.main: 1 change detected
2026-05-30 23:00:00,316 INFO watchfiles.main: 1 change detected
2026-05-30 23:00:00,683 INFO watchfiles.main: 1 change detected
2026-05-30 23:00:01,041 INFO watchfiles.main: 1 change detected
2026-05-30 23:00:01,398 INFO watchfiles.main: 1 change detected
2026-05-30 23:00:01,759 INFO watchfiles.main: 1 change detected
2026-05-30 23:00:02,120 INFO watchfiles.main: 1 change detected
2026-05-30 23:00:02,483 INFO watchfiles.main: 1 change detected
2026-05-30 23:00:02,850 INFO watchfiles.main: 1 change detected
2026-05-30 23:00:03,217 INFO watchfiles.main: 1 change detected
2026-05-30 23:00:03,591 INFO watchfiles.main: 1 change detected
2026-05-30 23:00:03,953 INFO watchfiles.main: 1 change detected
2026-05-30 23:00:04,317 INFO watchfiles.main: 1 change detected
2026-05-30 23:00:04,669 INFO watchfiles.main: 1 change detected
2026-05-30 23:00:05,029 INFO watchfiles.main: 1 change detected
2026-05-30 23:00:22,313 INFO watchfiles.main: 1 change detected
2026-05-30 23:00:27,575 INFO watchfiles.main: 1 change detected
2026-05-30 23:00:27,965 INFO watchfiles.main: 1 change detected
2026-05-30 23:00:41,995 INFO watchfiles.main: 1 change detected
2026-05-30 23:00:42,356 INFO watchfiles.main: 1 change detected
2026-05-30 23:00:44,246 INFO watchfiles.main: 1 change detected
2026-05-30 23:00:44,624 INFO watchfiles.main: 1 change detected
2026-05-30 23:00:44,979 INFO watchfiles.main: 1 change detected
2026-05-30 23:00:45,950 INFO watchfiles.main: 1 change detected
2026-05-30 23:00:46,311 INFO watchfiles.main: 1 change detected
2026-05-30 23:00:46,675 INFO watchfiles.main: 1 change detected
2026-05-30 23:00:47,041 INFO watchfiles.main: 1 change detected
2026-05-30 23:00:47,405 INFO watchfiles.main: 1 change detected
2026-05-30 23:00:47,775 INFO watchfiles.main: 1 change detected
2026-05-30 23:00:48,142 INFO watchfiles.main: 1 change detected
2026-05-30 23:00:48,518 INFO watchfiles.main: 1 change detected
2026-05-30 23:00:48,892 INFO watchfiles.main: 1 change detected
2026-05-30 23:00:49,253 INFO watchfiles.main: 1 change detected
2026-05-30 23:00:49,626 INFO watchfiles.main: 1 change detected
2026-05-30 23:00:49,987 INFO watchfiles.main: 1 change detected
2026-05-30 23:00:50,354 INFO watchfiles.main: 1 change detected
2026-05-30 23:00:50,721 INFO watchfiles.main: 1 change detected
2026-05-30 23:00:51,088 INFO watchfiles.main: 1 change detected
2026-05-30 23:00:51,458 INFO watchfiles.main: 1 change detected
2026-05-30 23:00:51,822 INFO watchfiles.main: 1 change detected
2026-05-30 23:00:52,191 INFO watchfiles.main: 1 change detected
2026-05-30 23:00:52,554 INFO watchfiles.main: 1 change detected
2026-05-30 23:00:52,920 INFO watchfiles.main: 1 change detected
2026-05-30 23:00:53,271 INFO watchfiles.main: 1 change detected
2026-05-30 23:00:53,639 INFO watchfiles.main: 1 change detected
2026-05-30 23:00:54,007 INFO watchfiles.main: 1 change detected
2026-05-30 23:00:54,369 INFO watchfiles.main: 1 change detected
2026-05-30 23:00:54,736 INFO watchfiles.main: 1 change detected
2026-05-30 23:00:55,102 INFO watchfiles.main: 1 change detected
2026-05-30 23:00:55,472 INFO watchfiles.main: 1 change detected
2026-05-30 23:00:55,836 INFO watchfiles.main: 1 change detected
2026-05-30 23:00:56,202 INFO watchfiles.main: 1 change detected
2026-05-30 23:00:56,574 INFO watchfiles.main: 1 change detected
2026-05-30 23:00:56,935 INFO watchfiles.main: 1 change detected
2026-05-30 23:00:57,303 INFO watchfiles.main: 1 change detected
2026-05-30 23:00:57,706 INFO watchfiles.main: 1 change detected
2026-05-30 23:00:58,129 INFO watchfiles.main: 1 change detected
2026-05-30 23:00:58,541 INFO watchfiles.main: 1 change detected
2026-05-30 23:00:58,901 INFO watchfiles.main: 1 change detected
2026-05-30 23:00:59,268 INFO watchfiles.main: 1 change detected
2026-05-30 23:00:59,636 INFO watchfiles.main: 1 change detected
2026-05-30 23:01:00,002 INFO watchfiles.main: 1 change detected
2026-05-30 23:01:00,370 INFO watchfiles.main: 1 change detected
2026-05-30 23:01:00,741 INFO watchfiles.main: 1 change detected
2026-05-30 23:01:01,105 INFO watchfiles.main: 1 change detected
2026-05-30 23:01:01,472 INFO watchfiles.main: 1 change detected
2026-05-30 23:01:01,836 INFO watchfiles.main: 1 change detected
2026-05-30 23:01:02,201 INFO watchfiles.main: 1 change detected
2026-05-30 23:01:02,569 INFO watchfiles.main: 1 change detected
2026-05-30 23:01:02,935 INFO watchfiles.main: 1 change detected
2026-05-30 23:01:03,286 INFO watchfiles.main: 1 change detected
2026-05-30 23:01:03,642 INFO watchfiles.main: 1 change detected
2026-05-30 23:01:04,000 INFO watchfiles.main: 1 change detected
2026-05-30 23:01:04,368 INFO watchfiles.main: 1 change detected
2026-05-30 23:01:04,735 INFO watchfiles.main: 1 change detected
2026-05-30 23:01:05,105 INFO watchfiles.main: 1 change detected
2026-05-30 23:01:05,468 INFO watchfiles.main: 1 change detected
2026-05-30 23:01:05,834 INFO watchfiles.main: 1 change detected
2026-05-30 23:01:06,187 INFO watchfiles.main: 1 change detected
2026-05-30 23:01:06,552 INFO watchfiles.main: 1 change detected
2026-05-30 23:01:06,918 INFO watchfiles.main: 1 change detected
2026-05-30 23:01:07,283 INFO watchfiles.main: 1 change detected
2026-05-30 23:01:07,640 INFO watchfiles.main: 1 change detected
2026-05-30 23:01:07,999 INFO watchfiles.main: 1 change detected
2026-05-30 23:01:08,366 INFO watchfiles.main: 1 change detected
2026-05-30 23:01:08,733 INFO watchfiles.main: 1 change detected
2026-05-30 23:01:09,100 INFO watchfiles.main: 1 change detected
2026-05-30 23:01:09,467 INFO watchfiles.main: 1 change detected
2026-05-30 23:01:09,833 INFO watchfiles.main: 1 change detected
2026-05-30 23:01:10,202 INFO watchfiles.main: 1 change detected
2026-05-30 23:01:10,566 INFO watchfiles.main: 1 change detected
2026-05-30 23:01:10,933 INFO watchfiles.main: 1 change detected
2026-05-30 23:01:11,300 INFO watchfiles.main: 1 change detected
2026-05-30 23:01:11,667 INFO watchfiles.main: 1 change detected
2026-05-30 23:01:12,034 INFO watchfiles.main: 1 change detected
2026-05-30 23:01:12,400 INFO watchfiles.main: 1 change detected
2026-05-30 23:01:12,771 INFO watchfiles.main: 1 change detected
2026-05-30 23:01:13,138 INFO watchfiles.main: 1 change detected
2026-05-30 23:01:13,499 INFO watchfiles.main: 1 change detected
2026-05-30 23:01:13,867 INFO watchfiles.main: 1 change detected
2026-05-30 23:01:14,235 INFO watchfiles.main: 1 change detected
2026-05-30 23:01:14,601 INFO watchfiles.main: 1 change detected
2026-05-30 23:01:14,966 INFO watchfiles.main: 1 change detected
2026-05-30 23:01:15,333 INFO watchfiles.main: 1 change detected
2026-05-30 23:01:15,701 INFO watchfiles.main: 1 change detected
2026-05-30 23:01:16,065 INFO watchfiles.main: 1 change detected
2026-05-30 23:01:16,435 INFO watchfiles.main: 1 change detected
2026-05-30 23:01:16,800 INFO watchfiles.main: 1 change detected
2026-05-30 23:01:17,223 INFO watchfiles.main: 1 change detected
2026-05-30 23:01:17,641 INFO watchfiles.main: 1 change detected
2026-05-30 23:01:18,019 INFO watchfiles.main: 1 change detected
2026-05-30 23:01:18,399 INFO watchfiles.main: 1 change detected
2026-05-30 23:01:18,766 INFO watchfiles.main: 1 change detected
2026-05-30 23:01:19,129 INFO watchfiles.main: 1 change detected
2026-05-30 23:01:19,482 INFO watchfiles.main: 1 change detected
2026-05-30 23:01:19,850 INFO watchfiles.main: 1 change detected
2026-05-30 23:01:20,217 INFO watchfiles.main: 1 change detected
2026-05-30 23:01:20,586 INFO watchfiles.main: 1 change detected
2026-05-30 23:01:20,948 INFO watchfiles.main: 1 change detected
2026-05-30 23:01:21,318 INFO watchfiles.main: 1 change detected
2026-05-30 23:01:21,683 INFO watchfiles.main: 1 change detected
2026-05-30 23:01:22,052 INFO watchfiles.main: 1 change detected
2026-05-30 23:01:22,416 INFO watchfiles.main: 1 change detected
2026-05-30 23:01:22,788 INFO watchfiles.main: 1 change detected
2026-05-30 23:01:23,166 INFO watchfiles.main: 1 change detected
2026-05-30 23:01:23,529 INFO watchfiles.main: 1 change detected
2026-05-30 23:01:23,898 INFO watchfiles.main: 1 change detected
2026-05-30 23:01:24,249 INFO watchfiles.main: 1 change detected
2026-05-30 23:01:24,611 INFO watchfiles.main: 1 change detected
2026-05-30 23:01:24,966 INFO watchfiles.main: 1 change detected
2026-05-30 23:01:25,316 INFO watchfiles.main: 1 change detected
2026-05-30 23:01:25,678 INFO watchfiles.main: 1 change detected
2026-05-30 23:01:26,032 INFO watchfiles.main: 1 change detected
2026-05-30 23:01:26,387 INFO watchfiles.main: 1 change detected
2026-05-30 23:01:26,738 INFO watchfiles.main: 1 change detected
2026-05-30 23:01:27,102 INFO watchfiles.main: 1 change detected
2026-05-30 23:02:25,076 INFO watchfiles.main: 1 change detected
2026-05-30 23:02:25,474 INFO watchfiles.main: 3 changes detected
2026-05-30 23:02:47,046 INFO watchfiles.main: 2 changes detected
2026-05-30 23:02:47,463 INFO watchfiles.main: 2 changes detected
2026-05-30 23:02:56,025 INFO watchfiles.main: 1 change detected
2026-05-30 23:03:10,190 INFO watchfiles.main: 1 change detected
2026-05-30 23:03:10,610 INFO watchfiles.main: 3 changes detected
2026-05-30 23:03:13,136 INFO watchfiles.main: 1 change detected
2026-05-30 23:04:19,412 INFO watchfiles.main: 1 change detected
2026-05-30 23:04:19,800 INFO watchfiles.main: 1 change detected
2026-05-30 23:04:20,731 INFO watchfiles.main: 1 change detected
2026-05-30 23:04:21,300 INFO watchfiles.main: 1 change detected
2026-05-30 23:04:21,665 INFO watchfiles.main: 1 change detected
2026-05-30 23:04:22,018 INFO watchfiles.main: 1 change detected
2026-05-30 23:04:22,386 INFO watchfiles.main: 1 change detected
2026-05-30 23:04:22,745 INFO watchfiles.main: 1 change detected
2026-05-30 23:04:23,136 INFO watchfiles.main: 1 change detected
2026-05-30 23:04:23,502 INFO watchfiles.main: 1 change detected
2026-05-30 23:04:23,868 INFO watchfiles.main: 1 change detected
2026-05-30 23:04:24,235 INFO watchfiles.main: 1 change detected
2026-05-30 23:04:24,605 INFO watchfiles.main: 1 change detected
2026-05-30 23:04:24,968 INFO watchfiles.main: 1 change detected
2026-05-30 23:04:25,325 INFO watchfiles.main: 1 change detected
2026-05-30 23:04:25,689 INFO watchfiles.main: 1 change detected
2026-05-30 23:04:26,050 INFO watchfiles.main: 1 change detected
2026-05-30 23:04:26,415 INFO watchfiles.main: 1 change detected
2026-05-30 23:04:26,774 INFO watchfiles.main: 1 change detected
2026-05-30 23:04:27,135 INFO watchfiles.main: 1 change detected
2026-05-30 23:04:27,490 INFO watchfiles.main: 1 change detected
2026-05-30 23:04:27,852 INFO watchfiles.main: 1 change detected
2026-05-30 23:04:28,222 INFO watchfiles.main: 1 change detected
2026-05-30 23:04:28,585 INFO watchfiles.main: 1 change detected
2026-05-30 23:04:28,940 INFO watchfiles.main: 1 change detected
2026-05-30 23:04:29,301 INFO watchfiles.main: 1 change detected
2026-05-30 23:04:29,676 INFO watchfiles.main: 1 change detected
2026-05-30 23:04:30,045 INFO watchfiles.main: 1 change detected
2026-05-30 23:04:30,410 INFO watchfiles.main: 1 change detected
2026-05-30 23:04:30,767 INFO watchfiles.main: 1 change detected
2026-05-30 23:04:31,119 INFO watchfiles.main: 1 change detected
2026-05-30 23:04:31,485 INFO watchfiles.main: 1 change detected
2026-05-30 23:04:31,853 INFO watchfiles.main: 1 change detected
2026-05-30 23:04:32,218 INFO watchfiles.main: 1 change detected
2026-05-30 23:04:32,569 INFO watchfiles.main: 1 change detected
2026-05-30 23:04:32,923 INFO watchfiles.main: 1 change detected
2026-05-30 23:04:33,280 INFO watchfiles.main: 1 change detected
2026-05-30 23:04:33,643 INFO watchfiles.main: 1 change detected
2026-05-30 23:04:34,001 INFO watchfiles.main: 1 change detected
2026-05-30 23:04:34,370 INFO watchfiles.main: 1 change detected
2026-05-30 23:04:34,735 INFO watchfiles.main: 1 change detected
2026-05-30 23:04:35,095 INFO watchfiles.main: 1 change detected
2026-05-30 23:04:35,449 INFO watchfiles.main: 1 change detected
2026-05-30 23:04:35,819 INFO watchfiles.main: 1 change detected
2026-05-30 23:04:36,185 INFO watchfiles.main: 1 change detected
2026-05-30 23:04:36,551 INFO watchfiles.main: 1 change detected
2026-05-30 23:04:36,918 INFO watchfiles.main: 1 change detected
2026-05-30 23:04:37,285 INFO watchfiles.main: 1 change detected
2026-05-30 23:04:37,651 INFO watchfiles.main: 1 change detected
2026-05-30 23:04:38,212 INFO watchfiles.main: 1 change detected
2026-05-30 23:04:38,569 INFO watchfiles.main: 1 change detected
2026-05-30 23:04:38,925 INFO watchfiles.main: 1 change detected
2026-05-30 23:04:39,285 INFO watchfiles.main: 1 change detected
2026-05-30 23:04:39,643 INFO watchfiles.main: 1 change detected
2026-05-30 23:04:40,003 INFO watchfiles.main: 1 change detected
2026-05-30 23:04:40,365 INFO watchfiles.main: 1 change detected
2026-05-30 23:04:40,718 INFO watchfiles.main: 1 change detected
2026-05-30 23:04:41,089 INFO watchfiles.main: 1 change detected
2026-05-30 23:04:41,452 INFO watchfiles.main: 1 change detected
2026-05-30 23:04:41,811 INFO watchfiles.main: 1 change detected
2026-05-30 23:04:42,170 INFO watchfiles.main: 1 change detected
2026-05-30 23:04:42,571 INFO watchfiles.main: 1 change detected
2026-05-30 23:04:43,011 INFO watchfiles.main: 1 change detected
2026-05-30 23:04:43,366 INFO watchfiles.main: 1 change detected
2026-05-30 23:04:43,728 INFO watchfiles.main: 1 change detected
2026-05-30 23:04:44,080 INFO watchfiles.main: 1 change detected
2026-05-30 23:04:44,443 INFO watchfiles.main: 1 change detected
2026-05-30 23:04:44,806 INFO watchfiles.main: 1 change detected
2026-05-30 23:04:45,169 INFO watchfiles.main: 1 change detected
2026-05-30 23:04:45,527 INFO watchfiles.main: 1 change detected
2026-05-30 23:04:45,891 INFO watchfiles.main: 1 change detected
2026-05-30 23:04:46,250 INFO watchfiles.main: 1 change detected
2026-05-30 23:04:46,606 INFO watchfiles.main: 1 change detected
2026-05-30 23:04:46,970 INFO watchfiles.main: 1 change detected
2026-05-30 23:04:47,336 INFO watchfiles.main: 1 change detected
2026-05-30 23:04:47,694 INFO watchfiles.main: 1 change detected
2026-05-30 23:04:48,050 INFO watchfiles.main: 1 change detected
2026-05-30 23:04:48,415 INFO watchfiles.main: 1 change detected
2026-05-30 23:04:48,780 INFO watchfiles.main: 1 change detected
2026-05-30 23:04:49,144 INFO watchfiles.main: 1 change detected
2026-05-30 23:04:49,499 INFO watchfiles.main: 1 change detected
2026-05-30 23:04:49,851 INFO watchfiles.main: 1 change detected
2026-05-30 23:04:50,217 INFO watchfiles.main: 1 change detected
2026-05-30 23:04:50,574 INFO watchfiles.main: 1 change detected
2026-05-30 23:04:50,949 INFO watchfiles.main: 1 change detected
2026-05-30 23:04:51,318 INFO watchfiles.main: 1 change detected
2026-05-30 23:04:51,670 INFO watchfiles.main: 1 change detected
2026-05-30 23:04:52,024 INFO watchfiles.main: 1 change detected
2026-05-30 23:04:52,382 INFO watchfiles.main: 1 change detected
2026-05-30 23:04:52,737 INFO watchfiles.main: 1 change detected
2026-05-30 23:04:53,104 INFO watchfiles.main: 1 change detected
2026-05-30 23:04:53,468 INFO watchfiles.main: 1 change detected
2026-05-30 23:04:53,832 INFO watchfiles.main: 1 change detected
2026-05-30 23:04:54,190 INFO watchfiles.main: 1 change detected
2026-05-30 23:04:54,553 INFO watchfiles.main: 1 change detected
2026-05-30 23:04:54,917 INFO watchfiles.main: 1 change detected
2026-05-30 23:04:55,282 INFO watchfiles.main: 1 change detected
2026-05-30 23:04:55,633 INFO watchfiles.main: 1 change detected
2026-05-30 23:04:55,990 INFO watchfiles.main: 1 change detected
2026-05-30 23:04:56,344 INFO watchfiles.main: 1 change detected
2026-05-30 23:04:56,702 INFO watchfiles.main: 1 change detected
2026-05-30 23:04:57,070 INFO watchfiles.main: 1 change detected
2026-05-30 23:04:57,434 INFO watchfiles.main: 1 change detected
2026-05-30 23:04:57,786 INFO watchfiles.main: 1 change detected
2026-05-30 23:04:58,145 INFO watchfiles.main: 1 change detected
2026-05-30 23:04:58,501 INFO watchfiles.main: 1 change detected
2026-05-30 23:04:58,873 INFO watchfiles.main: 1 change detected
2026-05-30 23:04:59,244 INFO watchfiles.main: 1 change detected
2026-05-30 23:04:59,601 INFO watchfiles.main: 1 change detected
2026-05-30 23:04:59,969 INFO watchfiles.main: 1 change detected
2026-05-30 23:05:00,345 INFO watchfiles.main: 1 change detected
2026-05-30 23:05:00,700 INFO watchfiles.main: 1 change detected
2026-05-30 23:05:01,053 INFO watchfiles.main: 1 change detected
2026-05-30 23:05:01,418 INFO watchfiles.main: 1 change detected
2026-05-30 23:05:01,797 INFO watchfiles.main: 1 change detected
2026-05-30 23:05:02,169 INFO watchfiles.main: 1 change detected
2026-05-30 23:05:05,636 INFO watchfiles.main: 1 change detected
2026-05-30 23:05:05,993 INFO watchfiles.main: 1 change detected
2026-05-30 23:05:06,353 INFO watchfiles.main: 1 change detected
2026-05-30 23:05:06,729 INFO watchfiles.main: 1 change detected
2026-05-30 23:05:07,085 INFO watchfiles.main: 1 change detected
2026-05-30 23:05:07,450 INFO watchfiles.main: 1 change detected
2026-05-30 23:05:07,819 INFO watchfiles.main: 1 change detected
2026-05-30 23:05:08,183 INFO watchfiles.main: 1 change detected
2026-05-30 23:05:08,550 INFO watchfiles.main: 1 change detected
2026-05-30 23:05:08,919 INFO watchfiles.main: 1 change detected
2026-05-30 23:05:09,298 INFO watchfiles.main: 1 change detected
2026-05-30 23:05:09,669 INFO watchfiles.main: 1 change detected
2026-05-30 23:05:10,033 INFO watchfiles.main: 1 change detected
2026-05-30 23:05:10,436 INFO watchfiles.main: 1 change detected
2026-05-30 23:05:10,800 INFO watchfiles.main: 1 change detected
2026-05-30 23:05:11,227 INFO watchfiles.main: 1 change detected
2026-05-30 23:05:11,618 INFO watchfiles.main: 1 change detected
2026-05-30 23:05:11,985 INFO watchfiles.main: 1 change detected
2026-05-30 23:05:12,353 INFO watchfiles.main: 1 change detected
2026-05-30 23:05:12,719 INFO watchfiles.main: 1 change detected
2026-05-30 23:05:13,086 INFO watchfiles.main: 1 change detected
2026-05-30 23:05:13,442 INFO watchfiles.main: 1 change detected
2026-05-30 23:05:13,795 INFO watchfiles.main: 1 change detected
2026-05-30 23:05:14,151 INFO watchfiles.main: 1 change detected
2026-05-30 23:05:14,524 INFO watchfiles.main: 1 change detected
2026-05-30 23:05:14,884 INFO watchfiles.main: 1 change detected
2026-05-30 23:05:15,252 INFO watchfiles.main: 1 change detected
2026-05-30 23:05:15,618 INFO watchfiles.main: 1 change detected
2026-05-30 23:05:15,985 INFO watchfiles.main: 1 change detected
2026-05-30 23:05:16,348 INFO watchfiles.main: 1 change detected
2026-05-30 23:05:16,702 INFO watchfiles.main: 1 change detected
2026-05-30 23:05:17,084 INFO watchfiles.main: 1 change detected
2026-05-30 23:05:17,449 INFO watchfiles.main: 1 change detected
2026-05-30 23:05:17,803 INFO watchfiles.main: 1 change detected
2026-05-30 23:05:18,169 INFO watchfiles.main: 1 change detected
2026-05-30 23:05:18,534 INFO watchfiles.main: 1 change detected
2026-05-30 23:05:18,896 INFO watchfiles.main: 1 change detected
2026-05-30 23:05:19,250 INFO watchfiles.main: 1 change detected
2026-05-30 23:05:19,612 INFO watchfiles.main: 1 change detected
2026-05-30 23:05:19,968 INFO watchfiles.main: 1 change detected
2026-05-30 23:05:20,366 INFO watchfiles.main: 1 change detected
2026-05-30 23:05:20,764 INFO watchfiles.main: 1 change detected
2026-05-30 23:05:21,119 INFO watchfiles.main: 1 change detected
2026-05-30 23:05:21,485 INFO watchfiles.main: 1 change detected
2026-05-30 23:05:21,891 INFO watchfiles.main: 1 change detected
2026-05-30 23:05:22,250 INFO watchfiles.main: 1 change detected
2026-05-30 23:05:22,613 INFO watchfiles.main: 1 change detected
2026-05-30 23:05:22,983 INFO watchfiles.main: 1 change detected
2026-05-30 23:05:23,347 INFO watchfiles.main: 1 change detected
2026-05-30 23:05:23,706 INFO watchfiles.main: 1 change detected
2026-05-30 23:05:24,081 INFO watchfiles.main: 1 change detected
2026-05-30 23:05:24,444 INFO watchfiles.main: 1 change detected
2026-05-30 23:05:24,825 INFO watchfiles.main: 1 change detected
2026-05-30 23:05:25,188 INFO watchfiles.main: 1 change detected
2026-05-30 23:05:25,546 INFO watchfiles.main: 1 change detected
2026-05-30 23:05:25,898 INFO watchfiles.main: 1 change detected
2026-05-30 23:05:26,315 INFO watchfiles.main: 2 changes detected
2026-05-30 23:05:26,680 INFO watchfiles.main: 4 changes detected
2026-05-30 23:05:27,046 INFO watchfiles.main: 1 change detected
2026-05-30 23:05:27,401 INFO watchfiles.main: 1 change detected
2026-05-30 23:05:27,766 INFO watchfiles.main: 1 change detected
2026-05-30 23:05:28,126 INFO watchfiles.main: 1 change detected
2026-05-30 23:05:28,477 INFO watchfiles.main: 1 change detected
2026-05-30 23:05:28,847 INFO watchfiles.main: 1 change detected
2026-05-30 23:05:29,213 INFO watchfiles.main: 1 change detected
2026-05-30 23:05:29,581 INFO watchfiles.main: 1 change detected
2026-05-30 23:05:29,946 INFO watchfiles.main: 1 change detected
2026-05-30 23:05:30,325 INFO watchfiles.main: 1 change detected
2026-05-30 23:05:30,718 INFO watchfiles.main: 1 change detected
2026-05-30 23:05:31,081 INFO watchfiles.main: 1 change detected
2026-05-30 23:05:31,435 INFO watchfiles.main: 1 change detected
2026-05-30 23:05:31,795 INFO watchfiles.main: 1 change detected
2026-05-30 23:05:32,150 INFO watchfiles.main: 1 change detected
2026-05-30 23:05:32,528 INFO watchfiles.main: 1 change detected
2026-05-30 23:05:32,894 INFO watchfiles.main: 1 change detected
2026-05-30 23:05:33,255 INFO watchfiles.main: 1 change detected
2026-05-30 23:05:33,621 INFO watchfiles.main: 1 change detected
2026-05-30 23:05:33,979 INFO watchfiles.main: 1 change detected
2026-05-30 23:05:34,344 INFO watchfiles.main: 1 change detected
2026-05-30 23:05:34,700 INFO watchfiles.main: 1 change detected
2026-05-30 23:05:35,069 INFO watchfiles.main: 1 change detected
2026-05-30 23:05:35,430 INFO watchfiles.main: 1 change detected
2026-05-30 23:05:35,795 INFO watchfiles.main: 1 change detected
2026-05-30 23:05:36,162 INFO watchfiles.main: 1 change detected
2026-05-30 23:05:36,522 INFO watchfiles.main: 1 change detected
2026-05-30 23:05:36,880 INFO watchfiles.main: 1 change detected
2026-05-30 23:05:37,242 INFO watchfiles.main: 1 change detected
2026-05-30 23:05:37,598 INFO watchfiles.main: 1 change detected
2026-05-30 23:05:37,963 INFO watchfiles.main: 1 change detected
2026-05-30 23:05:38,326 INFO watchfiles.main: 1 change detected
2026-05-30 23:05:38,679 INFO watchfiles.main: 1 change detected
2026-05-30 23:05:39,037 INFO watchfiles.main: 1 change detected
2026-05-30 23:05:39,406 INFO watchfiles.main: 1 change detected
2026-05-30 23:05:39,807 INFO watchfiles.main: 1 change detected
2026-05-30 23:05:40,169 INFO watchfiles.main: 1 change detected
2026-05-30 23:05:40,538 INFO watchfiles.main: 1 change detected
2026-05-30 23:05:40,900 INFO watchfiles.main: 1 change detected
2026-05-30 23:05:41,269 INFO watchfiles.main: 1 change detected
2026-05-30 23:05:41,624 INFO watchfiles.main: 1 change detected
2026-05-30 23:05:41,982 INFO watchfiles.main: 1 change detected
2026-05-30 23:05:42,342 INFO watchfiles.main: 1 change detected
2026-05-30 23:05:42,709 INFO watchfiles.main: 1 change detected
2026-05-30 23:05:43,075 INFO watchfiles.main: 1 change detected
2026-05-30 23:05:43,443 INFO watchfiles.main: 1 change detected
2026-05-30 23:05:43,805 INFO watchfiles.main: 1 change detected
2026-05-30 23:05:44,166 INFO watchfiles.main: 1 change detected
2026-05-30 23:05:44,534 INFO watchfiles.main: 1 change detected
2026-05-30 23:05:44,891 INFO watchfiles.main: 1 change detected
2026-05-30 23:05:45,243 INFO watchfiles.main: 1 change detected
2026-05-30 23:05:45,607 INFO watchfiles.main: 1 change detected
2026-05-30 23:05:45,968 INFO watchfiles.main: 1 change detected
2026-05-30 23:05:46,320 INFO watchfiles.main: 1 change detected
2026-05-30 23:05:46,685 INFO watchfiles.main: 1 change detected
2026-05-30 23:05:47,039 INFO watchfiles.main: 1 change detected
2026-05-30 23:05:47,400 INFO watchfiles.main: 1 change detected
2026-05-30 23:05:47,760 INFO watchfiles.main: 1 change detected
2026-05-30 23:05:48,219 INFO watchfiles.main: 1 change detected
2026-05-30 23:05:48,600 INFO watchfiles.main: 1 change detected
2026-05-30 23:05:48,969 INFO watchfiles.main: 1 change detected
2026-05-30 23:05:49,327 INFO watchfiles.main: 1 change detected
2026-05-30 23:05:49,686 INFO watchfiles.main: 1 change detected
2026-05-30 23:05:50,041 INFO watchfiles.main: 1 change detected
2026-05-30 23:05:50,419 INFO watchfiles.main: 1 change detected
2026-05-30 23:05:50,784 INFO watchfiles.main: 1 change detected
2026-05-30 23:05:51,142 INFO watchfiles.main: 1 change detected
2026-05-30 23:05:51,518 INFO watchfiles.main: 1 change detected
2026-05-30 23:05:51,876 INFO watchfiles.main: 1 change detected
2026-05-30 23:05:52,242 INFO watchfiles.main: 1 change detected
2026-05-30 23:05:52,607 INFO watchfiles.main: 1 change detected
2026-05-30 23:05:52,959 INFO watchfiles.main: 1 change detected
2026-05-30 23:05:53,323 INFO watchfiles.main: 1 change detected
2026-05-30 23:05:53,697 INFO watchfiles.main: 1 change detected
2026-05-30 23:05:54,073 INFO watchfiles.main: 1 change detected
2026-05-30 23:05:54,435 INFO watchfiles.main: 1 change detected
2026-05-30 23:05:54,802 INFO watchfiles.main: 1 change detected
2026-05-30 23:05:55,176 INFO watchfiles.main: 1 change detected
2026-05-30 23:05:55,534 INFO watchfiles.main: 1 change detected
2026-05-30 23:05:55,923 INFO watchfiles.main: 1 change detected
2026-05-30 23:05:56,332 INFO watchfiles.main: 1 change detected
2026-05-30 23:05:56,704 INFO watchfiles.main: 1 change detected
2026-05-30 23:05:57,098 INFO watchfiles.main: 1 change detected
2026-05-30 23:05:57,457 INFO watchfiles.main: 1 change detected
2026-05-30 23:05:57,838 INFO watchfiles.main: 1 change detected
2026-05-30 23:05:58,215 INFO watchfiles.main: 1 change detected
2026-05-30 23:05:58,622 INFO watchfiles.main: 1 change detected
2026-05-30 23:05:58,999 INFO watchfiles.main: 1 change detected
2026-05-30 23:05:59,359 INFO watchfiles.main: 1 change detected
2026-05-30 23:05:59,709 INFO watchfiles.main: 1 change detected
2026-05-30 23:06:00,087 INFO watchfiles.main: 1 change detected
2026-05-30 23:06:00,488 INFO watchfiles.main: 1 change detected
2026-05-30 23:06:00,897 INFO watchfiles.main: 1 change detected
2026-05-30 23:06:01,255 INFO watchfiles.main: 1 change detected
2026-05-30 23:06:16,627 INFO watchfiles.main: 1 change detected
2026-05-30 23:06:25,808 INFO watchfiles.main: 1 change detected
2026-05-30 23:06:32,845 INFO watchfiles.main: 1 change detected
2026-05-30 23:06:33,207 INFO watchfiles.main: 1 change detected
2026-05-30 23:06:33,568 INFO watchfiles.main: 1 change detected
2026-05-30 23:06:33,938 INFO watchfiles.main: 1 change detected
2026-05-30 23:06:34,300 INFO watchfiles.main: 1 change detected
2026-05-30 23:06:34,676 INFO watchfiles.main: 1 change detected
2026-05-30 23:06:35,240 INFO watchfiles.main: 1 change detected
2026-05-30 23:06:35,604 INFO watchfiles.main: 1 change detected
2026-05-30 23:06:35,962 INFO watchfiles.main: 1 change detected
2026-05-30 23:06:36,319 INFO watchfiles.main: 1 change detected
2026-05-30 23:06:36,673 INFO watchfiles.main: 1 change detected
2026-05-30 23:06:37,035 INFO watchfiles.main: 1 change detected
2026-05-30 23:06:37,389 INFO watchfiles.main: 1 change detected
2026-05-30 23:06:37,750 INFO watchfiles.main: 1 change detected
2026-05-30 23:06:38,106 INFO watchfiles.main: 1 change detected
2026-05-30 23:06:38,474 INFO watchfiles.main: 2 changes detected
2026-05-30 23:06:38,833 INFO watchfiles.main: 1 change detected
2026-05-30 23:06:39,201 INFO watchfiles.main: 1 change detected
2026-05-30 23:06:39,567 INFO watchfiles.main: 1 change detected
2026-05-30 23:06:39,933 INFO watchfiles.main: 1 change detected
2026-05-30 23:06:40,299 INFO watchfiles.main: 1 change detected
2026-05-30 23:06:40,667 INFO watchfiles.main: 1 change detected
2026-05-30 23:06:41,033 INFO watchfiles.main: 1 change detected
2026-05-30 23:06:41,399 INFO watchfiles.main: 1 change detected
2026-05-30 23:06:41,769 INFO watchfiles.main: 1 change detected
2026-05-30 23:06:42,132 INFO watchfiles.main: 1 change detected
2026-05-30 23:06:42,489 INFO watchfiles.main: 1 change detected
2026-05-30 23:06:42,849 INFO watchfiles.main: 1 change detected
2026-05-30 23:06:43,216 INFO watchfiles.main: 1 change detected
2026-05-30 23:06:43,582 INFO watchfiles.main: 1 change detected
2026-05-30 23:06:43,948 INFO watchfiles.main: 1 change detected
2026-05-30 23:06:44,316 INFO watchfiles.main: 1 change detected
2026-05-30 23:06:44,683 INFO watchfiles.main: 1 change detected
2026-05-30 23:06:45,049 INFO watchfiles.main: 1 change detected
2026-05-30 23:06:45,415 INFO watchfiles.main: 1 change detected
2026-05-30 23:06:45,784 INFO watchfiles.main: 1 change detected
2026-05-30 23:06:46,147 INFO watchfiles.main: 1 change detected
2026-05-30 23:06:46,503 INFO watchfiles.main: 1 change detected
2026-05-30 23:06:46,865 INFO watchfiles.main: 1 change detected
2026-05-30 23:06:47,232 INFO watchfiles.main: 1 change detected
2026-05-30 23:06:47,598 INFO watchfiles.main: 1 change detected
2026-05-30 23:06:47,967 INFO watchfiles.main: 1 change detected
2026-05-30 23:06:48,334 INFO watchfiles.main: 1 change detected
2026-05-30 23:06:48,700 INFO watchfiles.main: 1 change detected
2026-05-30 23:06:49,066 INFO watchfiles.main: 1 change detected
2026-05-30 23:06:49,428 INFO watchfiles.main: 1 change detected
2026-05-30 23:06:49,781 INFO watchfiles.main: 1 change detected
2026-05-30 23:06:50,146 INFO watchfiles.main: 1 change detected
2026-05-30 23:06:50,514 INFO watchfiles.main: 1 change detected
2026-05-30 23:06:50,883 INFO watchfiles.main: 1 change detected
2026-05-30 23:06:51,247 INFO watchfiles.main: 1 change detected
2026-05-30 23:06:51,615 INFO watchfiles.main: 1 change detected
2026-05-30 23:06:51,981 INFO watchfiles.main: 1 change detected
2026-05-30 23:06:52,346 INFO watchfiles.main: 1 change detected
2026-05-30 23:06:52,697 INFO watchfiles.main: 1 change detected
2026-05-30 23:06:53,068 INFO watchfiles.main: 1 change detected
2026-05-30 23:06:53,440 INFO watchfiles.main: 1 change detected
2026-05-30 23:06:53,874 INFO watchfiles.main: 1 change detected
2026-05-30 23:06:54,252 INFO watchfiles.main: 1 change detected
2026-05-30 23:06:54,616 INFO watchfiles.main: 1 change detected
2026-05-30 23:06:54,990 INFO watchfiles.main: 1 change detected
2026-05-30 23:06:55,346 INFO watchfiles.main: 1 change detected
2026-05-30 23:06:55,714 INFO watchfiles.main: 1 change detected
2026-05-30 23:06:56,079 INFO watchfiles.main: 1 change detected
2026-05-30 23:06:56,446 INFO watchfiles.main: 1 change detected
2026-05-30 23:06:56,812 INFO watchfiles.main: 1 change detected
2026-05-30 23:06:57,182 INFO watchfiles.main: 1 change detected
2026-05-30 23:06:57,559 INFO watchfiles.main: 1 change detected
2026-05-30 23:06:57,926 INFO watchfiles.main: 1 change detected
2026-05-30 23:06:58,281 INFO watchfiles.main: 1 change detected
2026-05-30 23:06:58,649 INFO watchfiles.main: 1 change detected
2026-05-30 23:06:59,015 INFO watchfiles.main: 1 change detected
2026-05-30 23:06:59,380 INFO watchfiles.main: 1 change detected
2026-05-30 23:06:59,747 INFO watchfiles.main: 1 change detected
2026-05-30 23:07:00,113 INFO watchfiles.main: 1 change detected
2026-05-30 23:07:00,469 INFO watchfiles.main: 1 change detected
2026-05-30 23:07:00,852 INFO watchfiles.main: 1 change detected
2026-05-30 23:07:01,216 INFO watchfiles.main: 1 change detected
2026-05-30 23:07:01,588 INFO watchfiles.main: 1 change detected
2026-05-30 23:07:01,944 INFO watchfiles.main: 1 change detected
2026-05-30 23:07:02,299 INFO watchfiles.main: 1 change detected
2026-05-30 23:07:02,670 INFO watchfiles.main: 1 change detected
2026-05-30 23:07:03,041 INFO watchfiles.main: 1 change detected
2026-05-30 23:07:03,434 INFO watchfiles.main: 1 change detected
2026-05-30 23:07:03,794 INFO watchfiles.main: 1 change detected
2026-05-30 23:07:04,148 INFO watchfiles.main: 1 change detected
2026-05-30 23:07:04,516 INFO watchfiles.main: 1 change detected
2026-05-30 23:07:04,882 INFO watchfiles.main: 1 change detected
2026-05-30 23:07:05,254 INFO watchfiles.main: 1 change detected
2026-05-30 23:07:05,618 INFO watchfiles.main: 1 change detected
2026-05-30 23:07:05,984 INFO watchfiles.main: 1 change detected
2026-05-30 23:07:06,339 INFO watchfiles.main: 1 change detected
2026-05-30 23:07:06,705 INFO watchfiles.main: 1 change detected
2026-05-30 23:07:07,068 INFO watchfiles.main: 1 change detected
2026-05-30 23:07:07,424 INFO watchfiles.main: 1 change detected
2026-05-30 23:07:07,783 INFO watchfiles.main: 1 change detected
2026-05-30 23:07:11,604 INFO watchfiles.main: 1 change detected
2026-05-30 23:07:11,974 INFO watchfiles.main: 1 change detected
2026-05-30 23:07:12,350 INFO watchfiles.main: 1 change detected
2026-05-30 23:07:12,720 INFO watchfiles.main: 1 change detected
2026-05-30 23:07:13,167 INFO watchfiles.main: 1 change detected
2026-05-30 23:07:13,601 INFO watchfiles.main: 1 change detected
2026-05-30 23:07:13,961 INFO watchfiles.main: 1 change detected
2026-05-30 23:07:14,322 INFO watchfiles.main: 1 change detected
2026-05-30 23:07:14,683 INFO watchfiles.main: 1 change detected
2026-05-30 23:07:15,035 INFO watchfiles.main: 1 change detected
2026-05-30 23:07:15,393 INFO watchfiles.main: 1 change detected
2026-05-30 23:07:15,787 INFO watchfiles.main: 1 change detected
2026-05-30 23:07:16,147 INFO watchfiles.main: 1 change detected
2026-05-30 23:07:16,508 INFO watchfiles.main: 1 change detected
2026-05-30 23:07:16,871 INFO watchfiles.main: 1 change detected
2026-05-30 23:07:20,059 INFO watchfiles.main: 1 change detected
2026-05-30 23:07:20,411 INFO watchfiles.main: 1 change detected
2026-05-30 23:07:20,775 INFO watchfiles.main: 1 change detected
2026-05-30 23:07:21,144 INFO watchfiles.main: 1 change detected
2026-05-30 23:07:21,510 INFO watchfiles.main: 1 change detected
2026-05-30 23:07:21,877 INFO watchfiles.main: 1 change detected
2026-05-30 23:07:22,246 INFO watchfiles.main: 1 change detected
2026-05-30 23:07:22,607 INFO watchfiles.main: 1 change detected
2026-05-30 23:07:22,975 INFO watchfiles.main: 1 change detected
2026-05-30 23:07:23,347 INFO watchfiles.main: 1 change detected
2026-05-30 23:07:23,711 INFO watchfiles.main: 1 change detected
2026-05-30 23:07:24,077 INFO watchfiles.main: 1 change detected
2026-05-30 23:07:24,442 INFO watchfiles.main: 1 change detected
2026-05-30 23:07:24,806 INFO watchfiles.main: 1 change detected
2026-05-30 23:07:25,174 INFO watchfiles.main: 1 change detected
2026-05-30 23:07:25,540 INFO watchfiles.main: 1 change detected
2026-05-30 23:07:25,907 INFO watchfiles.main: 1 change detected
2026-05-30 23:07:26,269 INFO watchfiles.main: 1 change detected
2026-05-30 23:07:26,620 INFO watchfiles.main: 1 change detected
2026-05-30 23:07:26,977 INFO watchfiles.main: 1 change detected
2026-05-30 23:07:27,334 INFO watchfiles.main: 1 change detected
2026-05-30 23:07:27,691 INFO watchfiles.main: 1 change detected
2026-05-30 23:07:28,058 INFO watchfiles.main: 1 change detected
2026-05-30 23:07:28,422 INFO watchfiles.main: 1 change detected
2026-05-30 23:07:28,778 INFO watchfiles.main: 1 change detected
2026-05-30 23:07:29,144 INFO watchfiles.main: 1 change detected
2026-05-30 23:07:29,507 INFO watchfiles.main: 1 change detected
2026-05-30 23:07:29,868 INFO watchfiles.main: 1 change detected
2026-05-30 23:07:30,235 INFO watchfiles.main: 1 change detected
2026-05-30 23:07:30,600 INFO watchfiles.main: 1 change detected
2026-05-30 23:07:30,952 INFO watchfiles.main: 1 change detected
2026-05-30 23:07:31,325 INFO watchfiles.main: 1 change detected
2026-05-30 23:07:31,684 INFO watchfiles.main: 1 change detected
2026-05-30 23:07:32,060 INFO watchfiles.main: 1 change detected
2026-05-30 23:07:32,425 INFO watchfiles.main: 1 change detected
2026-05-30 23:07:32,784 INFO watchfiles.main: 1 change detected
2026-05-30 23:07:33,150 INFO watchfiles.main: 1 change detected
2026-05-30 23:07:33,518 INFO watchfiles.main: 1 change detected
2026-05-30 23:07:33,875 INFO watchfiles.main: 1 change detected
2026-05-30 23:07:34,235 INFO watchfiles.main: 1 change detected
2026-05-30 23:07:34,592 INFO watchfiles.main: 1 change detected
2026-05-30 23:07:34,950 INFO watchfiles.main: 1 change detected
2026-05-30 23:07:35,322 INFO watchfiles.main: 1 change detected
2026-05-30 23:07:35,695 INFO watchfiles.main: 1 change detected
2026-05-30 23:07:36,074 INFO watchfiles.main: 1 change detected
2026-05-30 23:07:36,437 INFO watchfiles.main: 1 change detected
2026-05-30 23:07:36,796 INFO watchfiles.main: 1 change detected
2026-05-30 23:07:37,149 INFO watchfiles.main: 1 change detected
2026-05-30 23:07:37,510 INFO watchfiles.main: 1 change detected
2026-05-30 23:07:37,866 INFO watchfiles.main: 1 change detected
2026-05-30 23:07:38,223 INFO watchfiles.main: 1 change detected
2026-05-30 23:07:38,642 INFO watchfiles.main: 1 change detected
2026-05-30 23:07:39,023 INFO watchfiles.main: 1 change detected
2026-05-30 23:07:39,391 INFO watchfiles.main: 1 change detected
2026-05-30 23:07:39,760 INFO watchfiles.main: 1 change detected
2026-05-30 23:07:40,123 INFO watchfiles.main: 1 change detected
2026-05-30 23:07:40,491 INFO watchfiles.main: 1 change detected
2026-05-30 23:07:41,201 INFO watchfiles.main: 1 change detected
2026-05-30 23:07:41,571 INFO watchfiles.main: 1 change detected
2026-05-30 23:07:41,937 INFO watchfiles.main: 1 change detected
2026-05-30 23:07:42,299 INFO watchfiles.main: 1 change detected
2026-05-30 23:07:42,675 INFO watchfiles.main: 1 change detected
2026-05-30 23:07:43,043 INFO watchfiles.main: 1 change detected
2026-05-30 23:07:43,407 INFO watchfiles.main: 1 change detected
2026-05-30 23:07:43,774 INFO watchfiles.main: 1 change detected
2026-05-30 23:07:44,136 INFO watchfiles.main: 1 change detected
2026-05-30 23:07:44,503 INFO watchfiles.main: 1 change detected
2026-05-30 23:07:44,870 INFO watchfiles.main: 1 change detected
2026-05-30 23:07:45,237 INFO watchfiles.main: 1 change detected
2026-05-30 23:07:45,607 INFO watchfiles.main: 1 change detected
2026-05-30 23:07:45,973 INFO watchfiles.main: 1 change detected
2026-05-30 23:07:46,339 INFO watchfiles.main: 1 change detected
2026-05-30 23:07:46,703 INFO watchfiles.main: 1 change detected
2026-05-30 23:07:47,076 INFO watchfiles.main: 1 change detected
2026-05-30 23:07:47,436 INFO watchfiles.main: 1 change detected
2026-05-30 23:07:47,808 INFO watchfiles.main: 1 change detected
2026-05-30 23:07:48,168 INFO watchfiles.main: 1 change detected
2026-05-30 23:07:48,537 INFO watchfiles.main: 1 change detected
2026-05-30 23:07:48,912 INFO watchfiles.main: 1 change detected
2026-05-30 23:07:49,297 INFO watchfiles.main: 1 change detected
2026-05-30 23:07:49,657 INFO watchfiles.main: 1 change detected
2026-05-30 23:07:50,022 INFO watchfiles.main: 1 change detected
2026-05-30 23:07:50,390 INFO watchfiles.main: 1 change detected
2026-05-30 23:07:50,752 INFO watchfiles.main: 1 change detected
2026-05-30 23:07:51,119 INFO watchfiles.main: 1 change detected
2026-05-30 23:07:51,490 INFO watchfiles.main: 1 change detected
2026-05-30 23:07:51,842 INFO watchfiles.main: 1 change detected
2026-05-30 23:07:52,194 INFO watchfiles.main: 1 change detected
2026-05-30 23:07:52,568 INFO watchfiles.main: 1 change detected
2026-05-30 23:07:52,920 INFO watchfiles.main: 1 change detected
2026-05-30 23:07:53,286 INFO watchfiles.main: 1 change detected
2026-05-30 23:07:53,652 INFO watchfiles.main: 1 change detected
2026-05-30 23:07:54,024 INFO watchfiles.main: 1 change detected
2026-05-30 23:07:54,378 INFO watchfiles.main: 1 change detected
2026-05-30 23:07:54,737 INFO watchfiles.main: 1 change detected
2026-05-30 23:07:55,104 INFO watchfiles.main: 1 change detected
2026-05-30 23:07:55,470 INFO watchfiles.main: 1 change detected
2026-05-30 23:07:55,845 INFO watchfiles.main: 1 change detected
2026-05-30 23:07:56,219 INFO watchfiles.main: 1 change detected
2026-05-30 23:07:56,584 INFO watchfiles.main: 1 change detected
2026-05-30 23:07:56,939 INFO watchfiles.main: 1 change detected
2026-05-30 23:07:57,300 INFO watchfiles.main: 1 change detected
2026-05-30 23:07:57,669 INFO watchfiles.main: 1 change detected
2026-05-30 23:07:58,024 INFO watchfiles.main: 1 change detected
2026-05-30 23:07:58,386 INFO watchfiles.main: 1 change detected
2026-05-30 23:07:58,750 INFO watchfiles.main: 1 change detected
2026-05-30 23:07:59,122 INFO watchfiles.main: 1 change detected
2026-05-30 23:07:59,489 INFO watchfiles.main: 1 change detected
2026-05-30 23:07:59,852 INFO watchfiles.main: 1 change detected
2026-05-30 23:08:00,223 INFO watchfiles.main: 1 change detected
2026-05-30 23:08:00,588 INFO watchfiles.main: 1 change detected
2026-05-30 23:08:00,992 INFO watchfiles.main: 1 change detected
2026-05-30 23:08:01,362 INFO watchfiles.main: 1 change detected
2026-05-30 23:08:01,738 INFO watchfiles.main: 1 change detected
2026-05-30 23:08:02,107 INFO watchfiles.main: 1 change detected
2026-05-30 23:08:02,471 INFO watchfiles.main: 1 change detected
2026-05-30 23:08:02,845 INFO watchfiles.main: 1 change detected
2026-05-30 23:08:03,220 INFO watchfiles.main: 1 change detected
2026-05-30 23:08:03,588 INFO watchfiles.main: 1 change detected
2026-05-30 23:08:03,985 INFO watchfiles.main: 1 change detected
2026-05-30 23:08:04,352 INFO watchfiles.main: 1 change detected
2026-05-30 23:08:04,711 INFO watchfiles.main: 1 change detected
2026-05-30 23:08:05,070 INFO watchfiles.main: 1 change detected
2026-05-30 23:08:05,439 INFO watchfiles.main: 1 change detected
2026-05-30 23:08:05,856 INFO watchfiles.main: 1 change detected
2026-05-30 23:08:06,220 INFO watchfiles.main: 1 change detected
2026-05-30 23:08:06,586 INFO watchfiles.main: 1 change detected
2026-05-30 23:08:06,937 INFO watchfiles.main: 1 change detected
2026-05-30 23:08:07,302 INFO watchfiles.main: 1 change detected
2026-05-30 23:08:07,668 INFO watchfiles.main: 1 change detected
2026-05-30 23:08:08,022 INFO watchfiles.main: 1 change detected
2026-05-30 23:08:08,385 INFO watchfiles.main: 1 change detected
2026-05-30 23:08:08,750 INFO watchfiles.main: 1 change detected
2026-05-30 23:08:09,102 INFO watchfiles.main: 1 change detected
2026-05-30 23:08:09,468 INFO watchfiles.main: 1 change detected
2026-05-30 23:08:09,831 INFO watchfiles.main: 1 change detected
2026-05-30 23:08:10,197 INFO watchfiles.main: 1 change detected
2026-05-30 23:08:10,564 INFO watchfiles.main: 1 change detected
2026-05-30 23:08:10,931 INFO watchfiles.main: 1 change detected
2026-05-30 23:08:11,298 INFO watchfiles.main: 1 change detected
2026-05-30 23:08:11,664 INFO watchfiles.main: 1 change detected
2026-05-30 23:08:12,036 INFO watchfiles.main: 1 change detected
2026-05-30 23:08:12,397 INFO watchfiles.main: 1 change detected
2026-05-30 23:08:12,764 INFO watchfiles.main: 1 change detected
2026-05-30 23:08:13,130 INFO watchfiles.main: 1 change detected
2026-05-30 23:08:13,482 INFO watchfiles.main: 1 change detected
2026-05-30 23:08:13,848 INFO watchfiles.main: 1 change detected
2026-05-30 23:08:14,213 INFO watchfiles.main: 1 change detected
2026-05-30 23:08:14,629 INFO watchfiles.main: 1 change detected
2026-05-30 23:08:14,980 INFO watchfiles.main: 1 change detected
2026-05-30 23:08:15,347 INFO watchfiles.main: 1 change detected
2026-05-30 23:08:15,712 INFO watchfiles.main: 1 change detected
2026-05-30 23:08:16,079 INFO watchfiles.main: 1 change detected
2026-05-30 23:08:16,446 INFO watchfiles.main: 1 change detected
2026-05-30 23:08:16,811 INFO watchfiles.main: 1 change detected
2026-05-30 23:08:17,173 INFO watchfiles.main: 1 change detected
2026-05-30 23:08:20,383 INFO watchfiles.main: 1 change detected
2026-05-30 23:08:20,747 INFO watchfiles.main: 1 change detected
2026-05-30 23:08:21,099 INFO watchfiles.main: 1 change detected
2026-05-30 23:08:21,463 INFO watchfiles.main: 1 change detected
2026-05-30 23:08:21,830 INFO watchfiles.main: 1 change detected
2026-05-30 23:08:22,182 INFO watchfiles.main: 1 change detected
2026-05-30 23:08:22,548 INFO watchfiles.main: 1 change detected
2026-05-30 23:08:22,912 INFO watchfiles.main: 1 change detected
2026-05-30 23:08:23,278 INFO watchfiles.main: 1 change detected
2026-05-30 23:08:23,632 INFO watchfiles.main: 1 change detected
2026-05-30 23:08:23,994 INFO watchfiles.main: 1 change detected
2026-05-30 23:08:24,361 INFO watchfiles.main: 1 change detected
2026-05-30 23:08:24,729 INFO watchfiles.main: 1 change detected
2026-05-30 23:08:25,093 INFO watchfiles.main: 1 change detected
2026-05-30 23:08:25,444 INFO watchfiles.main: 1 change detected
2026-05-30 23:08:25,810 INFO watchfiles.main: 1 change detected
2026-05-30 23:08:26,177 INFO watchfiles.main: 1 change detected
2026-05-30 23:08:26,544 INFO watchfiles.main: 1 change detected
2026-05-30 23:08:26,916 INFO watchfiles.main: 1 change detected
2026-05-30 23:08:27,279 INFO watchfiles.main: 1 change detected
2026-05-30 23:08:27,643 INFO watchfiles.main: 1 change detected
2026-05-30 23:08:28,003 INFO watchfiles.main: 1 change detected
2026-05-30 23:08:28,360 INFO watchfiles.main: 1 change detected
2026-05-30 23:08:28,726 INFO watchfiles.main: 1 change detected
2026-05-30 23:08:29,094 INFO watchfiles.main: 1 change detected
2026-05-30 23:08:29,459 INFO watchfiles.main: 1 change detected
2026-05-30 23:08:29,829 INFO watchfiles.main: 1 change detected
2026-05-30 23:08:30,193 INFO watchfiles.main: 1 change detected
2026-05-30 23:08:30,560 INFO watchfiles.main: 1 change detected
2026-05-30 23:08:30,926 INFO watchfiles.main: 1 change detected
2026-05-30 23:08:31,293 INFO watchfiles.main: 1 change detected
2026-05-30 23:08:31,659 INFO watchfiles.main: 1 change detected
2026-05-30 23:08:32,026 INFO watchfiles.main: 1 change detected
2026-05-30 23:08:32,393 INFO watchfiles.main: 1 change detected
2026-05-30 23:08:32,761 INFO watchfiles.main: 1 change detected
2026-05-30 23:08:33,127 INFO watchfiles.main: 1 change detected
2026-05-30 23:08:33,491 INFO watchfiles.main: 1 change detected
2026-05-30 23:08:33,859 INFO watchfiles.main: 1 change detected
2026-05-30 23:08:34,226 INFO watchfiles.main: 1 change detected
2026-05-30 23:08:34,597 INFO watchfiles.main: 1 change detected
2026-05-30 23:08:34,958 INFO watchfiles.main: 1 change detected
2026-05-30 23:08:35,325 INFO watchfiles.main: 1 change detected
2026-05-30 23:08:35,693 INFO watchfiles.main: 1 change detected
2026-05-30 23:08:36,059 INFO watchfiles.main: 1 change detected
2026-05-30 23:08:36,429 INFO watchfiles.main: 1 change detected
2026-05-30 23:08:36,787 INFO watchfiles.main: 1 change detected
2026-05-30 23:08:37,152 INFO watchfiles.main: 1 change detected
2026-05-30 23:08:37,552 INFO watchfiles.main: 1 change detected
2026-05-30 23:08:37,914 INFO watchfiles.main: 1 change detected
2026-05-30 23:08:38,276 INFO watchfiles.main: 1 change detected
2026-05-30 23:08:38,642 INFO watchfiles.main: 1 change detected
2026-05-30 23:08:39,013 INFO watchfiles.main: 1 change detected
2026-05-30 23:08:39,374 INFO watchfiles.main: 1 change detected
2026-05-30 23:08:39,734 INFO watchfiles.main: 1 change detected
2026-05-30 23:08:40,094 INFO watchfiles.main: 1 change detected
2026-05-30 23:08:40,469 INFO watchfiles.main: 1 change detected
2026-05-30 23:08:40,840 INFO watchfiles.main: 1 change detected
2026-05-30 23:08:41,191 INFO watchfiles.main: 1 change detected
2026-05-30 23:08:41,544 INFO watchfiles.main: 1 change detected
2026-05-30 23:08:41,898 INFO watchfiles.main: 1 change detected
2026-05-30 23:08:42,250 INFO watchfiles.main: 1 change detected
2026-05-30 23:08:42,606 INFO watchfiles.main: 1 change detected
2026-05-30 23:08:42,968 INFO watchfiles.main: 1 change detected
2026-05-30 23:08:43,323 INFO watchfiles.main: 1 change detected
2026-05-30 23:08:43,701 INFO watchfiles.main: 1 change detected
2026-05-30 23:08:44,073 INFO watchfiles.main: 1 change detected
2026-05-30 23:08:44,564 INFO watchfiles.main: 1 change detected
2026-05-30 23:08:45,003 INFO watchfiles.main: 1 change detected
2026-05-30 23:08:45,393 INFO watchfiles.main: 1 change detected
2026-05-30 23:08:45,750 INFO watchfiles.main: 1 change detected
2026-05-30 23:08:46,147 INFO watchfiles.main: 1 change detected
2026-05-30 23:08:46,505 INFO watchfiles.main: 1 change detected
2026-05-30 23:08:46,869 INFO watchfiles.main: 1 change detected
2026-05-30 23:08:47,236 INFO watchfiles.main: 1 change detected
2026-05-30 23:08:47,588 INFO watchfiles.main: 1 change detected
2026-05-30 23:08:47,943 INFO watchfiles.main: 1 change detected
2026-05-30 23:08:48,306 INFO watchfiles.main: 1 change detected
2026-05-30 23:08:48,669 INFO watchfiles.main: 1 change detected
2026-05-30 23:08:49,038 INFO watchfiles.main: 1 change detected
2026-05-30 23:08:49,394 INFO watchfiles.main: 1 change detected
2026-05-30 23:08:49,750 INFO watchfiles.main: 1 change detected
2026-05-30 23:08:50,117 INFO watchfiles.main: 1 change detected
2026-05-30 23:08:50,472 INFO watchfiles.main: 1 change detected
2026-05-30 23:08:50,835 INFO watchfiles.main: 1 change detected
2026-05-30 23:08:51,197 INFO watchfiles.main: 1 change detected
2026-05-30 23:08:51,555 INFO watchfiles.main: 1 change detected
2026-05-30 23:08:51,914 INFO watchfiles.main: 1 change detected
2026-05-30 23:08:52,268 INFO watchfiles.main: 1 change detected
2026-05-30 23:08:52,635 INFO watchfiles.main: 1 change detected
2026-05-30 23:08:52,994 INFO watchfiles.main: 1 change detected
2026-05-30 23:08:53,354 INFO watchfiles.main: 1 change detected
2026-05-30 23:08:53,718 INFO watchfiles.main: 1 change detected
2026-05-30 23:08:54,084 INFO watchfiles.main: 1 change detected
2026-05-30 23:08:54,442 INFO watchfiles.main: 1 change detected
2026-05-30 23:08:54,818 INFO watchfiles.main: 1 change detected
2026-05-30 23:08:55,190 INFO watchfiles.main: 1 change detected
2026-05-30 23:08:55,556 INFO watchfiles.main: 1 change detected
2026-05-30 23:08:55,922 INFO watchfiles.main: 1 change detected
2026-05-30 23:08:56,391 INFO watchfiles.main: 1 change detected
2026-05-30 23:08:56,771 INFO watchfiles.main: 1 change detected
2026-05-30 23:08:57,144 INFO watchfiles.main: 1 change detected
2026-05-30 23:08:57,500 INFO watchfiles.main: 1 change detected
2026-05-30 23:08:57,863 INFO watchfiles.main: 1 change detected
2026-05-30 23:08:58,224 INFO watchfiles.main: 1 change detected
2026-05-30 23:08:58,592 INFO watchfiles.main: 1 change detected
2026-05-30 23:08:58,958 INFO watchfiles.main: 1 change detected
2026-05-30 23:08:59,353 INFO watchfiles.main: 1 change detected
2026-05-30 23:08:59,791 INFO watchfiles.main: 1 change detected
2026-05-30 23:09:00,292 INFO watchfiles.main: 1 change detected
2026-05-30 23:09:00,803 INFO watchfiles.main: 1 change detected
2026-05-30 23:09:01,207 INFO watchfiles.main: 1 change detected
2026-05-30 23:09:01,573 INFO watchfiles.main: 1 change detected
2026-05-30 23:09:01,936 INFO watchfiles.main: 1 change detected
2026-05-30 23:09:02,304 INFO watchfiles.main: 1 change detected
2026-05-30 23:09:02,671 INFO watchfiles.main: 1 change detected
2026-05-30 23:09:03,040 INFO watchfiles.main: 1 change detected
2026-05-30 23:09:03,403 INFO watchfiles.main: 1 change detected
2026-05-30 23:09:03,771 INFO watchfiles.main: 1 change detected
2026-05-30 23:09:04,136 INFO watchfiles.main: 1 change detected
2026-05-30 23:09:04,503 INFO watchfiles.main: 1 change detected
2026-05-30 23:09:04,870 INFO watchfiles.main: 1 change detected
2026-05-30 23:09:05,240 INFO watchfiles.main: 1 change detected
2026-05-30 23:09:05,601 INFO watchfiles.main: 1 change detected
2026-05-30 23:09:05,954 INFO watchfiles.main: 1 change detected
2026-05-30 23:09:06,325 INFO watchfiles.main: 1 change detected
2026-05-30 23:09:06,685 INFO watchfiles.main: 1 change detected
2026-05-30 23:09:07,043 INFO watchfiles.main: 1 change detected
2026-05-30 23:09:07,401 INFO watchfiles.main: 1 change detected
2026-05-30 23:09:07,769 INFO watchfiles.main: 1 change detected
2026-05-30 23:09:08,176 INFO watchfiles.main: 1 change detected
2026-05-30 23:09:08,535 INFO watchfiles.main: 1 change detected
2026-05-30 23:09:08,902 INFO watchfiles.main: 1 change detected
2026-05-30 23:09:09,269 INFO watchfiles.main: 1 change detected
2026-05-30 23:09:09,627 INFO watchfiles.main: 1 change detected
2026-05-30 23:09:09,994 INFO watchfiles.main: 1 change detected
2026-05-30 23:09:10,357 INFO watchfiles.main: 1 change detected
2026-05-30 23:09:10,719 INFO watchfiles.main: 1 change detected
2026-05-30 23:09:11,071 INFO watchfiles.main: 1 change detected
2026-05-30 23:09:11,443 INFO watchfiles.main: 1 change detected
2026-05-30 23:09:11,800 INFO watchfiles.main: 1 change detected
2026-05-30 23:09:12,174 INFO watchfiles.main: 1 change detected
2026-05-30 23:09:12,534 INFO watchfiles.main: 1 change detected
2026-05-30 23:09:12,903 INFO watchfiles.main: 1 change detected
2026-05-30 23:09:13,269 INFO watchfiles.main: 1 change detected
2026-05-30 23:58:27,677 INFO src.api.main: Serving frontend build from C:\Users\DELL\Documents\Retail_traders\frontend\dist
2026-05-30 23:58:28,929 INFO src.api.main: Admin user already exists
2026-05-30 23:58:29,634 INFO src.api.main: Demo user already exists
2026-05-30 23:58:29,933 INFO src.api.main: Database initialized and seeded
2026-05-30 23:58:53,848 INFO src.api.main: Serving frontend build from C:\Users\DELL\Documents\Retail_traders\frontend\dist
2026-05-30 23:58:54,571 INFO src.api.main: Admin user already exists
2026-05-30 23:58:55,093 INFO src.api.main: Demo user already exists
2026-05-30 23:58:55,295 INFO src.api.main: Database initialized and seeded
2026-05-31 00:24:39,551 INFO src.api.main: Serving frontend build from C:\Users\DELL\Documents\Retail_traders\frontend\dist
2026-05-31 00:24:47,052 INFO src.api.main: Serving frontend build from C:\Users\DELL\Documents\Retail_traders\frontend\dist
2026-05-31 00:24:47,678 INFO src.api.main: Admin user already exists
2026-05-31 00:24:48,139 INFO src.api.main: Demo user already exists
2026-05-31 00:24:48,204 INFO watchfiles.main: 1 change detected
2026-05-31 00:24:48,427 INFO src.api.main: Database initialized and seeded
2026-05-31 00:24:48,560 INFO watchfiles.main: 3 changes detected
2026-05-31 00:24:50,384 INFO watchfiles.main: 1 change detected
2026-05-31 00:25:03,094 INFO watchfiles.main: 1 change detected
2026-05-31 00:25:03,448 INFO watchfiles.main: 3 changes detected
2026-05-31 00:25:05,053 INFO watchfiles.main: 1 change detected
2026-05-31 00:25:58,398 INFO watchfiles.main: 1 change detected
2026-05-31 00:25:58,753 INFO watchfiles.main: 3 changes detected
2026-05-31 00:25:59,368 INFO watchfiles.main: 2 changes detected
2026-05-31 00:25:59,731 INFO watchfiles.main: 2 changes detected
2026-05-31 00:26:00,083 INFO watchfiles.main: 1 change detected
2026-05-31 00:26:01,599 INFO watchfiles.main: 1 change detected
2026-05-31 00:28:38,191 INFO watchfiles.main: 1 change detected
2026-05-31 00:28:39,329 INFO watchfiles.main: 1 change detected
2026-05-31 00:28:39,689 INFO watchfiles.main: 1 change detected
2026-05-31 00:28:40,060 INFO watchfiles.main: 1 change detected
2026-05-31 00:28:40,420 INFO watchfiles.main: 1 change detected
2026-05-31 00:28:40,788 INFO watchfiles.main: 1 change detected
2026-05-31 00:28:41,153 INFO watchfiles.main: 1 change detected
2026-05-31 00:28:41,521 INFO watchfiles.main: 1 change detected
2026-05-31 00:28:41,887 INFO watchfiles.main: 1 change detected
2026-05-31 00:28:42,252 INFO watchfiles.main: 1 change detected
2026-05-31 00:28:42,619 INFO watchfiles.main: 1 change detected
2026-05-31 00:28:42,988 INFO watchfiles.main: 1 change detected
2026-05-31 00:28:43,356 INFO watchfiles.main: 1 change detected
2026-05-31 00:28:43,720 INFO watchfiles.main: 1 change detected
2026-05-31 00:28:44,090 INFO watchfiles.main: 1 change detected
2026-05-31 00:28:44,454 INFO watchfiles.main: 1 change detected
2026-05-31 00:28:44,818 INFO watchfiles.main: 1 change detected
2026-05-31 00:28:45,186 INFO watchfiles.main: 1 change detected
2026-05-31 00:28:45,554 INFO watchfiles.main: 1 change detected
2026-05-31 00:28:45,921 INFO watchfiles.main: 1 change detected
2026-05-31 00:28:46,273 INFO watchfiles.main: 1 change detected
2026-05-31 00:28:46,634 INFO watchfiles.main: 1 change detected
2026-05-31 00:28:47,002 INFO watchfiles.main: 1 change detected
2026-05-31 00:28:47,369 INFO watchfiles.main: 1 change detected
2026-05-31 00:28:47,720 INFO watchfiles.main: 1 change detected
2026-05-31 00:28:48,085 INFO watchfiles.main: 1 change detected
2026-05-31 00:28:48,451 INFO watchfiles.main: 1 change detected
2026-05-31 00:28:48,908 INFO watchfiles.main: 1 change detected
2026-05-31 00:28:49,745 INFO watchfiles.main: 1 change detected
2026-05-31 00:28:50,100 INFO watchfiles.main: 1 change detected
2026-05-31 00:28:50,472 INFO watchfiles.main: 1 change detected
2026-05-31 00:28:50,839 INFO watchfiles.main: 1 change detected
2026-05-31 00:28:51,200 INFO watchfiles.main: 1 change detected
2026-05-31 00:28:51,552 INFO watchfiles.main: 1 change detected
2026-05-31 00:28:51,925 INFO watchfiles.main: 1 change detected
2026-05-31 00:28:52,291 INFO watchfiles.main: 1 change detected
2026-05-31 00:28:52,641 INFO watchfiles.main: 1 change detected
2026-05-31 00:28:53,002 INFO watchfiles.main: 1 change detected
2026-05-31 00:28:53,370 INFO watchfiles.main: 1 change detected
2026-05-31 00:28:53,722 INFO watchfiles.main: 1 change detected
2026-05-31 00:28:54,084 INFO watchfiles.main: 1 change detected
2026-05-31 00:28:54,452 INFO watchfiles.main: 1 change detected
2026-05-31 00:28:54,805 INFO watchfiles.main: 1 change detected
2026-05-31 00:28:55,168 INFO watchfiles.main: 1 change detected
2026-05-31 00:28:55,534 INFO watchfiles.main: 1 change detected
2026-05-31 00:28:55,886 INFO watchfiles.main: 1 change detected
2026-05-31 00:28:56,253 INFO watchfiles.main: 1 change detected
2026-05-31 00:28:56,620 INFO watchfiles.main: 1 change detected
2026-05-31 00:28:56,991 INFO watchfiles.main: 1 change detected
2026-05-31 00:28:57,353 INFO watchfiles.main: 1 change detected
2026-05-31 00:28:57,758 INFO watchfiles.main: 1 change detected
2026-05-31 00:28:58,117 INFO watchfiles.main: 1 change detected
2026-05-31 00:28:58,477 INFO watchfiles.main: 1 change detected
2026-05-31 00:28:58,940 INFO watchfiles.main: 1 change detected
2026-05-31 00:28:59,319 INFO watchfiles.main: 1 change detected
2026-05-31 00:28:59,686 INFO watchfiles.main: 1 change detected
2026-05-31 00:29:00,055 INFO watchfiles.main: 1 change detected
2026-05-31 00:29:00,420 INFO watchfiles.main: 1 change detected
2026-05-31 00:29:00,787 INFO watchfiles.main: 1 change detected
2026-05-31 00:29:01,207 INFO watchfiles.main: 1 change detected
2026-05-31 00:29:01,771 INFO watchfiles.main: 1 change detected
2026-05-31 00:29:02,838 INFO watchfiles.main: 1 change detected
2026-05-31 00:29:03,443 INFO watchfiles.main: 1 change detected
2026-05-31 00:29:04,059 INFO watchfiles.main: 1 change detected
2026-05-31 00:29:04,565 INFO watchfiles.main: 1 change detected
2026-05-31 00:29:04,966 INFO watchfiles.main: 1 change detected
2026-05-31 00:29:05,338 INFO watchfiles.main: 1 change detected
2026-05-31 00:29:05,698 INFO watchfiles.main: 1 change detected
2026-05-31 00:29:06,057 INFO watchfiles.main: 1 change detected
2026-05-31 00:29:06,413 INFO watchfiles.main: 1 change detected
2026-05-31 00:29:06,772 INFO watchfiles.main: 1 change detected
2026-05-31 00:29:07,190 INFO watchfiles.main: 1 change detected
2026-05-31 00:29:07,641 INFO watchfiles.main: 1 change detected
2026-05-31 00:29:08,019 INFO watchfiles.main: 1 change detected
2026-05-31 00:29:08,372 INFO watchfiles.main: 1 change detected
2026-05-31 00:29:08,732 INFO watchfiles.main: 1 change detected
2026-05-31 00:29:09,093 INFO watchfiles.main: 1 change detected
2026-05-31 00:29:09,458 INFO watchfiles.main: 1 change detected
2026-05-31 00:29:09,813 INFO watchfiles.main: 1 change detected
2026-05-31 00:29:10,167 INFO watchfiles.main: 1 change detected
2026-05-31 00:29:10,531 INFO watchfiles.main: 1 change detected
2026-05-31 00:29:10,894 INFO watchfiles.main: 1 change detected
2026-05-31 00:29:11,245 INFO watchfiles.main: 1 change detected
2026-05-31 00:29:11,615 INFO watchfiles.main: 1 change detected
2026-05-31 00:29:11,976 INFO watchfiles.main: 1 change detected
2026-05-31 00:29:12,344 INFO watchfiles.main: 1 change detected
2026-05-31 00:29:12,714 INFO watchfiles.main: 1 change detected
2026-05-31 00:29:13,065 INFO watchfiles.main: 1 change detected
2026-05-31 00:29:13,435 INFO watchfiles.main: 1 change detected
2026-05-31 00:29:13,801 INFO watchfiles.main: 1 change detected
2026-05-31 00:29:14,165 INFO watchfiles.main: 1 change detected
2026-05-31 00:29:14,525 INFO watchfiles.main: 1 change detected
2026-05-31 00:29:14,878 INFO watchfiles.main: 1 change detected
2026-05-31 00:29:15,234 INFO watchfiles.main: 1 change detected
2026-05-31 00:29:15,592 INFO watchfiles.main: 1 change detected
2026-05-31 00:29:15,949 INFO watchfiles.main: 1 change detected
2026-05-31 00:29:16,315 INFO watchfiles.main: 1 change detected
2026-05-31 00:29:16,672 INFO watchfiles.main: 1 change detected
2026-05-31 00:29:17,028 INFO watchfiles.main: 1 change detected
2026-05-31 00:29:17,390 INFO watchfiles.main: 1 change detected
2026-05-31 00:29:17,747 INFO watchfiles.main: 1 change detected
2026-05-31 00:29:18,109 INFO watchfiles.main: 1 change detected
2026-05-31 00:29:18,465 INFO watchfiles.main: 1 change detected
2026-05-31 00:29:18,832 INFO watchfiles.main: 1 change detected
2026-05-31 00:29:19,196 INFO watchfiles.main: 1 change detected
2026-05-31 00:29:19,654 INFO watchfiles.main: 1 change detected
2026-05-31 00:37:10,872 INFO watchfiles.main: 1 change detected
2026-05-31 00:37:13,774 INFO watchfiles.main: 1 change detected
2026-05-31 00:37:16,442 INFO watchfiles.main: 1 change detected
2026-05-31 00:37:16,833 INFO watchfiles.main: 1 change detected
2026-05-31 00:37:17,191 INFO watchfiles.main: 1 change detected
2026-05-31 00:37:17,591 INFO watchfiles.main: 1 change detected
2026-05-31 00:37:17,982 INFO watchfiles.main: 1 change detected
2026-05-31 00:37:18,407 INFO watchfiles.main: 1 change detected
2026-05-31 00:37:19,072 INFO watchfiles.main: 1 change detected
2026-05-31 00:37:19,443 INFO watchfiles.main: 1 change detected
2026-05-31 00:37:19,801 INFO watchfiles.main: 1 change detected
2026-05-31 00:37:20,163 INFO watchfiles.main: 1 change detected
2026-05-31 00:37:21,156 INFO watchfiles.main: 1 change detected
2026-05-31 00:37:21,514 INFO watchfiles.main: 1 change detected
2026-05-31 00:37:21,884 INFO watchfiles.main: 1 change detected
2026-05-31 00:37:22,322 INFO watchfiles.main: 1 change detected
2026-05-31 00:37:22,762 INFO watchfiles.main: 1 change detected
2026-05-31 00:37:23,166 INFO watchfiles.main: 1 change detected
2026-05-31 00:37:23,526 INFO watchfiles.main: 1 change detected
2026-05-31 00:37:23,951 INFO watchfiles.main: 1 change detected
2026-05-31 00:37:24,584 INFO watchfiles.main: 1 change detected
2026-05-31 00:37:24,973 INFO watchfiles.main: 1 change detected
2026-05-31 00:37:25,374 INFO watchfiles.main: 1 change detected
2026-05-31 00:37:25,823 INFO watchfiles.main: 1 change detected
2026-05-31 00:37:26,176 INFO watchfiles.main: 1 change detected
2026-05-31 00:37:26,582 INFO watchfiles.main: 1 change detected
2026-05-31 00:37:28,079 INFO watchfiles.main: 1 change detected
2026-05-31 00:37:28,502 INFO watchfiles.main: 1 change detected
2026-05-31 00:37:28,910 INFO watchfiles.main: 1 change detected
2026-05-31 00:37:29,275 INFO watchfiles.main: 1 change detected
2026-05-31 00:37:29,641 INFO watchfiles.main: 1 change detected
2026-05-31 00:37:30,007 INFO watchfiles.main: 1 change detected
2026-05-31 00:37:30,375 INFO watchfiles.main: 1 change detected
2026-05-31 00:37:30,740 INFO watchfiles.main: 1 change detected
2026-05-31 00:37:31,108 INFO watchfiles.main: 1 change detected
2026-05-31 00:37:31,466 INFO watchfiles.main: 1 change detected
2026-05-31 00:37:31,826 INFO watchfiles.main: 1 change detected
2026-05-31 00:37:32,192 INFO watchfiles.main: 1 change detected
2026-05-31 00:37:32,548 INFO watchfiles.main: 1 change detected
2026-05-31 00:37:32,924 INFO watchfiles.main: 1 change detected
2026-05-31 00:37:33,276 INFO watchfiles.main: 1 change detected
2026-05-31 00:37:33,641 INFO watchfiles.main: 1 change detected
2026-05-31 00:37:34,026 INFO watchfiles.main: 1 change detected
2026-05-31 00:37:34,399 INFO watchfiles.main: 1 change detected
2026-05-31 00:37:34,760 INFO watchfiles.main: 1 change detected
2026-05-31 00:37:35,125 INFO watchfiles.main: 1 change detected
2026-05-31 00:37:35,481 INFO watchfiles.main: 1 change detected
2026-05-31 00:37:35,834 INFO watchfiles.main: 1 change detected
2026-05-31 00:37:36,192 INFO watchfiles.main: 2 changes detected
2026-05-31 00:37:36,543 INFO watchfiles.main: 2 changes detected
2026-05-31 00:37:36,965 INFO watchfiles.main: 1 change detected
2026-05-31 00:37:37,326 INFO watchfiles.main: 1 change detected
2026-05-31 00:37:37,692 INFO watchfiles.main: 1 change detected
2026-05-31 00:37:38,058 INFO watchfiles.main: 1 change detected
2026-05-31 00:37:38,428 INFO watchfiles.main: 1 change detected
2026-05-31 00:37:38,791 INFO watchfiles.main: 1 change detected
2026-05-31 00:37:39,142 INFO watchfiles.main: 1 change detected
2026-05-31 00:37:40,062 INFO watchfiles.main: 1 change detected
2026-05-31 00:37:40,434 INFO watchfiles.main: 1 change detected
2026-05-31 00:37:40,793 INFO watchfiles.main: 2 changes detected
2026-05-31 00:37:41,173 INFO watchfiles.main: 1 change detected
2026-05-31 00:37:41,574 INFO watchfiles.main: 1 change detected
2026-05-31 00:37:41,972 INFO watchfiles.main: 1 change detected
2026-05-31 00:37:42,323 INFO watchfiles.main: 1 change detected
2026-05-31 00:37:42,695 INFO watchfiles.main: 1 change detected
2026-05-31 00:37:43,140 INFO watchfiles.main: 1 change detected
2026-05-31 00:37:43,574 INFO watchfiles.main: 1 change detected
2026-05-31 00:37:43,982 INFO watchfiles.main: 1 change detected
2026-05-31 00:37:44,371 INFO watchfiles.main: 1 change detected
2026-05-31 00:37:44,846 INFO watchfiles.main: 1 change detected
2026-05-31 00:37:45,338 INFO watchfiles.main: 1 change detected
2026-05-31 00:37:45,748 INFO watchfiles.main: 1 change detected
2026-05-31 00:37:46,101 INFO watchfiles.main: 1 change detected
2026-05-31 00:37:46,456 INFO watchfiles.main: 1 change detected
2026-05-31 00:37:46,902 INFO watchfiles.main: 1 change detected
2026-05-31 00:37:47,269 INFO watchfiles.main: 1 change detected
2026-05-31 00:37:47,689 INFO watchfiles.main: 1 change detected
2026-05-31 00:37:49,203 INFO watchfiles.main: 1 change detected
2026-05-31 00:37:50,052 INFO watchfiles.main: 1 change detected
2026-05-31 00:37:50,404 INFO watchfiles.main: 1 change detected
2026-05-31 00:37:50,758 INFO watchfiles.main: 1 change detected
2026-05-31 00:37:51,119 INFO watchfiles.main: 1 change detected
2026-05-31 00:37:51,474 INFO watchfiles.main: 1 change detected
2026-05-31 00:37:51,838 INFO watchfiles.main: 1 change detected
2026-05-31 00:37:52,190 INFO watchfiles.main: 1 change detected
2026-05-31 00:37:52,558 INFO watchfiles.main: 1 change detected
2026-05-31 00:37:52,924 INFO watchfiles.main: 1 change detected
2026-05-31 00:37:53,294 INFO watchfiles.main: 1 change detected
2026-05-31 00:37:53,654 INFO watchfiles.main: 1 change detected
2026-05-31 00:37:54,023 INFO watchfiles.main: 1 change detected
2026-05-31 00:37:54,375 INFO watchfiles.main: 1 change detected
2026-05-31 00:37:54,740 INFO watchfiles.main: 1 change detected
2026-05-31 00:37:55,104 INFO watchfiles.main: 1 change detected
2026-05-31 00:37:55,472 INFO watchfiles.main: 1 change detected
2026-05-31 00:37:55,824 INFO watchfiles.main: 1 change detected
2026-05-31 00:37:56,182 INFO watchfiles.main: 1 change detected
2026-05-31 00:37:56,539 INFO watchfiles.main: 1 change detected
2026-05-31 00:37:56,902 INFO watchfiles.main: 1 change detected
2026-05-31 00:37:57,257 INFO watchfiles.main: 1 change detected
2026-05-31 00:37:57,619 INFO watchfiles.main: 1 change detected
2026-05-31 00:37:57,985 INFO watchfiles.main: 1 change detected
2026-05-31 00:37:58,341 INFO watchfiles.main: 1 change detected
2026-05-31 00:37:58,708 INFO watchfiles.main: 1 change detected
2026-05-31 00:37:59,065 INFO watchfiles.main: 1 change detected
2026-05-31 00:37:59,424 INFO watchfiles.main: 1 change detected
2026-05-31 00:38:00,039 INFO watchfiles.main: 1 change detected
2026-05-31 00:38:00,391 INFO watchfiles.main: 1 change detected
2026-05-31 00:38:00,749 INFO watchfiles.main: 1 change detected
2026-05-31 00:38:01,107 INFO watchfiles.main: 1 change detected
2026-05-31 00:38:01,474 INFO watchfiles.main: 1 change detected
2026-05-31 00:38:01,840 INFO watchfiles.main: 1 change detected
2026-05-31 00:38:02,192 INFO watchfiles.main: 1 change detected
2026-05-31 00:38:02,553 INFO watchfiles.main: 1 change detected
2026-05-31 00:38:02,908 INFO watchfiles.main: 1 change detected
2026-05-31 00:38:03,289 INFO watchfiles.main: 1 change detected
2026-05-31 00:38:03,647 INFO watchfiles.main: 1 change detected
2026-05-31 00:38:04,019 INFO watchfiles.main: 1 change detected
2026-05-31 00:38:04,374 INFO watchfiles.main: 1 change detected
2026-05-31 00:38:04,756 INFO watchfiles.main: 1 change detected
2026-05-31 00:38:05,168 INFO watchfiles.main: 1 change detected
2026-05-31 00:38:05,577 INFO watchfiles.main: 1 change detected
2026-05-31 00:38:06,054 INFO watchfiles.main: 1 change detected
2026-05-31 00:38:06,409 INFO watchfiles.main: 1 change detected
2026-05-31 00:38:06,768 INFO watchfiles.main: 1 change detected
2026-05-31 00:38:07,141 INFO watchfiles.main: 1 change detected
2026-05-31 00:38:07,497 INFO watchfiles.main: 1 change detected
2026-05-31 00:38:12,351 INFO watchfiles.main: 1 change detected
2026-05-31 00:38:12,713 INFO watchfiles.main: 1 change detected
2026-05-31 00:38:13,066 INFO watchfiles.main: 1 change detected
2026-05-31 00:38:13,434 INFO watchfiles.main: 1 change detected
2026-05-31 00:38:13,797 INFO watchfiles.main: 1 change detected
2026-05-31 00:38:14,154 INFO watchfiles.main: 1 change detected
2026-05-31 00:38:14,519 INFO watchfiles.main: 1 change detected
2026-05-31 00:38:14,878 INFO watchfiles.main: 1 change detected
2026-05-31 00:38:15,235 INFO watchfiles.main: 1 change detected
2026-05-31 00:38:15,588 INFO watchfiles.main: 1 change detected
2026-05-31 00:38:15,945 INFO watchfiles.main: 1 change detected
2026-05-31 00:38:16,299 INFO watchfiles.main: 1 change detected
2026-05-31 00:38:16,651 INFO watchfiles.main: 1 change detected
2026-05-31 00:38:17,014 INFO watchfiles.main: 1 change detected
2026-05-31 00:38:17,378 INFO watchfiles.main: 1 change detected
2026-05-31 00:38:17,745 INFO watchfiles.main: 1 change detected
2026-05-31 00:38:18,109 INFO watchfiles.main: 1 change detected
2026-05-31 00:38:18,474 INFO watchfiles.main: 1 change detected
2026-05-31 00:38:18,829 INFO watchfiles.main: 1 change detected
2026-05-31 00:38:19,183 INFO watchfiles.main: 1 change detected
2026-05-31 00:38:19,544 INFO watchfiles.main: 1 change detected
2026-05-31 00:38:19,946 INFO watchfiles.main: 1 change detected
2026-05-31 00:38:20,310 INFO watchfiles.main: 1 change detected
2026-05-31 00:38:20,661 INFO watchfiles.main: 1 change detected
2026-05-31 00:38:21,026 INFO watchfiles.main: 1 change detected
2026-05-31 00:38:21,380 INFO watchfiles.main: 1 change detected
2026-05-31 00:38:21,745 INFO watchfiles.main: 1 change detected
2026-05-31 00:38:22,096 INFO watchfiles.main: 1 change detected
2026-05-31 00:38:22,458 INFO watchfiles.main: 1 change detected
2026-05-31 00:38:22,809 INFO watchfiles.main: 1 change detected
2026-05-31 00:38:23,174 INFO watchfiles.main: 1 change detected
2026-05-31 00:38:23,534 INFO watchfiles.main: 1 change detected
2026-05-31 00:38:23,896 INFO watchfiles.main: 1 change detected
2026-05-31 00:38:24,260 INFO watchfiles.main: 1 change detected
2026-05-31 00:38:24,623 INFO watchfiles.main: 1 change detected
2026-05-31 00:38:24,978 INFO watchfiles.main: 1 change detected
2026-05-31 00:38:25,347 INFO watchfiles.main: 1 change detected
2026-05-31 00:38:25,719 INFO watchfiles.main: 1 change detected
2026-05-31 00:38:26,081 INFO watchfiles.main: 1 change detected
2026-05-31 00:38:26,442 INFO watchfiles.main: 1 change detected
2026-05-31 00:38:26,798 INFO watchfiles.main: 1 change detected
2026-05-31 00:38:27,176 INFO watchfiles.main: 1 change detected
2026-05-31 00:38:27,531 INFO watchfiles.main: 1 change detected
2026-05-31 00:38:27,903 INFO watchfiles.main: 1 change detected
2026-05-31 00:38:28,269 INFO watchfiles.main: 1 change detected
2026-05-31 00:38:28,627 INFO watchfiles.main: 1 change detected
2026-05-31 00:38:29,018 INFO watchfiles.main: 1 change detected
2026-05-31 00:38:29,378 INFO watchfiles.main: 1 change detected
2026-05-31 00:38:29,734 INFO watchfiles.main: 1 change detected
2026-05-31 00:38:30,089 INFO watchfiles.main: 1 change detected
2026-05-31 00:38:30,449 INFO watchfiles.main: 1 change detected
2026-05-31 00:38:30,805 INFO watchfiles.main: 1 change detected
2026-05-31 00:38:31,175 INFO watchfiles.main: 1 change detected
2026-05-31 00:38:31,530 INFO watchfiles.main: 1 change detected
2026-05-31 00:38:31,888 INFO watchfiles.main: 1 change detected
2026-05-31 00:38:32,245 INFO watchfiles.main: 1 change detected
2026-05-31 00:38:32,608 INFO watchfiles.main: 1 change detected
2026-05-31 00:38:32,972 INFO watchfiles.main: 1 change detected
2026-05-31 00:38:33,329 INFO watchfiles.main: 1 change detected
2026-05-31 00:38:33,682 INFO watchfiles.main: 1 change detected
2026-05-31 00:38:34,057 INFO watchfiles.main: 1 change detected
2026-05-31 00:38:34,418 INFO watchfiles.main: 1 change detected
2026-05-31 00:38:34,779 INFO watchfiles.main: 1 change detected
2026-05-31 00:38:35,143 INFO watchfiles.main: 1 change detected
2026-05-31 00:38:35,495 INFO watchfiles.main: 1 change detected
2026-05-31 00:38:35,860 INFO watchfiles.main: 1 change detected
2026-05-31 00:38:36,223 INFO watchfiles.main: 1 change detected
2026-05-31 00:38:36,588 INFO watchfiles.main: 1 change detected
2026-05-31 00:38:36,947 INFO watchfiles.main: 1 change detected
2026-05-31 00:38:37,306 INFO watchfiles.main: 1 change detected
2026-05-31 00:38:37,673 INFO watchfiles.main: 1 change detected
2026-05-31 00:38:38,026 INFO watchfiles.main: 1 change detected
2026-05-31 00:38:38,402 INFO watchfiles.main: 1 change detected
2026-05-31 00:38:38,755 INFO watchfiles.main: 1 change detected
2026-05-31 00:38:39,120 INFO watchfiles.main: 1 change detected
2026-05-31 00:38:39,476 INFO watchfiles.main: 1 change detected
2026-05-31 00:38:39,831 INFO watchfiles.main: 1 change detected
2026-05-31 00:38:40,183 INFO watchfiles.main: 1 change detected
2026-05-31 00:38:40,539 INFO watchfiles.main: 1 change detected
2026-05-31 00:38:40,910 INFO watchfiles.main: 1 change detected
2026-05-31 00:38:41,279 INFO watchfiles.main: 1 change detected
2026-05-31 00:38:41,644 INFO watchfiles.main: 1 change detected
2026-05-31 00:38:42,006 INFO watchfiles.main: 1 change detected
2026-05-31 00:38:42,362 INFO watchfiles.main: 1 change detected
2026-05-31 00:38:42,726 INFO watchfiles.main: 1 change detected
2026-05-31 00:38:43,089 INFO watchfiles.main: 1 change detected
2026-05-31 00:38:43,446 INFO watchfiles.main: 1 change detected
2026-05-31 00:38:43,801 INFO watchfiles.main: 1 change detected
2026-05-31 00:39:14,313 INFO watchfiles.main: 1 change detected
2026-05-31 00:39:19,972 INFO watchfiles.main: 1 change detected
2026-05-31 00:39:20,344 INFO watchfiles.main: 1 change detected
2026-05-31 00:39:25,632 INFO watchfiles.main: 1 change detected
2026-05-31 00:39:25,992 INFO watchfiles.main: 1 change detected
2026-05-31 00:39:33,915 INFO watchfiles.main: 1 change detected
2026-05-31 00:39:34,271 INFO watchfiles.main: 1 change detected
2026-05-31 00:39:34,701 INFO watchfiles.main: 1 change detected
2026-05-31 00:39:35,080 INFO watchfiles.main: 1 change detected
2026-05-31 00:39:35,458 INFO watchfiles.main: 1 change detected
2026-05-31 00:39:35,887 INFO watchfiles.main: 1 change detected
2026-05-31 00:39:39,593 INFO watchfiles.main: 1 change detected
2026-05-31 00:39:39,993 INFO watchfiles.main: 1 change detected
2026-05-31 00:39:40,482 INFO watchfiles.main: 1 change detected
2026-05-31 00:39:40,892 INFO watchfiles.main: 1 change detected
2026-05-31 00:39:41,330 INFO watchfiles.main: 1 change detected
2026-05-31 00:39:41,687 INFO watchfiles.main: 1 change detected
2026-05-31 00:39:42,056 INFO watchfiles.main: 1 change detected
2026-05-31 00:39:42,443 INFO watchfiles.main: 1 change detected
2026-05-31 00:39:42,854 INFO watchfiles.main: 1 change detected
2026-05-31 00:39:43,220 INFO watchfiles.main: 1 change detected
2026-05-31 00:39:43,584 INFO watchfiles.main: 1 change detected
2026-05-31 00:39:43,947 INFO watchfiles.main: 1 change detected
2026-05-31 00:39:44,316 INFO watchfiles.main: 1 change detected
2026-05-31 00:39:44,721 INFO watchfiles.main: 1 change detected
2026-05-31 00:39:45,086 INFO watchfiles.main: 1 change detected
2026-05-31 00:39:45,453 INFO watchfiles.main: 1 change detected
2026-05-31 00:39:45,823 INFO watchfiles.main: 1 change detected
2026-05-31 00:39:46,204 INFO watchfiles.main: 1 change detected
2026-05-31 00:39:46,637 INFO watchfiles.main: 1 change detected
2026-05-31 00:39:47,026 INFO watchfiles.main: 1 change detected
2026-05-31 00:39:48,710 INFO watchfiles.main: 1 change detected
2026-05-31 00:39:49,082 INFO watchfiles.main: 1 change detected
2026-05-31 00:39:49,439 INFO watchfiles.main: 1 change detected
2026-05-31 00:39:49,799 INFO watchfiles.main: 1 change detected
2026-05-31 00:39:50,162 INFO watchfiles.main: 1 change detected
2026-05-31 00:39:54,075 INFO watchfiles.main: 1 change detected
2026-05-31 00:39:54,462 INFO watchfiles.main: 1 change detected
2026-05-31 00:39:54,983 INFO watchfiles.main: 1 change detected
2026-05-31 00:39:55,353 INFO watchfiles.main: 1 change detected
2026-05-31 00:39:55,721 INFO watchfiles.main: 1 change detected
2026-05-31 00:39:56,091 INFO watchfiles.main: 1 change detected
2026-05-31 00:39:56,454 INFO watchfiles.main: 1 change detected
2026-05-31 00:39:56,820 INFO watchfiles.main: 1 change detected
2026-05-31 00:39:57,185 INFO watchfiles.main: 1 change detected
2026-05-31 00:39:57,559 INFO watchfiles.main: 1 change detected
2026-05-31 00:39:57,919 INFO watchfiles.main: 1 change detected
2026-05-31 00:39:58,284 INFO watchfiles.main: 1 change detected
2026-05-31 00:39:58,655 INFO watchfiles.main: 1 change detected
2026-05-31 00:39:59,014 INFO watchfiles.main: 1 change detected
2026-05-31 00:39:59,373 INFO watchfiles.main: 1 change detected
2026-05-31 00:39:59,731 INFO watchfiles.main: 1 change detected
2026-05-31 00:40:00,097 INFO watchfiles.main: 1 change detected
2026-05-31 00:40:00,463 INFO watchfiles.main: 1 change detected
2026-05-31 00:40:00,815 INFO watchfiles.main: 1 change detected
2026-05-31 00:40:01,175 INFO watchfiles.main: 1 change detected
2026-05-31 00:40:01,532 INFO watchfiles.main: 1 change detected
2026-05-31 00:40:01,897 INFO watchfiles.main: 1 change detected
2026-05-31 00:40:02,264 INFO watchfiles.main: 1 change detected
2026-05-31 00:40:02,621 INFO watchfiles.main: 1 change detected
2026-05-31 00:40:02,980 INFO watchfiles.main: 1 change detected
2026-05-31 00:40:03,346 INFO watchfiles.main: 1 change detected
2026-05-31 00:40:03,713 INFO watchfiles.main: 1 change detected
2026-05-31 00:40:04,080 INFO watchfiles.main: 1 change detected
2026-05-31 00:40:04,447 INFO watchfiles.main: 1 change detected
2026-05-31 00:40:04,813 INFO watchfiles.main: 1 change detected
2026-05-31 00:40:05,179 INFO watchfiles.main: 1 change detected
2026-05-31 00:40:05,532 INFO watchfiles.main: 1 change detected
2026-05-31 00:40:05,895 INFO watchfiles.main: 1 change detected
2026-05-31 00:40:06,262 INFO watchfiles.main: 1 change detected
2026-05-31 00:40:06,629 INFO watchfiles.main: 1 change detected
2026-05-31 00:40:06,998 INFO watchfiles.main: 1 change detected
2026-05-31 00:40:07,365 INFO watchfiles.main: 1 change detected
2026-05-31 00:40:07,728 INFO watchfiles.main: 1 change detected
2026-05-31 00:40:08,096 INFO watchfiles.main: 1 change detected
2026-05-31 00:40:08,449 INFO watchfiles.main: 1 change detected
2026-05-31 00:40:08,811 INFO watchfiles.main: 1 change detected
2026-05-31 00:40:09,178 INFO watchfiles.main: 1 change detected
2026-05-31 00:40:09,544 INFO watchfiles.main: 1 change detected
2026-05-31 00:40:09,911 INFO watchfiles.main: 1 change detected
2026-05-31 00:40:10,277 INFO watchfiles.main: 1 change detected
2026-05-31 00:40:10,645 INFO watchfiles.main: 1 change detected
2026-05-31 00:40:11,011 INFO watchfiles.main: 1 change detected
2026-05-31 00:40:11,364 INFO watchfiles.main: 1 change detected
2026-05-31 00:40:11,726 INFO watchfiles.main: 1 change detected
2026-05-31 00:40:12,097 INFO watchfiles.main: 1 change detected
2026-05-31 00:40:12,461 INFO watchfiles.main: 1 change detected
2026-05-31 00:40:12,851 INFO watchfiles.main: 1 change detected
2026-05-31 00:40:13,255 INFO watchfiles.main: 1 change detected
2026-05-31 00:40:13,636 INFO watchfiles.main: 1 change detected
2026-05-31 00:40:14,004 INFO watchfiles.main: 1 change detected
2026-05-31 00:40:14,514 INFO watchfiles.main: 1 change detected
2026-05-31 00:40:15,004 INFO watchfiles.main: 1 change detected
2026-05-31 00:40:15,500 INFO watchfiles.main: 1 change detected
2026-05-31 00:40:15,914 INFO watchfiles.main: 1 change detected
2026-05-31 00:40:16,303 INFO watchfiles.main: 1 change detected
2026-05-31 00:40:16,751 INFO watchfiles.main: 1 change detected
2026-05-31 00:40:17,129 INFO watchfiles.main: 1 change detected
2026-05-31 00:40:17,515 INFO watchfiles.main: 1 change detected
2026-05-31 00:40:17,894 INFO watchfiles.main: 1 change detected
2026-05-31 00:40:18,263 INFO watchfiles.main: 1 change detected
2026-05-31 00:40:18,627 INFO watchfiles.main: 1 change detected
2026-05-31 00:40:19,003 INFO watchfiles.main: 1 change detected
2026-05-31 00:40:19,381 INFO watchfiles.main: 1 change detected
2026-05-31 00:40:19,816 INFO watchfiles.main: 1 change detected
2026-05-31 00:40:20,295 INFO watchfiles.main: 1 change detected
2026-05-31 00:40:24,857 INFO watchfiles.main: 1 change detected
2026-05-31 00:40:25,209 INFO watchfiles.main: 1 change detected
2026-05-31 00:40:25,626 INFO watchfiles.main: 1 change detected
2026-05-31 00:40:26,034 INFO watchfiles.main: 1 change detected
2026-05-31 00:40:26,449 INFO watchfiles.main: 1 change detected
2026-05-31 00:40:26,852 INFO watchfiles.main: 1 change detected
2026-05-31 00:40:27,264 INFO watchfiles.main: 1 change detected
2026-05-31 00:40:27,675 INFO watchfiles.main: 1 change detected
2026-05-31 00:40:28,095 INFO watchfiles.main: 1 change detected
2026-05-31 00:40:28,594 INFO watchfiles.main: 1 change detected
2026-05-31 00:40:29,030 INFO watchfiles.main: 1 change detected
2026-05-31 00:40:29,443 INFO watchfiles.main: 1 change detected
2026-05-31 00:40:29,857 INFO watchfiles.main: 1 change detected
2026-05-31 00:40:30,327 INFO watchfiles.main: 1 change detected
2026-05-31 00:40:30,744 INFO watchfiles.main: 1 change detected
2026-05-31 00:40:31,187 INFO watchfiles.main: 1 change detected
2026-05-31 00:40:31,607 INFO watchfiles.main: 1 change detected
2026-05-31 00:40:31,995 INFO watchfiles.main: 1 change detected
2026-05-31 00:40:32,409 INFO watchfiles.main: 1 change detected
2026-05-31 00:40:32,822 INFO watchfiles.main: 1 change detected
2026-05-31 00:40:33,225 INFO watchfiles.main: 1 change detected
2026-05-31 00:40:33,639 INFO watchfiles.main: 1 change detected
2026-05-31 00:40:34,060 INFO watchfiles.main: 1 change detected
2026-05-31 00:40:34,428 INFO watchfiles.main: 1 change detected
2026-05-31 00:40:34,844 INFO watchfiles.main: 1 change detected
2026-05-31 00:40:35,260 INFO watchfiles.main: 1 change detected
2026-05-31 00:40:35,678 INFO watchfiles.main: 1 change detected
2026-05-31 00:40:36,090 INFO watchfiles.main: 1 change detected
2026-05-31 00:40:36,506 INFO watchfiles.main: 1 change detected
2026-05-31 00:40:36,916 INFO watchfiles.main: 1 change detected
2026-05-31 00:40:37,322 INFO watchfiles.main: 1 change detected
2026-05-31 00:40:37,814 INFO watchfiles.main: 1 change detected
2026-05-31 00:40:38,224 INFO watchfiles.main: 1 change detected
2026-05-31 00:40:38,638 INFO watchfiles.main: 1 change detected
2026-05-31 00:40:39,043 INFO watchfiles.main: 1 change detected
2026-05-31 00:40:39,508 INFO watchfiles.main: 1 change detected
2026-05-31 00:40:39,925 INFO watchfiles.main: 1 change detected
2026-05-31 00:40:40,338 INFO watchfiles.main: 1 change detected
2026-05-31 00:40:40,748 INFO watchfiles.main: 1 change detected
2026-05-31 00:40:41,156 INFO watchfiles.main: 1 change detected
2026-05-31 00:40:41,574 INFO watchfiles.main: 1 change detected
2026-05-31 00:40:41,992 INFO watchfiles.main: 1 change detected
2026-05-31 00:40:42,407 INFO watchfiles.main: 1 change detected
2026-05-31 00:40:42,823 INFO watchfiles.main: 1 change detected
2026-05-31 00:40:43,193 INFO watchfiles.main: 1 change detected
2026-05-31 00:40:43,606 INFO watchfiles.main: 1 change detected
2026-05-31 00:40:44,063 INFO watchfiles.main: 1 change detected
2026-05-31 00:40:44,471 INFO watchfiles.main: 1 change detected
2026-05-31 00:40:44,888 INFO watchfiles.main: 1 change detected
2026-05-31 00:40:45,359 INFO watchfiles.main: 1 change detected
2026-05-31 00:40:45,724 INFO watchfiles.main: 1 change detected
2026-05-31 00:40:46,147 INFO watchfiles.main: 1 change detected
2026-05-31 00:40:46,558 INFO watchfiles.main: 1 change detected
2026-05-31 00:40:46,974 INFO watchfiles.main: 1 change detected
2026-05-31 00:40:47,390 INFO watchfiles.main: 1 change detected
2026-05-31 00:40:47,807 INFO watchfiles.main: 1 change detected
2026-05-31 00:40:48,223 INFO watchfiles.main: 1 change detected
2026-05-31 00:40:48,640 INFO watchfiles.main: 1 change detected
2026-05-31 00:40:49,055 INFO watchfiles.main: 1 change detected
2026-05-31 00:40:49,470 INFO watchfiles.main: 1 change detected
2026-05-31 00:40:49,889 INFO watchfiles.main: 1 change detected
2026-05-31 00:40:50,303 INFO watchfiles.main: 1 change detected
2026-05-31 00:40:50,720 INFO watchfiles.main: 1 change detected
2026-05-31 00:40:51,138 INFO watchfiles.main: 1 change detected
2026-05-31 00:40:51,555 INFO watchfiles.main: 1 change detected
2026-05-31 00:40:51,973 INFO watchfiles.main: 1 change detected
2026-05-31 00:40:52,388 INFO watchfiles.main: 1 change detected
2026-05-31 00:40:52,802 INFO watchfiles.main: 1 change detected
2026-05-31 00:40:53,219 INFO watchfiles.main: 1 change detected
2026-05-31 00:40:53,635 INFO watchfiles.main: 1 change detected
2026-05-31 00:40:54,052 INFO watchfiles.main: 1 change detected
2026-05-31 00:40:54,469 INFO watchfiles.main: 1 change detected
2026-05-31 00:40:54,886 INFO watchfiles.main: 1 change detected
2026-05-31 00:40:55,303 INFO watchfiles.main: 1 change detected
2026-05-31 00:40:55,719 INFO watchfiles.main: 1 change detected
2026-05-31 00:40:56,136 INFO watchfiles.main: 1 change detected
2026-05-31 00:40:56,504 INFO watchfiles.main: 1 change detected
2026-05-31 00:40:56,919 INFO watchfiles.main: 1 change detected
2026-05-31 00:40:57,335 INFO watchfiles.main: 1 change detected
2026-05-31 00:40:57,737 INFO watchfiles.main: 1 change detected
2026-05-31 00:40:58,153 INFO watchfiles.main: 1 change detected
2026-05-31 00:40:58,522 INFO watchfiles.main: 1 change detected
2026-05-31 00:40:58,937 INFO watchfiles.main: 1 change detected
2026-05-31 00:40:59,431 INFO watchfiles.main: 1 change detected
2026-05-31 00:40:59,897 INFO watchfiles.main: 1 change detected
2026-05-31 00:41:00,406 INFO watchfiles.main: 1 change detected
2026-05-31 00:41:00,821 INFO watchfiles.main: 1 change detected
2026-05-31 00:41:01,237 INFO watchfiles.main: 1 change detected
2026-05-31 00:41:01,604 INFO watchfiles.main: 1 change detected
2026-05-31 00:41:02,023 INFO watchfiles.main: 1 change detected
2026-05-31 00:41:02,438 INFO watchfiles.main: 1 change detected
2026-05-31 00:41:02,904 INFO watchfiles.main: 1 change detected
2026-05-31 00:41:03,317 INFO watchfiles.main: 1 change detected
2026-05-31 00:41:03,738 INFO watchfiles.main: 1 change detected
2026-05-31 00:41:04,101 INFO watchfiles.main: 1 change detected
2026-05-31 00:41:04,517 INFO watchfiles.main: 1 change detected
2026-05-31 00:41:04,934 INFO watchfiles.main: 1 change detected
2026-05-31 00:41:05,349 INFO watchfiles.main: 1 change detected
2026-05-31 00:41:05,824 INFO watchfiles.main: 1 change detected
2026-05-31 00:41:06,240 INFO watchfiles.main: 1 change detected
2026-05-31 00:41:06,694 INFO watchfiles.main: 1 change detected
2026-05-31 00:41:07,105 INFO watchfiles.main: 1 change detected
2026-05-31 00:41:07,524 INFO watchfiles.main: 1 change detected
2026-05-31 00:41:07,941 INFO watchfiles.main: 1 change detected
2026-05-31 00:41:08,306 INFO watchfiles.main: 1 change detected
2026-05-31 00:41:08,723 INFO watchfiles.main: 1 change detected
2026-05-31 00:41:09,191 INFO watchfiles.main: 1 change detected
2026-05-31 00:41:09,652 INFO watchfiles.main: 1 change detected
2026-05-31 00:41:10,066 INFO watchfiles.main: 1 change detected
2026-05-31 00:41:10,482 INFO watchfiles.main: 1 change detected
2026-05-31 00:41:10,898 INFO watchfiles.main: 1 change detected
2026-05-31 00:41:11,302 INFO watchfiles.main: 1 change detected
2026-05-31 00:41:11,716 INFO watchfiles.main: 1 change detected
2026-05-31 00:41:12,133 INFO watchfiles.main: 1 change detected
2026-05-31 00:41:12,549 INFO watchfiles.main: 1 change detected
2026-05-31 00:41:12,965 INFO watchfiles.main: 1 change detected
2026-05-31 00:41:13,432 INFO watchfiles.main: 1 change detected
2026-05-31 00:41:13,848 INFO watchfiles.main: 1 change detected
2026-05-31 00:41:14,265 INFO watchfiles.main: 1 change detected
2026-05-31 00:41:14,682 INFO watchfiles.main: 1 change detected
2026-05-31 00:41:15,098 INFO watchfiles.main: 1 change detected
2026-05-31 00:41:15,518 INFO watchfiles.main: 1 change detected
2026-05-31 00:41:15,934 INFO watchfiles.main: 1 change detected
2026-05-31 00:41:16,349 INFO watchfiles.main: 1 change detected
2026-05-31 00:41:16,767 INFO watchfiles.main: 1 change detected
2026-05-31 00:41:17,181 INFO watchfiles.main: 1 change detected
2026-05-31 00:41:17,599 INFO watchfiles.main: 1 change detected
2026-05-31 00:41:17,964 INFO watchfiles.main: 1 change detected
2026-05-31 00:41:18,380 INFO watchfiles.main: 1 change detected
2026-05-31 00:41:18,800 INFO watchfiles.main: 1 change detected
2026-05-31 00:41:19,213 INFO watchfiles.main: 1 change detected
2026-05-31 00:41:19,587 INFO watchfiles.main: 1 change detected
2026-05-31 00:41:19,993 INFO watchfiles.main: 1 change detected
2026-05-31 00:41:20,485 INFO watchfiles.main: 1 change detected
2026-05-31 00:41:25,248 INFO watchfiles.main: 1 change detected
2026-05-31 00:41:25,613 INFO watchfiles.main: 1 change detected
2026-05-31 00:41:26,030 INFO watchfiles.main: 1 change detected
2026-05-31 00:41:26,432 INFO watchfiles.main: 1 change detected
2026-05-31 00:41:26,796 INFO watchfiles.main: 1 change detected
2026-05-31 00:41:27,201 INFO watchfiles.main: 1 change detected
2026-05-31 00:41:27,663 INFO watchfiles.main: 1 change detected
2026-05-31 00:41:28,031 INFO watchfiles.main: 1 change detected
2026-05-31 00:41:28,436 INFO watchfiles.main: 1 change detected
2026-05-31 00:41:28,851 INFO watchfiles.main: 1 change detected
2026-05-31 00:41:29,263 INFO watchfiles.main: 1 change detected
2026-05-31 00:41:29,680 INFO watchfiles.main: 1 change detected
2026-05-31 00:41:30,100 INFO watchfiles.main: 1 change detected
2026-05-31 00:41:30,512 INFO watchfiles.main: 1 change detected
2026-05-31 00:41:30,929 INFO watchfiles.main: 1 change detected
2026-05-31 00:41:31,355 INFO watchfiles.main: 1 change detected
2026-05-31 00:41:31,762 INFO watchfiles.main: 1 change detected
2026-05-31 00:41:32,179 INFO watchfiles.main: 1 change detected
2026-05-31 00:41:32,594 INFO watchfiles.main: 1 change detected
2026-05-31 00:41:33,011 INFO watchfiles.main: 1 change detected
2026-05-31 00:41:33,381 INFO watchfiles.main: 1 change detected
2026-05-31 00:41:33,795 INFO watchfiles.main: 1 change detected
2026-05-31 00:41:34,210 INFO watchfiles.main: 1 change detected
2026-05-31 00:41:34,630 INFO watchfiles.main: 1 change detected
2026-05-31 00:41:35,247 INFO watchfiles.main: 1 change detected
2026-05-31 00:41:35,608 INFO watchfiles.main: 1 change detected
2026-05-31 00:41:36,013 INFO watchfiles.main: 1 change detected
2026-05-31 00:41:36,423 INFO watchfiles.main: 1 change detected
2026-05-31 00:41:36,849 INFO watchfiles.main: 3 changes detected
2026-05-31 00:41:37,206 INFO watchfiles.main: 1 change detected
2026-05-31 00:41:37,573 INFO watchfiles.main: 1 change detected
2026-05-31 00:41:37,940 INFO watchfiles.main: 1 change detected
2026-05-31 00:41:38,305 INFO watchfiles.main: 1 change detected
2026-05-31 00:41:38,676 INFO watchfiles.main: 1 change detected
2026-05-31 00:41:39,049 INFO watchfiles.main: 1 change detected
2026-05-31 00:41:39,409 INFO watchfiles.main: 1 change detected
2026-05-31 00:41:39,830 INFO watchfiles.main: 1 change detected
2026-05-31 00:41:40,240 INFO watchfiles.main: 1 change detected
2026-05-31 00:41:40,655 INFO watchfiles.main: 1 change detected
2026-05-31 00:41:41,060 INFO watchfiles.main: 1 change detected
2026-05-31 00:41:41,425 INFO watchfiles.main: 1 change detected
2026-05-31 00:41:41,845 INFO watchfiles.main: 1 change detected
2026-05-31 00:41:42,247 INFO watchfiles.main: 1 change detected
2026-05-31 00:41:42,678 INFO watchfiles.main: 1 change detected
2026-05-31 00:41:43,096 INFO watchfiles.main: 1 change detected
2026-05-31 00:41:43,557 INFO watchfiles.main: 1 change detected
2026-05-31 00:41:43,980 INFO watchfiles.main: 1 change detected
2026-05-31 00:41:44,395 INFO watchfiles.main: 1 change detected
2026-05-31 00:41:44,826 INFO watchfiles.main: 1 change detected
2026-05-31 00:41:45,249 INFO watchfiles.main: 1 change detected
2026-05-31 00:41:45,660 INFO watchfiles.main: 1 change detected
2026-05-31 00:41:46,078 INFO watchfiles.main: 1 change detected
2026-05-31 00:41:46,493 INFO watchfiles.main: 1 change detected
2026-05-31 00:41:46,907 INFO watchfiles.main: 1 change detected
2026-05-31 00:41:47,328 INFO watchfiles.main: 1 change detected
2026-05-31 00:41:47,695 INFO watchfiles.main: 1 change detected
2026-05-31 00:41:48,107 INFO watchfiles.main: 1 change detected
2026-05-31 00:41:48,513 INFO watchfiles.main: 1 change detected
2026-05-31 00:41:48,925 INFO watchfiles.main: 1 change detected
2026-05-31 00:41:49,342 INFO watchfiles.main: 1 change detected
2026-05-31 00:41:49,760 INFO watchfiles.main: 1 change detected
2026-05-31 00:41:50,176 INFO watchfiles.main: 1 change detected
2026-05-31 00:41:50,579 INFO watchfiles.main: 1 change detected
2026-05-31 00:41:50,936 INFO watchfiles.main: 1 change detected
2026-05-31 00:41:51,290 INFO watchfiles.main: 1 change detected
2026-05-31 00:41:51,658 INFO watchfiles.main: 1 change detected
2026-05-31 00:41:52,023 INFO watchfiles.main: 1 change detected
2026-05-31 00:41:52,390 INFO watchfiles.main: 1 change detected
2026-05-31 00:41:52,756 INFO watchfiles.main: 1 change detected
2026-05-31 00:41:53,176 INFO watchfiles.main: 1 change detected
2026-05-31 00:41:53,589 INFO watchfiles.main: 1 change detected
2026-05-31 00:41:54,007 INFO watchfiles.main: 1 change detected
2026-05-31 00:41:54,424 INFO watchfiles.main: 1 change detected
2026-05-31 00:41:54,846 INFO watchfiles.main: 1 change detected
2026-05-31 00:41:55,256 INFO watchfiles.main: 1 change detected
2026-05-31 00:41:55,673 INFO watchfiles.main: 1 change detected
2026-05-31 00:41:56,092 INFO watchfiles.main: 1 change detected
2026-05-31 00:41:56,508 INFO watchfiles.main: 1 change detected
2026-05-31 00:41:56,926 INFO watchfiles.main: 1 change detected
2026-05-31 00:41:57,343 INFO watchfiles.main: 1 change detected
2026-05-31 00:41:57,755 INFO watchfiles.main: 1 change detected
2026-05-31 00:41:58,175 INFO watchfiles.main: 1 change detected
2026-05-31 00:41:58,591 INFO watchfiles.main: 1 change detected
2026-05-31 00:41:59,094 INFO watchfiles.main: 1 change detected
2026-05-31 00:41:59,457 INFO watchfiles.main: 1 change detected
2026-05-31 00:41:59,876 INFO watchfiles.main: 1 change detected
2026-05-31 00:42:00,369 INFO watchfiles.main: 1 change detected
2026-05-31 00:42:00,849 INFO watchfiles.main: 1 change detected
2026-05-31 00:42:01,260 INFO watchfiles.main: 1 change detected
2026-05-31 00:42:01,673 INFO watchfiles.main: 1 change detected
2026-05-31 00:42:02,089 INFO watchfiles.main: 1 change detected
2026-05-31 00:42:02,492 INFO watchfiles.main: 1 change detected
2026-05-31 00:42:02,895 INFO watchfiles.main: 1 change detected
2026-05-31 00:42:03,307 INFO watchfiles.main: 1 change detected
2026-05-31 00:42:03,723 INFO watchfiles.main: 1 change detected
2026-05-31 00:42:04,126 INFO watchfiles.main: 1 change detected
2026-05-31 00:42:04,540 INFO watchfiles.main: 1 change detected
2026-05-31 00:42:04,959 INFO watchfiles.main: 1 change detected
2026-05-31 00:42:05,372 INFO watchfiles.main: 1 change detected
2026-05-31 00:42:05,789 INFO watchfiles.main: 1 change detected
2026-05-31 00:42:06,205 INFO watchfiles.main: 1 change detected
2026-05-31 00:42:06,716 INFO watchfiles.main: 1 change detected
2026-05-31 00:42:07,098 INFO watchfiles.main: 1 change detected
2026-05-31 00:42:07,505 INFO watchfiles.main: 1 change detected
2026-05-31 00:42:07,911 INFO watchfiles.main: 1 change detected
2026-05-31 00:42:08,322 INFO watchfiles.main: 1 change detected
2026-05-31 00:42:08,724 INFO watchfiles.main: 1 change detected
2026-05-31 00:42:09,130 INFO watchfiles.main: 1 change detected
2026-05-31 00:42:09,540 INFO watchfiles.main: 1 change detected
2026-05-31 00:42:09,956 INFO watchfiles.main: 1 change detected
2026-05-31 00:42:10,374 INFO watchfiles.main: 1 change detected
2026-05-31 00:42:10,790 INFO watchfiles.main: 1 change detected
2026-05-31 00:42:11,209 INFO watchfiles.main: 1 change detected
2026-05-31 00:42:11,623 INFO watchfiles.main: 1 change detected
2026-05-31 00:42:12,037 INFO watchfiles.main: 1 change detected
2026-05-31 00:42:12,453 INFO watchfiles.main: 1 change detected
2026-05-31 00:42:12,858 INFO watchfiles.main: 1 change detected
2026-05-31 00:42:13,246 INFO watchfiles.main: 1 change detected
2026-05-31 00:42:13,652 INFO watchfiles.main: 1 change detected
2026-05-31 00:42:14,069 INFO watchfiles.main: 1 change detected
2026-05-31 00:42:14,485 INFO watchfiles.main: 1 change detected
2026-05-31 00:42:14,902 INFO watchfiles.main: 1 change detected
2026-05-31 00:42:15,268 INFO watchfiles.main: 1 change detected
2026-05-31 00:42:15,673 INFO watchfiles.main: 1 change detected
2026-05-31 00:42:16,088 INFO watchfiles.main: 1 change detected
2026-05-31 00:42:16,502 INFO watchfiles.main: 1 change detected
2026-05-31 00:42:16,919 INFO watchfiles.main: 1 change detected
2026-05-31 00:42:17,336 INFO watchfiles.main: 1 change detected
2026-05-31 00:42:17,754 INFO watchfiles.main: 1 change detected
2026-05-31 00:42:18,120 INFO watchfiles.main: 1 change detected
2026-05-31 00:42:18,569 INFO watchfiles.main: 1 change detected
2026-05-31 00:42:19,005 INFO watchfiles.main: 1 change detected
2026-05-31 00:42:19,458 INFO watchfiles.main: 1 change detected
2026-05-31 00:42:20,129 INFO watchfiles.main: 1 change detected
2026-05-31 00:42:20,674 INFO watchfiles.main: 1 change detected
2026-05-31 00:42:25,019 INFO watchfiles.main: 1 change detected
2026-05-31 00:42:25,400 INFO watchfiles.main: 1 change detected
2026-05-31 00:42:26,027 INFO watchfiles.main: 1 change detected
2026-05-31 00:42:26,450 INFO watchfiles.main: 1 change detected
2026-05-31 00:42:26,976 INFO watchfiles.main: 1 change detected
2026-05-31 00:42:27,387 INFO watchfiles.main: 1 change detected
2026-05-31 00:42:27,800 INFO watchfiles.main: 1 change detected
2026-05-31 00:42:28,216 INFO watchfiles.main: 1 change detected
2026-05-31 00:42:28,633 INFO watchfiles.main: 1 change detected
2026-05-31 00:42:29,070 INFO watchfiles.main: 1 change detected
2026-05-31 00:42:29,519 INFO watchfiles.main: 1 change detected
2026-05-31 00:42:29,936 INFO watchfiles.main: 1 change detected
2026-05-31 00:42:30,349 INFO watchfiles.main: 1 change detected
2026-05-31 00:42:30,765 INFO watchfiles.main: 1 change detected
2026-05-31 00:42:31,175 INFO watchfiles.main: 1 change detected
2026-05-31 00:42:31,583 INFO watchfiles.main: 1 change detected
2026-05-31 00:42:32,243 INFO watchfiles.main: 1 change detected
2026-05-31 00:42:32,602 INFO watchfiles.main: 1 change detected
2026-05-31 00:42:33,017 INFO watchfiles.main: 1 change detected
2026-05-31 00:42:33,433 INFO watchfiles.main: 1 change detected
2026-05-31 00:42:33,849 INFO watchfiles.main: 1 change detected
2026-05-31 00:42:34,218 INFO watchfiles.main: 1 change detected
2026-05-31 00:42:34,636 INFO watchfiles.main: 1 change detected
2026-05-31 00:42:35,051 INFO watchfiles.main: 1 change detected
2026-05-31 00:42:35,503 INFO watchfiles.main: 1 change detected
2026-05-31 00:42:35,966 INFO watchfiles.main: 1 change detected
2026-05-31 00:42:36,366 INFO watchfiles.main: 1 change detected
2026-05-31 00:42:36,848 INFO watchfiles.main: 1 change detected
2026-05-31 00:42:37,278 INFO watchfiles.main: 1 change detected
2026-05-31 00:42:37,750 INFO watchfiles.main: 1 change detected
2026-05-31 00:42:38,128 INFO watchfiles.main: 1 change detected
2026-05-31 00:42:38,540 INFO watchfiles.main: 1 change detected
2026-05-31 00:42:38,907 INFO watchfiles.main: 1 change detected
2026-05-31 00:42:39,324 INFO watchfiles.main: 1 change detected
2026-05-31 00:42:39,740 INFO watchfiles.main: 1 change detected
2026-05-31 00:42:40,143 INFO watchfiles.main: 1 change detected
2026-05-31 00:42:40,566 INFO watchfiles.main: 1 change detected
2026-05-31 00:42:40,974 INFO watchfiles.main: 1 change detected
2026-05-31 00:42:41,390 INFO watchfiles.main: 1 change detected
2026-05-31 00:42:41,791 INFO watchfiles.main: 1 change detected
2026-05-31 00:42:42,412 INFO watchfiles.main: 1 change detected
2026-05-31 00:42:42,835 INFO watchfiles.main: 1 change detected
2026-05-31 00:42:43,253 INFO watchfiles.main: 1 change detected
2026-05-31 00:42:43,934 INFO watchfiles.main: 1 change detected
2026-05-31 00:42:44,352 INFO watchfiles.main: 1 change detected
2026-05-31 00:42:44,758 INFO watchfiles.main: 1 change detected
2026-05-31 00:42:45,173 INFO watchfiles.main: 1 change detected
2026-05-31 00:42:45,540 INFO watchfiles.main: 1 change detected
2026-05-31 00:42:45,958 INFO watchfiles.main: 1 change detected
2026-05-31 00:42:46,373 INFO watchfiles.main: 1 change detected
2026-05-31 00:42:46,825 INFO watchfiles.main: 1 change detected
2026-05-31 00:42:47,251 INFO watchfiles.main: 1 change detected
2026-05-31 00:42:47,655 INFO watchfiles.main: 1 change detected
2026-05-31 00:42:48,034 INFO watchfiles.main: 1 change detected
2026-05-31 00:42:48,480 INFO watchfiles.main: 1 change detected
2026-05-31 00:42:48,890 INFO watchfiles.main: 1 change detected
2026-05-31 00:42:49,298 INFO watchfiles.main: 1 change detected
2026-05-31 00:42:49,724 INFO watchfiles.main: 1 change detected
2026-05-31 00:42:50,131 INFO watchfiles.main: 1 change detected
2026-05-31 00:42:50,551 INFO watchfiles.main: 1 change detected
2026-05-31 00:42:50,955 INFO watchfiles.main: 1 change detected
2026-05-31 00:42:51,408 INFO watchfiles.main: 1 change detected
2026-05-31 00:42:51,825 INFO watchfiles.main: 1 change detected
2026-05-31 00:42:52,240 INFO watchfiles.main: 1 change detected
2026-05-31 00:42:52,655 INFO watchfiles.main: 1 change detected
2026-05-31 00:42:53,074 INFO watchfiles.main: 1 change detected
2026-05-31 00:42:53,477 INFO watchfiles.main: 1 change detected
2026-05-31 00:42:53,886 INFO watchfiles.main: 1 change detected
2026-05-31 00:42:54,296 INFO watchfiles.main: 1 change detected
2026-05-31 00:42:54,708 INFO watchfiles.main: 1 change detected
2026-05-31 00:42:55,136 INFO watchfiles.main: 1 change detected
2026-05-31 00:42:55,540 INFO watchfiles.main: 1 change detected
2026-05-31 00:42:55,956 INFO watchfiles.main: 1 change detected
2026-05-31 00:42:56,375 INFO watchfiles.main: 1 change detected
2026-05-31 00:42:56,739 INFO watchfiles.main: 1 change detected
2026-05-31 00:42:57,204 INFO watchfiles.main: 1 change detected
2026-05-31 00:42:57,560 INFO watchfiles.main: 1 change detected
2026-05-31 00:42:57,973 INFO watchfiles.main: 1 change detected
2026-05-31 00:42:58,390 INFO watchfiles.main: 1 change detected
2026-05-31 00:42:58,806 INFO watchfiles.main: 1 change detected
2026-05-31 00:42:59,209 INFO watchfiles.main: 1 change detected
2026-05-31 00:42:59,629 INFO watchfiles.main: 1 change detected
2026-05-31 00:43:00,091 INFO watchfiles.main: 1 change detected
2026-05-31 00:43:00,449 INFO watchfiles.main: 1 change detected
2026-05-31 00:43:00,910 INFO watchfiles.main: 1 change detected
2026-05-31 00:43:01,330 INFO watchfiles.main: 1 change detected
2026-05-31 00:43:01,750 INFO watchfiles.main: 1 change detected
2026-05-31 00:43:02,185 INFO watchfiles.main: 1 change detected
2026-05-31 00:43:02,604 INFO watchfiles.main: 1 change detected
2026-05-31 00:43:03,029 INFO watchfiles.main: 1 change detected
2026-05-31 00:43:03,471 INFO watchfiles.main: 1 change detected
2026-05-31 00:43:03,887 INFO watchfiles.main: 1 change detected
2026-05-31 00:43:04,297 INFO watchfiles.main: 1 change detected
2026-05-31 00:43:04,709 INFO watchfiles.main: 1 change detected
2026-05-31 00:43:05,125 INFO watchfiles.main: 1 change detected
2026-05-31 00:43:05,546 INFO watchfiles.main: 1 change detected
2026-05-31 00:43:05,959 INFO watchfiles.main: 1 change detected
2026-05-31 00:43:06,377 INFO watchfiles.main: 1 change detected
2026-05-31 00:43:06,796 INFO watchfiles.main: 1 change detected
2026-05-31 00:43:07,229 INFO watchfiles.main: 1 change detected
2026-05-31 00:43:07,646 INFO watchfiles.main: 1 change detected
2026-05-31 00:43:08,062 INFO watchfiles.main: 1 change detected
2026-05-31 00:43:08,480 INFO watchfiles.main: 1 change detected
2026-05-31 00:43:08,903 INFO watchfiles.main: 1 change detected
2026-05-31 00:43:09,312 INFO watchfiles.main: 1 change detected
2026-05-31 00:43:09,729 INFO watchfiles.main: 1 change detected
2026-05-31 00:43:10,184 INFO watchfiles.main: 1 change detected
2026-05-31 00:43:10,594 INFO watchfiles.main: 1 change detected
2026-05-31 00:43:10,995 INFO watchfiles.main: 1 change detected
2026-05-31 00:43:11,411 INFO watchfiles.main: 1 change detected
2026-05-31 00:43:11,826 INFO watchfiles.main: 1 change detected
2026-05-31 00:43:12,244 INFO watchfiles.main: 1 change detected
2026-05-31 00:43:12,660 INFO watchfiles.main: 1 change detected
2026-05-31 00:43:13,076 INFO watchfiles.main: 1 change detected
2026-05-31 00:43:13,497 INFO watchfiles.main: 1 change detected
2026-05-31 00:43:13,909 INFO watchfiles.main: 1 change detected
2026-05-31 00:43:14,324 INFO watchfiles.main: 1 change detected
2026-05-31 00:43:14,741 INFO watchfiles.main: 1 change detected
2026-05-31 00:43:15,146 INFO watchfiles.main: 1 change detected
2026-05-31 00:43:15,580 INFO watchfiles.main: 1 change detected
2026-05-31 00:43:16,042 INFO watchfiles.main: 1 change detected
2026-05-31 00:43:16,458 INFO watchfiles.main: 1 change detected
2026-05-31 00:43:16,874 INFO watchfiles.main: 1 change detected
2026-05-31 00:43:17,306 INFO watchfiles.main: 1 change detected
2026-05-31 00:43:17,716 INFO watchfiles.main: 1 change detected
2026-05-31 00:43:18,126 INFO watchfiles.main: 1 change detected
2026-05-31 00:43:18,540 INFO watchfiles.main: 1 change detected
2026-05-31 00:43:18,943 INFO watchfiles.main: 1 change detected
2026-05-31 00:43:19,359 INFO watchfiles.main: 1 change detected
2026-05-31 00:43:19,777 INFO watchfiles.main: 1 change detected
2026-05-31 00:43:20,251 INFO watchfiles.main: 1 change detected
2026-05-31 00:43:20,698 INFO watchfiles.main: 1 change detected
2026-05-31 00:43:25,028 INFO watchfiles.main: 1 change detected
2026-05-31 00:43:25,431 INFO watchfiles.main: 1 change detected
2026-05-31 00:43:25,887 INFO watchfiles.main: 1 change detected
2026-05-31 00:43:26,254 INFO watchfiles.main: 1 change detected
2026-05-31 00:43:26,713 INFO watchfiles.main: 1 change detected
2026-05-31 00:43:27,124 INFO watchfiles.main: 1 change detected
2026-05-31 00:43:27,529 INFO watchfiles.main: 1 change detected
2026-05-31 00:43:27,957 INFO watchfiles.main: 1 change detected
2026-05-31 00:43:28,330 INFO watchfiles.main: 1 change detected
2026-05-31 00:43:28,793 INFO watchfiles.main: 1 change detected
2026-05-31 00:43:29,207 INFO watchfiles.main: 1 change detected
2026-05-31 00:43:29,626 INFO watchfiles.main: 1 change detected
2026-05-31 00:43:29,990 INFO watchfiles.main: 1 change detected
2026-05-31 00:43:30,390 INFO watchfiles.main: 1 change detected
2026-05-31 00:43:30,803 INFO watchfiles.main: 1 change detected
2026-05-31 00:43:31,218 INFO watchfiles.main: 1 change detected
2026-05-31 00:43:31,634 INFO watchfiles.main: 1 change detected
2026-05-31 00:43:32,308 INFO watchfiles.main: 1 change detected
2026-05-31 00:43:32,677 INFO watchfiles.main: 1 change detected
2026-05-31 00:43:33,047 INFO watchfiles.main: 1 change detected
2026-05-31 00:43:33,474 INFO watchfiles.main: 1 change detected
2026-05-31 00:43:33,883 INFO watchfiles.main: 1 change detected
2026-05-31 00:43:34,290 INFO watchfiles.main: 1 change detected
2026-05-31 00:43:34,706 INFO watchfiles.main: 1 change detected
2026-05-31 00:43:35,109 INFO watchfiles.main: 1 change detected
2026-05-31 00:43:35,546 INFO watchfiles.main: 1 change detected
2026-05-31 00:43:36,098 INFO watchfiles.main: 1 change detected
2026-05-31 00:43:36,628 INFO watchfiles.main: 1 change detected
2026-05-31 00:43:37,094 INFO watchfiles.main: 1 change detected
2026-05-31 00:43:37,510 INFO watchfiles.main: 1 change detected
2026-05-31 00:43:37,925 INFO watchfiles.main: 1 change detected
2026-05-31 00:43:38,340 INFO watchfiles.main: 1 change detected
2026-05-31 00:43:38,755 INFO watchfiles.main: 1 change detected
2026-05-31 00:43:39,209 INFO watchfiles.main: 1 change detected
2026-05-31 00:43:39,629 INFO watchfiles.main: 1 change detected
2026-05-31 00:43:39,992 INFO watchfiles.main: 1 change detected
2026-05-31 00:43:40,408 INFO watchfiles.main: 1 change detected
2026-05-31 00:43:40,825 INFO watchfiles.main: 1 change detected
2026-05-31 00:43:41,195 INFO watchfiles.main: 1 change detected
2026-05-31 00:43:41,624 INFO watchfiles.main: 1 change detected
2026-05-31 00:43:42,027 INFO watchfiles.main: 1 change detected
2026-05-31 00:43:42,595 INFO watchfiles.main: 1 change detected
2026-05-31 00:43:43,008 INFO watchfiles.main: 1 change detected
2026-05-31 00:43:43,425 INFO watchfiles.main: 1 change detected
2026-05-31 00:43:43,862 INFO watchfiles.main: 1 change detected
2026-05-31 00:43:44,238 INFO watchfiles.main: 1 change detected
2026-05-31 00:43:44,657 INFO watchfiles.main: 1 change detected
2026-05-31 00:43:45,075 INFO watchfiles.main: 1 change detected
2026-05-31 00:43:45,495 INFO watchfiles.main: 1 change detected
2026-05-31 00:43:45,908 INFO watchfiles.main: 1 change detected
2026-05-31 00:43:46,324 INFO watchfiles.main: 1 change detected
2026-05-31 00:43:46,836 INFO watchfiles.main: 1 change detected
2026-05-31 00:43:47,243 INFO watchfiles.main: 1 change detected
2026-05-31 00:43:47,686 INFO watchfiles.main: 1 change detected
2026-05-31 00:43:48,162 INFO watchfiles.main: 1 change detected
2026-05-31 00:43:48,594 INFO watchfiles.main: 1 change detected
2026-05-31 00:43:49,040 INFO watchfiles.main: 1 change detected
2026-05-31 00:43:49,420 INFO watchfiles.main: 1 change detected
2026-05-31 00:43:49,856 INFO watchfiles.main: 1 change detected
2026-05-31 00:43:50,291 INFO watchfiles.main: 1 change detected
2026-05-31 00:43:50,735 INFO watchfiles.main: 1 change detected
2026-05-31 00:43:51,171 INFO watchfiles.main: 1 change detected
2026-05-31 00:43:51,604 INFO watchfiles.main: 1 change detected
2026-05-31 00:43:52,060 INFO watchfiles.main: 1 change detected
2026-05-31 00:43:52,486 INFO watchfiles.main: 1 change detected
2026-05-31 00:43:52,975 INFO watchfiles.main: 1 change detected
2026-05-31 00:43:53,403 INFO watchfiles.main: 1 change detected
2026-05-31 00:43:54,328 INFO watchfiles.main: 1 change detected
2026-05-31 00:43:54,727 INFO watchfiles.main: 1 change detected
2026-05-31 00:43:55,103 INFO watchfiles.main: 1 change detected
2026-05-31 00:43:55,553 INFO watchfiles.main: 1 change detected
2026-05-31 00:43:55,937 INFO watchfiles.main: 1 change detected
2026-05-31 00:43:56,365 INFO watchfiles.main: 1 change detected
2026-05-31 00:43:56,771 INFO watchfiles.main: 1 change detected
2026-05-31 00:43:57,223 INFO watchfiles.main: 1 change detected
2026-05-31 00:43:57,685 INFO watchfiles.main: 1 change detected
2026-05-31 00:43:58,072 INFO watchfiles.main: 1 change detected
2026-05-31 00:43:58,522 INFO watchfiles.main: 1 change detected
2026-05-31 00:43:59,005 INFO watchfiles.main: 1 change detected
2026-05-31 00:43:59,403 INFO watchfiles.main: 1 change detected
2026-05-31 00:43:59,836 INFO watchfiles.main: 1 change detected
2026-05-31 00:44:00,255 INFO watchfiles.main: 1 change detected
2026-05-31 00:44:00,682 INFO watchfiles.main: 1 change detected
2026-05-31 00:44:01,176 INFO watchfiles.main: 1 change detected
2026-05-31 00:44:01,609 INFO watchfiles.main: 1 change detected
2026-05-31 00:44:02,153 INFO watchfiles.main: 1 change detected
2026-05-31 00:44:02,636 INFO watchfiles.main: 1 change detected
2026-05-31 00:44:03,102 INFO watchfiles.main: 1 change detected
2026-05-31 00:44:03,583 INFO watchfiles.main: 1 change detected
2026-05-31 00:44:04,067 INFO watchfiles.main: 1 change detected
2026-05-31 00:44:04,590 INFO watchfiles.main: 1 change detected
2026-05-31 00:44:05,017 INFO watchfiles.main: 1 change detected
2026-05-31 00:44:05,456 INFO watchfiles.main: 1 change detected
2026-05-31 00:44:05,925 INFO watchfiles.main: 1 change detected
2026-05-31 00:44:06,324 INFO watchfiles.main: 1 change detected
2026-05-31 00:44:06,735 INFO watchfiles.main: 1 change detected
2026-05-31 00:44:07,103 INFO watchfiles.main: 1 change detected
2026-05-31 00:44:07,585 INFO watchfiles.main: 1 change detected
2026-05-31 00:44:08,021 INFO watchfiles.main: 1 change detected
2026-05-31 00:44:08,402 INFO watchfiles.main: 1 change detected
2026-05-31 00:44:08,829 INFO watchfiles.main: 1 change detected
2026-05-31 00:44:09,254 INFO watchfiles.main: 1 change detected
2026-05-31 00:44:09,706 INFO watchfiles.main: 1 change detected
2026-05-31 00:44:10,124 INFO watchfiles.main: 1 change detected
2026-05-31 00:44:10,559 INFO watchfiles.main: 1 change detected
2026-05-31 00:44:11,057 INFO watchfiles.main: 1 change detected
2026-05-31 00:44:11,470 INFO watchfiles.main: 1 change detected
2026-05-31 00:44:11,918 INFO watchfiles.main: 1 change detected
2026-05-31 00:44:12,352 INFO watchfiles.main: 1 change detected
2026-05-31 00:44:12,739 INFO watchfiles.main: 1 change detected
2026-05-31 00:44:13,156 INFO watchfiles.main: 1 change detected
2026-05-31 00:44:13,590 INFO watchfiles.main: 1 change detected
2026-05-31 00:44:14,054 INFO watchfiles.main: 1 change detected
2026-05-31 00:44:14,436 INFO watchfiles.main: 1 change detected
2026-05-31 00:44:14,856 INFO watchfiles.main: 1 change detected
2026-05-31 00:44:15,290 INFO watchfiles.main: 1 change detected
2026-05-31 00:44:15,823 INFO watchfiles.main: 1 change detected
2026-05-31 00:44:16,299 INFO watchfiles.main: 1 change detected
2026-05-31 00:44:16,723 INFO watchfiles.main: 1 change detected
2026-05-31 00:44:17,198 INFO watchfiles.main: 1 change detected
2026-05-31 00:44:17,620 INFO watchfiles.main: 1 change detected
2026-05-31 00:44:18,072 INFO watchfiles.main: 1 change detected
2026-05-31 00:44:18,468 INFO watchfiles.main: 1 change detected
2026-05-31 00:44:18,983 INFO watchfiles.main: 1 change detected
2026-05-31 00:44:19,420 INFO watchfiles.main: 1 change detected
2026-05-31 00:44:19,849 INFO watchfiles.main: 1 change detected
2026-05-31 00:44:20,254 INFO watchfiles.main: 1 change detected
2026-05-31 00:44:20,730 INFO watchfiles.main: 1 change detected
2026-05-31 00:44:28,292 INFO watchfiles.main: 1 change detected
2026-05-31 00:44:28,732 INFO watchfiles.main: 1 change detected
2026-05-31 00:44:29,113 INFO watchfiles.main: 1 change detected
2026-05-31 00:44:29,552 INFO watchfiles.main: 1 change detected
2026-05-31 00:44:29,964 INFO watchfiles.main: 1 change detected
2026-05-31 00:44:30,397 INFO watchfiles.main: 1 change detected
2026-05-31 00:44:30,833 INFO watchfiles.main: 1 change detected
2026-05-31 00:44:31,273 INFO watchfiles.main: 1 change detected
2026-05-31 00:44:31,814 INFO watchfiles.main: 1 change detected
2026-05-31 00:44:32,378 INFO watchfiles.main: 1 change detected
2026-05-31 00:44:32,835 INFO watchfiles.main: 1 change detected
2026-05-31 00:44:33,253 INFO watchfiles.main: 1 change detected
2026-05-31 00:44:33,668 INFO watchfiles.main: 1 change detected
2026-05-31 00:44:34,086 INFO watchfiles.main: 1 change detected
2026-05-31 00:44:34,551 INFO watchfiles.main: 1 change detected
2026-05-31 00:44:34,964 INFO watchfiles.main: 1 change detected
2026-05-31 00:44:35,378 INFO watchfiles.main: 1 change detected
2026-05-31 00:44:35,812 INFO watchfiles.main: 1 change detected
2026-05-31 00:44:36,235 INFO watchfiles.main: 1 change detected
2026-05-31 00:44:36,613 INFO watchfiles.main: 1 change detected
2026-05-31 00:44:37,027 INFO watchfiles.main: 1 change detected
2026-05-31 00:44:37,452 INFO watchfiles.main: 1 change detected
2026-05-31 00:44:37,897 INFO watchfiles.main: 1 change detected
2026-05-31 00:44:38,276 INFO watchfiles.main: 1 change detected
2026-05-31 00:44:38,693 INFO watchfiles.main: 1 change detected
2026-05-31 00:44:39,331 INFO watchfiles.main: 1 change detected
2026-05-31 00:44:39,746 INFO watchfiles.main: 1 change detected
2026-05-31 00:44:40,162 INFO watchfiles.main: 1 change detected
2026-05-31 00:44:40,559 INFO watchfiles.main: 1 change detected
2026-05-31 00:44:41,072 INFO watchfiles.main: 1 change detected
2026-05-31 00:44:41,490 INFO watchfiles.main: 1 change detected
2026-05-31 00:44:41,904 INFO watchfiles.main: 1 change detected
2026-05-31 00:44:42,321 INFO watchfiles.main: 1 change detected
2026-05-31 00:44:42,739 INFO watchfiles.main: 1 change detected
2026-05-31 00:44:43,154 INFO watchfiles.main: 1 change detected
2026-05-31 00:44:43,573 INFO watchfiles.main: 1 change detected
2026-05-31 00:44:43,940 INFO watchfiles.main: 1 change detected
2026-05-31 00:44:44,356 INFO watchfiles.main: 1 change detected
2026-05-31 00:44:44,772 INFO watchfiles.main: 1 change detected
2026-05-31 00:44:45,186 INFO watchfiles.main: 1 change detected
2026-05-31 00:44:45,592 INFO watchfiles.main: 1 change detected
2026-05-31 00:44:46,007 INFO watchfiles.main: 1 change detected
2026-05-31 00:44:46,420 INFO watchfiles.main: 1 change detected
2026-05-31 00:44:46,943 INFO watchfiles.main: 1 change detected
2026-05-31 00:44:47,351 INFO watchfiles.main: 1 change detected
2026-05-31 00:44:47,756 INFO watchfiles.main: 1 change detected
2026-05-31 00:44:48,133 INFO watchfiles.main: 1 change detected
2026-05-31 00:44:48,536 INFO watchfiles.main: 1 change detected
2026-05-31 00:44:48,953 INFO watchfiles.main: 1 change detected
2026-05-31 00:44:49,374 INFO watchfiles.main: 1 change detected
2026-05-31 00:44:49,787 INFO watchfiles.main: 1 change detected
2026-05-31 00:44:50,189 INFO watchfiles.main: 1 change detected
2026-05-31 00:44:50,597 INFO watchfiles.main: 1 change detected
2026-05-31 00:44:51,005 INFO watchfiles.main: 1 change detected
2026-05-31 00:44:51,423 INFO watchfiles.main: 1 change detected
2026-05-31 00:44:51,837 INFO watchfiles.main: 1 change detected
2026-05-31 00:44:52,258 INFO watchfiles.main: 1 change detected
2026-05-31 00:44:52,671 INFO watchfiles.main: 1 change detected
2026-05-31 00:44:53,083 INFO watchfiles.main: 1 change detected
2026-05-31 00:44:53,486 INFO watchfiles.main: 1 change detected
2026-05-31 00:44:53,855 INFO watchfiles.main: 1 change detected
2026-05-31 00:44:54,273 INFO watchfiles.main: 1 change detected
2026-05-31 00:44:54,691 INFO watchfiles.main: 1 change detected
2026-05-31 00:44:55,098 INFO watchfiles.main: 1 change detected
2026-05-31 00:44:55,503 INFO watchfiles.main: 1 change detected
2026-05-31 00:44:55,921 INFO watchfiles.main: 1 change detected
2026-05-31 00:44:56,441 INFO watchfiles.main: 1 change detected
2026-05-31 00:44:56,806 INFO watchfiles.main: 1 change detected
2026-05-31 00:44:57,220 INFO watchfiles.main: 1 change detected
2026-05-31 00:44:57,641 INFO watchfiles.main: 1 change detected
2026-05-31 00:44:58,102 INFO watchfiles.main: 1 change detected
2026-05-31 00:44:58,470 INFO watchfiles.main: 1 change detected
2026-05-31 00:44:58,886 INFO watchfiles.main: 1 change detected
2026-05-31 00:44:59,300 INFO watchfiles.main: 1 change detected
2026-05-31 00:44:59,704 INFO watchfiles.main: 1 change detected
2026-05-31 00:45:00,123 INFO watchfiles.main: 1 change detected
2026-05-31 00:45:00,539 INFO watchfiles.main: 1 change detected
2026-05-31 00:45:00,955 INFO watchfiles.main: 1 change detected
2026-05-31 00:45:01,372 INFO watchfiles.main: 1 change detected
2026-05-31 00:45:01,797 INFO watchfiles.main: 1 change detected
2026-05-31 00:45:02,223 INFO watchfiles.main: 1 change detected
2026-05-31 00:45:02,636 INFO watchfiles.main: 1 change detected
2026-05-31 00:45:03,051 INFO watchfiles.main: 1 change detected
2026-05-31 00:45:03,821 INFO watchfiles.main: 1 change detected
2026-05-31 00:45:04,234 INFO watchfiles.main: 1 change detected
2026-05-31 00:45:04,649 INFO watchfiles.main: 1 change detected
2026-05-31 00:45:05,056 INFO watchfiles.main: 1 change detected
2026-05-31 00:45:05,474 INFO watchfiles.main: 1 change detected
2026-05-31 00:45:05,883 INFO watchfiles.main: 1 change detected
2026-05-31 00:45:06,299 INFO watchfiles.main: 1 change detected
2026-05-31 00:45:06,708 INFO watchfiles.main: 1 change detected
2026-05-31 00:45:07,124 INFO watchfiles.main: 1 change detected
2026-05-31 00:45:07,487 INFO watchfiles.main: 1 change detected
2026-05-31 00:45:07,899 INFO watchfiles.main: 1 change detected
2026-05-31 00:45:08,306 INFO watchfiles.main: 1 change detected
2026-05-31 00:45:08,723 INFO watchfiles.main: 1 change detected
2026-05-31 00:45:09,134 INFO watchfiles.main: 1 change detected
2026-05-31 00:45:09,595 INFO watchfiles.main: 1 change detected
2026-05-31 00:45:10,002 INFO watchfiles.main: 1 change detected
2026-05-31 00:45:10,373 INFO watchfiles.main: 1 change detected
2026-05-31 00:45:10,778 INFO watchfiles.main: 1 change detected
2026-05-31 00:45:11,206 INFO watchfiles.main: 1 change detected
2026-05-31 00:45:11,628 INFO watchfiles.main: 1 change detected
2026-05-31 00:45:12,041 INFO watchfiles.main: 1 change detected
2026-05-31 00:45:12,506 INFO watchfiles.main: 1 change detected
2026-05-31 00:45:12,873 INFO watchfiles.main: 1 change detected
2026-05-31 00:45:13,274 INFO watchfiles.main: 1 change detected
2026-05-31 00:45:13,692 INFO watchfiles.main: 1 change detected
2026-05-31 00:45:14,106 INFO watchfiles.main: 1 change detected
2026-05-31 00:45:14,524 INFO watchfiles.main: 1 change detected
2026-05-31 00:45:14,892 INFO watchfiles.main: 1 change detected
2026-05-31 00:45:15,305 INFO watchfiles.main: 1 change detected
2026-05-31 00:45:15,723 INFO watchfiles.main: 1 change detected
2026-05-31 00:45:16,142 INFO watchfiles.main: 1 change detected
2026-05-31 00:45:16,569 INFO watchfiles.main: 1 change detected
2026-05-31 00:45:16,988 INFO watchfiles.main: 1 change detected
2026-05-31 00:45:17,411 INFO watchfiles.main: 1 change detected
2026-05-31 00:45:17,837 INFO watchfiles.main: 1 change detected
2026-05-31 00:45:18,292 INFO watchfiles.main: 1 change detected
2026-05-31 00:45:18,703 INFO watchfiles.main: 1 change detected
2026-05-31 00:45:19,119 INFO watchfiles.main: 1 change detected
2026-05-31 00:45:19,535 INFO watchfiles.main: 1 change detected
2026-05-31 00:45:19,952 INFO watchfiles.main: 1 change detected
2026-05-31 00:45:20,368 INFO watchfiles.main: 1 change detected
2026-05-31 00:45:25,997 INFO watchfiles.main: 1 change detected
2026-05-31 00:45:26,512 INFO watchfiles.main: 1 change detected
2026-05-31 00:45:33,853 INFO watchfiles.main: 1 change detected
2026-05-31 00:45:34,214 INFO watchfiles.main: 3 changes detected
2026-05-31 00:45:35,703 INFO watchfiles.main: 1 change detected
2026-05-31 00:48:18,598 INFO watchfiles.main: 2 changes detected
2026-05-31 00:48:18,958 INFO watchfiles.main: 1 change detected
2026-05-31 00:48:19,728 INFO watchfiles.main: 1 change detected
2026-05-31 00:48:20,888 INFO watchfiles.main: 1 change detected
2026-05-31 00:48:24,025 INFO watchfiles.main: 1 change detected
2026-05-31 00:48:25,814 INFO watchfiles.main: 1 change detected
2026-05-31 00:48:26,173 INFO watchfiles.main: 1 change detected
2026-05-31 00:48:26,540 INFO watchfiles.main: 1 change detected
2026-05-31 00:48:26,893 INFO watchfiles.main: 1 change detected
2026-05-31 00:48:27,308 INFO watchfiles.main: 1 change detected
2026-05-31 00:48:27,674 INFO watchfiles.main: 1 change detected
2026-05-31 00:48:28,040 INFO watchfiles.main: 1 change detected
2026-05-31 00:48:28,554 INFO watchfiles.main: 1 change detected
2026-05-31 00:48:28,927 INFO watchfiles.main: 1 change detected
2026-05-31 00:48:29,781 INFO watchfiles.main: 1 change detected
2026-05-31 00:48:30,139 INFO watchfiles.main: 1 change detected
2026-05-31 00:48:30,497 INFO watchfiles.main: 1 change detected
2026-05-31 00:48:30,858 INFO watchfiles.main: 1 change detected
2026-05-31 00:48:31,224 INFO watchfiles.main: 1 change detected
2026-05-31 00:48:31,592 INFO watchfiles.main: 1 change detected
2026-05-31 00:48:31,950 INFO watchfiles.main: 1 change detected
2026-05-31 00:48:32,305 INFO watchfiles.main: 1 change detected
2026-05-31 00:48:32,664 INFO watchfiles.main: 1 change detected
2026-05-31 00:48:33,042 INFO watchfiles.main: 1 change detected
2026-05-31 00:48:33,408 INFO watchfiles.main: 1 change detected
2026-05-31 00:48:33,772 INFO watchfiles.main: 1 change detected
2026-05-31 00:48:34,137 INFO watchfiles.main: 1 change detected
2026-05-31 00:48:34,492 INFO watchfiles.main: 1 change detected
2026-05-31 00:48:34,858 INFO watchfiles.main: 1 change detected
2026-05-31 00:48:35,223 INFO watchfiles.main: 1 change detected
2026-05-31 00:48:35,588 INFO watchfiles.main: 1 change detected
2026-05-31 00:48:35,939 INFO watchfiles.main: 1 change detected
2026-05-31 00:48:36,292 INFO watchfiles.main: 1 change detected
2026-05-31 00:48:36,655 INFO watchfiles.main: 1 change detected
2026-05-31 00:48:37,011 INFO watchfiles.main: 1 change detected
2026-05-31 00:48:37,371 INFO watchfiles.main: 1 change detected
2026-05-31 00:48:37,767 INFO watchfiles.main: 1 change detected
2026-05-31 00:48:38,129 INFO watchfiles.main: 1 change detected
2026-05-31 00:48:38,490 INFO watchfiles.main: 1 change detected
2026-05-31 00:48:38,841 INFO watchfiles.main: 1 change detected
2026-05-31 00:48:39,207 INFO watchfiles.main: 1 change detected
2026-05-31 00:48:39,589 INFO watchfiles.main: 1 change detected
2026-05-31 00:48:39,943 INFO watchfiles.main: 1 change detected
2026-05-31 00:48:40,303 INFO watchfiles.main: 1 change detected
2026-05-31 00:48:40,695 INFO watchfiles.main: 1 change detected
2026-05-31 00:48:41,073 INFO watchfiles.main: 1 change detected
2026-05-31 00:48:41,437 INFO watchfiles.main: 1 change detected
2026-05-31 00:48:41,797 INFO watchfiles.main: 1 change detected
2026-05-31 00:48:42,155 INFO watchfiles.main: 1 change detected
2026-05-31 00:48:42,508 INFO watchfiles.main: 1 change detected
2026-05-31 00:48:42,878 INFO watchfiles.main: 1 change detected
2026-05-31 00:48:43,240 INFO watchfiles.main: 1 change detected
2026-05-31 00:48:43,592 INFO watchfiles.main: 1 change detected
2026-05-31 00:48:43,956 INFO watchfiles.main: 1 change detected
2026-05-31 00:48:44,323 INFO watchfiles.main: 1 change detected
2026-05-31 00:48:44,690 INFO watchfiles.main: 1 change detected
2026-05-31 00:48:45,057 INFO watchfiles.main: 1 change detected
2026-05-31 00:48:45,421 INFO watchfiles.main: 1 change detected
2026-05-31 00:48:45,774 INFO watchfiles.main: 1 change detected
2026-05-31 00:48:46,137 INFO watchfiles.main: 1 change detected
2026-05-31 00:48:46,491 INFO watchfiles.main: 1 change detected
2026-05-31 00:48:46,846 INFO watchfiles.main: 1 change detected
2026-05-31 00:48:47,204 INFO watchfiles.main: 1 change detected
2026-05-31 00:48:47,574 INFO watchfiles.main: 1 change detected
2026-05-31 00:48:47,934 INFO watchfiles.main: 1 change detected
2026-05-31 00:48:48,337 INFO watchfiles.main: 1 change detected
2026-05-31 00:48:48,702 INFO watchfiles.main: 1 change detected
2026-05-31 00:48:49,163 INFO watchfiles.main: 1 change detected
2026-05-31 00:48:49,533 INFO watchfiles.main: 1 change detected
2026-05-31 00:48:49,894 INFO watchfiles.main: 1 change detected
2026-05-31 00:48:50,257 INFO watchfiles.main: 1 change detected
2026-05-31 00:48:50,632 INFO watchfiles.main: 1 change detected
2026-05-31 00:48:50,997 INFO watchfiles.main: 1 change detected
2026-05-31 00:48:51,353 INFO watchfiles.main: 1 change detected
2026-05-31 00:48:51,720 INFO watchfiles.main: 1 change detected
2026-05-31 00:48:52,074 INFO watchfiles.main: 1 change detected
2026-05-31 00:48:52,436 INFO watchfiles.main: 1 change detected
2026-05-31 00:48:52,786 INFO watchfiles.main: 1 change detected
2026-05-31 00:48:53,138 INFO watchfiles.main: 1 change detected
2026-05-31 00:48:53,505 INFO watchfiles.main: 1 change detected
2026-05-31 00:48:53,871 INFO watchfiles.main: 1 change detected
2026-05-31 00:48:54,239 INFO watchfiles.main: 1 change detected
2026-05-31 00:48:54,605 INFO watchfiles.main: 1 change detected
2026-05-31 00:48:54,972 INFO watchfiles.main: 1 change detected
2026-05-31 00:48:55,332 INFO watchfiles.main: 1 change detected
2026-05-31 00:48:55,684 INFO watchfiles.main: 1 change detected
2026-05-31 00:48:56,037 INFO watchfiles.main: 1 change detected
2026-05-31 00:48:56,489 INFO watchfiles.main: 1 change detected
2026-05-31 00:48:56,883 INFO watchfiles.main: 1 change detected
2026-05-31 00:48:57,237 INFO watchfiles.main: 1 change detected
2026-05-31 00:48:57,600 INFO watchfiles.main: 1 change detected
2026-05-31 00:48:57,966 INFO watchfiles.main: 1 change detected
2026-05-31 00:48:58,325 INFO watchfiles.main: 1 change detected
2026-05-31 00:48:58,692 INFO watchfiles.main: 1 change detected
2026-05-31 00:48:59,050 INFO watchfiles.main: 1 change detected
2026-05-31 00:48:59,417 INFO watchfiles.main: 1 change detected
2026-05-31 00:48:59,775 INFO watchfiles.main: 1 change detected
2026-05-31 00:49:00,143 INFO watchfiles.main: 1 change detected
2026-05-31 00:49:00,497 INFO watchfiles.main: 1 change detected
2026-05-31 00:49:00,856 INFO watchfiles.main: 1 change detected
2026-05-31 00:49:01,223 INFO watchfiles.main: 1 change detected
2026-05-31 00:49:01,599 INFO watchfiles.main: 1 change detected
2026-05-31 00:49:01,970 INFO watchfiles.main: 1 change detected
2026-05-31 00:49:02,324 INFO watchfiles.main: 1 change detected
2026-05-31 00:49:02,689 INFO watchfiles.main: 1 change detected
2026-05-31 00:49:03,043 INFO watchfiles.main: 1 change detected
2026-05-31 00:49:03,395 INFO watchfiles.main: 1 change detected
2026-05-31 00:49:03,746 INFO watchfiles.main: 1 change detected
2026-05-31 00:49:04,100 INFO watchfiles.main: 1 change detected
2026-05-31 00:49:04,452 INFO watchfiles.main: 1 change detected
2026-05-31 00:49:04,826 INFO watchfiles.main: 1 change detected
2026-05-31 00:49:05,185 INFO watchfiles.main: 1 change detected
2026-05-31 00:49:05,547 INFO watchfiles.main: 1 change detected
2026-05-31 00:49:05,917 INFO watchfiles.main: 1 change detected
2026-05-31 00:49:06,282 INFO watchfiles.main: 1 change detected
2026-05-31 00:49:06,649 INFO watchfiles.main: 1 change detected
2026-05-31 00:49:07,020 INFO watchfiles.main: 1 change detected
2026-05-31 00:49:07,376 INFO watchfiles.main: 1 change detected
2026-05-31 00:49:07,741 INFO watchfiles.main: 1 change detected
2026-05-31 00:49:08,098 INFO watchfiles.main: 1 change detected
2026-05-31 00:49:08,474 INFO watchfiles.main: 1 change detected
2026-05-31 00:49:08,848 INFO watchfiles.main: 1 change detected
2026-05-31 00:49:09,202 INFO watchfiles.main: 1 change detected
2026-05-31 00:49:09,566 INFO watchfiles.main: 1 change detected
2026-05-31 00:49:09,932 INFO watchfiles.main: 1 change detected
2026-05-31 00:49:10,293 INFO watchfiles.main: 1 change detected
2026-05-31 00:49:10,648 INFO watchfiles.main: 1 change detected
2026-05-31 00:49:11,008 INFO watchfiles.main: 1 change detected
2026-05-31 00:49:11,374 INFO watchfiles.main: 1 change detected
2026-05-31 00:49:11,731 INFO watchfiles.main: 1 change detected
2026-05-31 00:49:12,096 INFO watchfiles.main: 1 change detected
2026-05-31 00:49:12,474 INFO watchfiles.main: 1 change detected
2026-05-31 00:49:12,836 INFO watchfiles.main: 1 change detected
2026-05-31 00:49:13,198 INFO watchfiles.main: 1 change detected
2026-05-31 00:49:13,557 INFO watchfiles.main: 1 change detected
2026-05-31 00:49:13,914 INFO watchfiles.main: 1 change detected
2026-05-31 00:49:14,273 INFO watchfiles.main: 1 change detected
2026-05-31 00:49:14,625 INFO watchfiles.main: 1 change detected
2026-05-31 00:49:14,990 INFO watchfiles.main: 1 change detected
2026-05-31 00:49:15,346 INFO watchfiles.main: 1 change detected
2026-05-31 00:49:15,699 INFO watchfiles.main: 1 change detected
2026-05-31 00:49:16,074 INFO watchfiles.main: 1 change detected
2026-05-31 00:49:16,445 INFO watchfiles.main: 1 change detected
2026-05-31 00:49:16,808 INFO watchfiles.main: 1 change detected
2026-05-31 00:49:17,179 INFO watchfiles.main: 1 change detected
2026-05-31 00:49:17,544 INFO watchfiles.main: 1 change detected
2026-05-31 00:49:17,895 INFO watchfiles.main: 1 change detected
2026-05-31 00:49:18,274 INFO watchfiles.main: 1 change detected
2026-05-31 00:49:18,635 INFO watchfiles.main: 1 change detected
2026-05-31 00:49:18,990 INFO watchfiles.main: 1 change detected
2026-05-31 00:49:19,355 INFO watchfiles.main: 1 change detected
2026-05-31 00:49:19,708 INFO watchfiles.main: 1 change detected
2026-05-31 00:49:20,065 INFO watchfiles.main: 1 change detected
2026-05-31 00:49:20,424 INFO watchfiles.main: 1 change detected
2026-05-31 00:49:20,790 INFO watchfiles.main: 1 change detected
2026-05-31 00:49:24,500 INFO watchfiles.main: 1 change detected
2026-05-31 00:49:24,873 INFO watchfiles.main: 1 change detected
2026-05-31 00:49:25,240 INFO watchfiles.main: 1 change detected
2026-05-31 00:49:25,595 INFO watchfiles.main: 1 change detected
2026-05-31 00:49:25,955 INFO watchfiles.main: 1 change detected
2026-05-31 00:49:26,334 INFO watchfiles.main: 1 change detected
2026-05-31 00:49:26,727 INFO watchfiles.main: 1 change detected
2026-05-31 00:49:27,078 INFO watchfiles.main: 1 change detected
2026-05-31 00:49:27,440 INFO watchfiles.main: 1 change detected
2026-05-31 00:49:27,795 INFO watchfiles.main: 1 change detected
2026-05-31 00:49:28,161 INFO watchfiles.main: 1 change detected
2026-05-31 00:49:28,524 INFO watchfiles.main: 1 change detected
2026-05-31 00:49:28,875 INFO watchfiles.main: 1 change detected
2026-05-31 00:49:29,238 INFO watchfiles.main: 1 change detected
2026-05-31 00:49:29,598 INFO watchfiles.main: 1 change detected
2026-05-31 00:49:29,975 INFO watchfiles.main: 1 change detected
2026-05-31 00:49:30,339 INFO watchfiles.main: 1 change detected
2026-05-31 00:49:30,706 INFO watchfiles.main: 1 change detected
2026-05-31 00:49:31,061 INFO watchfiles.main: 1 change detected
2026-05-31 00:49:31,424 INFO watchfiles.main: 1 change detected
2026-05-31 00:49:31,775 INFO watchfiles.main: 1 change detected
2026-05-31 00:49:32,148 INFO watchfiles.main: 1 change detected
2026-05-31 00:49:32,524 INFO watchfiles.main: 1 change detected
2026-05-31 00:49:32,881 INFO watchfiles.main: 1 change detected
2026-05-31 00:49:33,243 INFO watchfiles.main: 1 change detected
2026-05-31 00:49:33,608 INFO watchfiles.main: 1 change detected
2026-05-31 00:49:33,973 INFO watchfiles.main: 1 change detected
2026-05-31 00:49:34,347 INFO watchfiles.main: 1 change detected
2026-05-31 00:49:34,707 INFO watchfiles.main: 1 change detected
2026-05-31 00:49:35,059 INFO watchfiles.main: 1 change detected
2026-05-31 00:49:35,424 INFO watchfiles.main: 1 change detected
2026-05-31 00:49:35,789 INFO watchfiles.main: 1 change detected
2026-05-31 00:49:36,141 INFO watchfiles.main: 1 change detected
2026-05-31 00:49:36,503 INFO watchfiles.main: 1 change detected
2026-05-31 00:49:36,856 INFO watchfiles.main: 1 change detected
2026-05-31 00:49:37,224 INFO watchfiles.main: 1 change detected
2026-05-31 00:49:37,576 INFO watchfiles.main: 1 change detected
2026-05-31 00:49:37,943 INFO watchfiles.main: 1 change detected
2026-05-31 00:49:38,308 INFO watchfiles.main: 1 change detected
2026-05-31 00:49:38,673 INFO watchfiles.main: 1 change detected
2026-05-31 00:49:39,027 INFO watchfiles.main: 1 change detected
2026-05-31 00:49:39,390 INFO watchfiles.main: 1 change detected
2026-05-31 00:49:39,745 INFO watchfiles.main: 1 change detected
2026-05-31 00:49:40,108 INFO watchfiles.main: 1 change detected
2026-05-31 00:49:40,476 INFO watchfiles.main: 1 change detected
2026-05-31 00:49:40,829 INFO watchfiles.main: 1 change detected
2026-05-31 00:49:41,194 INFO watchfiles.main: 1 change detected
2026-05-31 00:49:41,555 INFO watchfiles.main: 1 change detected
2026-05-31 00:49:41,916 INFO watchfiles.main: 1 change detected
2026-05-31 00:49:42,273 INFO watchfiles.main: 1 change detected
2026-05-31 00:49:42,631 INFO watchfiles.main: 1 change detected
2026-05-31 00:49:42,997 INFO watchfiles.main: 1 change detected
2026-05-31 00:49:43,356 INFO watchfiles.main: 1 change detected
2026-05-31 00:49:43,709 INFO watchfiles.main: 1 change detected
2026-05-31 00:49:44,074 INFO watchfiles.main: 1 change detected
2026-05-31 00:49:44,439 INFO watchfiles.main: 1 change detected
2026-05-31 00:49:44,793 INFO watchfiles.main: 1 change detected
2026-05-31 00:49:45,155 INFO watchfiles.main: 1 change detected
2026-05-31 00:49:45,524 INFO watchfiles.main: 1 change detected
2026-05-31 00:49:45,896 INFO watchfiles.main: 1 change detected
2026-05-31 00:49:46,255 INFO watchfiles.main: 1 change detected
2026-05-31 00:49:46,624 INFO watchfiles.main: 1 change detected
2026-05-31 00:49:46,995 INFO watchfiles.main: 1 change detected
2026-05-31 00:49:47,356 INFO watchfiles.main: 1 change detected
2026-05-31 00:49:47,723 INFO watchfiles.main: 1 change detected
2026-05-31 00:49:48,088 INFO watchfiles.main: 1 change detected
2026-05-31 00:49:48,439 INFO watchfiles.main: 1 change detected
2026-05-31 00:49:48,798 INFO watchfiles.main: 1 change detected
2026-05-31 00:49:49,150 INFO watchfiles.main: 1 change detected
2026-05-31 00:49:49,509 INFO watchfiles.main: 1 change detected
2026-05-31 00:49:49,876 INFO watchfiles.main: 1 change detected
2026-05-31 00:49:50,240 INFO watchfiles.main: 1 change detected
2026-05-31 00:49:50,607 INFO watchfiles.main: 1 change detected
2026-05-31 00:49:50,972 INFO watchfiles.main: 1 change detected
2026-05-31 00:49:51,339 INFO watchfiles.main: 1 change detected
2026-05-31 00:49:51,691 INFO watchfiles.main: 1 change detected
2026-05-31 00:49:52,059 INFO watchfiles.main: 1 change detected
2026-05-31 00:49:52,424 INFO watchfiles.main: 1 change detected
2026-05-31 00:49:52,791 INFO watchfiles.main: 1 change detected
2026-05-31 00:49:53,146 INFO watchfiles.main: 1 change detected
2026-05-31 00:49:53,505 INFO watchfiles.main: 1 change detected
2026-05-31 00:49:53,875 INFO watchfiles.main: 1 change detected
2026-05-31 00:49:54,232 INFO watchfiles.main: 1 change detected
2026-05-31 00:49:54,606 INFO watchfiles.main: 1 change detected
2026-05-31 00:49:54,974 INFO watchfiles.main: 1 change detected
2026-05-31 00:49:55,327 INFO watchfiles.main: 1 change detected
2026-05-31 00:49:55,691 INFO watchfiles.main: 1 change detected
2026-05-31 00:49:56,049 INFO watchfiles.main: 1 change detected
2026-05-31 00:49:56,406 INFO watchfiles.main: 1 change detected
2026-05-31 00:49:56,773 INFO watchfiles.main: 1 change detected
2026-05-31 00:49:57,126 INFO watchfiles.main: 1 change detected
2026-05-31 00:49:57,494 INFO watchfiles.main: 1 change detected
2026-05-31 00:49:57,854 INFO watchfiles.main: 1 change detected
2026-05-31 00:49:58,211 INFO watchfiles.main: 1 change detected
2026-05-31 00:49:58,571 INFO watchfiles.main: 1 change detected
2026-05-31 00:50:01,927 INFO watchfiles.main: 1 change detected
2026-05-31 00:50:02,592 INFO watchfiles.main: 1 change detected
2026-05-31 00:50:02,939 INFO watchfiles.main: 1 change detected
2026-05-31 00:50:06,677 INFO watchfiles.main: 1 change detected
2026-05-31 00:50:07,034 INFO watchfiles.main: 1 change detected
2026-05-31 00:50:07,389 INFO watchfiles.main: 1 change detected
2026-05-31 00:50:07,754 INFO watchfiles.main: 1 change detected
2026-05-31 00:50:08,118 INFO watchfiles.main: 1 change detected
2026-05-31 00:50:08,487 INFO watchfiles.main: 1 change detected
2026-05-31 00:50:08,840 INFO watchfiles.main: 1 change detected
2026-05-31 00:50:09,202 INFO watchfiles.main: 1 change detected
2026-05-31 00:50:09,573 INFO watchfiles.main: 1 change detected
2026-05-31 00:50:09,930 INFO watchfiles.main: 1 change detected
2026-05-31 00:50:10,329 INFO watchfiles.main: 1 change detected
2026-05-31 00:50:10,733 INFO watchfiles.main: 1 change detected
2026-05-31 00:50:11,102 INFO watchfiles.main: 1 change detected
2026-05-31 00:50:11,476 INFO watchfiles.main: 1 change detected
2026-05-31 00:50:11,839 INFO watchfiles.main: 1 change detected
2026-05-31 00:50:12,202 INFO watchfiles.main: 1 change detected
2026-05-31 00:50:12,555 INFO watchfiles.main: 1 change detected
2026-05-31 00:50:12,910 INFO watchfiles.main: 1 change detected
2026-05-31 00:50:13,281 INFO watchfiles.main: 1 change detected
2026-05-31 00:50:13,640 INFO watchfiles.main: 1 change detected
2026-05-31 00:50:14,006 INFO watchfiles.main: 1 change detected
2026-05-31 00:50:14,366 INFO watchfiles.main: 1 change detected
2026-05-31 00:50:14,718 INFO watchfiles.main: 1 change detected
2026-05-31 00:50:15,079 INFO watchfiles.main: 1 change detected
2026-05-31 00:50:15,436 INFO watchfiles.main: 1 change detected
2026-05-31 00:50:15,791 INFO watchfiles.main: 1 change detected
2026-05-31 00:50:16,150 INFO watchfiles.main: 1 change detected
2026-05-31 00:50:16,506 INFO watchfiles.main: 1 change detected
2026-05-31 00:50:16,863 INFO watchfiles.main: 1 change detected
2026-05-31 00:50:17,223 INFO watchfiles.main: 1 change detected
2026-05-31 00:50:17,598 INFO watchfiles.main: 1 change detected
2026-05-31 00:50:17,949 INFO watchfiles.main: 1 change detected
2026-05-31 00:50:18,324 INFO watchfiles.main: 1 change detected
2026-05-31 00:50:18,687 INFO watchfiles.main: 1 change detected
2026-05-31 00:50:19,051 INFO watchfiles.main: 1 change detected
2026-05-31 00:50:19,402 INFO watchfiles.main: 1 change detected
2026-05-31 00:50:19,755 INFO watchfiles.main: 1 change detected
2026-05-31 00:50:20,116 INFO watchfiles.main: 1 change detected
2026-05-31 00:50:20,481 INFO watchfiles.main: 1 change detected
2026-05-31 00:50:20,900 INFO watchfiles.main: 1 change detected
2026-05-31 00:50:24,899 INFO watchfiles.main: 1 change detected
2026-05-31 00:50:25,284 INFO watchfiles.main: 1 change detected
2026-05-31 00:50:25,639 INFO watchfiles.main: 1 change detected
2026-05-31 00:50:25,999 INFO watchfiles.main: 1 change detected
2026-05-31 00:50:26,374 INFO watchfiles.main: 1 change detected
2026-05-31 00:50:26,743 INFO watchfiles.main: 1 change detected
2026-05-31 00:50:27,134 INFO watchfiles.main: 1 change detected
2026-05-31 00:50:27,516 INFO watchfiles.main: 1 change detected
2026-05-31 00:50:27,883 INFO watchfiles.main: 1 change detected
2026-05-31 00:50:28,250 INFO watchfiles.main: 1 change detected
2026-05-31 00:50:28,607 INFO watchfiles.main: 1 change detected
2026-05-31 00:50:28,976 INFO watchfiles.main: 1 change detected
2026-05-31 00:50:29,330 INFO watchfiles.main: 1 change detected
2026-05-31 00:50:29,687 INFO watchfiles.main: 1 change detected
2026-05-31 00:50:30,050 INFO watchfiles.main: 1 change detected
2026-05-31 00:50:30,419 INFO watchfiles.main: 1 change detected
2026-05-31 00:50:30,785 INFO watchfiles.main: 1 change detected
2026-05-31 00:50:31,144 INFO watchfiles.main: 1 change detected
2026-05-31 00:50:31,501 INFO watchfiles.main: 1 change detected
2026-05-31 00:50:31,867 INFO watchfiles.main: 1 change detected
2026-05-31 00:50:32,223 INFO watchfiles.main: 1 change detected
2026-05-31 00:50:32,576 INFO watchfiles.main: 1 change detected
2026-05-31 00:50:32,930 INFO watchfiles.main: 1 change detected
2026-05-31 00:50:33,300 INFO watchfiles.main: 1 change detected
2026-05-31 00:50:33,774 INFO watchfiles.main: 3 changes detected
2026-05-31 00:50:34,127 INFO watchfiles.main: 1 change detected
2026-05-31 00:50:34,483 INFO watchfiles.main: 2 changes detected
2026-05-31 00:50:34,838 INFO watchfiles.main: 1 change detected
2026-05-31 00:50:35,190 INFO watchfiles.main: 1 change detected
2026-05-31 00:50:35,557 INFO watchfiles.main: 1 change detected
2026-05-31 00:50:35,924 INFO watchfiles.main: 1 change detected
2026-05-31 00:50:36,304 INFO watchfiles.main: 1 change detected
2026-05-31 00:50:36,658 INFO watchfiles.main: 1 change detected
2026-05-31 00:50:37,034 INFO watchfiles.main: 1 change detected
2026-05-31 00:50:37,385 INFO watchfiles.main: 1 change detected
2026-05-31 00:50:37,740 INFO watchfiles.main: 1 change detected
2026-05-31 00:50:38,105 INFO watchfiles.main: 1 change detected
2026-05-31 00:50:38,476 INFO watchfiles.main: 1 change detected
2026-05-31 00:50:38,849 INFO watchfiles.main: 1 change detected
2026-05-31 00:50:39,206 INFO watchfiles.main: 1 change detected
2026-05-31 00:50:39,574 INFO watchfiles.main: 1 change detected
2026-05-31 00:50:39,929 INFO watchfiles.main: 1 change detected
2026-05-31 00:50:40,297 INFO watchfiles.main: 1 change detected
2026-05-31 00:50:40,655 INFO watchfiles.main: 1 change detected
2026-05-31 00:50:41,021 INFO watchfiles.main: 1 change detected
2026-05-31 00:50:41,399 INFO watchfiles.main: 1 change detected
2026-05-31 00:50:41,767 INFO watchfiles.main: 1 change detected
2026-05-31 00:50:42,127 INFO watchfiles.main: 1 change detected
2026-05-31 00:50:42,489 INFO watchfiles.main: 1 change detected
2026-05-31 00:50:42,841 INFO watchfiles.main: 1 change detected
2026-05-31 00:50:43,192 INFO watchfiles.main: 1 change detected
2026-05-31 00:50:43,546 INFO watchfiles.main: 1 change detected
2026-05-31 00:50:43,905 INFO watchfiles.main: 1 change detected
2026-05-31 00:50:44,257 INFO watchfiles.main: 1 change detected
2026-05-31 00:50:44,612 INFO watchfiles.main: 1 change detected
2026-05-31 00:50:44,977 INFO watchfiles.main: 1 change detected
2026-05-31 00:50:45,347 INFO watchfiles.main: 1 change detected
2026-05-31 00:50:45,707 INFO watchfiles.main: 1 change detected
2026-05-31 00:50:46,073 INFO watchfiles.main: 1 change detected
2026-05-31 00:50:46,440 INFO watchfiles.main: 1 change detected
2026-05-31 00:50:46,793 INFO watchfiles.main: 1 change detected
2026-05-31 00:50:47,159 INFO watchfiles.main: 1 change detected
2026-05-31 00:50:47,511 INFO watchfiles.main: 1 change detected
2026-05-31 00:50:47,873 INFO watchfiles.main: 1 change detected
2026-05-31 00:50:48,228 INFO watchfiles.main: 1 change detected
2026-05-31 00:50:48,580 INFO watchfiles.main: 1 change detected
2026-05-31 00:50:48,942 INFO watchfiles.main: 1 change detected
2026-05-31 00:50:49,298 INFO watchfiles.main: 1 change detected
2026-05-31 00:50:49,661 INFO watchfiles.main: 1 change detected
2026-05-31 00:50:50,024 INFO watchfiles.main: 1 change detected
2026-05-31 00:50:50,377 INFO watchfiles.main: 1 change detected
2026-05-31 00:50:50,741 INFO watchfiles.main: 1 change detected
2026-05-31 00:50:51,145 INFO watchfiles.main: 1 change detected
2026-05-31 00:50:51,499 INFO watchfiles.main: 1 change detected
2026-05-31 00:50:51,856 INFO watchfiles.main: 1 change detected
2026-05-31 00:50:52,212 INFO watchfiles.main: 1 change detected
2026-05-31 00:50:52,578 INFO watchfiles.main: 1 change detected
2026-05-31 00:50:52,944 INFO watchfiles.main: 1 change detected
2026-05-31 00:50:53,310 INFO watchfiles.main: 1 change detected
2026-05-31 00:50:53,680 INFO watchfiles.main: 1 change detected
2026-05-31 00:50:54,042 INFO watchfiles.main: 1 change detected
2026-05-31 00:50:54,395 INFO watchfiles.main: 1 change detected
2026-05-31 00:50:54,777 INFO watchfiles.main: 1 change detected
2026-05-31 00:50:55,143 INFO watchfiles.main: 1 change detected
2026-05-31 00:50:55,505 INFO watchfiles.main: 1 change detected
2026-05-31 00:50:55,860 INFO watchfiles.main: 1 change detected
2026-05-31 00:50:56,235 INFO watchfiles.main: 1 change detected
2026-05-31 00:50:56,591 INFO watchfiles.main: 1 change detected
2026-05-31 00:50:56,943 INFO watchfiles.main: 1 change detected
2026-05-31 00:50:57,296 INFO watchfiles.main: 1 change detected
2026-05-31 00:50:57,657 INFO watchfiles.main: 1 change detected
2026-05-31 00:50:58,021 INFO watchfiles.main: 1 change detected
2026-05-31 00:50:58,376 INFO watchfiles.main: 1 change detected
2026-05-31 00:50:58,742 INFO watchfiles.main: 1 change detected
2026-05-31 00:50:59,107 INFO watchfiles.main: 1 change detected
2026-05-31 00:50:59,474 INFO watchfiles.main: 1 change detected
2026-05-31 00:50:59,825 INFO watchfiles.main: 1 change detected
2026-05-31 00:51:00,195 INFO watchfiles.main: 1 change detected
2026-05-31 00:51:00,568 INFO watchfiles.main: 1 change detected
2026-05-31 00:51:00,927 INFO watchfiles.main: 1 change detected
2026-05-31 00:51:01,290 INFO watchfiles.main: 1 change detected
2026-05-31 00:51:01,655 INFO watchfiles.main: 1 change detected
2026-05-31 00:51:02,008 INFO watchfiles.main: 1 change detected
2026-05-31 00:51:02,376 INFO watchfiles.main: 1 change detected
2026-05-31 00:51:02,739 INFO watchfiles.main: 1 change detected
2026-05-31 00:51:03,092 INFO watchfiles.main: 1 change detected
2026-05-31 00:51:03,455 INFO watchfiles.main: 1 change detected
2026-05-31 00:51:03,824 INFO watchfiles.main: 1 change detected
2026-05-31 00:51:04,191 INFO watchfiles.main: 1 change detected
2026-05-31 00:51:04,562 INFO watchfiles.main: 1 change detected
2026-05-31 00:51:04,924 INFO watchfiles.main: 1 change detected
2026-05-31 00:51:05,290 INFO watchfiles.main: 1 change detected
2026-05-31 00:51:05,648 INFO watchfiles.main: 1 change detected
2026-05-31 00:51:06,008 INFO watchfiles.main: 1 change detected
2026-05-31 00:51:06,372 INFO watchfiles.main: 1 change detected
2026-05-31 00:51:06,724 INFO watchfiles.main: 1 change detected
2026-05-31 00:51:07,083 INFO watchfiles.main: 1 change detected
2026-05-31 00:51:07,449 INFO watchfiles.main: 1 change detected
2026-05-31 00:51:07,806 INFO watchfiles.main: 1 change detected
2026-05-31 00:51:08,158 INFO watchfiles.main: 1 change detected
2026-05-31 00:51:08,510 INFO watchfiles.main: 1 change detected
2026-05-31 00:51:08,875 INFO watchfiles.main: 1 change detected
2026-05-31 00:51:09,230 INFO watchfiles.main: 1 change detected
2026-05-31 00:51:09,591 INFO watchfiles.main: 1 change detected
2026-05-31 00:51:09,942 INFO watchfiles.main: 1 change detected
2026-05-31 00:51:10,305 INFO watchfiles.main: 1 change detected
2026-05-31 00:51:10,658 INFO watchfiles.main: 1 change detected
2026-05-31 00:51:11,032 INFO watchfiles.main: 1 change detected
2026-05-31 00:51:11,389 INFO watchfiles.main: 1 change detected
2026-05-31 00:51:11,756 INFO watchfiles.main: 1 change detected
2026-05-31 00:51:12,110 INFO watchfiles.main: 1 change detected
2026-05-31 00:51:12,474 INFO watchfiles.main: 1 change detected
2026-05-31 00:51:12,845 INFO watchfiles.main: 1 change detected
2026-05-31 00:51:13,207 INFO watchfiles.main: 1 change detected
2026-05-31 00:51:13,570 INFO watchfiles.main: 1 change detected
2026-05-31 00:51:13,923 INFO watchfiles.main: 1 change detected
2026-05-31 00:51:14,341 INFO watchfiles.main: 1 change detected
2026-05-31 00:51:14,754 INFO watchfiles.main: 1 change detected
2026-05-31 00:51:15,112 INFO watchfiles.main: 1 change detected
2026-05-31 00:51:15,474 INFO watchfiles.main: 1 change detected
2026-05-31 00:51:15,847 INFO watchfiles.main: 1 change detected
2026-05-31 00:51:16,204 INFO watchfiles.main: 1 change detected
2026-05-31 00:51:16,556 INFO watchfiles.main: 1 change detected
2026-05-31 00:51:16,913 INFO watchfiles.main: 1 change detected
2026-05-31 00:51:17,273 INFO watchfiles.main: 1 change detected
2026-05-31 00:51:17,626 INFO watchfiles.main: 1 change detected
2026-05-31 00:51:17,990 INFO watchfiles.main: 1 change detected
2026-05-31 00:51:18,354 INFO watchfiles.main: 1 change detected
2026-05-31 00:51:18,728 INFO watchfiles.main: 1 change detected
2026-05-31 00:51:19,087 INFO watchfiles.main: 1 change detected
2026-05-31 00:51:19,456 INFO watchfiles.main: 1 change detected
2026-05-31 00:51:19,813 INFO watchfiles.main: 1 change detected
2026-05-31 00:51:20,172 INFO watchfiles.main: 1 change detected
2026-05-31 00:51:20,524 INFO watchfiles.main: 1 change detected
2026-05-31 00:51:21,549 INFO watchfiles.main: 1 change detected
2026-05-31 00:51:24,751 INFO watchfiles.main: 1 change detected
2026-05-31 00:51:25,108 INFO watchfiles.main: 1 change detected
2026-05-31 00:51:25,474 INFO watchfiles.main: 1 change detected
2026-05-31 00:51:25,836 INFO watchfiles.main: 1 change detected
2026-05-31 00:51:26,190 INFO watchfiles.main: 1 change detected
2026-05-31 00:51:26,553 INFO watchfiles.main: 1 change detected
2026-05-31 00:51:26,924 INFO watchfiles.main: 1 change detected
2026-05-31 00:51:27,289 INFO watchfiles.main: 1 change detected
2026-05-31 00:51:27,654 INFO watchfiles.main: 1 change detected
2026-05-31 00:51:28,007 INFO watchfiles.main: 1 change detected
2026-05-31 00:51:28,371 INFO watchfiles.main: 1 change detected
2026-05-31 00:51:28,724 INFO watchfiles.main: 1 change detected
2026-05-31 00:51:29,089 INFO watchfiles.main: 1 change detected
2026-05-31 00:51:29,450 INFO watchfiles.main: 1 change detected
2026-05-31 00:51:29,817 INFO watchfiles.main: 1 change detected
2026-05-31 00:51:30,221 INFO watchfiles.main: 1 change detected
2026-05-31 00:51:30,582 INFO watchfiles.main: 1 change detected
2026-05-31 00:51:31,041 INFO watchfiles.main: 1 change detected
2026-05-31 00:51:31,448 INFO watchfiles.main: 1 change detected
2026-05-31 00:51:31,859 INFO watchfiles.main: 1 change detected
2026-05-31 00:51:32,272 INFO watchfiles.main: 1 change detected
2026-05-31 00:51:32,673 INFO watchfiles.main: 1 change detected
2026-05-31 00:51:33,091 INFO watchfiles.main: 1 change detected
2026-05-31 00:51:33,499 INFO watchfiles.main: 1 change detected
2026-05-31 00:51:33,903 INFO watchfiles.main: 1 change detected
2026-05-31 00:51:34,369 INFO watchfiles.main: 1 change detected
2026-05-31 00:51:34,787 INFO watchfiles.main: 1 change detected
2026-05-31 00:51:35,191 INFO watchfiles.main: 1 change detected
2026-05-31 00:51:35,594 INFO watchfiles.main: 1 change detected
2026-05-31 00:51:36,007 INFO watchfiles.main: 1 change detected
2026-05-31 00:51:36,373 INFO watchfiles.main: 1 change detected
2026-05-31 00:51:36,776 INFO watchfiles.main: 1 change detected
2026-05-31 00:51:37,185 INFO watchfiles.main: 1 change detected
2026-05-31 00:51:37,588 INFO watchfiles.main: 1 change detected
2026-05-31 00:51:37,995 INFO watchfiles.main: 1 change detected
2026-05-31 00:51:38,358 INFO watchfiles.main: 1 change detected
2026-05-31 00:51:38,824 INFO watchfiles.main: 1 change detected
2026-05-31 00:51:39,241 INFO watchfiles.main: 1 change detected
2026-05-31 00:51:39,650 INFO watchfiles.main: 1 change detected
2026-05-31 00:51:40,074 INFO watchfiles.main: 1 change detected
2026-05-31 00:51:40,441 INFO watchfiles.main: 1 change detected
2026-05-31 00:51:40,853 INFO watchfiles.main: 1 change detected
2026-05-31 00:51:41,270 INFO watchfiles.main: 1 change detected
2026-05-31 00:51:41,671 INFO watchfiles.main: 1 change detected
2026-05-31 00:51:42,076 INFO watchfiles.main: 1 change detected
2026-05-31 00:51:42,442 INFO watchfiles.main: 1 change detected
2026-05-31 00:51:42,896 INFO watchfiles.main: 1 change detected
2026-05-31 00:51:43,297 INFO watchfiles.main: 1 change detected
2026-05-31 00:51:43,706 INFO watchfiles.main: 1 change detected
2026-05-31 00:51:44,124 INFO watchfiles.main: 1 change detected
2026-05-31 00:51:44,527 INFO watchfiles.main: 1 change detected
2026-05-31 00:51:44,941 INFO watchfiles.main: 1 change detected
2026-05-31 00:51:45,407 INFO watchfiles.main: 1 change detected
2026-05-31 00:51:45,821 INFO watchfiles.main: 1 change detected
2026-05-31 00:51:46,185 INFO watchfiles.main: 1 change detected
2026-05-31 00:51:46,589 INFO watchfiles.main: 1 change detected
2026-05-31 00:51:47,005 INFO watchfiles.main: 1 change detected
2026-05-31 00:51:47,416 INFO watchfiles.main: 1 change detected
2026-05-31 00:51:47,821 INFO watchfiles.main: 1 change detected
2026-05-31 00:51:48,275 INFO watchfiles.main: 1 change detected
2026-05-31 00:51:48,642 INFO watchfiles.main: 1 change detected
2026-05-31 00:51:49,049 INFO watchfiles.main: 1 change detected
2026-05-31 00:51:49,475 INFO watchfiles.main: 1 change detected
2026-05-31 00:51:49,990 INFO watchfiles.main: 1 change detected
2026-05-31 00:51:50,399 INFO watchfiles.main: 1 change detected
2026-05-31 00:51:50,823 INFO watchfiles.main: 1 change detected
2026-05-31 00:51:51,390 INFO watchfiles.main: 1 change detected
2026-05-31 00:51:51,857 INFO watchfiles.main: 1 change detected
2026-05-31 00:51:52,339 INFO watchfiles.main: 1 change detected
2026-05-31 00:51:52,742 INFO watchfiles.main: 1 change detected
2026-05-31 00:51:53,116 INFO watchfiles.main: 1 change detected
2026-05-31 00:51:53,534 INFO watchfiles.main: 1 change detected
2026-05-31 00:51:53,946 INFO watchfiles.main: 1 change detected
2026-05-31 00:51:54,356 INFO watchfiles.main: 1 change detected
2026-05-31 00:51:54,818 INFO watchfiles.main: 1 change detected
2026-05-31 00:51:55,225 INFO watchfiles.main: 1 change detected
2026-05-31 00:51:55,582 INFO watchfiles.main: 1 change detected
2026-05-31 00:51:56,313 INFO watchfiles.main: 1 change detected
2026-05-31 00:51:56,669 INFO watchfiles.main: 1 change detected
2026-05-31 00:51:57,075 INFO watchfiles.main: 1 change detected
2026-05-31 00:51:57,483 INFO watchfiles.main: 1 change detected
2026-05-31 00:51:57,934 INFO watchfiles.main: 1 change detected
2026-05-31 00:51:58,340 INFO watchfiles.main: 1 change detected
2026-05-31 00:51:58,755 INFO watchfiles.main: 1 change detected
2026-05-31 00:51:59,179 INFO watchfiles.main: 1 change detected
2026-05-31 00:51:59,598 INFO watchfiles.main: 1 change detected
2026-05-31 00:51:59,964 INFO watchfiles.main: 1 change detected
2026-05-31 00:52:00,374 INFO watchfiles.main: 1 change detected
2026-05-31 00:52:00,777 INFO watchfiles.main: 1 change detected
2026-05-31 00:52:01,183 INFO watchfiles.main: 1 change detected
2026-05-31 00:52:01,647 INFO watchfiles.main: 1 change detected
2026-05-31 00:52:02,050 INFO watchfiles.main: 1 change detected
2026-05-31 00:52:02,470 INFO watchfiles.main: 1 change detected
2026-05-31 00:52:02,925 INFO watchfiles.main: 1 change detected
2026-05-31 00:52:03,340 INFO watchfiles.main: 1 change detected
2026-05-31 00:52:03,752 INFO watchfiles.main: 1 change detected
2026-05-31 00:52:04,174 INFO watchfiles.main: 1 change detected
2026-05-31 00:52:04,600 INFO watchfiles.main: 1 change detected
2026-05-31 00:52:05,012 INFO watchfiles.main: 1 change detected
2026-05-31 00:52:05,425 INFO watchfiles.main: 1 change detected
2026-05-31 00:52:05,831 INFO watchfiles.main: 1 change detected
2026-05-31 00:52:06,240 INFO watchfiles.main: 1 change detected
2026-05-31 00:52:06,651 INFO watchfiles.main: 1 change detected
2026-05-31 00:52:07,074 INFO watchfiles.main: 1 change detected
2026-05-31 00:52:07,439 INFO watchfiles.main: 1 change detected
2026-05-31 00:52:07,845 INFO watchfiles.main: 1 change detected
2026-05-31 00:52:08,312 INFO watchfiles.main: 1 change detected
2026-05-31 00:52:08,725 INFO watchfiles.main: 1 change detected
2026-05-31 00:52:09,129 INFO watchfiles.main: 1 change detected
2026-05-31 00:52:09,545 INFO watchfiles.main: 1 change detected
2026-05-31 00:52:09,906 INFO watchfiles.main: 1 change detected
2026-05-31 00:52:10,325 INFO watchfiles.main: 1 change detected
2026-05-31 00:52:10,779 INFO watchfiles.main: 1 change detected
2026-05-31 00:52:11,144 INFO watchfiles.main: 1 change detected
2026-05-31 00:52:11,555 INFO watchfiles.main: 1 change detected
2026-05-31 00:52:11,975 INFO watchfiles.main: 1 change detected
2026-05-31 00:52:12,377 INFO watchfiles.main: 1 change detected
2026-05-31 00:52:12,841 INFO watchfiles.main: 1 change detected
2026-05-31 00:52:13,243 INFO watchfiles.main: 1 change detected
2026-05-31 00:52:13,661 INFO watchfiles.main: 1 change detected
2026-05-31 00:52:14,027 INFO watchfiles.main: 1 change detected
2026-05-31 00:52:14,445 INFO watchfiles.main: 1 change detected
2026-05-31 00:52:14,858 INFO watchfiles.main: 1 change detected
2026-05-31 00:52:15,270 INFO watchfiles.main: 1 change detected
2026-05-31 00:52:15,676 INFO watchfiles.main: 1 change detected
2026-05-31 00:52:16,078 INFO watchfiles.main: 1 change detected
2026-05-31 00:52:16,494 INFO watchfiles.main: 1 change detected
2026-05-31 00:52:16,855 INFO watchfiles.main: 1 change detected
2026-05-31 00:52:17,311 INFO watchfiles.main: 1 change detected
2026-05-31 00:52:17,676 INFO watchfiles.main: 1 change detected
2026-05-31 00:52:18,091 INFO watchfiles.main: 1 change detected
2026-05-31 00:52:18,495 INFO watchfiles.main: 1 change detected
2026-05-31 00:52:18,900 INFO watchfiles.main: 1 change detected
2026-05-31 00:52:19,306 INFO watchfiles.main: 1 change detected
2026-05-31 00:52:19,763 INFO watchfiles.main: 1 change detected
2026-05-31 00:52:20,175 INFO watchfiles.main: 1 change detected
2026-05-31 00:52:20,591 INFO watchfiles.main: 1 change detected
2026-05-31 00:52:24,911 INFO watchfiles.main: 1 change detected
2026-05-31 00:52:25,276 INFO watchfiles.main: 1 change detected
2026-05-31 00:52:25,690 INFO watchfiles.main: 1 change detected
2026-05-31 00:52:26,153 INFO watchfiles.main: 1 change detected
2026-05-31 00:52:26,557 INFO watchfiles.main: 1 change detected
2026-05-31 00:52:26,962 INFO watchfiles.main: 1 change detected
2026-05-31 00:52:27,375 INFO watchfiles.main: 1 change detected
2026-05-31 00:52:27,779 INFO watchfiles.main: 1 change detected
2026-05-31 00:52:28,192 INFO watchfiles.main: 1 change detected
2026-05-31 00:52:28,610 INFO watchfiles.main: 1 change detected
2026-05-31 00:52:29,032 INFO watchfiles.main: 1 change detected
2026-05-31 00:52:29,442 INFO watchfiles.main: 1 change detected
2026-05-31 00:52:29,857 INFO watchfiles.main: 1 change detected
2026-05-31 00:52:30,275 INFO watchfiles.main: 1 change detected
2026-05-31 00:52:30,691 INFO watchfiles.main: 1 change detected
2026-05-31 00:52:31,106 INFO watchfiles.main: 1 change detected
2026-05-31 00:52:31,524 INFO watchfiles.main: 1 change detected
2026-05-31 00:52:31,932 INFO watchfiles.main: 1 change detected
2026-05-31 00:52:32,341 INFO watchfiles.main: 1 change detected
2026-05-31 00:52:32,757 INFO watchfiles.main: 1 change detected
2026-05-31 00:52:33,173 INFO watchfiles.main: 1 change detected
2026-05-31 00:52:33,592 INFO watchfiles.main: 1 change detected
2026-05-31 00:52:34,008 INFO watchfiles.main: 1 change detected
2026-05-31 00:52:34,464 INFO watchfiles.main: 1 change detected
2026-05-31 00:52:34,824 INFO watchfiles.main: 1 change detected
2026-05-31 00:52:35,282 INFO watchfiles.main: 1 change detected
2026-05-31 00:52:35,691 INFO watchfiles.main: 1 change detected
2026-05-31 00:52:36,106 INFO watchfiles.main: 1 change detected
2026-05-31 00:52:36,525 INFO watchfiles.main: 1 change detected
2026-05-31 00:52:36,939 INFO watchfiles.main: 1 change detected
2026-05-31 00:52:37,348 INFO watchfiles.main: 1 change detected
2026-05-31 00:52:37,706 INFO watchfiles.main: 1 change detected
2026-05-31 00:52:38,122 INFO watchfiles.main: 1 change detected
2026-05-31 00:52:38,525 INFO watchfiles.main: 1 change detected
2026-05-31 00:52:38,946 INFO watchfiles.main: 1 change detected
2026-05-31 00:52:39,355 INFO watchfiles.main: 1 change detected
2026-05-31 00:52:39,773 INFO watchfiles.main: 1 change detected
2026-05-31 00:52:40,139 INFO watchfiles.main: 1 change detected
2026-05-31 00:52:40,550 INFO watchfiles.main: 1 change detected
2026-05-31 00:52:40,957 INFO watchfiles.main: 1 change detected
2026-05-31 00:52:41,374 INFO watchfiles.main: 1 change detected
2026-05-31 00:52:41,790 INFO watchfiles.main: 1 change detected
2026-05-31 00:52:42,153 INFO watchfiles.main: 1 change detected
2026-05-31 00:52:42,559 INFO watchfiles.main: 1 change detected
2026-05-31 00:52:42,974 INFO watchfiles.main: 1 change detected
2026-05-31 00:52:43,390 INFO watchfiles.main: 1 change detected
2026-05-31 00:52:43,758 INFO watchfiles.main: 1 change detected
2026-05-31 00:52:44,164 INFO watchfiles.main: 1 change detected
2026-05-31 00:52:44,574 INFO watchfiles.main: 1 change detected
2026-05-31 00:52:44,991 INFO watchfiles.main: 1 change detected
2026-05-31 00:52:45,404 INFO watchfiles.main: 1 change detected
2026-05-31 00:52:45,809 INFO watchfiles.main: 1 change detected
2026-05-31 00:52:46,215 INFO watchfiles.main: 1 change detected
2026-05-31 00:52:46,579 INFO watchfiles.main: 1 change detected
2026-05-31 00:52:47,041 INFO watchfiles.main: 1 change detected
2026-05-31 00:52:47,459 INFO watchfiles.main: 1 change detected
2026-05-31 00:52:47,874 INFO watchfiles.main: 1 change detected
2026-05-31 00:52:48,284 INFO watchfiles.main: 1 change detected
2026-05-31 00:52:48,636 INFO watchfiles.main: 1 change detected
2026-05-31 00:53:19,771 INFO watchfiles.main: 1 change detected
2026-05-31 00:53:20,129 INFO watchfiles.main: 1 change detected
2026-05-31 00:53:20,494 INFO watchfiles.main: 1 change detected
2026-05-31 00:53:20,846 INFO watchfiles.main: 1 change detected
2026-05-31 00:53:21,213 INFO watchfiles.main: 1 change detected
2026-05-31 00:55:13,968 INFO watchfiles.main: 1 change detected
2026-05-31 00:58:19,096 INFO watchfiles.main: 1 change detected
2026-05-31 00:58:20,328 INFO watchfiles.main: 1 change detected
2026-05-31 00:58:20,888 INFO watchfiles.main: 1 change detected
2026-05-31 00:58:22,501 INFO watchfiles.main: 1 change detected
2026-05-31 00:58:24,065 INFO watchfiles.main: 1 change detected
2026-05-31 00:58:25,681 INFO watchfiles.main: 1 change detected
2026-05-31 00:59:36,825 INFO watchfiles.main: 1 change detected
2026-05-31 00:59:50,890 INFO watchfiles.main: 1 change detected
2026-05-31 00:59:53,889 INFO watchfiles.main: 1 change detected
2026-05-31 00:59:54,405 INFO watchfiles.main: 1 change detected
2026-05-31 00:59:54,967 INFO watchfiles.main: 1 change detected
2026-05-31 00:59:55,321 INFO watchfiles.main: 1 change detected
2026-05-31 00:59:55,684 INFO watchfiles.main: 1 change detected
2026-05-31 00:59:56,087 INFO watchfiles.main: 1 change detected
2026-05-31 00:59:56,501 INFO watchfiles.main: 1 change detected
2026-05-31 00:59:56,903 INFO watchfiles.main: 1 change detected
2026-05-31 00:59:57,267 INFO watchfiles.main: 1 change detected
2026-05-31 00:59:57,670 INFO watchfiles.main: 1 change detected
2026-05-31 00:59:58,054 INFO watchfiles.main: 1 change detected
2026-05-31 00:59:58,420 INFO watchfiles.main: 1 change detected
2026-05-31 00:59:58,782 INFO watchfiles.main: 1 change detected
2026-05-31 00:59:59,135 INFO watchfiles.main: 1 change detected
2026-05-31 01:00:00,709 INFO watchfiles.main: 1 change detected
2026-05-31 01:00:01,078 INFO watchfiles.main: 1 change detected
2026-05-31 01:00:01,443 INFO watchfiles.main: 1 change detected
2026-05-31 01:00:01,799 INFO watchfiles.main: 1 change detected
2026-05-31 01:00:02,152 INFO watchfiles.main: 1 change detected
2026-05-31 01:00:02,565 INFO watchfiles.main: 1 change detected
2026-05-31 01:00:03,894 INFO watchfiles.main: 1 change detected
2026-05-31 01:00:04,248 INFO watchfiles.main: 1 change detected
2026-05-31 01:00:04,635 INFO watchfiles.main: 1 change detected
2026-05-31 01:00:05,087 INFO watchfiles.main: 1 change detected
2026-05-31 01:00:05,500 INFO watchfiles.main: 1 change detected
2026-05-31 01:00:05,915 INFO watchfiles.main: 1 change detected
2026-05-31 01:00:06,370 INFO watchfiles.main: 1 change detected
2026-05-31 01:00:06,788 INFO watchfiles.main: 1 change detected
2026-05-31 01:00:07,153 INFO watchfiles.main: 1 change detected
2026-05-31 01:00:07,520 INFO watchfiles.main: 1 change detected
2026-05-31 01:00:07,890 INFO watchfiles.main: 1 change detected
2026-05-31 01:00:08,316 INFO watchfiles.main: 1 change detected
2026-05-31 01:00:08,683 INFO watchfiles.main: 1 change detected
2026-05-31 01:00:09,048 INFO watchfiles.main: 1 change detected
2026-05-31 01:00:09,414 INFO watchfiles.main: 1 change detected
2026-05-31 01:00:09,817 INFO watchfiles.main: 1 change detected
2026-05-31 01:00:10,231 INFO watchfiles.main: 1 change detected
2026-05-31 01:00:10,597 INFO watchfiles.main: 1 change detected
2026-05-31 01:00:11,014 INFO watchfiles.main: 1 change detected
2026-05-31 01:00:11,431 INFO watchfiles.main: 1 change detected
2026-05-31 01:00:11,796 INFO watchfiles.main: 1 change detected
2026-05-31 01:00:12,199 INFO watchfiles.main: 1 change detected
2026-05-31 01:00:12,601 INFO watchfiles.main: 1 change detected
2026-05-31 01:00:13,017 INFO watchfiles.main: 1 change detected
2026-05-31 01:00:13,433 INFO watchfiles.main: 1 change detected
2026-05-31 01:00:13,848 INFO watchfiles.main: 1 change detected
2026-05-31 01:00:14,250 INFO watchfiles.main: 1 change detected
2026-05-31 01:00:14,900 INFO watchfiles.main: 1 change detected
2026-05-31 01:00:15,405 INFO watchfiles.main: 1 change detected
2026-05-31 01:00:17,087 INFO watchfiles.main: 1 change detected
2026-05-31 01:00:17,446 INFO watchfiles.main: 1 change detected
2026-05-31 01:00:18,212 INFO watchfiles.main: 1 change detected
2026-05-31 01:00:18,565 INFO watchfiles.main: 1 change detected
2026-05-31 01:00:19,420 INFO watchfiles.main: 1 change detected
2026-05-31 01:00:21,813 INFO watchfiles.main: 1 change detected
2026-05-31 01:00:22,242 INFO watchfiles.main: 1 change detected
2026-05-31 01:00:22,648 INFO watchfiles.main: 1 change detected
2026-05-31 01:00:23,013 INFO watchfiles.main: 1 change detected
2026-05-31 01:00:23,378 INFO watchfiles.main: 1 change detected
2026-05-31 01:00:23,795 INFO watchfiles.main: 1 change detected
2026-05-31 01:00:24,248 INFO watchfiles.main: 1 change detected
2026-05-31 01:00:24,661 INFO watchfiles.main: 1 change detected
2026-05-31 01:00:25,067 INFO watchfiles.main: 1 change detected
2026-05-31 01:00:25,480 INFO watchfiles.main: 1 change detected
2026-05-31 01:00:25,951 INFO watchfiles.main: 1 change detected
2026-05-31 01:00:26,363 INFO watchfiles.main: 1 change detected
2026-05-31 01:00:26,727 INFO watchfiles.main: 1 change detected
2026-05-31 01:00:27,129 INFO watchfiles.main: 1 change detected
2026-05-31 01:00:27,545 INFO watchfiles.main: 1 change detected
2026-05-31 01:00:27,957 INFO watchfiles.main: 1 change detected
2026-05-31 01:00:28,365 INFO watchfiles.main: 1 change detected
2026-05-31 01:00:28,829 INFO watchfiles.main: 1 change detected
2026-05-31 01:00:29,257 INFO watchfiles.main: 1 change detected
2026-05-31 01:00:29,674 INFO watchfiles.main: 1 change detected
2026-05-31 01:00:30,079 INFO watchfiles.main: 1 change detected
2026-05-31 01:00:30,446 INFO watchfiles.main: 1 change detected
2026-05-31 01:00:30,850 INFO watchfiles.main: 1 change detected
2026-05-31 01:00:31,260 INFO watchfiles.main: 1 change detected
2026-05-31 01:00:31,676 INFO watchfiles.main: 1 change detected
2026-05-31 01:00:32,044 INFO watchfiles.main: 1 change detected
2026-05-31 01:00:32,460 INFO watchfiles.main: 1 change detected
2026-05-31 01:00:32,865 INFO watchfiles.main: 1 change detected
2026-05-31 01:00:33,267 INFO watchfiles.main: 1 change detected
2026-05-31 01:00:33,677 INFO watchfiles.main: 1 change detected
2026-05-31 01:00:34,079 INFO watchfiles.main: 1 change detected
2026-05-31 01:00:34,482 INFO watchfiles.main: 1 change detected
2026-05-31 01:00:34,892 INFO watchfiles.main: 1 change detected
2026-05-31 01:00:35,296 INFO watchfiles.main: 1 change detected
2026-05-31 01:00:35,710 INFO watchfiles.main: 1 change detected
2026-05-31 01:00:36,112 INFO watchfiles.main: 1 change detected
2026-05-31 01:00:36,526 INFO watchfiles.main: 1 change detected
2026-05-31 01:00:36,886 INFO watchfiles.main: 1 change detected
2026-05-31 01:00:37,294 INFO watchfiles.main: 1 change detected
2026-05-31 01:00:37,701 INFO watchfiles.main: 1 change detected
2026-05-31 01:00:38,110 INFO watchfiles.main: 1 change detected
2026-05-31 01:00:38,525 INFO watchfiles.main: 1 change detected
2026-05-31 01:00:38,927 INFO watchfiles.main: 1 change detected
2026-05-31 01:00:39,332 INFO watchfiles.main: 1 change detected
2026-05-31 01:00:39,758 INFO watchfiles.main: 1 change detected
2026-05-31 01:00:40,166 INFO watchfiles.main: 1 change detected
2026-05-31 01:00:40,575 INFO watchfiles.main: 1 change detected
2026-05-31 01:00:40,980 INFO watchfiles.main: 1 change detected
2026-05-31 01:00:41,383 INFO watchfiles.main: 1 change detected
2026-05-31 01:00:41,792 INFO watchfiles.main: 1 change detected
2026-05-31 01:00:42,206 INFO watchfiles.main: 1 change detected
2026-05-31 01:00:42,608 INFO watchfiles.main: 1 change detected
2026-05-31 01:00:43,012 INFO watchfiles.main: 1 change detected
2026-05-31 01:00:43,426 INFO watchfiles.main: 1 change detected
2026-05-31 01:00:43,842 INFO watchfiles.main: 1 change detected
2026-05-31 01:00:44,258 INFO watchfiles.main: 1 change detected
2026-05-31 01:00:44,660 INFO watchfiles.main: 1 change detected
2026-05-31 01:00:45,149 INFO watchfiles.main: 1 change detected
2026-05-31 01:00:45,574 INFO watchfiles.main: 1 change detected
2026-05-31 01:00:45,933 INFO watchfiles.main: 1 change detected
2026-05-31 01:00:46,341 INFO watchfiles.main: 1 change detected
2026-05-31 01:00:46,755 INFO watchfiles.main: 1 change detected
2026-05-31 01:00:47,158 INFO watchfiles.main: 1 change detected
2026-05-31 01:00:47,577 INFO watchfiles.main: 1 change detected
2026-05-31 01:00:47,942 INFO watchfiles.main: 1 change detected
2026-05-31 01:00:48,356 INFO watchfiles.main: 1 change detected
2026-05-31 01:00:48,814 INFO watchfiles.main: 1 change detected
2026-05-31 01:00:56,416 INFO watchfiles.main: 1 change detected
2026-05-31 01:00:56,775 INFO watchfiles.main: 1 change detected
2026-05-31 01:00:57,141 INFO watchfiles.main: 1 change detected
2026-05-31 01:00:57,553 INFO watchfiles.main: 1 change detected
2026-05-31 01:00:57,957 INFO watchfiles.main: 1 change detected
2026-05-31 01:00:58,370 INFO watchfiles.main: 1 change detected
2026-05-31 01:00:58,742 INFO watchfiles.main: 1 change detected
2026-05-31 01:00:59,101 INFO watchfiles.main: 1 change detected
2026-05-31 01:00:59,467 INFO watchfiles.main: 1 change detected
2026-05-31 01:00:59,827 INFO watchfiles.main: 1 change detected
2026-05-31 01:01:00,193 INFO watchfiles.main: 1 change detected
2026-05-31 01:01:00,560 INFO watchfiles.main: 1 change detected
2026-05-31 01:01:00,935 INFO watchfiles.main: 1 change detected
2026-05-31 01:01:01,337 INFO watchfiles.main: 1 change detected
2026-05-31 01:01:01,745 INFO watchfiles.main: 1 change detected
2026-05-31 01:01:02,152 INFO watchfiles.main: 1 change detected
2026-05-31 01:01:02,566 INFO watchfiles.main: 1 change detected
2026-05-31 01:01:02,981 INFO watchfiles.main: 1 change detected
2026-05-31 01:01:03,387 INFO watchfiles.main: 1 change detected
2026-05-31 01:01:03,802 INFO watchfiles.main: 1 change detected
2026-05-31 01:01:04,268 INFO watchfiles.main: 1 change detected
2026-05-31 01:01:04,627 INFO watchfiles.main: 1 change detected
2026-05-31 01:01:05,042 INFO watchfiles.main: 1 change detected
2026-05-31 01:01:05,448 INFO watchfiles.main: 1 change detected
2026-05-31 01:01:05,905 INFO watchfiles.main: 1 change detected
2026-05-31 01:01:06,261 INFO watchfiles.main: 1 change detected
2026-05-31 01:01:06,663 INFO watchfiles.main: 1 change detected
2026-05-31 01:01:07,118 INFO watchfiles.main: 1 change detected
2026-05-31 01:01:07,479 INFO watchfiles.main: 1 change detected
2026-05-31 01:01:07,884 INFO watchfiles.main: 1 change detected
2026-05-31 01:01:08,287 INFO watchfiles.main: 1 change detected
2026-05-31 01:01:08,703 INFO watchfiles.main: 1 change detected
2026-05-31 01:01:09,120 INFO watchfiles.main: 1 change detected
2026-05-31 01:01:09,524 INFO watchfiles.main: 1 change detected
2026-05-31 01:01:09,986 INFO watchfiles.main: 1 change detected
2026-05-31 01:01:10,404 INFO watchfiles.main: 1 change detected
2026-05-31 01:01:10,808 INFO watchfiles.main: 1 change detected
2026-05-31 01:01:11,433 INFO watchfiles.main: 1 change detected
2026-05-31 01:01:12,106 INFO watchfiles.main: 1 change detected
2026-05-31 01:01:12,466 INFO watchfiles.main: 1 change detected
2026-05-31 01:01:12,870 INFO watchfiles.main: 1 change detected
2026-05-31 01:01:13,281 INFO watchfiles.main: 1 change detected
2026-05-31 01:01:13,702 INFO watchfiles.main: 1 change detected
2026-05-31 01:01:14,115 INFO watchfiles.main: 1 change detected
2026-05-31 01:01:14,531 INFO watchfiles.main: 1 change detected
2026-05-31 01:01:14,938 INFO watchfiles.main: 1 change detected
2026-05-31 01:01:15,409 INFO watchfiles.main: 1 change detected
2026-05-31 01:01:15,821 INFO watchfiles.main: 1 change detected
2026-05-31 01:01:16,239 INFO watchfiles.main: 1 change detected
2026-05-31 01:01:16,642 INFO watchfiles.main: 1 change detected
2026-05-31 01:01:17,008 INFO watchfiles.main: 1 change detected
2026-05-31 01:01:17,362 INFO watchfiles.main: 1 change detected
2026-05-31 01:01:17,727 INFO watchfiles.main: 1 change detected
2026-05-31 01:01:18,083 INFO watchfiles.main: 1 change detected
2026-05-31 01:01:18,460 INFO watchfiles.main: 1 change detected
2026-05-31 01:01:18,818 INFO watchfiles.main: 1 change detected
2026-05-31 01:01:19,229 INFO watchfiles.main: 1 change detected
2026-05-31 01:01:19,631 INFO watchfiles.main: 1 change detected
2026-05-31 01:01:20,038 INFO watchfiles.main: 1 change detected
2026-05-31 01:01:20,445 INFO watchfiles.main: 1 change detected
2026-05-31 01:01:21,009 INFO watchfiles.main: 1 change detected
2026-05-31 01:01:21,370 INFO watchfiles.main: 1 change detected
2026-05-31 01:01:21,777 INFO watchfiles.main: 1 change detected
2026-05-31 01:01:22,186 INFO watchfiles.main: 1 change detected
2026-05-31 01:01:22,566 INFO watchfiles.main: 1 change detected
2026-05-31 01:01:22,922 INFO watchfiles.main: 1 change detected
2026-05-31 01:01:23,302 INFO watchfiles.main: 1 change detected
2026-05-31 01:01:23,680 INFO watchfiles.main: 1 change detected
2026-05-31 01:01:24,049 INFO watchfiles.main: 1 change detected
2026-05-31 01:01:24,412 INFO watchfiles.main: 1 change detected
2026-05-31 01:01:24,765 INFO watchfiles.main: 1 change detected
2026-05-31 01:01:25,188 INFO watchfiles.main: 1 change detected
2026-05-31 01:01:25,551 INFO watchfiles.main: 1 change detected
2026-05-31 01:01:25,904 INFO watchfiles.main: 1 change detected
2026-05-31 01:01:26,262 INFO watchfiles.main: 1 change detected
2026-05-31 01:01:26,630 INFO watchfiles.main: 1 change detected
2026-05-31 01:01:27,035 INFO watchfiles.main: 1 change detected
2026-05-31 01:01:27,454 INFO watchfiles.main: 1 change detected
2026-05-31 01:01:27,876 INFO watchfiles.main: 1 change detected
2026-05-31 01:01:28,385 INFO watchfiles.main: 1 change detected
2026-05-31 01:01:28,758 INFO watchfiles.main: 1 change detected
2026-05-31 01:01:29,112 INFO watchfiles.main: 1 change detected
2026-05-31 01:01:29,469 INFO watchfiles.main: 1 change detected
2026-05-31 01:01:29,835 INFO watchfiles.main: 1 change detected
2026-05-31 01:01:30,189 INFO watchfiles.main: 1 change detected
2026-05-31 01:01:30,654 INFO watchfiles.main: 1 change detected
2026-05-31 01:01:31,013 INFO watchfiles.main: 1 change detected
2026-05-31 01:01:31,421 INFO watchfiles.main: 1 change detected
2026-05-31 01:01:31,830 INFO watchfiles.main: 1 change detected
2026-05-31 01:01:32,287 INFO watchfiles.main: 1 change detected
2026-05-31 01:01:32,703 INFO watchfiles.main: 1 change detected
2026-05-31 01:01:33,113 INFO watchfiles.main: 1 change detected
2026-05-31 01:01:33,516 INFO watchfiles.main: 1 change detected
2026-05-31 01:01:33,930 INFO watchfiles.main: 1 change detected
2026-05-31 01:01:34,352 INFO watchfiles.main: 1 change detected
2026-05-31 01:01:34,770 INFO watchfiles.main: 1 change detected
2026-05-31 01:01:35,178 INFO watchfiles.main: 1 change detected
2026-05-31 01:01:35,588 INFO watchfiles.main: 1 change detected
2026-05-31 01:01:35,996 INFO watchfiles.main: 1 change detected
2026-05-31 01:01:36,411 INFO watchfiles.main: 1 change detected
2026-05-31 01:01:36,832 INFO watchfiles.main: 1 change detected
2026-05-31 01:01:37,247 INFO watchfiles.main: 1 change detected
2026-05-31 01:01:37,664 INFO watchfiles.main: 1 change detected
2026-05-31 01:01:38,360 INFO watchfiles.main: 1 change detected
2026-05-31 01:01:38,922 INFO watchfiles.main: 1 change detected
2026-05-31 01:01:39,284 INFO watchfiles.main: 1 change detected
2026-05-31 01:01:39,645 INFO watchfiles.main: 1 change detected
2026-05-31 01:01:40,017 INFO watchfiles.main: 1 change detected
2026-05-31 01:01:40,440 INFO watchfiles.main: 1 change detected
2026-05-31 01:01:40,810 INFO watchfiles.main: 1 change detected
2026-05-31 01:01:41,229 INFO watchfiles.main: 1 change detected
2026-05-31 01:01:41,651 INFO watchfiles.main: 1 change detected
2026-05-31 01:01:42,074 INFO watchfiles.main: 1 change detected
2026-05-31 01:01:42,515 INFO watchfiles.main: 1 change detected
2026-05-31 01:01:42,943 INFO watchfiles.main: 1 change detected
2026-05-31 01:01:43,345 INFO watchfiles.main: 1 change detected
2026-05-31 01:01:43,753 INFO watchfiles.main: 1 change detected
2026-05-31 01:01:44,133 INFO watchfiles.main: 1 change detected
2026-05-31 01:01:44,490 INFO watchfiles.main: 1 change detected
2026-05-31 01:01:44,867 INFO watchfiles.main: 1 change detected
2026-05-31 01:01:45,223 INFO watchfiles.main: 1 change detected
2026-05-31 01:01:45,646 INFO watchfiles.main: 1 change detected
2026-05-31 01:01:46,054 INFO watchfiles.main: 1 change detected
2026-05-31 01:01:46,463 INFO watchfiles.main: 1 change detected
2026-05-31 01:01:46,923 INFO watchfiles.main: 1 change detected
2026-05-31 01:01:47,330 INFO watchfiles.main: 1 change detected
2026-05-31 01:01:47,737 INFO watchfiles.main: 1 change detected
2026-05-31 01:01:48,143 INFO watchfiles.main: 1 change detected
2026-05-31 01:01:48,561 INFO watchfiles.main: 1 change detected
2026-05-31 01:01:53,407 INFO watchfiles.main: 1 change detected
2026-05-31 01:01:53,831 INFO watchfiles.main: 1 change detected
2026-05-31 01:01:54,366 INFO watchfiles.main: 1 change detected
2026-05-31 01:01:54,769 INFO watchfiles.main: 1 change detected
2026-05-31 01:01:55,185 INFO watchfiles.main: 1 change detected
2026-05-31 01:01:55,586 INFO watchfiles.main: 1 change detected
2026-05-31 01:01:55,992 INFO watchfiles.main: 2 changes detected
2026-05-31 01:01:56,359 INFO watchfiles.main: 2 changes detected
2026-05-31 01:01:56,724 INFO watchfiles.main: 1 change detected
2026-05-31 01:01:57,094 INFO watchfiles.main: 1 change detected
2026-05-31 01:01:57,457 INFO watchfiles.main: 1 change detected
2026-05-31 01:01:57,914 INFO watchfiles.main: 1 change detected
2026-05-31 01:02:03,634 INFO watchfiles.main: 1 change detected
2026-05-31 01:02:03,991 INFO watchfiles.main: 1 change detected
2026-05-31 01:02:04,393 INFO watchfiles.main: 1 change detected
2026-05-31 01:02:04,809 INFO watchfiles.main: 1 change detected
2026-05-31 01:02:05,161 INFO watchfiles.main: 1 change detected
2026-05-31 01:02:05,577 INFO watchfiles.main: 1 change detected
2026-05-31 01:02:05,993 INFO watchfiles.main: 1 change detected
2026-05-31 01:02:06,406 INFO watchfiles.main: 1 change detected
2026-05-31 01:02:06,813 INFO watchfiles.main: 1 change detected
2026-05-31 01:02:07,220 INFO watchfiles.main: 1 change detected
2026-05-31 01:02:07,625 INFO watchfiles.main: 1 change detected
2026-05-31 01:02:08,027 INFO watchfiles.main: 1 change detected
2026-05-31 01:02:08,442 INFO watchfiles.main: 1 change detected
2026-05-31 01:02:08,809 INFO watchfiles.main: 1 change detected
2026-05-31 01:02:09,224 INFO watchfiles.main: 1 change detected
2026-05-31 01:02:09,640 INFO watchfiles.main: 1 change detected
2026-05-31 01:02:10,042 INFO watchfiles.main: 1 change detected
2026-05-31 01:02:10,459 INFO watchfiles.main: 1 change detected
2026-05-31 01:02:10,863 INFO watchfiles.main: 1 change detected
2026-05-31 01:02:11,276 INFO watchfiles.main: 1 change detected
2026-05-31 01:02:11,641 INFO watchfiles.main: 1 change detected
2026-05-31 01:02:12,046 INFO watchfiles.main: 1 change detected
2026-05-31 01:02:12,455 INFO watchfiles.main: 1 change detected
2026-05-31 01:02:12,906 INFO watchfiles.main: 1 change detected
2026-05-31 01:02:13,356 INFO watchfiles.main: 1 change detected
2026-05-31 01:02:13,761 INFO watchfiles.main: 1 change detected
2026-05-31 01:02:14,126 INFO watchfiles.main: 1 change detected
2026-05-31 01:02:14,590 INFO watchfiles.main: 1 change detected
2026-05-31 01:02:14,945 INFO watchfiles.main: 1 change detected
2026-05-31 01:02:15,358 INFO watchfiles.main: 1 change detected
2026-05-31 01:02:15,772 INFO watchfiles.main: 1 change detected
2026-05-31 01:02:16,175 INFO watchfiles.main: 1 change detected
2026-05-31 01:02:16,591 INFO watchfiles.main: 1 change detected
2026-05-31 01:02:16,992 INFO watchfiles.main: 1 change detected
2026-05-31 01:02:17,408 INFO watchfiles.main: 1 change detected
2026-05-31 01:02:17,823 INFO watchfiles.main: 1 change detected
2026-05-31 01:02:18,224 INFO watchfiles.main: 1 change detected
2026-05-31 01:02:18,638 INFO watchfiles.main: 1 change detected
2026-05-31 01:02:19,055 INFO watchfiles.main: 1 change detected
2026-05-31 01:02:19,471 INFO watchfiles.main: 1 change detected
2026-05-31 01:02:19,923 INFO watchfiles.main: 1 change detected
2026-05-31 01:02:20,288 INFO watchfiles.main: 1 change detected
2026-05-31 01:02:20,705 INFO watchfiles.main: 1 change detected
2026-05-31 01:02:21,121 INFO watchfiles.main: 1 change detected
2026-05-31 01:02:21,524 INFO watchfiles.main: 1 change detected
2026-05-31 01:02:21,929 INFO watchfiles.main: 1 change detected
2026-05-31 01:02:22,337 INFO watchfiles.main: 1 change detected
2026-05-31 01:02:22,707 INFO watchfiles.main: 1 change detected
2026-05-31 01:02:23,149 INFO watchfiles.main: 1 change detected
2026-05-31 01:02:23,508 INFO watchfiles.main: 1 change detected
2026-05-31 01:02:23,922 INFO watchfiles.main: 1 change detected
2026-05-31 01:02:24,335 INFO watchfiles.main: 1 change detected
2026-05-31 01:02:24,735 INFO watchfiles.main: 1 change detected
2026-05-31 01:02:25,211 INFO watchfiles.main: 1 change detected
2026-05-31 01:02:25,572 INFO watchfiles.main: 1 change detected
2026-05-31 01:02:25,988 INFO watchfiles.main: 1 change detected
2026-05-31 01:02:26,405 INFO watchfiles.main: 1 change detected
2026-05-31 01:02:26,771 INFO watchfiles.main: 1 change detected
2026-05-31 01:02:27,189 INFO watchfiles.main: 1 change detected
2026-05-31 01:02:27,552 INFO watchfiles.main: 1 change detected
2026-05-31 01:02:27,954 INFO watchfiles.main: 1 change detected
2026-05-31 01:02:28,369 INFO watchfiles.main: 1 change detected
2026-05-31 01:02:28,773 INFO watchfiles.main: 1 change detected
2026-05-31 01:02:29,189 INFO watchfiles.main: 1 change detected
2026-05-31 01:02:29,600 INFO watchfiles.main: 1 change detected
2026-05-31 01:02:30,006 INFO watchfiles.main: 1 change detected
2026-05-31 01:02:30,370 INFO watchfiles.main: 1 change detected
2026-05-31 01:02:30,772 INFO watchfiles.main: 1 change detected
2026-05-31 01:02:31,189 INFO watchfiles.main: 1 change detected
2026-05-31 01:02:31,602 INFO watchfiles.main: 1 change detected
2026-05-31 01:02:32,017 INFO watchfiles.main: 1 change detected
2026-05-31 01:02:32,422 INFO watchfiles.main: 1 change detected
2026-05-31 01:02:32,836 INFO watchfiles.main: 1 change detected
2026-05-31 01:02:33,254 INFO watchfiles.main: 1 change detected
2026-05-31 01:02:33,659 INFO watchfiles.main: 1 change detected
2026-05-31 01:02:34,069 INFO watchfiles.main: 1 change detected
2026-05-31 01:02:34,487 INFO watchfiles.main: 1 change detected
2026-05-31 01:02:34,903 INFO watchfiles.main: 1 change detected
2026-05-31 01:02:35,307 INFO watchfiles.main: 1 change detected
2026-05-31 01:02:35,714 INFO watchfiles.main: 1 change detected
2026-05-31 01:02:36,120 INFO watchfiles.main: 1 change detected
2026-05-31 01:02:36,534 INFO watchfiles.main: 1 change detected
2026-05-31 01:02:36,961 INFO watchfiles.main: 1 change detected
2026-05-31 01:02:37,385 INFO watchfiles.main: 1 change detected
2026-05-31 01:02:37,801 INFO watchfiles.main: 1 change detected
2026-05-31 01:02:38,204 INFO watchfiles.main: 1 change detected
2026-05-31 01:02:38,569 INFO watchfiles.main: 1 change detected
2026-05-31 01:02:39,023 INFO watchfiles.main: 1 change detected
2026-05-31 01:02:39,382 INFO watchfiles.main: 1 change detected
2026-05-31 01:02:39,789 INFO watchfiles.main: 1 change detected
2026-05-31 01:02:40,201 INFO watchfiles.main: 1 change detected
2026-05-31 01:02:40,617 INFO watchfiles.main: 1 change detected
2026-05-31 01:02:41,034 INFO watchfiles.main: 1 change detected
2026-05-31 01:02:41,451 INFO watchfiles.main: 1 change detected
2026-05-31 01:02:41,855 INFO watchfiles.main: 1 change detected
2026-05-31 01:02:42,216 INFO watchfiles.main: 1 change detected
2026-05-31 01:02:42,634 INFO watchfiles.main: 1 change detected
2026-05-31 01:02:43,049 INFO watchfiles.main: 1 change detected
2026-05-31 01:02:43,452 INFO watchfiles.main: 1 change detected
2026-05-31 01:02:43,868 INFO watchfiles.main: 1 change detected
2026-05-31 01:02:44,290 INFO watchfiles.main: 1 change detected
2026-05-31 01:02:44,661 INFO watchfiles.main: 1 change detected
2026-05-31 01:02:45,064 INFO watchfiles.main: 1 change detected
2026-05-31 01:02:45,468 INFO watchfiles.main: 1 change detected
2026-05-31 01:02:45,881 INFO watchfiles.main: 1 change detected
2026-05-31 01:02:46,331 INFO watchfiles.main: 1 change detected
2026-05-31 01:02:46,782 INFO watchfiles.main: 1 change detected
2026-05-31 01:02:47,184 INFO watchfiles.main: 1 change detected
2026-05-31 01:02:47,587 INFO watchfiles.main: 1 change detected
2026-05-31 01:02:47,998 INFO watchfiles.main: 1 change detected
2026-05-31 01:02:48,400 INFO watchfiles.main: 1 change detected
2026-05-31 01:02:48,823 INFO watchfiles.main: 1 change detected
2026-05-31 01:02:53,685 INFO watchfiles.main: 1 change detected
2026-05-31 01:02:54,044 INFO watchfiles.main: 1 change detected
2026-05-31 01:02:54,447 INFO watchfiles.main: 1 change detected
2026-05-31 01:02:54,811 INFO watchfiles.main: 1 change detected
2026-05-31 01:02:55,216 INFO watchfiles.main: 1 change detected
2026-05-31 01:02:55,617 INFO watchfiles.main: 1 change detected
2026-05-31 01:02:56,024 INFO watchfiles.main: 1 change detected
2026-05-31 01:02:56,437 INFO watchfiles.main: 1 change detected
2026-05-31 01:02:56,867 INFO watchfiles.main: 1 change detected
2026-05-31 01:02:57,280 INFO watchfiles.main: 1 change detected
2026-05-31 01:02:57,637 INFO watchfiles.main: 1 change detected
2026-05-31 01:02:58,051 INFO watchfiles.main: 1 change detected
2026-05-31 01:02:58,468 INFO watchfiles.main: 1 change detected
2026-05-31 01:02:58,876 INFO watchfiles.main: 1 change detected
2026-05-31 01:02:59,278 INFO watchfiles.main: 1 change detected
2026-05-31 01:02:59,682 INFO watchfiles.main: 1 change detected
2026-05-31 01:03:00,098 INFO watchfiles.main: 1 change detected
2026-05-31 01:03:00,465 INFO watchfiles.main: 1 change detected
2026-05-31 01:03:00,880 INFO watchfiles.main: 1 change detected
2026-05-31 01:03:01,306 INFO watchfiles.main: 1 change detected
2026-05-31 01:03:01,712 INFO watchfiles.main: 1 change detected
2026-05-31 01:03:02,115 INFO watchfiles.main: 1 change detected
2026-05-31 01:03:02,517 INFO watchfiles.main: 1 change detected
2026-05-31 01:03:02,969 INFO watchfiles.main: 1 change detected
2026-05-31 01:03:03,380 INFO watchfiles.main: 1 change detected
2026-05-31 01:03:03,783 INFO watchfiles.main: 1 change detected
2026-05-31 01:03:04,186 INFO watchfiles.main: 1 change detected
2026-05-31 01:03:04,595 INFO watchfiles.main: 1 change detected
2026-05-31 01:03:05,010 INFO watchfiles.main: 1 change detected
2026-05-31 01:03:05,450 INFO watchfiles.main: 1 change detected
2026-05-31 01:03:05,845 INFO watchfiles.main: 1 change detected
2026-05-31 01:03:06,210 INFO watchfiles.main: 1 change detected
2026-05-31 01:03:06,628 INFO watchfiles.main: 1 change detected
2026-05-31 01:03:06,982 INFO watchfiles.main: 1 change detected
2026-05-31 01:03:07,406 INFO watchfiles.main: 1 change detected
2026-05-31 01:03:07,811 INFO watchfiles.main: 1 change detected
2026-05-31 01:03:08,216 INFO watchfiles.main: 1 change detected
2026-05-31 01:03:08,630 INFO watchfiles.main: 1 change detected
2026-05-31 01:03:08,994 INFO watchfiles.main: 1 change detected
2026-05-31 01:03:09,398 INFO watchfiles.main: 1 change detected
2026-05-31 01:03:09,852 INFO watchfiles.main: 1 change detected
2026-05-31 01:03:10,262 INFO watchfiles.main: 1 change detected
2026-05-31 01:03:10,627 INFO watchfiles.main: 1 change detected
2026-05-31 01:03:11,031 INFO watchfiles.main: 1 change detected
2026-05-31 01:03:11,443 INFO watchfiles.main: 1 change detected
2026-05-31 01:03:11,847 INFO watchfiles.main: 1 change detected
2026-05-31 01:03:12,262 INFO watchfiles.main: 1 change detected
2026-05-31 01:03:12,667 INFO watchfiles.main: 1 change detected
2026-05-31 01:03:13,027 INFO watchfiles.main: 1 change detected
2026-05-31 01:03:13,444 INFO watchfiles.main: 1 change detected
2026-05-31 01:03:13,858 INFO watchfiles.main: 1 change detected
2026-05-31 01:03:14,239 INFO watchfiles.main: 1 change detected
2026-05-31 01:03:14,712 INFO watchfiles.main: 1 change detected
2026-05-31 01:03:15,126 INFO watchfiles.main: 1 change detected
2026-05-31 01:03:15,543 INFO watchfiles.main: 1 change detected
2026-05-31 01:03:15,960 INFO watchfiles.main: 1 change detected
2026-05-31 01:03:16,375 INFO watchfiles.main: 1 change detected
2026-05-31 01:03:16,780 INFO watchfiles.main: 1 change detected
2026-05-31 01:03:17,144 INFO watchfiles.main: 1 change detected
2026-05-31 01:03:17,563 INFO watchfiles.main: 1 change detected
2026-05-31 01:03:17,977 INFO watchfiles.main: 1 change detected
2026-05-31 01:03:18,395 INFO watchfiles.main: 1 change detected
2026-05-31 01:03:18,813 INFO watchfiles.main: 1 change detected
2026-05-31 01:03:19,234 INFO watchfiles.main: 3 changes detected
2026-05-31 01:03:19,592 INFO watchfiles.main: 2 changes detected
2026-05-31 01:03:19,953 INFO watchfiles.main: 1 change detected
2026-05-31 01:03:20,319 INFO watchfiles.main: 1 change detected
2026-05-31 01:03:20,677 INFO watchfiles.main: 1 change detected
2026-05-31 01:03:21,037 INFO watchfiles.main: 1 change detected
2026-05-31 01:03:21,393 INFO watchfiles.main: 1 change detected
2026-05-31 01:03:21,753 INFO watchfiles.main: 1 change detected
2026-05-31 01:03:22,159 INFO watchfiles.main: 1 change detected
2026-05-31 01:03:22,575 INFO watchfiles.main: 1 change detected
2026-05-31 01:03:22,992 INFO watchfiles.main: 1 change detected
2026-05-31 01:03:23,408 INFO watchfiles.main: 1 change detected
2026-05-31 01:03:23,825 INFO watchfiles.main: 1 change detected
2026-05-31 01:03:24,247 INFO watchfiles.main: 1 change detected
2026-05-31 01:03:24,659 INFO watchfiles.main: 1 change detected
2026-05-31 01:03:25,075 INFO watchfiles.main: 1 change detected
2026-05-31 01:03:25,491 INFO watchfiles.main: 1 change detected
2026-05-31 01:03:25,898 INFO watchfiles.main: 1 change detected
2026-05-31 01:03:26,307 INFO watchfiles.main: 1 change detected
2026-05-31 01:03:26,718 INFO watchfiles.main: 1 change detected
2026-05-31 01:03:27,123 INFO watchfiles.main: 1 change detected
2026-05-31 01:03:27,540 INFO watchfiles.main: 1 change detected
2026-05-31 01:03:27,944 INFO watchfiles.main: 1 change detected
2026-05-31 01:03:28,352 INFO watchfiles.main: 1 change detected
2026-05-31 01:03:28,757 INFO watchfiles.main: 1 change detected
2026-05-31 01:03:29,168 INFO watchfiles.main: 1 change detected
2026-05-31 01:03:29,576 INFO watchfiles.main: 1 change detected
2026-05-31 01:03:29,942 INFO watchfiles.main: 1 change detected
2026-05-31 01:03:30,399 INFO watchfiles.main: 1 change detected
2026-05-31 01:03:30,815 INFO watchfiles.main: 1 change detected
2026-05-31 01:03:31,231 INFO watchfiles.main: 1 change detected
2026-05-31 01:03:31,635 INFO watchfiles.main: 1 change detected
2026-05-31 01:03:32,037 INFO watchfiles.main: 1 change detected
2026-05-31 01:03:32,403 INFO watchfiles.main: 1 change detected
2026-05-31 01:03:32,812 INFO watchfiles.main: 1 change detected
2026-05-31 01:03:33,218 INFO watchfiles.main: 1 change detected
2026-05-31 01:03:33,636 INFO watchfiles.main: 1 change detected
2026-05-31 01:03:33,987 INFO watchfiles.main: 1 change detected
2026-05-31 01:03:34,390 INFO watchfiles.main: 1 change detected
2026-05-31 01:03:34,803 INFO watchfiles.main: 1 change detected
2026-05-31 01:03:35,218 INFO watchfiles.main: 1 change detected
2026-05-31 01:03:35,623 INFO watchfiles.main: 1 change detected
2026-05-31 01:03:36,025 INFO watchfiles.main: 1 change detected
2026-05-31 01:03:36,436 INFO watchfiles.main: 1 change detected
2026-05-31 01:03:36,840 INFO watchfiles.main: 1 change detected
2026-05-31 01:03:37,243 INFO watchfiles.main: 1 change detected
2026-05-31 01:03:37,654 INFO watchfiles.main: 1 change detected
2026-05-31 01:03:38,056 INFO watchfiles.main: 1 change detected
2026-05-31 01:03:38,421 INFO watchfiles.main: 1 change detected
2026-05-31 01:03:38,825 INFO watchfiles.main: 1 change detected
2026-05-31 01:03:39,241 INFO watchfiles.main: 1 change detected
2026-05-31 01:03:39,657 INFO watchfiles.main: 1 change detected
2026-05-31 01:03:40,074 INFO watchfiles.main: 1 change detected
2026-05-31 01:03:40,490 INFO watchfiles.main: 1 change detected
2026-05-31 01:03:40,854 INFO watchfiles.main: 1 change detected
2026-05-31 01:03:41,258 INFO watchfiles.main: 1 change detected
2026-05-31 01:03:41,661 INFO watchfiles.main: 1 change detected
2026-05-31 01:03:42,128 INFO watchfiles.main: 1 change detected
2026-05-31 01:03:42,616 INFO watchfiles.main: 1 change detected
2026-05-31 01:03:43,019 INFO watchfiles.main: 1 change detected
2026-05-31 01:03:43,423 INFO watchfiles.main: 1 change detected
2026-05-31 01:03:43,837 INFO watchfiles.main: 1 change detected
2026-05-31 01:03:44,254 INFO watchfiles.main: 1 change detected
2026-05-31 01:03:44,654 INFO watchfiles.main: 1 change detected
2026-05-31 01:03:45,057 INFO watchfiles.main: 1 change detected
2026-05-31 01:03:45,473 INFO watchfiles.main: 1 change detected
2026-05-31 01:03:45,888 INFO watchfiles.main: 1 change detected
2026-05-31 01:03:46,294 INFO watchfiles.main: 1 change detected
2026-05-31 01:03:46,695 INFO watchfiles.main: 1 change detected
2026-05-31 01:03:47,103 INFO watchfiles.main: 1 change detected
2026-05-31 01:03:47,509 INFO watchfiles.main: 1 change detected
2026-05-31 01:03:47,923 INFO watchfiles.main: 1 change detected
2026-05-31 01:03:48,327 INFO watchfiles.main: 1 change detected
2026-05-31 01:03:48,738 INFO watchfiles.main: 1 change detected
2026-05-31 01:03:53,318 INFO watchfiles.main: 1 change detected
2026-05-31 01:03:53,669 INFO watchfiles.main: 1 change detected
2026-05-31 01:03:54,072 INFO watchfiles.main: 1 change detected
2026-05-31 01:03:54,488 INFO watchfiles.main: 1 change detected
2026-05-31 01:03:54,899 INFO watchfiles.main: 1 change detected
2026-05-31 01:03:55,303 INFO watchfiles.main: 1 change detected
2026-05-31 01:03:55,662 INFO watchfiles.main: 1 change detected
2026-05-31 01:03:56,076 INFO watchfiles.main: 1 change detected
2026-05-31 01:03:56,487 INFO watchfiles.main: 1 change detected
2026-05-31 01:03:56,904 INFO watchfiles.main: 1 change detected
2026-05-31 01:03:57,319 INFO watchfiles.main: 1 change detected
2026-05-31 01:03:57,684 INFO watchfiles.main: 1 change detected
2026-05-31 01:03:58,087 INFO watchfiles.main: 1 change detected
2026-05-31 01:03:58,550 INFO watchfiles.main: 1 change detected
2026-05-31 01:03:58,917 INFO watchfiles.main: 1 change detected
2026-05-31 01:03:59,332 INFO watchfiles.main: 1 change detected
2026-05-31 01:03:59,735 INFO watchfiles.main: 1 change detected
2026-05-31 01:04:00,150 INFO watchfiles.main: 1 change detected
2026-05-31 01:04:00,567 INFO watchfiles.main: 1 change detected
2026-05-31 01:04:00,968 INFO watchfiles.main: 1 change detected
2026-05-31 01:04:01,379 INFO watchfiles.main: 1 change detected
2026-05-31 01:04:01,736 INFO watchfiles.main: 1 change detected
2026-05-31 01:04:02,148 INFO watchfiles.main: 1 change detected
2026-05-31 01:04:02,552 INFO watchfiles.main: 1 change detected
2026-05-31 01:04:02,954 INFO watchfiles.main: 1 change detected
2026-05-31 01:04:03,368 INFO watchfiles.main: 1 change detected
2026-05-31 01:04:03,833 INFO watchfiles.main: 1 change detected
2026-05-31 01:04:04,197 INFO watchfiles.main: 1 change detected
2026-05-31 01:04:04,613 INFO watchfiles.main: 1 change detected
2026-05-31 01:04:05,018 INFO watchfiles.main: 1 change detected
2026-05-31 01:04:05,385 INFO watchfiles.main: 1 change detected
2026-05-31 01:04:05,799 INFO watchfiles.main: 1 change detected
2026-05-31 01:04:06,155 INFO watchfiles.main: 1 change detected
2026-05-31 01:04:06,564 INFO watchfiles.main: 1 change detected
2026-05-31 01:04:06,967 INFO watchfiles.main: 1 change detected
2026-05-31 01:04:07,370 INFO watchfiles.main: 1 change detected
2026-05-31 01:04:07,784 INFO watchfiles.main: 1 change detected
2026-05-31 01:04:08,224 INFO watchfiles.main: 1 change detected
2026-05-31 01:04:08,644 INFO watchfiles.main: 1 change detected
2026-05-31 01:04:09,063 INFO watchfiles.main: 1 change detected
2026-05-31 01:04:09,466 INFO watchfiles.main: 1 change detected
2026-05-31 01:04:09,830 INFO watchfiles.main: 1 change detected
2026-05-31 01:04:10,235 INFO watchfiles.main: 1 change detected
2026-05-31 01:04:10,638 INFO watchfiles.main: 1 change detected
2026-05-31 01:04:11,048 INFO watchfiles.main: 1 change detected
2026-05-31 01:04:11,467 INFO watchfiles.main: 1 change detected
2026-05-31 01:04:11,881 INFO watchfiles.main: 1 change detected
2026-05-31 01:04:12,283 INFO watchfiles.main: 1 change detected
2026-05-31 01:04:12,698 INFO watchfiles.main: 1 change detected
2026-05-31 01:04:13,114 INFO watchfiles.main: 1 change detected
2026-05-31 01:04:13,518 INFO watchfiles.main: 1 change detected
2026-05-31 01:04:13,932 INFO watchfiles.main: 1 change detected
2026-05-31 01:04:14,298 INFO watchfiles.main: 1 change detected
2026-05-31 01:04:14,714 INFO watchfiles.main: 1 change detected
2026-05-31 01:04:15,131 INFO watchfiles.main: 1 change detected
2026-05-31 01:04:15,547 INFO watchfiles.main: 1 change detected
2026-05-31 01:04:15,963 INFO watchfiles.main: 1 change detected
2026-05-31 01:04:16,380 INFO watchfiles.main: 1 change detected
2026-05-31 01:04:16,782 INFO watchfiles.main: 1 change detected
2026-05-31 01:04:17,187 INFO watchfiles.main: 1 change detected
2026-05-31 01:04:17,599 INFO watchfiles.main: 1 change detected
2026-05-31 01:04:17,952 INFO watchfiles.main: 1 change detected
2026-05-31 01:04:18,361 INFO watchfiles.main: 1 change detected
2026-05-31 01:04:18,769 INFO watchfiles.main: 1 change detected
2026-05-31 01:04:19,191 INFO watchfiles.main: 1 change detected
2026-05-31 01:04:19,648 INFO watchfiles.main: 1 change detected
2026-05-31 01:04:20,080 INFO watchfiles.main: 1 change detected
2026-05-31 01:04:20,496 INFO watchfiles.main: 1 change detected
2026-05-31 01:04:20,916 INFO watchfiles.main: 1 change detected
2026-05-31 01:04:21,330 INFO watchfiles.main: 1 change detected
2026-05-31 01:04:21,747 INFO watchfiles.main: 1 change detected
2026-05-31 01:04:22,159 INFO watchfiles.main: 1 change detected
2026-05-31 01:04:22,522 INFO watchfiles.main: 1 change detected
2026-05-31 01:04:22,930 INFO watchfiles.main: 1 change detected
2026-05-31 01:04:23,389 INFO watchfiles.main: 1 change detected
2026-05-31 01:04:23,793 INFO watchfiles.main: 1 change detected
2026-05-31 01:04:24,201 INFO watchfiles.main: 1 change detected
2026-05-31 01:04:24,618 INFO watchfiles.main: 1 change detected
2026-05-31 01:04:24,981 INFO watchfiles.main: 1 change detected
2026-05-31 01:04:25,402 INFO watchfiles.main: 1 change detected
2026-05-31 01:04:25,820 INFO watchfiles.main: 1 change detected
2026-05-31 01:04:26,223 INFO watchfiles.main: 1 change detected
2026-05-31 01:04:26,629 INFO watchfiles.main: 1 change detected
2026-05-31 01:04:27,033 INFO watchfiles.main: 1 change detected
2026-05-31 01:04:27,395 INFO watchfiles.main: 1 change detected
2026-05-31 01:04:27,800 INFO watchfiles.main: 1 change detected
2026-05-31 01:04:28,212 INFO watchfiles.main: 1 change detected
2026-05-31 01:04:28,616 INFO watchfiles.main: 1 change detected
2026-05-31 01:04:29,024 INFO watchfiles.main: 1 change detected
2026-05-31 01:04:29,426 INFO watchfiles.main: 1 change detected
2026-05-31 01:04:29,839 INFO watchfiles.main: 1 change detected
2026-05-31 01:04:30,196 INFO watchfiles.main: 1 change detected
2026-05-31 01:04:30,606 INFO watchfiles.main: 1 change detected
2026-05-31 01:04:31,049 INFO watchfiles.main: 1 change detected
2026-05-31 01:04:31,416 INFO watchfiles.main: 1 change detected
2026-05-31 01:04:31,828 INFO watchfiles.main: 1 change detected
2026-05-31 01:04:32,230 INFO watchfiles.main: 1 change detected
2026-05-31 01:04:32,636 INFO watchfiles.main: 1 change detected
2026-05-31 01:04:33,049 INFO watchfiles.main: 1 change detected
2026-05-31 01:04:33,459 INFO watchfiles.main: 1 change detected
2026-05-31 01:04:33,861 INFO watchfiles.main: 1 change detected
2026-05-31 01:04:34,264 INFO watchfiles.main: 1 change detected
2026-05-31 01:04:34,674 INFO watchfiles.main: 1 change detected
2026-05-31 01:04:35,083 INFO watchfiles.main: 1 change detected
2026-05-31 01:04:35,539 INFO watchfiles.main: 1 change detected
2026-05-31 01:04:35,944 INFO watchfiles.main: 1 change detected
2026-05-31 01:04:36,350 INFO watchfiles.main: 1 change detected
2026-05-31 01:04:36,708 INFO watchfiles.main: 1 change detected
2026-05-31 01:04:37,116 INFO watchfiles.main: 1 change detected
2026-05-31 01:04:37,529 INFO watchfiles.main: 1 change detected
2026-05-31 01:04:37,892 INFO watchfiles.main: 1 change detected
2026-05-31 01:04:38,295 INFO watchfiles.main: 1 change detected
2026-05-31 01:04:38,709 INFO watchfiles.main: 1 change detected
2026-05-31 01:04:39,112 INFO watchfiles.main: 1 change detected
2026-05-31 01:04:39,524 INFO watchfiles.main: 1 change detected
2026-05-31 01:04:39,929 INFO watchfiles.main: 1 change detected
2026-05-31 01:04:40,288 INFO watchfiles.main: 1 change detected
2026-05-31 01:04:40,694 INFO watchfiles.main: 1 change detected
2026-05-31 01:04:41,146 INFO watchfiles.main: 1 change detected
2026-05-31 01:04:41,587 INFO watchfiles.main: 1 change detected
2026-05-31 01:04:41,974 INFO watchfiles.main: 1 change detected
2026-05-31 01:04:42,378 INFO watchfiles.main: 1 change detected
2026-05-31 01:04:42,787 INFO watchfiles.main: 1 change detected
2026-05-31 01:04:43,191 INFO watchfiles.main: 1 change detected
2026-05-31 01:04:43,544 INFO watchfiles.main: 1 change detected
2026-05-31 01:04:43,958 INFO watchfiles.main: 1 change detected
2026-05-31 01:04:44,360 INFO watchfiles.main: 1 change detected
2026-05-31 01:04:44,730 INFO watchfiles.main: 1 change detected
2026-05-31 01:04:45,142 INFO watchfiles.main: 1 change detected
2026-05-31 01:04:45,544 INFO watchfiles.main: 1 change detected
2026-05-31 01:04:45,956 INFO watchfiles.main: 1 change detected
2026-05-31 01:04:46,373 INFO watchfiles.main: 1 change detected
2026-05-31 01:04:46,738 INFO watchfiles.main: 1 change detected
2026-05-31 01:04:47,149 INFO watchfiles.main: 1 change detected
2026-05-31 01:04:47,556 INFO watchfiles.main: 1 change detected
2026-05-31 01:04:47,972 INFO watchfiles.main: 1 change detected
2026-05-31 01:04:48,378 INFO watchfiles.main: 1 change detected
2026-05-31 01:04:48,787 INFO watchfiles.main: 1 change detected
2026-05-31 01:04:53,108 INFO watchfiles.main: 1 change detected
2026-05-31 01:04:53,513 INFO watchfiles.main: 1 change detected
2026-05-31 01:04:53,873 INFO watchfiles.main: 1 change detected
2026-05-31 01:04:54,286 INFO watchfiles.main: 1 change detected
2026-05-31 01:04:54,689 INFO watchfiles.main: 1 change detected
2026-05-31 01:04:55,092 INFO watchfiles.main: 1 change detected
2026-05-31 01:04:55,512 INFO watchfiles.main: 1 change detected
2026-05-31 01:04:55,922 INFO watchfiles.main: 1 change detected
2026-05-31 01:04:56,339 INFO watchfiles.main: 1 change detected
2026-05-31 01:04:56,744 INFO watchfiles.main: 1 change detected
2026-05-31 01:04:57,185 INFO watchfiles.main: 1 change detected
2026-05-31 01:04:57,537 INFO watchfiles.main: 1 change detected
2026-05-31 01:04:57,889 INFO watchfiles.main: 1 change detected
2026-05-31 01:04:58,254 INFO watchfiles.main: 1 change detected
2026-05-31 01:04:58,669 INFO watchfiles.main: 1 change detected
2026-05-31 01:04:59,055 INFO watchfiles.main: 1 change detected
2026-05-31 01:05:00,131 INFO watchfiles.main: 1 change detected
2026-05-31 01:05:00,503 INFO watchfiles.main: 1 change detected
2026-05-31 01:05:00,922 INFO watchfiles.main: 1 change detected
2026-05-31 01:05:01,336 INFO watchfiles.main: 1 change detected
2026-05-31 01:05:01,749 INFO watchfiles.main: 1 change detected
2026-05-31 01:05:02,674 INFO watchfiles.main: 1 change detected
2026-05-31 01:05:03,054 INFO watchfiles.main: 1 change detected
2026-05-31 01:05:03,425 INFO watchfiles.main: 1 change detected
2026-05-31 01:05:03,838 INFO watchfiles.main: 1 change detected
2026-05-31 01:05:04,241 INFO watchfiles.main: 1 change detected
2026-05-31 01:05:04,656 INFO watchfiles.main: 1 change detected
2026-05-31 01:05:05,070 INFO watchfiles.main: 1 change detected
2026-05-31 01:05:05,522 INFO watchfiles.main: 1 change detected
2026-05-31 01:05:05,934 INFO watchfiles.main: 1 change detected
2026-05-31 01:05:06,346 INFO watchfiles.main: 1 change detected
2026-05-31 01:05:06,749 INFO watchfiles.main: 1 change detected
2026-05-31 01:05:07,152 INFO watchfiles.main: 1 change detected
2026-05-31 01:05:07,568 INFO watchfiles.main: 1 change detected
2026-05-31 01:05:08,002 INFO watchfiles.main: 1 change detected
2026-05-31 01:05:08,978 INFO watchfiles.main: 1 change detected
2026-05-31 01:05:09,337 INFO watchfiles.main: 1 change detected
2026-05-31 01:05:09,804 INFO watchfiles.main: 1 change detected
2026-05-31 01:05:10,218 INFO watchfiles.main: 1 change detected
2026-05-31 01:05:10,636 INFO watchfiles.main: 1 change detected
2026-05-31 01:05:11,154 INFO watchfiles.main: 1 change detected
2026-05-31 01:05:11,567 INFO watchfiles.main: 1 change detected
2026-05-31 01:05:11,984 INFO watchfiles.main: 1 change detected
2026-05-31 01:05:12,386 INFO watchfiles.main: 1 change detected
2026-05-31 01:05:12,809 INFO watchfiles.main: 1 change detected
2026-05-31 01:05:13,217 INFO watchfiles.main: 1 change detected
2026-05-31 01:05:13,634 INFO watchfiles.main: 1 change detected
2026-05-31 01:05:14,053 INFO watchfiles.main: 1 change detected
2026-05-31 01:05:14,470 INFO watchfiles.main: 1 change detected
2026-05-31 01:05:14,835 INFO watchfiles.main: 1 change detected
2026-05-31 01:05:15,250 INFO watchfiles.main: 1 change detected
2026-05-31 01:05:15,654 INFO watchfiles.main: 1 change detected
2026-05-31 01:05:16,069 INFO watchfiles.main: 1 change detected
2026-05-31 01:05:16,487 INFO watchfiles.main: 1 change detected
2026-05-31 01:05:16,903 INFO watchfiles.main: 1 change detected
2026-05-31 01:05:17,272 INFO watchfiles.main: 1 change detected
2026-05-31 01:05:17,687 INFO watchfiles.main: 1 change detected
2026-05-31 01:05:18,105 INFO watchfiles.main: 1 change detected
2026-05-31 01:05:23,780 INFO watchfiles.main: 1 change detected
2026-05-31 01:05:24,153 INFO watchfiles.main: 1 change detected
2026-05-31 01:05:24,518 INFO watchfiles.main: 1 change detected
2026-05-31 01:05:24,877 INFO watchfiles.main: 1 change detected
2026-05-31 01:05:25,229 INFO watchfiles.main: 1 change detected
2026-05-31 01:05:25,631 INFO watchfiles.main: 1 change detected
2026-05-31 01:05:26,300 INFO watchfiles.main: 1 change detected
2026-05-31 01:05:26,653 INFO watchfiles.main: 1 change detected
2026-05-31 01:05:27,062 INFO watchfiles.main: 1 change detected
2026-05-31 01:05:27,470 INFO watchfiles.main: 1 change detected
2026-05-31 01:05:27,877 INFO watchfiles.main: 1 change detected
2026-05-31 01:05:28,287 INFO watchfiles.main: 1 change detected
2026-05-31 01:05:28,704 INFO watchfiles.main: 1 change detected
2026-05-31 01:05:29,120 INFO watchfiles.main: 1 change detected
2026-05-31 01:05:29,531 INFO watchfiles.main: 1 change detected
2026-05-31 01:05:29,936 INFO watchfiles.main: 1 change detected
2026-05-31 01:05:30,303 INFO watchfiles.main: 1 change detected
2026-05-31 01:05:30,727 INFO watchfiles.main: 1 change detected
2026-05-31 01:05:31,131 INFO watchfiles.main: 1 change detected
2026-05-31 01:05:31,535 INFO watchfiles.main: 1 change detected
2026-05-31 01:05:31,953 INFO watchfiles.main: 1 change detected
2026-05-31 01:05:32,388 INFO watchfiles.main: 1 change detected
2026-05-31 01:05:32,797 INFO watchfiles.main: 1 change detected
2026-05-31 01:05:33,207 INFO watchfiles.main: 1 change detected
2026-05-31 01:05:33,621 INFO watchfiles.main: 1 change detected
2026-05-31 01:05:34,047 INFO watchfiles.main: 1 change detected
2026-05-31 01:05:34,464 INFO watchfiles.main: 1 change detected
2026-05-31 01:05:34,820 INFO watchfiles.main: 1 change detected
2026-05-31 01:05:35,223 INFO watchfiles.main: 1 change detected
2026-05-31 01:05:35,685 INFO watchfiles.main: 1 change detected
2026-05-31 01:05:36,103 INFO watchfiles.main: 1 change detected
2026-05-31 01:05:36,512 INFO watchfiles.main: 1 change detected
2026-05-31 01:05:36,913 INFO watchfiles.main: 1 change detected
2026-05-31 01:05:37,329 INFO watchfiles.main: 1 change detected
2026-05-31 01:05:39,277 INFO watchfiles.main: 1 change detected
2026-05-31 01:05:40,171 INFO watchfiles.main: 1 change detected
2026-05-31 01:05:40,541 INFO watchfiles.main: 1 change detected
2026-05-31 01:06:23,872 INFO watchfiles.main: 1 change detected
2026-05-31 01:06:33,965 INFO watchfiles.main: 1 change detected
2026-05-31 01:06:34,340 INFO watchfiles.main: 1 change detected
2026-05-31 01:06:35,064 INFO watchfiles.main: 1 change detected
2026-05-31 01:06:35,421 INFO watchfiles.main: 1 change detected
2026-05-31 01:06:35,790 INFO watchfiles.main: 1 change detected
2026-05-31 01:06:36,153 INFO watchfiles.main: 1 change detected
2026-05-31 01:06:36,522 INFO watchfiles.main: 1 change detected
2026-05-31 01:06:36,872 INFO watchfiles.main: 1 change detected
2026-05-31 01:06:37,289 INFO watchfiles.main: 1 change detected
2026-05-31 01:06:37,703 INFO watchfiles.main: 1 change detected
2026-05-31 01:06:38,646 INFO watchfiles.main: 1 change detected
2026-05-31 01:06:39,023 INFO watchfiles.main: 1 change detected
2026-05-31 01:06:39,952 INFO watchfiles.main: 1 change detected
2026-05-31 01:06:40,324 INFO watchfiles.main: 1 change detected
2026-05-31 01:06:40,743 INFO watchfiles.main: 1 change detected
2026-05-31 01:06:41,151 INFO watchfiles.main: 1 change detected
2026-05-31 01:06:41,564 INFO watchfiles.main: 1 change detected
2026-05-31 01:06:42,224 INFO watchfiles.main: 1 change detected
2026-05-31 01:06:42,687 INFO watchfiles.main: 1 change detected
2026-05-31 01:06:43,562 INFO watchfiles.main: 1 change detected
2026-05-31 01:06:43,936 INFO watchfiles.main: 1 change detected
2026-05-31 01:06:44,303 INFO watchfiles.main: 1 change detected
2026-05-31 01:06:44,719 INFO watchfiles.main: 1 change detected
2026-05-31 01:06:45,399 INFO watchfiles.main: 1 change detected
2026-05-31 01:06:45,769 INFO watchfiles.main: 1 change detected
2026-05-31 01:06:46,136 INFO watchfiles.main: 1 change detected
2026-05-31 01:06:46,499 INFO watchfiles.main: 1 change detected
2026-05-31 01:06:46,865 INFO watchfiles.main: 1 change detected
2026-05-31 01:06:47,235 INFO watchfiles.main: 1 change detected
2026-05-31 01:06:47,599 INFO watchfiles.main: 1 change detected
2026-05-31 01:06:47,966 INFO watchfiles.main: 1 change detected
2026-05-31 01:06:48,335 INFO watchfiles.main: 1 change detected
2026-05-31 01:06:48,702 INFO watchfiles.main: 1 change detected
2026-05-31 01:06:49,068 INFO watchfiles.main: 1 change detected
2026-05-31 01:06:49,432 INFO watchfiles.main: 1 change detected
2026-05-31 01:06:49,796 INFO watchfiles.main: 1 change detected
2026-05-31 01:06:50,156 INFO watchfiles.main: 1 change detected
2026-05-31 01:06:50,519 INFO watchfiles.main: 1 change detected
2026-05-31 01:06:50,882 INFO watchfiles.main: 1 change detected
2026-05-31 01:06:51,235 INFO watchfiles.main: 1 change detected
2026-05-31 01:06:51,598 INFO watchfiles.main: 1 change detected
2026-05-31 01:06:51,960 INFO watchfiles.main: 1 change detected
2026-05-31 01:06:52,331 INFO watchfiles.main: 1 change detected
2026-05-31 01:06:52,684 INFO watchfiles.main: 1 change detected
2026-05-31 01:06:53,095 INFO watchfiles.main: 1 change detected
2026-05-31 01:06:53,453 INFO watchfiles.main: 1 change detected
2026-05-31 01:06:53,804 INFO watchfiles.main: 1 change detected
2026-05-31 01:06:54,171 INFO watchfiles.main: 1 change detected
2026-05-31 01:06:54,552 INFO watchfiles.main: 1 change detected
2026-05-31 01:06:55,518 INFO watchfiles.main: 1 change detected
2026-05-31 01:06:55,904 INFO watchfiles.main: 1 change detected
2026-05-31 01:06:56,311 INFO watchfiles.main: 1 change detected
2026-05-31 01:06:56,722 INFO watchfiles.main: 1 change detected
2026-05-31 01:06:57,089 INFO watchfiles.main: 1 change detected
2026-05-31 01:06:57,621 INFO watchfiles.main: 1 change detected
2026-05-31 01:06:57,999 INFO watchfiles.main: 1 change detected
2026-05-31 01:06:58,365 INFO watchfiles.main: 1 change detected
2026-05-31 01:06:58,739 INFO watchfiles.main: 1 change detected
2026-05-31 01:06:59,097 INFO watchfiles.main: 1 change detected
2026-05-31 01:06:59,464 INFO watchfiles.main: 1 change detected
2026-05-31 01:06:59,833 INFO watchfiles.main: 1 change detected
2026-05-31 01:07:00,209 INFO watchfiles.main: 1 change detected
2026-05-31 01:07:00,587 INFO watchfiles.main: 1 change detected
2026-05-31 01:07:00,952 INFO watchfiles.main: 1 change detected
2026-05-31 01:07:01,315 INFO watchfiles.main: 1 change detected
2026-05-31 01:07:01,691 INFO watchfiles.main: 1 change detected
2026-05-31 01:07:02,066 INFO watchfiles.main: 1 change detected
2026-05-31 01:07:02,441 INFO watchfiles.main: 1 change detected
2026-05-31 01:07:02,835 INFO watchfiles.main: 1 change detected
2026-05-31 01:07:03,204 INFO watchfiles.main: 1 change detected
2026-05-31 01:07:03,569 INFO watchfiles.main: 1 change detected
2026-05-31 01:07:03,932 INFO watchfiles.main: 1 change detected
2026-05-31 01:07:04,298 INFO watchfiles.main: 1 change detected
2026-05-31 01:07:04,662 INFO watchfiles.main: 1 change detected
2026-05-31 01:07:05,032 INFO watchfiles.main: 1 change detected
2026-05-31 01:07:05,399 INFO watchfiles.main: 1 change detected
2026-05-31 01:07:05,762 INFO watchfiles.main: 1 change detected
2026-05-31 01:07:06,132 INFO watchfiles.main: 1 change detected
2026-05-31 01:07:06,498 INFO watchfiles.main: 1 change detected
2026-05-31 01:07:06,867 INFO watchfiles.main: 1 change detected
2026-05-31 01:07:07,232 INFO watchfiles.main: 1 change detected
2026-05-31 01:07:07,597 INFO watchfiles.main: 1 change detected
2026-05-31 01:07:07,963 INFO watchfiles.main: 1 change detected
2026-05-31 01:07:08,333 INFO watchfiles.main: 1 change detected
2026-05-31 01:07:08,687 INFO watchfiles.main: 1 change detected
2026-05-31 01:07:09,050 INFO watchfiles.main: 1 change detected
2026-05-31 01:07:09,415 INFO watchfiles.main: 1 change detected
2026-05-31 01:07:09,783 INFO watchfiles.main: 1 change detected
2026-05-31 01:07:10,148 INFO watchfiles.main: 1 change detected
2026-05-31 01:07:10,514 INFO watchfiles.main: 1 change detected
2026-05-31 01:07:10,874 INFO watchfiles.main: 1 change detected
2026-05-31 01:07:11,241 INFO watchfiles.main: 1 change detected
2026-05-31 01:07:11,615 INFO watchfiles.main: 1 change detected
2026-05-31 01:07:11,976 INFO watchfiles.main: 1 change detected
2026-05-31 01:07:12,623 INFO watchfiles.main: 1 change detected
2026-05-31 01:07:13,180 INFO watchfiles.main: 1 change detected
2026-05-31 01:07:13,566 INFO watchfiles.main: 1 change detected
2026-05-31 01:07:13,999 INFO watchfiles.main: 1 change detected
2026-05-31 01:07:14,485 INFO watchfiles.main: 1 change detected
2026-05-31 01:07:14,876 INFO watchfiles.main: 1 change detected
2026-05-31 01:07:20,967 INFO watchfiles.main: 1 change detected
2026-05-31 01:07:21,481 INFO watchfiles.main: 1 change detected
2026-05-31 01:07:22,327 INFO watchfiles.main: 1 change detected
2026-05-31 01:07:22,831 INFO watchfiles.main: 1 change detected
2026-05-31 01:07:23,247 INFO watchfiles.main: 1 change detected
2026-05-31 01:07:23,652 INFO watchfiles.main: 1 change detected
2026-05-31 01:07:24,016 INFO watchfiles.main: 1 change detected
2026-05-31 01:07:24,380 INFO watchfiles.main: 1 change detected
2026-05-31 01:07:24,746 INFO watchfiles.main: 1 change detected
2026-05-31 01:07:25,137 INFO watchfiles.main: 1 change detected
2026-05-31 01:07:25,513 INFO watchfiles.main: 1 change detected
2026-05-31 01:07:25,875 INFO watchfiles.main: 1 change detected
2026-05-31 01:07:26,244 INFO watchfiles.main: 1 change detected
2026-05-31 01:07:26,602 INFO watchfiles.main: 1 change detected
2026-05-31 01:07:27,129 INFO watchfiles.main: 1 change detected
2026-05-31 01:07:27,511 INFO watchfiles.main: 1 change detected
2026-05-31 01:07:27,868 INFO watchfiles.main: 1 change detected
2026-05-31 01:07:28,220 INFO watchfiles.main: 1 change detected
2026-05-31 01:07:28,587 INFO watchfiles.main: 1 change detected
2026-05-31 01:07:28,950 INFO watchfiles.main: 1 change detected
2026-05-31 01:07:29,311 INFO watchfiles.main: 1 change detected
2026-05-31 01:07:29,665 INFO watchfiles.main: 1 change detected
2026-05-31 01:07:30,037 INFO watchfiles.main: 1 change detected
2026-05-31 01:07:30,435 INFO watchfiles.main: 1 change detected
2026-05-31 01:07:30,796 INFO watchfiles.main: 1 change detected
2026-05-31 01:07:31,276 INFO watchfiles.main: 1 change detected
2026-05-31 01:07:31,785 INFO watchfiles.main: 1 change detected
2026-05-31 01:07:32,296 INFO watchfiles.main: 1 change detected
2026-05-31 01:07:32,661 INFO watchfiles.main: 1 change detected
2026-05-31 01:07:33,061 INFO watchfiles.main: 1 change detected
2026-05-31 01:07:33,448 INFO watchfiles.main: 1 change detected
2026-05-31 01:07:33,810 INFO watchfiles.main: 1 change detected
2026-05-31 01:07:34,174 INFO watchfiles.main: 1 change detected
2026-05-31 01:07:34,525 INFO watchfiles.main: 1 change detected
2026-05-31 01:07:34,994 INFO watchfiles.main: 1 change detected
2026-05-31 01:07:35,379 INFO watchfiles.main: 1 change detected
2026-05-31 01:07:35,768 INFO watchfiles.main: 1 change detected
2026-05-31 01:07:36,119 INFO watchfiles.main: 1 change detected
2026-05-31 01:07:36,506 INFO watchfiles.main: 1 change detected
2026-05-31 01:07:37,063 INFO watchfiles.main: 1 change detected
2026-05-31 01:07:37,443 INFO watchfiles.main: 1 change detected
2026-05-31 01:07:37,814 INFO watchfiles.main: 1 change detected
2026-05-31 01:07:38,181 INFO watchfiles.main: 1 change detected
2026-05-31 01:07:38,539 INFO watchfiles.main: 1 change detected
2026-05-31 01:07:38,896 INFO watchfiles.main: 1 change detected
2026-05-31 01:07:39,263 INFO watchfiles.main: 1 change detected
2026-05-31 01:07:39,626 INFO watchfiles.main: 1 change detected
2026-05-31 01:07:39,997 INFO watchfiles.main: 1 change detected
2026-05-31 01:07:40,370 INFO watchfiles.main: 1 change detected
2026-05-31 01:07:40,733 INFO watchfiles.main: 1 change detected
2026-05-31 01:07:41,090 INFO watchfiles.main: 1 change detected
2026-05-31 01:07:41,456 INFO watchfiles.main: 1 change detected
2026-05-31 01:07:41,808 INFO watchfiles.main: 1 change detected
2026-05-31 01:07:42,180 INFO watchfiles.main: 1 change detected
2026-05-31 01:07:42,538 INFO watchfiles.main: 1 change detected
2026-05-31 01:07:42,914 INFO watchfiles.main: 1 change detected
2026-05-31 01:07:43,560 INFO watchfiles.main: 1 change detected
2026-05-31 01:07:43,921 INFO watchfiles.main: 1 change detected
2026-05-31 01:07:44,291 INFO watchfiles.main: 1 change detected
2026-05-31 01:07:44,656 INFO watchfiles.main: 1 change detected
2026-05-31 01:07:45,029 INFO watchfiles.main: 1 change detected
2026-05-31 01:07:45,425 INFO watchfiles.main: 1 change detected
2026-05-31 01:07:45,787 INFO watchfiles.main: 1 change detected
2026-05-31 01:07:46,152 INFO watchfiles.main: 1 change detected
2026-05-31 01:07:46,507 INFO watchfiles.main: 1 change detected
2026-05-31 01:07:46,876 INFO watchfiles.main: 1 change detected
2026-05-31 01:07:47,238 INFO watchfiles.main: 1 change detected
2026-05-31 01:07:47,607 INFO watchfiles.main: 1 change detected
2026-05-31 01:07:47,972 INFO watchfiles.main: 1 change detected
2026-05-31 01:07:48,337 INFO watchfiles.main: 1 change detected
2026-05-31 01:07:48,705 INFO watchfiles.main: 1 change detected
2026-05-31 01:07:49,065 INFO watchfiles.main: 1 change detected
2026-05-31 01:07:49,427 INFO watchfiles.main: 1 change detected
2026-05-31 01:07:49,789 INFO watchfiles.main: 1 change detected
2026-05-31 01:07:50,158 INFO watchfiles.main: 1 change detected
2026-05-31 01:07:50,528 INFO watchfiles.main: 1 change detected
2026-05-31 01:07:50,891 INFO watchfiles.main: 1 change detected
2026-05-31 01:07:51,254 INFO watchfiles.main: 1 change detected
2026-05-31 01:07:51,621 INFO watchfiles.main: 1 change detected
2026-05-31 01:07:51,988 INFO watchfiles.main: 1 change detected
2026-05-31 01:07:52,352 INFO watchfiles.main: 1 change detected
2026-05-31 01:07:52,729 INFO watchfiles.main: 1 change detected
2026-05-31 01:07:53,093 INFO watchfiles.main: 1 change detected
2026-05-31 01:07:53,749 INFO watchfiles.main: 1 change detected
2026-05-31 01:07:54,140 INFO watchfiles.main: 1 change detected
2026-05-31 01:07:54,508 INFO watchfiles.main: 1 change detected
2026-05-31 01:07:54,908 INFO watchfiles.main: 1 change detected
2026-05-31 01:07:55,272 INFO watchfiles.main: 1 change detected
2026-05-31 01:07:55,638 INFO watchfiles.main: 1 change detected
2026-05-31 01:07:56,003 INFO watchfiles.main: 1 change detected
2026-05-31 01:07:56,355 INFO watchfiles.main: 1 change detected
2026-05-31 01:07:56,720 INFO watchfiles.main: 1 change detected
2026-05-31 01:07:57,084 INFO watchfiles.main: 1 change detected
2026-05-31 01:07:57,450 INFO watchfiles.main: 1 change detected
2026-05-31 01:07:57,808 INFO watchfiles.main: 1 change detected
2026-05-31 01:07:58,170 INFO watchfiles.main: 1 change detected
2026-05-31 01:07:58,531 INFO watchfiles.main: 1 change detected
2026-05-31 01:07:58,896 INFO watchfiles.main: 1 change detected
2026-05-31 01:07:59,260 INFO watchfiles.main: 1 change detected
2026-05-31 01:07:59,620 INFO watchfiles.main: 1 change detected
2026-05-31 01:07:59,988 INFO watchfiles.main: 1 change detected
2026-05-31 01:08:00,357 INFO watchfiles.main: 1 change detected
2026-05-31 01:08:00,719 INFO watchfiles.main: 1 change detected
2026-05-31 01:08:01,075 INFO watchfiles.main: 1 change detected
2026-05-31 01:08:01,444 INFO watchfiles.main: 1 change detected
2026-05-31 01:08:01,904 INFO watchfiles.main: 1 change detected
2026-05-31 01:14:03,649 INFO watchfiles.main: 1 change detected
2026-05-31 01:14:04,019 INFO watchfiles.main: 2 changes detected
2026-05-31 01:14:04,379 INFO watchfiles.main: 1 change detected
2026-05-31 01:14:05,697 INFO watchfiles.main: 1 change detected
2026-05-31 01:16:32,183 INFO watchfiles.main: 1 change detected
2026-05-31 01:16:32,699 INFO watchfiles.main: 2 changes detected
2026-05-31 01:16:33,144 INFO watchfiles.main: 1 change detected
2026-05-31 01:16:34,687 INFO watchfiles.main: 1 change detected
2026-05-31 01:17:59,758 INFO watchfiles.main: 1 change detected
2026-05-31 01:18:02,060 INFO watchfiles.main: 1 change detected
2026-05-31 01:18:06,338 INFO watchfiles.main: 1 change detected
2026-05-31 01:18:06,862 INFO watchfiles.main: 1 change detected
2026-05-31 01:18:07,300 INFO watchfiles.main: 1 change detected
2026-05-31 01:18:07,679 INFO watchfiles.main: 1 change detected
2026-05-31 01:18:08,046 INFO watchfiles.main: 1 change detected
2026-05-31 01:18:08,878 INFO watchfiles.main: 1 change detected
2026-05-31 01:18:09,256 INFO watchfiles.main: 1 change detected
2026-05-31 01:18:10,018 INFO watchfiles.main: 1 change detected
2026-05-31 01:18:10,370 INFO watchfiles.main: 1 change detected
2026-05-31 01:18:10,748 INFO watchfiles.main: 1 change detected
2026-05-31 01:18:11,120 INFO watchfiles.main: 1 change detected
2026-05-31 01:18:11,491 INFO watchfiles.main: 1 change detected
2026-05-31 01:18:11,849 INFO watchfiles.main: 1 change detected
2026-05-31 01:18:12,214 INFO watchfiles.main: 1 change detected
2026-05-31 01:18:12,572 INFO watchfiles.main: 1 change detected
2026-05-31 01:18:12,957 INFO watchfiles.main: 1 change detected
2026-05-31 01:18:13,334 INFO watchfiles.main: 1 change detected
2026-05-31 01:18:13,702 INFO watchfiles.main: 1 change detected
2026-05-31 01:18:14,055 INFO watchfiles.main: 1 change detected
2026-05-31 01:18:14,411 INFO watchfiles.main: 1 change detected
2026-05-31 01:18:14,770 INFO watchfiles.main: 1 change detected
2026-05-31 01:18:15,181 INFO watchfiles.main: 1 change detected
2026-05-31 01:18:19,842 INFO watchfiles.main: 1 change detected
2026-05-31 01:18:20,213 INFO watchfiles.main: 1 change detected
2026-05-31 01:18:20,571 INFO watchfiles.main: 1 change detected
2026-05-31 01:18:20,929 INFO watchfiles.main: 1 change detected
2026-05-31 01:18:21,287 INFO watchfiles.main: 1 change detected
2026-05-31 01:18:21,653 INFO watchfiles.main: 1 change detected
2026-05-31 01:18:22,018 INFO watchfiles.main: 1 change detected
2026-05-31 01:18:22,378 INFO watchfiles.main: 1 change detected
2026-05-31 01:18:22,737 INFO watchfiles.main: 1 change detected
2026-05-31 01:18:23,110 INFO watchfiles.main: 1 change detected
2026-05-31 01:18:23,469 INFO watchfiles.main: 1 change detected
2026-05-31 01:18:23,822 INFO watchfiles.main: 1 change detected
2026-05-31 01:18:24,187 INFO watchfiles.main: 2 changes detected
2026-05-31 01:18:24,557 INFO watchfiles.main: 2 changes detected
2026-05-31 01:18:24,909 INFO watchfiles.main: 2 changes detected
2026-05-31 01:18:25,269 INFO watchfiles.main: 1 change detected
2026-05-31 01:18:25,683 INFO watchfiles.main: 1 change detected
2026-05-31 01:18:26,034 INFO watchfiles.main: 1 change detected
2026-05-31 01:18:26,394 INFO watchfiles.main: 1 change detected
2026-05-31 01:18:26,760 INFO watchfiles.main: 1 change detected
2026-05-31 01:18:27,126 INFO watchfiles.main: 1 change detected
2026-05-31 01:18:27,489 INFO watchfiles.main: 1 change detected
2026-05-31 01:18:27,854 INFO watchfiles.main: 1 change detected
2026-05-31 01:18:28,205 INFO watchfiles.main: 1 change detected
2026-05-31 01:18:28,571 INFO watchfiles.main: 1 change detected
2026-05-31 01:18:28,940 INFO watchfiles.main: 1 change detected
2026-05-31 01:18:29,307 INFO watchfiles.main: 1 change detected
2026-05-31 01:18:29,669 INFO watchfiles.main: 1 change detected
2026-05-31 01:18:30,287 INFO watchfiles.main: 1 change detected
2026-05-31 01:18:30,645 INFO watchfiles.main: 1 change detected
2026-05-31 01:18:31,002 INFO watchfiles.main: 1 change detected
2026-05-31 01:18:31,370 INFO watchfiles.main: 1 change detected
2026-05-31 01:18:31,738 INFO watchfiles.main: 1 change detected
2026-05-31 01:18:32,105 INFO watchfiles.main: 1 change detected
2026-05-31 01:18:32,459 INFO watchfiles.main: 1 change detected
2026-05-31 01:18:32,840 INFO watchfiles.main: 1 change detected
2026-05-31 01:18:33,204 INFO watchfiles.main: 1 change detected
2026-05-31 01:18:33,571 INFO watchfiles.main: 1 change detected
2026-05-31 01:18:33,941 INFO watchfiles.main: 1 change detected
2026-05-31 01:18:34,306 INFO watchfiles.main: 1 change detected
2026-05-31 01:18:34,672 INFO watchfiles.main: 1 change detected
2026-05-31 01:18:35,038 INFO watchfiles.main: 1 change detected
2026-05-31 01:18:35,403 INFO watchfiles.main: 1 change detected
2026-05-31 01:18:35,769 INFO watchfiles.main: 1 change detected
2026-05-31 01:18:36,137 INFO watchfiles.main: 1 change detected
2026-05-31 01:18:36,508 INFO watchfiles.main: 1 change detected
2026-05-31 01:18:36,874 INFO watchfiles.main: 1 change detected
2026-05-31 01:18:37,239 INFO watchfiles.main: 1 change detected
2026-05-31 01:18:37,604 INFO watchfiles.main: 1 change detected
2026-05-31 01:18:37,970 INFO watchfiles.main: 1 change detected
2026-05-31 01:18:38,335 INFO watchfiles.main: 1 change detected
2026-05-31 01:18:38,704 INFO watchfiles.main: 1 change detected
2026-05-31 01:18:39,070 INFO watchfiles.main: 1 change detected
2026-05-31 01:18:39,436 INFO watchfiles.main: 1 change detected
2026-05-31 01:18:39,801 INFO watchfiles.main: 1 change detected
2026-05-31 01:18:40,169 INFO watchfiles.main: 1 change detected
2026-05-31 01:18:40,536 INFO watchfiles.main: 1 change detected
2026-05-31 01:18:40,904 INFO watchfiles.main: 1 change detected
2026-05-31 01:18:41,268 INFO watchfiles.main: 1 change detected
2026-05-31 01:18:41,639 INFO watchfiles.main: 1 change detected
2026-05-31 01:18:42,004 INFO watchfiles.main: 1 change detected
2026-05-31 01:18:42,368 INFO watchfiles.main: 1 change detected
2026-05-31 01:18:42,741 INFO watchfiles.main: 1 change detected
2026-05-31 01:18:43,101 INFO watchfiles.main: 1 change detected
2026-05-31 01:18:43,454 INFO watchfiles.main: 1 change detected
2026-05-31 01:18:43,806 INFO watchfiles.main: 1 change detected
2026-05-31 01:18:44,169 INFO watchfiles.main: 1 change detected
2026-05-31 01:18:44,520 INFO watchfiles.main: 1 change detected
2026-05-31 01:18:44,878 INFO watchfiles.main: 1 change detected
2026-05-31 01:18:45,235 INFO watchfiles.main: 1 change detected
2026-05-31 01:18:45,602 INFO watchfiles.main: 1 change detected
2026-05-31 01:18:45,955 INFO watchfiles.main: 1 change detected
2026-05-31 01:18:46,319 INFO watchfiles.main: 1 change detected
2026-05-31 01:18:46,687 INFO watchfiles.main: 1 change detected
2026-05-31 01:18:47,050 INFO watchfiles.main: 1 change detected
2026-05-31 01:18:47,417 INFO watchfiles.main: 1 change detected
2026-05-31 01:18:47,787 INFO watchfiles.main: 1 change detected
2026-05-31 01:18:48,151 INFO watchfiles.main: 1 change detected
2026-05-31 01:18:48,517 INFO watchfiles.main: 1 change detected
2026-05-31 01:18:48,886 INFO watchfiles.main: 1 change detected
2026-05-31 01:18:49,250 INFO watchfiles.main: 1 change detected
2026-05-31 01:18:49,617 INFO watchfiles.main: 1 change detected
2026-05-31 01:18:49,984 INFO watchfiles.main: 1 change detected
2026-05-31 01:18:50,340 INFO watchfiles.main: 1 change detected
2026-05-31 01:18:50,708 INFO watchfiles.main: 1 change detected
2026-05-31 01:18:51,066 INFO watchfiles.main: 1 change detected
2026-05-31 01:18:52,342 INFO watchfiles.main: 1 change detected
2026-05-31 01:18:52,790 INFO watchfiles.main: 1 change detected
2026-05-31 01:18:53,171 INFO watchfiles.main: 2 changes detected
2026-05-31 01:18:53,539 INFO watchfiles.main: 1 change detected
2026-05-31 01:18:53,903 INFO watchfiles.main: 1 change detected
2026-05-31 01:18:54,260 INFO watchfiles.main: 1 change detected
2026-05-31 01:18:54,612 INFO watchfiles.main: 1 change detected
2026-05-31 01:18:54,974 INFO watchfiles.main: 1 change detected
2026-05-31 01:18:55,330 INFO watchfiles.main: 1 change detected
2026-05-31 01:18:55,682 INFO watchfiles.main: 1 change detected
2026-05-31 01:18:56,044 INFO watchfiles.main: 1 change detected
2026-05-31 01:18:56,398 INFO watchfiles.main: 1 change detected
2026-05-31 01:18:56,753 INFO watchfiles.main: 1 change detected
2026-05-31 01:18:57,107 INFO watchfiles.main: 1 change detected
2026-05-31 01:18:57,469 INFO watchfiles.main: 1 change detected
2026-05-31 01:18:57,828 INFO watchfiles.main: 1 change detected
2026-05-31 01:18:58,181 INFO watchfiles.main: 1 change detected
2026-05-31 01:18:58,552 INFO watchfiles.main: 1 change detected
2026-05-31 01:18:58,910 INFO watchfiles.main: 1 change detected
2026-05-31 01:18:59,278 INFO watchfiles.main: 1 change detected
2026-05-31 01:18:59,653 INFO watchfiles.main: 1 change detected
2026-05-31 01:19:00,021 INFO watchfiles.main: 1 change detected
2026-05-31 01:19:00,377 INFO watchfiles.main: 1 change detected
2026-05-31 01:19:00,735 INFO watchfiles.main: 1 change detected
2026-05-31 01:19:01,087 INFO watchfiles.main: 1 change detected
2026-05-31 01:19:01,446 INFO watchfiles.main: 1 change detected
2026-05-31 01:19:01,815 INFO watchfiles.main: 1 change detected
2026-05-31 01:19:02,178 INFO watchfiles.main: 1 change detected
2026-05-31 01:19:02,536 INFO watchfiles.main: 1 change detected
2026-05-31 01:19:02,903 INFO watchfiles.main: 1 change detected
2026-05-31 01:19:03,269 INFO watchfiles.main: 1 change detected
2026-05-31 01:19:03,637 INFO watchfiles.main: 1 change detected
2026-05-31 01:19:04,061 INFO watchfiles.main: 1 change detected
2026-05-31 01:20:53,612 INFO watchfiles.main: 1 change detected
2026-05-31 01:20:53,978 INFO watchfiles.main: 1 change detected
2026-05-31 01:20:54,363 INFO watchfiles.main: 2 changes detected
2026-05-31 01:20:56,268 INFO watchfiles.main: 1 change detected
2026-05-31 01:21:42,792 INFO watchfiles.main: 1 change detected
2026-05-31 01:21:43,155 INFO watchfiles.main: 3 changes detected
2026-05-31 01:21:44,650 INFO watchfiles.main: 1 change detected
2026-05-31 01:21:48,797 INFO watchfiles.main: 1 change detected
2026-05-31 01:21:49,154 INFO watchfiles.main: 1 change detected
2026-05-31 01:21:49,510 INFO watchfiles.main: 2 changes detected
2026-05-31 01:21:51,103 INFO watchfiles.main: 1 change detected
2026-05-31 01:22:19,019 INFO watchfiles.main: 1 change detected
2026-05-31 01:22:19,421 INFO watchfiles.main: 2 changes detected
2026-05-31 01:22:19,787 INFO watchfiles.main: 1 change detected
2026-05-31 01:22:21,173 INFO watchfiles.main: 1 change detected
2026-05-31 01:24:40,557 INFO watchfiles.main: 1 change detected
2026-05-31 01:24:41,335 INFO watchfiles.main: 1 change detected
2026-05-31 01:24:41,707 INFO watchfiles.main: 1 change detected
2026-05-31 01:24:42,543 INFO watchfiles.main: 1 change detected
2026-05-31 01:24:42,898 INFO watchfiles.main: 1 change detected
2026-05-31 01:24:43,376 INFO watchfiles.main: 1 change detected
2026-05-31 01:24:43,778 INFO watchfiles.main: 1 change detected
2026-05-31 01:24:45,584 INFO watchfiles.main: 1 change detected
2026-05-31 01:24:46,063 INFO watchfiles.main: 1 change detected
2026-05-31 01:24:46,480 INFO watchfiles.main: 1 change detected
2026-05-31 01:24:46,848 INFO watchfiles.main: 1 change detected
2026-05-31 01:24:47,210 INFO watchfiles.main: 1 change detected
2026-05-31 01:24:47,576 INFO watchfiles.main: 1 change detected
2026-05-31 01:24:47,944 INFO watchfiles.main: 1 change detected
2026-05-31 01:24:48,309 INFO watchfiles.main: 1 change detected
2026-05-31 01:24:48,661 INFO watchfiles.main: 1 change detected
2026-05-31 01:24:49,029 INFO watchfiles.main: 1 change detected
2026-05-31 01:24:49,393 INFO watchfiles.main: 1 change detected
2026-05-31 01:24:49,759 INFO watchfiles.main: 1 change detected
2026-05-31 01:24:50,126 INFO watchfiles.main: 1 change detected
2026-05-31 01:24:50,493 INFO watchfiles.main: 1 change detected
2026-05-31 01:24:50,859 INFO watchfiles.main: 1 change detected
2026-05-31 01:24:51,226 INFO watchfiles.main: 1 change detected
2026-05-31 01:24:51,593 INFO watchfiles.main: 1 change detected
2026-05-31 01:24:51,959 INFO watchfiles.main: 1 change detected
2026-05-31 01:24:52,310 INFO watchfiles.main: 1 change detected
2026-05-31 01:24:52,673 INFO watchfiles.main: 1 change detected
2026-05-31 01:24:53,025 INFO watchfiles.main: 1 change detected
2026-05-31 01:24:53,392 INFO watchfiles.main: 1 change detected
2026-05-31 01:24:53,758 INFO watchfiles.main: 1 change detected
2026-05-31 01:24:54,125 INFO watchfiles.main: 1 change detected
2026-05-31 01:24:54,492 INFO watchfiles.main: 1 change detected
2026-05-31 01:24:54,860 INFO watchfiles.main: 1 change detected
2026-05-31 01:24:55,226 INFO watchfiles.main: 1 change detected
2026-05-31 01:24:55,592 INFO watchfiles.main: 1 change detected
2026-05-31 01:24:55,958 INFO watchfiles.main: 1 change detected
2026-05-31 01:24:56,329 INFO watchfiles.main: 1 change detected
2026-05-31 01:24:56,714 INFO watchfiles.main: 1 change detected
2026-05-31 01:24:57,075 INFO watchfiles.main: 1 change detected
2026-05-31 01:24:57,426 INFO watchfiles.main: 1 change detected
2026-05-31 01:24:57,777 INFO watchfiles.main: 1 change detected
2026-05-31 01:24:58,137 INFO watchfiles.main: 1 change detected
2026-05-31 01:24:58,493 INFO watchfiles.main: 1 change detected
2026-05-31 01:24:58,845 INFO watchfiles.main: 1 change detected
2026-05-31 01:24:59,208 INFO watchfiles.main: 1 change detected
2026-05-31 01:24:59,575 INFO watchfiles.main: 1 change detected
2026-05-31 01:24:59,926 INFO watchfiles.main: 1 change detected
2026-05-31 01:25:00,291 INFO watchfiles.main: 1 change detected
2026-05-31 01:25:00,658 INFO watchfiles.main: 1 change detected
2026-05-31 01:25:01,010 INFO watchfiles.main: 1 change detected
2026-05-31 01:25:01,375 INFO watchfiles.main: 1 change detected
2026-05-31 01:25:01,741 INFO watchfiles.main: 1 change detected
2026-05-31 01:25:02,108 INFO watchfiles.main: 1 change detected
2026-05-31 01:25:02,460 INFO watchfiles.main: 1 change detected
2026-05-31 01:25:02,821 INFO watchfiles.main: 1 change detected
2026-05-31 01:25:03,179 INFO watchfiles.main: 1 change detected
2026-05-31 01:25:03,556 INFO watchfiles.main: 1 change detected
2026-05-31 01:25:03,925 INFO watchfiles.main: 1 change detected
2026-05-31 01:25:04,286 INFO watchfiles.main: 1 change detected
2026-05-31 01:25:04,641 INFO watchfiles.main: 1 change detected
2026-05-31 01:25:05,006 INFO watchfiles.main: 1 change detected
2026-05-31 01:25:05,359 INFO watchfiles.main: 1 change detected
2026-05-31 01:25:05,726 INFO watchfiles.main: 1 change detected
2026-05-31 01:25:06,092 INFO watchfiles.main: 1 change detected
2026-05-31 01:25:06,457 INFO watchfiles.main: 1 change detected
2026-05-31 01:25:06,824 INFO watchfiles.main: 1 change detected
2026-05-31 01:25:07,190 INFO watchfiles.main: 1 change detected
2026-05-31 01:25:07,555 INFO watchfiles.main: 1 change detected
2026-05-31 01:25:07,907 INFO watchfiles.main: 1 change detected
2026-05-31 01:25:08,273 INFO watchfiles.main: 1 change detected
2026-05-31 01:25:08,640 INFO watchfiles.main: 1 change detected
2026-05-31 01:25:09,006 INFO watchfiles.main: 1 change detected
2026-05-31 01:25:09,376 INFO watchfiles.main: 1 change detected
2026-05-31 01:25:09,740 INFO watchfiles.main: 1 change detected
2026-05-31 01:25:10,105 INFO watchfiles.main: 1 change detected
2026-05-31 01:25:10,475 INFO watchfiles.main: 1 change detected
2026-05-31 01:25:10,839 INFO watchfiles.main: 1 change detected
2026-05-31 01:25:11,211 INFO watchfiles.main: 1 change detected
2026-05-31 01:25:11,571 INFO watchfiles.main: 1 change detected
2026-05-31 01:25:11,938 INFO watchfiles.main: 1 change detected
2026-05-31 01:25:12,308 INFO watchfiles.main: 1 change detected
2026-05-31 01:25:12,672 INFO watchfiles.main: 1 change detected
2026-05-31 01:25:13,085 INFO watchfiles.main: 1 change detected
2026-05-31 01:25:13,531 INFO watchfiles.main: 1 change detected
2026-05-31 01:25:13,942 INFO watchfiles.main: 1 change detected
2026-05-31 01:25:14,305 INFO watchfiles.main: 1 change detected
2026-05-31 01:25:14,671 INFO watchfiles.main: 1 change detected
2026-05-31 01:25:15,022 INFO watchfiles.main: 1 change detected
2026-05-31 01:25:15,387 INFO watchfiles.main: 1 change detected
2026-05-31 01:25:15,754 INFO watchfiles.main: 1 change detected
2026-05-31 01:25:16,121 INFO watchfiles.main: 1 change detected
2026-05-31 01:25:16,479 INFO watchfiles.main: 1 change detected
2026-05-31 01:25:16,838 INFO watchfiles.main: 1 change detected
2026-05-31 01:25:17,205 INFO watchfiles.main: 1 change detected
2026-05-31 01:25:17,570 INFO watchfiles.main: 1 change detected
2026-05-31 01:25:17,938 INFO watchfiles.main: 1 change detected
2026-05-31 01:25:18,290 INFO watchfiles.main: 1 change detected
2026-05-31 01:25:18,643 INFO watchfiles.main: 1 change detected
2026-05-31 01:25:19,002 INFO watchfiles.main: 1 change detected
2026-05-31 01:25:19,355 INFO watchfiles.main: 1 change detected
2026-05-31 01:25:19,723 INFO watchfiles.main: 1 change detected
2026-05-31 01:25:20,075 INFO watchfiles.main: 1 change detected
2026-05-31 01:25:20,436 INFO watchfiles.main: 1 change detected
2026-05-31 01:25:20,805 INFO watchfiles.main: 1 change detected
2026-05-31 01:25:21,171 INFO watchfiles.main: 1 change detected
2026-05-31 01:25:21,536 INFO watchfiles.main: 1 change detected
2026-05-31 01:25:21,902 INFO watchfiles.main: 1 change detected
2026-05-31 01:25:22,273 INFO watchfiles.main: 1 change detected
2026-05-31 01:25:22,659 INFO watchfiles.main: 1 change detected
2026-05-31 01:25:23,019 INFO watchfiles.main: 1 change detected
2026-05-31 01:25:23,387 INFO watchfiles.main: 1 change detected
2026-05-31 01:25:23,752 INFO watchfiles.main: 1 change detected
2026-05-31 01:25:24,110 INFO watchfiles.main: 1 change detected
2026-05-31 01:25:24,469 INFO watchfiles.main: 1 change detected
2026-05-31 01:25:24,835 INFO watchfiles.main: 1 change detected
2026-05-31 01:25:25,202 INFO watchfiles.main: 1 change detected
2026-05-31 01:25:25,568 INFO watchfiles.main: 1 change detected
2026-05-31 01:25:25,935 INFO watchfiles.main: 1 change detected
2026-05-31 01:25:26,303 INFO watchfiles.main: 1 change detected
2026-05-31 01:25:26,669 INFO watchfiles.main: 1 change detected
2026-05-31 01:25:27,036 INFO watchfiles.main: 1 change detected
2026-05-31 01:25:27,402 INFO watchfiles.main: 1 change detected
2026-05-31 01:25:27,769 INFO watchfiles.main: 1 change detected
2026-05-31 01:25:28,122 INFO watchfiles.main: 1 change detected
2026-05-31 01:25:28,491 INFO watchfiles.main: 1 change detected
2026-05-31 01:25:28,854 INFO watchfiles.main: 1 change detected
2026-05-31 01:25:29,218 INFO watchfiles.main: 1 change detected
2026-05-31 01:25:29,584 INFO watchfiles.main: 1 change detected
2026-05-31 01:25:29,951 INFO watchfiles.main: 1 change detected
2026-05-31 01:25:30,320 INFO watchfiles.main: 1 change detected
2026-05-31 01:25:30,678 INFO watchfiles.main: 1 change detected
2026-05-31 01:25:31,159 INFO watchfiles.main: 1 change detected
2026-05-31 01:25:31,589 INFO watchfiles.main: 1 change detected
2026-05-31 01:25:35,616 INFO watchfiles.main: 1 change detected
2026-05-31 01:25:35,976 INFO watchfiles.main: 1 change detected
2026-05-31 01:25:36,333 INFO watchfiles.main: 1 change detected
2026-05-31 01:25:36,704 INFO watchfiles.main: 1 change detected
2026-05-31 01:25:37,069 INFO watchfiles.main: 1 change detected
2026-05-31 01:25:37,434 INFO watchfiles.main: 1 change detected
2026-05-31 01:25:37,800 INFO watchfiles.main: 1 change detected
2026-05-31 01:25:38,167 INFO watchfiles.main: 1 change detected
2026-05-31 01:25:38,518 INFO watchfiles.main: 1 change detected
2026-05-31 01:25:38,882 INFO watchfiles.main: 1 change detected
2026-05-31 01:25:39,250 INFO watchfiles.main: 1 change detected
2026-05-31 01:25:39,616 INFO watchfiles.main: 1 change detected
2026-05-31 01:25:40,020 INFO watchfiles.main: 1 change detected
2026-05-31 01:25:40,410 INFO watchfiles.main: 1 change detected
2026-05-31 01:25:40,789 INFO watchfiles.main: 1 change detected
2026-05-31 01:25:41,154 INFO watchfiles.main: 1 change detected
2026-05-31 01:25:41,520 INFO watchfiles.main: 1 change detected
2026-05-31 01:25:41,886 INFO watchfiles.main: 1 change detected
2026-05-31 01:25:42,252 INFO watchfiles.main: 1 change detected
2026-05-31 01:25:43,124 INFO watchfiles.main: 1 change detected
2026-05-31 01:25:43,494 INFO watchfiles.main: 1 change detected
2026-05-31 01:25:43,890 INFO watchfiles.main: 1 change detected
2026-05-31 01:25:44,254 INFO watchfiles.main: 1 change detected
2026-05-31 01:25:44,619 INFO watchfiles.main: 1 change detected
2026-05-31 01:25:44,983 INFO watchfiles.main: 1 change detected
2026-05-31 01:25:45,352 INFO watchfiles.main: 1 change detected
2026-05-31 01:25:45,721 INFO watchfiles.main: 1 change detected
2026-05-31 01:25:46,136 INFO watchfiles.main: 1 change detected
2026-05-31 01:25:46,497 INFO watchfiles.main: 1 change detected
2026-05-31 01:25:46,855 INFO watchfiles.main: 1 change detected
2026-05-31 01:25:49,234 INFO watchfiles.main: 1 change detected
2026-05-31 01:25:49,598 INFO watchfiles.main: 1 change detected
2026-05-31 01:25:49,964 INFO watchfiles.main: 1 change detected
2026-05-31 01:25:50,331 INFO watchfiles.main: 1 change detected
2026-05-31 01:25:50,698 INFO watchfiles.main: 1 change detected
2026-05-31 01:25:51,065 INFO watchfiles.main: 1 change detected
2026-05-31 01:25:51,439 INFO watchfiles.main: 1 change detected
2026-05-31 01:25:51,800 INFO watchfiles.main: 1 change detected
2026-05-31 01:25:52,163 INFO watchfiles.main: 1 change detected
2026-05-31 01:25:52,530 INFO watchfiles.main: 1 change detected
2026-05-31 01:25:52,887 INFO watchfiles.main: 1 change detected
2026-05-31 01:25:53,248 INFO watchfiles.main: 1 change detected
2026-05-31 01:25:53,614 INFO watchfiles.main: 1 change detected
2026-05-31 01:25:53,983 INFO watchfiles.main: 1 change detected
2026-05-31 01:25:54,352 INFO watchfiles.main: 1 change detected
2026-05-31 01:25:54,716 INFO watchfiles.main: 1 change detected
2026-05-31 01:25:55,081 INFO watchfiles.main: 1 change detected
2026-05-31 01:25:55,447 INFO watchfiles.main: 1 change detected
2026-05-31 01:25:55,814 INFO watchfiles.main: 1 change detected
2026-05-31 01:25:56,165 INFO watchfiles.main: 1 change detected
2026-05-31 01:25:56,531 INFO watchfiles.main: 1 change detected
2026-05-31 01:25:56,907 INFO watchfiles.main: 1 change detected
2026-05-31 01:25:57,269 INFO watchfiles.main: 1 change detected
2026-05-31 01:25:57,691 INFO watchfiles.main: 1 change detected
2026-05-31 01:25:58,122 INFO watchfiles.main: 1 change detected
2026-05-31 01:25:58,565 INFO watchfiles.main: 1 change detected
2026-05-31 01:25:58,962 INFO watchfiles.main: 1 change detected
2026-05-31 01:25:59,329 INFO watchfiles.main: 1 change detected
2026-05-31 01:25:59,695 INFO watchfiles.main: 1 change detected
2026-05-31 01:26:00,065 INFO watchfiles.main: 1 change detected
2026-05-31 01:26:00,431 INFO watchfiles.main: 1 change detected
2026-05-31 01:26:00,798 INFO watchfiles.main: 1 change detected
2026-05-31 01:26:01,163 INFO watchfiles.main: 1 change detected
2026-05-31 01:26:01,532 INFO watchfiles.main: 1 change detected
2026-05-31 01:26:01,902 INFO watchfiles.main: 1 change detected
2026-05-31 01:26:02,261 INFO watchfiles.main: 1 change detected
2026-05-31 01:26:02,631 INFO watchfiles.main: 1 change detected
2026-05-31 01:26:02,994 INFO watchfiles.main: 1 change detected
2026-05-31 01:26:03,363 INFO watchfiles.main: 1 change detected
2026-05-31 01:26:03,731 INFO watchfiles.main: 1 change detected
2026-05-31 01:26:04,098 INFO watchfiles.main: 1 change detected
2026-05-31 01:26:04,461 INFO watchfiles.main: 1 change detected
2026-05-31 01:26:04,827 INFO watchfiles.main: 1 change detected
2026-05-31 01:26:05,194 INFO watchfiles.main: 1 change detected
2026-05-31 01:26:05,561 INFO watchfiles.main: 1 change detected
2026-05-31 01:26:05,927 INFO watchfiles.main: 1 change detected
2026-05-31 01:26:06,281 INFO watchfiles.main: 1 change detected
2026-05-31 01:26:06,644 INFO watchfiles.main: 1 change detected
2026-05-31 01:26:07,010 INFO watchfiles.main: 1 change detected
2026-05-31 01:26:07,377 INFO watchfiles.main: 1 change detected
2026-05-31 01:26:07,756 INFO watchfiles.main: 1 change detected
2026-05-31 01:26:08,115 INFO watchfiles.main: 1 change detected
2026-05-31 01:26:08,477 INFO watchfiles.main: 1 change detected
2026-05-31 01:26:08,842 INFO watchfiles.main: 1 change detected
2026-05-31 01:26:09,209 INFO watchfiles.main: 1 change detected
2026-05-31 01:26:09,576 INFO watchfiles.main: 1 change detected
2026-05-31 01:26:09,943 INFO watchfiles.main: 1 change detected
2026-05-31 01:26:10,316 INFO watchfiles.main: 1 change detected
2026-05-31 01:26:10,678 INFO watchfiles.main: 1 change detected
2026-05-31 01:26:11,043 INFO watchfiles.main: 1 change detected
2026-05-31 01:26:11,409 INFO watchfiles.main: 1 change detected
2026-05-31 01:26:11,776 INFO watchfiles.main: 1 change detected
2026-05-31 01:26:12,143 INFO watchfiles.main: 1 change detected
2026-05-31 01:26:12,510 INFO watchfiles.main: 1 change detected
2026-05-31 01:26:12,879 INFO watchfiles.main: 1 change detected
2026-05-31 01:26:13,242 INFO watchfiles.main: 1 change detected
2026-05-31 01:26:13,596 INFO watchfiles.main: 1 change detected
2026-05-31 01:26:13,959 INFO watchfiles.main: 1 change detected
2026-05-31 01:26:14,326 INFO watchfiles.main: 1 change detected
2026-05-31 01:26:14,693 INFO watchfiles.main: 1 change detected
2026-05-31 01:26:15,059 INFO watchfiles.main: 1 change detected
2026-05-31 01:26:15,427 INFO watchfiles.main: 1 change detected
2026-05-31 01:26:15,779 INFO watchfiles.main: 1 change detected
2026-05-31 01:26:16,143 INFO watchfiles.main: 1 change detected
2026-05-31 01:26:16,514 INFO watchfiles.main: 1 change detected
2026-05-31 01:26:16,878 INFO watchfiles.main: 1 change detected
2026-05-31 01:26:17,263 INFO watchfiles.main: 1 change detected
2026-05-31 01:26:17,627 INFO watchfiles.main: 1 change detected
2026-05-31 01:26:17,994 INFO watchfiles.main: 1 change detected
2026-05-31 01:26:18,358 INFO watchfiles.main: 1 change detected
2026-05-31 01:26:18,709 INFO watchfiles.main: 1 change detected
2026-05-31 01:26:19,075 INFO watchfiles.main: 1 change detected
2026-05-31 01:26:19,429 INFO watchfiles.main: 1 change detected
2026-05-31 01:26:19,792 INFO watchfiles.main: 1 change detected
2026-05-31 01:26:20,156 INFO watchfiles.main: 1 change detected
2026-05-31 01:26:20,530 INFO watchfiles.main: 1 change detected
2026-05-31 01:26:20,891 INFO watchfiles.main: 1 change detected
2026-05-31 01:26:21,249 INFO watchfiles.main: 1 change detected
2026-05-31 01:26:21,614 INFO watchfiles.main: 1 change detected
2026-05-31 01:26:21,975 INFO watchfiles.main: 1 change detected
2026-05-31 01:26:22,342 INFO watchfiles.main: 1 change detected
2026-05-31 01:26:22,708 INFO watchfiles.main: 1 change detected
2026-05-31 01:26:23,059 INFO watchfiles.main: 1 change detected
2026-05-31 01:26:23,429 INFO watchfiles.main: 1 change detected
2026-05-31 01:26:23,842 INFO watchfiles.main: 1 change detected
2026-05-31 01:26:24,207 INFO watchfiles.main: 1 change detected
2026-05-31 01:26:24,575 INFO watchfiles.main: 1 change detected
2026-05-31 01:26:24,929 INFO watchfiles.main: 1 change detected
2026-05-31 01:26:25,297 INFO watchfiles.main: 1 change detected
2026-05-31 01:26:25,663 INFO watchfiles.main: 1 change detected
2026-05-31 01:26:26,036 INFO watchfiles.main: 1 change detected
2026-05-31 01:26:26,407 INFO watchfiles.main: 1 change detected
2026-05-31 01:26:26,773 INFO watchfiles.main: 1 change detected
2026-05-31 01:26:27,139 INFO watchfiles.main: 1 change detected
2026-05-31 01:26:27,501 INFO watchfiles.main: 1 change detected
2026-05-31 01:26:27,856 INFO watchfiles.main: 1 change detected
2026-05-31 01:26:28,209 INFO watchfiles.main: 1 change detected
2026-05-31 01:26:28,563 INFO watchfiles.main: 1 change detected
2026-05-31 01:26:28,924 INFO watchfiles.main: 1 change detected
2026-05-31 01:26:29,294 INFO watchfiles.main: 1 change detected
2026-05-31 01:26:29,646 INFO watchfiles.main: 1 change detected
2026-05-31 01:26:30,009 INFO watchfiles.main: 1 change detected
2026-05-31 01:26:30,373 INFO watchfiles.main: 1 change detected
2026-05-31 01:26:30,729 INFO watchfiles.main: 1 change detected
2026-05-31 01:26:31,087 INFO watchfiles.main: 1 change detected
2026-05-31 01:26:31,453 INFO watchfiles.main: 1 change detected
2026-05-31 01:26:36,047 INFO watchfiles.main: 1 change detected
2026-05-31 01:26:36,417 INFO watchfiles.main: 1 change detected
2026-05-31 01:26:36,771 INFO watchfiles.main: 1 change detected
2026-05-31 01:26:37,137 INFO watchfiles.main: 1 change detected
2026-05-31 01:26:37,504 INFO watchfiles.main: 1 change detected
2026-05-31 01:26:37,872 INFO watchfiles.main: 1 change detected
2026-05-31 01:26:38,224 INFO watchfiles.main: 1 change detected
2026-05-31 01:26:38,587 INFO watchfiles.main: 1 change detected
2026-05-31 01:26:38,957 INFO watchfiles.main: 1 change detected
2026-05-31 01:26:39,324 INFO watchfiles.main: 1 change detected
2026-05-31 01:26:39,688 INFO watchfiles.main: 1 change detected
2026-05-31 01:26:40,056 INFO watchfiles.main: 1 change detected
2026-05-31 01:26:40,421 INFO watchfiles.main: 1 change detected
2026-05-31 01:26:40,791 INFO watchfiles.main: 1 change detected
2026-05-31 01:26:41,153 INFO watchfiles.main: 1 change detected
2026-05-31 01:26:41,519 INFO watchfiles.main: 1 change detected
2026-05-31 01:26:41,887 INFO watchfiles.main: 1 change detected
2026-05-31 01:26:42,253 INFO watchfiles.main: 1 change detected
2026-05-31 01:26:42,618 INFO watchfiles.main: 1 change detected
2026-05-31 01:26:42,985 INFO watchfiles.main: 1 change detected
2026-05-31 01:26:43,353 INFO watchfiles.main: 1 change detected
2026-05-31 01:26:43,719 INFO watchfiles.main: 1 change detected
2026-05-31 01:26:44,085 INFO watchfiles.main: 1 change detected
2026-05-31 01:26:44,452 INFO watchfiles.main: 1 change detected
2026-05-31 01:26:44,823 INFO watchfiles.main: 1 change detected
2026-05-31 01:26:45,186 INFO watchfiles.main: 1 change detected
2026-05-31 01:26:45,552 INFO watchfiles.main: 1 change detected
2026-05-31 01:26:45,918 INFO watchfiles.main: 1 change detected
2026-05-31 01:26:46,287 INFO watchfiles.main: 1 change detected
2026-05-31 01:26:46,652 INFO watchfiles.main: 1 change detected
2026-05-31 01:26:47,016 INFO watchfiles.main: 1 change detected
2026-05-31 01:26:47,385 INFO watchfiles.main: 1 change detected
2026-05-31 01:26:47,747 INFO watchfiles.main: 1 change detected
2026-05-31 01:26:48,102 INFO watchfiles.main: 1 change detected
2026-05-31 01:26:48,468 INFO watchfiles.main: 1 change detected
2026-05-31 01:26:48,834 INFO watchfiles.main: 1 change detected
2026-05-31 01:26:49,202 INFO watchfiles.main: 1 change detected
2026-05-31 01:26:49,568 INFO watchfiles.main: 1 change detected
2026-05-31 01:26:49,943 INFO watchfiles.main: 1 change detected
2026-05-31 01:26:50,301 INFO watchfiles.main: 1 change detected
2026-05-31 01:26:50,667 INFO watchfiles.main: 1 change detected
2026-05-31 01:26:51,037 INFO watchfiles.main: 1 change detected
2026-05-31 01:26:51,401 INFO watchfiles.main: 1 change detected
2026-05-31 01:26:51,769 INFO watchfiles.main: 1 change detected
2026-05-31 01:26:52,134 INFO watchfiles.main: 1 change detected
2026-05-31 01:26:52,501 INFO watchfiles.main: 1 change detected
2026-05-31 01:26:52,871 INFO watchfiles.main: 1 change detected
2026-05-31 01:26:53,234 INFO watchfiles.main: 1 change detected
2026-05-31 01:26:53,603 INFO watchfiles.main: 1 change detected
2026-05-31 01:26:53,967 INFO watchfiles.main: 1 change detected
2026-05-31 01:26:54,335 INFO watchfiles.main: 1 change detected
2026-05-31 01:26:54,702 INFO watchfiles.main: 1 change detected
2026-05-31 01:26:55,066 INFO watchfiles.main: 1 change detected
2026-05-31 01:26:55,418 INFO watchfiles.main: 1 change detected
2026-05-31 01:26:55,786 INFO watchfiles.main: 1 change detected
2026-05-31 01:26:56,150 INFO watchfiles.main: 1 change detected
2026-05-31 01:26:56,502 INFO watchfiles.main: 1 change detected
2026-05-31 01:26:56,867 INFO watchfiles.main: 1 change detected
2026-05-31 01:26:57,221 INFO watchfiles.main: 1 change detected
2026-05-31 01:26:57,584 INFO watchfiles.main: 1 change detected
2026-05-31 01:26:57,950 INFO watchfiles.main: 1 change detected
2026-05-31 01:26:58,401 INFO watchfiles.main: 1 change detected
2026-05-31 01:27:15,600 INFO watchfiles.main: 1 change detected
2026-05-31 01:27:16,015 INFO watchfiles.main: 3 changes detected
2026-05-31 01:27:17,553 INFO watchfiles.main: 1 change detected
2026-05-31 01:30:16,569 INFO watchfiles.main: 2 changes detected
2026-05-31 01:30:16,924 INFO watchfiles.main: 1 change detected
2026-05-31 01:30:18,427 INFO watchfiles.main: 1 change detected
2026-05-31 01:30:29,387 INFO watchfiles.main: 1 change detected
2026-05-31 01:30:29,750 INFO watchfiles.main: 2 changes detected
2026-05-31 01:30:31,164 INFO watchfiles.main: 1 change detected
2026-05-31 01:31:12,550 INFO watchfiles.main: 1 change detected
2026-05-31 01:31:12,912 INFO watchfiles.main: 3 changes detected
2026-05-31 01:31:14,292 INFO watchfiles.main: 1 change detected
2026-05-31 01:31:30,578 INFO watchfiles.main: 1 change detected
2026-05-31 01:31:30,942 INFO watchfiles.main: 2 changes detected
2026-05-31 01:31:31,303 INFO watchfiles.main: 1 change detected
2026-05-31 01:31:33,460 INFO watchfiles.main: 1 change detected
2026-05-31 01:31:43,182 INFO watchfiles.main: 1 change detected
2026-05-31 01:31:43,566 INFO watchfiles.main: 3 changes detected
2026-05-31 01:31:44,994 INFO watchfiles.main: 1 change detected
2026-05-31 01:32:15,171 INFO watchfiles.main: 1 change detected
2026-05-31 01:32:15,535 INFO watchfiles.main: 3 changes detected
2026-05-31 01:32:16,823 INFO watchfiles.main: 1 change detected
2026-05-31 01:36:47,091 INFO watchfiles.main: 1 change detected
2026-05-31 01:36:48,801 INFO watchfiles.main: 1 change detected
2026-05-31 01:36:50,280 INFO watchfiles.main: 1 change detected
2026-05-31 01:36:50,645 INFO watchfiles.main: 1 change detected
2026-05-31 01:36:52,181 INFO watchfiles.main: 1 change detected
2026-05-31 01:36:52,737 INFO watchfiles.main: 1 change detected
2026-05-31 01:36:53,666 INFO watchfiles.main: 1 change detected
2026-05-31 01:36:57,330 INFO watchfiles.main: 1 change detected
2026-05-31 01:36:57,719 INFO watchfiles.main: 1 change detected
2026-05-31 01:36:59,163 INFO watchfiles.main: 1 change detected
2026-05-31 01:36:59,547 INFO watchfiles.main: 1 change detected
2026-05-31 01:36:59,908 INFO watchfiles.main: 1 change detected
2026-05-31 01:37:01,785 INFO watchfiles.main: 1 change detected
2026-05-31 01:37:02,249 INFO watchfiles.main: 1 change detected
2026-05-31 01:37:02,651 INFO watchfiles.main: 1 change detected
2026-05-31 01:37:03,175 INFO watchfiles.main: 1 change detected
2026-05-31 01:37:03,705 INFO watchfiles.main: 1 change detected
2026-05-31 01:37:04,115 INFO watchfiles.main: 1 change detected
2026-05-31 01:37:04,479 INFO watchfiles.main: 1 change detected
2026-05-31 01:37:04,842 INFO watchfiles.main: 1 change detected
2026-05-31 01:37:05,269 INFO watchfiles.main: 1 change detected
2026-05-31 01:37:05,744 INFO watchfiles.main: 1 change detected
2026-05-31 01:37:06,164 INFO watchfiles.main: 1 change detected
2026-05-31 01:37:06,525 INFO watchfiles.main: 1 change detected
2026-05-31 01:37:06,995 INFO watchfiles.main: 1 change detected
2026-05-31 01:37:07,569 INFO watchfiles.main: 1 change detected
2026-05-31 01:37:08,010 INFO watchfiles.main: 1 change detected
2026-05-31 01:37:08,403 INFO watchfiles.main: 1 change detected
2026-05-31 01:37:08,834 INFO watchfiles.main: 1 change detected
2026-05-31 01:37:09,723 INFO watchfiles.main: 1 change detected
2026-05-31 01:37:10,085 INFO watchfiles.main: 1 change detected
2026-05-31 01:37:10,444 INFO watchfiles.main: 1 change detected
2026-05-31 01:37:10,817 INFO watchfiles.main: 1 change detected
2026-05-31 01:37:11,233 INFO watchfiles.main: 1 change detected
2026-05-31 01:37:11,673 INFO watchfiles.main: 1 change detected
2026-05-31 01:37:12,079 INFO watchfiles.main: 1 change detected
2026-05-31 01:37:12,479 INFO watchfiles.main: 1 change detected
2026-05-31 01:37:13,884 INFO watchfiles.main: 1 change detected
2026-05-31 01:37:14,342 INFO watchfiles.main: 1 change detected
2026-05-31 01:37:15,364 INFO watchfiles.main: 1 change detected
2026-05-31 01:37:15,749 INFO watchfiles.main: 1 change detected
2026-05-31 01:37:16,108 INFO watchfiles.main: 1 change detected
2026-05-31 01:37:16,475 INFO watchfiles.main: 1 change detected
2026-05-31 01:37:16,840 INFO watchfiles.main: 1 change detected
2026-05-31 01:37:17,206 INFO watchfiles.main: 1 change detected
2026-05-31 01:37:17,573 INFO watchfiles.main: 1 change detected
2026-05-31 01:37:17,940 INFO watchfiles.main: 1 change detected
2026-05-31 01:37:18,306 INFO watchfiles.main: 1 change detected
2026-05-31 01:37:18,676 INFO watchfiles.main: 1 change detected
2026-05-31 01:37:19,037 INFO watchfiles.main: 1 change detected
2026-05-31 01:37:19,409 INFO watchfiles.main: 1 change detected
2026-05-31 01:37:19,776 INFO watchfiles.main: 1 change detected
2026-05-31 01:37:20,885 INFO watchfiles.main: 1 change detected
2026-05-31 01:37:21,385 INFO watchfiles.main: 1 change detected
2026-05-31 01:37:21,776 INFO watchfiles.main: 1 change detected
2026-05-31 01:37:22,142 INFO watchfiles.main: 1 change detected
2026-05-31 01:37:22,588 INFO watchfiles.main: 1 change detected
2026-05-31 01:38:01,767 INFO watchfiles.main: 1 change detected
2026-05-31 01:38:02,166 INFO watchfiles.main: 1 change detected
2026-05-31 01:38:02,549 INFO watchfiles.main: 1 change detected
2026-05-31 01:38:02,933 INFO watchfiles.main: 1 change detected
2026-05-31 01:38:03,323 INFO watchfiles.main: 1 change detected
2026-05-31 01:38:03,690 INFO watchfiles.main: 1 change detected
2026-05-31 01:38:04,066 INFO watchfiles.main: 1 change detected
2026-05-31 01:38:04,437 INFO watchfiles.main: 1 change detected
2026-05-31 01:38:04,824 INFO watchfiles.main: 1 change detected
2026-05-31 01:38:05,196 INFO watchfiles.main: 1 change detected
2026-05-31 01:38:05,551 INFO watchfiles.main: 1 change detected
2026-05-31 01:38:06,978 INFO watchfiles.main: 1 change detected
2026-05-31 01:38:07,355 INFO watchfiles.main: 1 change detected
2026-05-31 01:38:07,712 INFO watchfiles.main: 1 change detected
2026-05-31 01:38:08,083 INFO watchfiles.main: 1 change detected
2026-05-31 01:38:08,445 INFO watchfiles.main: 1 change detected
2026-05-31 01:38:08,837 INFO watchfiles.main: 1 change detected
2026-05-31 01:38:09,258 INFO watchfiles.main: 1 change detected
2026-05-31 01:38:09,618 INFO watchfiles.main: 1 change detected
2026-05-31 01:38:09,983 INFO watchfiles.main: 1 change detected
2026-05-31 01:38:10,368 INFO watchfiles.main: 1 change detected
2026-05-31 01:38:10,745 INFO watchfiles.main: 1 change detected
2026-05-31 01:38:11,120 INFO watchfiles.main: 1 change detected
2026-05-31 01:38:11,486 INFO watchfiles.main: 1 change detected
2026-05-31 01:38:11,852 INFO watchfiles.main: 1 change detected
2026-05-31 01:38:12,217 INFO watchfiles.main: 1 change detected
2026-05-31 01:38:12,585 INFO watchfiles.main: 1 change detected
2026-05-31 01:38:12,954 INFO watchfiles.main: 1 change detected
2026-05-31 01:38:13,315 INFO watchfiles.main: 1 change detected
2026-05-31 01:38:13,768 INFO watchfiles.main: 1 change detected
2026-05-31 01:46:44,133 INFO watchfiles.main: 1 change detected
2026-05-31 01:46:44,501 INFO watchfiles.main: 1 change detected
2026-05-31 01:46:44,874 INFO watchfiles.main: 1 change detected
2026-05-31 01:46:45,410 INFO watchfiles.main: 1 change detected
2026-05-31 01:46:45,769 INFO watchfiles.main: 1 change detected
2026-05-31 01:46:46,236 INFO watchfiles.main: 1 change detected
2026-05-31 01:46:46,652 INFO watchfiles.main: 1 change detected
2026-05-31 01:46:47,023 INFO watchfiles.main: 1 change detected
2026-05-31 01:46:47,436 INFO watchfiles.main: 1 change detected
2026-05-31 01:46:47,842 INFO watchfiles.main: 1 change detected
2026-05-31 01:46:48,253 INFO watchfiles.main: 1 change detected
2026-05-31 01:46:48,720 INFO watchfiles.main: 1 change detected
2026-05-31 01:46:49,086 INFO watchfiles.main: 1 change detected
2026-05-31 01:46:49,501 INFO watchfiles.main: 1 change detected
2026-05-31 01:46:49,919 INFO watchfiles.main: 1 change detected
2026-05-31 01:46:50,285 INFO watchfiles.main: 1 change detected
2026-05-31 01:46:50,701 INFO watchfiles.main: 1 change detected
2026-05-31 01:46:51,117 INFO watchfiles.main: 1 change detected
2026-05-31 01:46:51,520 INFO watchfiles.main: 1 change detected
2026-05-31 01:46:51,936 INFO watchfiles.main: 1 change detected
2026-05-31 01:46:52,289 INFO watchfiles.main: 1 change detected
2026-05-31 01:46:52,751 INFO watchfiles.main: 1 change detected
2026-05-31 01:46:53,118 INFO watchfiles.main: 1 change detected
2026-05-31 01:46:53,543 INFO watchfiles.main: 1 change detected
2026-05-31 01:46:53,969 INFO watchfiles.main: 1 change detected
2026-05-31 01:46:54,385 INFO watchfiles.main: 1 change detected
2026-05-31 01:46:54,792 INFO watchfiles.main: 1 change detected
2026-05-31 01:46:55,203 INFO watchfiles.main: 1 change detected
2026-05-31 01:46:55,612 INFO watchfiles.main: 1 change detected
2026-05-31 01:46:56,019 INFO watchfiles.main: 1 change detected
2026-05-31 01:46:56,436 INFO watchfiles.main: 1 change detected
2026-05-31 01:46:56,851 INFO watchfiles.main: 1 change detected
2026-05-31 01:46:57,219 INFO watchfiles.main: 1 change detected
2026-05-31 01:46:57,642 INFO watchfiles.main: 1 change detected
2026-05-31 01:46:58,052 INFO watchfiles.main: 1 change detected
2026-05-31 01:46:58,470 INFO watchfiles.main: 1 change detected
2026-05-31 01:46:58,886 INFO watchfiles.main: 1 change detected
2026-05-31 01:46:59,301 INFO watchfiles.main: 1 change detected
2026-05-31 01:46:59,720 INFO watchfiles.main: 1 change detected
2026-05-31 01:47:00,135 INFO watchfiles.main: 1 change detected
2026-05-31 01:47:00,551 INFO watchfiles.main: 1 change detected
2026-05-31 01:47:00,970 INFO watchfiles.main: 1 change detected
2026-05-31 01:47:01,385 INFO watchfiles.main: 1 change detected
2026-05-31 01:47:01,804 INFO watchfiles.main: 1 change detected
2026-05-31 01:47:02,219 INFO watchfiles.main: 1 change detected
2026-05-31 01:47:02,584 INFO watchfiles.main: 1 change detected
2026-05-31 01:47:02,992 INFO watchfiles.main: 1 change detected
2026-05-31 01:47:03,450 INFO watchfiles.main: 1 change detected
2026-05-31 01:47:03,820 INFO watchfiles.main: 1 change detected
2026-05-31 01:47:04,235 INFO watchfiles.main: 1 change detected
2026-05-31 01:47:04,653 INFO watchfiles.main: 1 change detected
2026-05-31 01:47:05,069 INFO watchfiles.main: 1 change detected
2026-05-31 01:47:05,481 INFO watchfiles.main: 1 change detected
2026-05-31 01:47:05,892 INFO watchfiles.main: 1 change detected
2026-05-31 01:47:06,303 INFO watchfiles.main: 1 change detected
2026-05-31 01:47:06,719 INFO watchfiles.main: 1 change detected
2026-05-31 01:47:07,133 INFO watchfiles.main: 1 change detected
2026-05-31 01:47:07,535 INFO watchfiles.main: 1 change detected
2026-05-31 01:47:07,944 INFO watchfiles.main: 1 change detected
2026-05-31 01:47:08,353 INFO watchfiles.main: 1 change detected
2026-05-31 01:47:08,770 INFO watchfiles.main: 1 change detected
2026-05-31 01:47:09,185 INFO watchfiles.main: 1 change detected
2026-05-31 01:47:09,599 INFO watchfiles.main: 1 change detected
2026-05-31 01:47:10,001 INFO watchfiles.main: 1 change detected
2026-05-31 01:47:10,419 INFO watchfiles.main: 1 change detected
2026-05-31 01:47:10,885 INFO watchfiles.main: 1 change detected
2026-05-31 01:47:11,301 INFO watchfiles.main: 1 change detected
2026-05-31 01:47:11,719 INFO watchfiles.main: 1 change detected
2026-05-31 01:47:12,129 INFO watchfiles.main: 1 change detected
2026-05-31 01:47:12,539 INFO watchfiles.main: 1 change detected
2026-05-31 01:47:12,943 INFO watchfiles.main: 1 change detected
2026-05-31 01:47:13,350 INFO watchfiles.main: 1 change detected
2026-05-31 01:47:13,769 INFO watchfiles.main: 1 change detected
2026-05-31 01:47:14,186 INFO watchfiles.main: 1 change detected
2026-05-31 01:47:14,599 INFO watchfiles.main: 1 change detected
2026-05-31 01:47:15,002 INFO watchfiles.main: 1 change detected
2026-05-31 01:47:15,470 INFO watchfiles.main: 1 change detected
2026-05-31 01:47:15,872 INFO watchfiles.main: 1 change detected
2026-05-31 01:47:16,285 INFO watchfiles.main: 1 change detected
2026-05-31 01:47:16,693 INFO watchfiles.main: 1 change detected
2026-05-31 01:47:17,106 INFO watchfiles.main: 1 change detected
2026-05-31 01:47:17,471 INFO watchfiles.main: 1 change detected
2026-05-31 01:47:17,885 INFO watchfiles.main: 1 change detected
2026-05-31 01:47:18,291 INFO watchfiles.main: 1 change detected
2026-05-31 01:47:18,702 INFO watchfiles.main: 1 change detected
2026-05-31 01:47:19,114 INFO watchfiles.main: 1 change detected
2026-05-31 01:47:19,518 INFO watchfiles.main: 1 change detected
2026-05-31 01:47:19,936 INFO watchfiles.main: 1 change detected
2026-05-31 01:47:20,346 INFO watchfiles.main: 1 change detected
2026-05-31 01:47:20,769 INFO watchfiles.main: 1 change detected
2026-05-31 01:47:21,237 INFO watchfiles.main: 1 change detected
2026-05-31 01:47:21,697 INFO watchfiles.main: 1 change detected
2026-05-31 01:47:22,112 INFO watchfiles.main: 1 change detected
2026-05-31 01:47:22,519 INFO watchfiles.main: 1 change detected
2026-05-31 01:47:22,936 INFO watchfiles.main: 1 change detected
2026-05-31 01:47:23,351 INFO watchfiles.main: 1 change detected
2026-05-31 01:47:23,770 INFO watchfiles.main: 1 change detected
2026-05-31 01:47:24,171 INFO watchfiles.main: 1 change detected
2026-05-31 01:47:24,530 INFO watchfiles.main: 1 change detected
2026-05-31 01:47:24,994 INFO watchfiles.main: 1 change detected
2026-05-31 01:47:25,419 INFO watchfiles.main: 1 change detected
2026-05-31 01:47:25,785 INFO watchfiles.main: 1 change detected
2026-05-31 01:47:26,194 INFO watchfiles.main: 1 change detected
2026-05-31 01:47:26,597 INFO watchfiles.main: 1 change detected
2026-05-31 01:47:27,019 INFO watchfiles.main: 1 change detected
2026-05-31 01:47:27,424 INFO watchfiles.main: 1 change detected
2026-05-31 01:47:27,835 INFO watchfiles.main: 1 change detected
2026-05-31 01:47:28,237 INFO watchfiles.main: 1 change detected
2026-05-31 01:47:28,696 INFO watchfiles.main: 1 change detected
2026-05-31 01:47:29,113 INFO watchfiles.main: 1 change detected
2026-05-31 01:47:29,520 INFO watchfiles.main: 1 change detected
2026-05-31 01:47:29,885 INFO watchfiles.main: 1 change detected
2026-05-31 01:47:30,340 INFO watchfiles.main: 1 change detected
2026-05-31 01:47:30,752 INFO watchfiles.main: 1 change detected
2026-05-31 01:47:31,169 INFO watchfiles.main: 1 change detected
2026-05-31 01:47:31,573 INFO watchfiles.main: 1 change detected
2026-05-31 01:47:31,944 INFO watchfiles.main: 1 change detected
2026-05-31 01:47:32,370 INFO watchfiles.main: 1 change detected
2026-05-31 01:47:32,773 INFO watchfiles.main: 1 change detected
2026-05-31 01:47:33,235 INFO watchfiles.main: 1 change detected
2026-05-31 01:47:33,594 INFO watchfiles.main: 1 change detected
2026-05-31 01:47:34,002 INFO watchfiles.main: 1 change detected
2026-05-31 01:47:34,408 INFO watchfiles.main: 1 change detected
2026-05-31 01:47:34,821 INFO watchfiles.main: 1 change detected
2026-05-31 01:47:35,235 INFO watchfiles.main: 1 change detected
2026-05-31 01:47:35,596 INFO watchfiles.main: 1 change detected
2026-05-31 01:47:36,050 INFO watchfiles.main: 1 change detected
2026-05-31 01:47:41,041 INFO watchfiles.main: 1 change detected
2026-05-31 01:47:41,397 INFO watchfiles.main: 1 change detected
2026-05-31 01:47:41,852 INFO watchfiles.main: 1 change detected
2026-05-31 01:47:42,269 INFO watchfiles.main: 1 change detected
2026-05-31 01:47:42,686 INFO watchfiles.main: 1 change detected
2026-05-31 01:47:43,096 INFO watchfiles.main: 1 change detected
2026-05-31 01:47:43,501 INFO watchfiles.main: 1 change detected
2026-05-31 01:47:43,919 INFO watchfiles.main: 1 change detected
2026-05-31 01:47:44,336 INFO watchfiles.main: 1 change detected
2026-05-31 01:47:44,803 INFO watchfiles.main: 1 change detected
2026-05-31 01:47:45,209 INFO watchfiles.main: 1 change detected
2026-05-31 01:47:45,624 INFO watchfiles.main: 1 change detected
2026-05-31 01:47:46,040 INFO watchfiles.main: 1 change detected
2026-05-31 01:47:46,445 INFO watchfiles.main: 1 change detected
2026-05-31 01:47:46,868 INFO watchfiles.main: 1 change detected
2026-05-31 01:47:47,285 INFO watchfiles.main: 1 change detected
2026-05-31 01:47:47,701 INFO watchfiles.main: 1 change detected
2026-05-31 01:47:48,106 INFO watchfiles.main: 1 change detected
2026-05-31 01:47:48,519 INFO watchfiles.main: 1 change detected
2026-05-31 01:47:48,885 INFO watchfiles.main: 1 change detected
2026-05-31 01:47:49,300 INFO watchfiles.main: 1 change detected
2026-05-31 01:47:49,719 INFO watchfiles.main: 1 change detected
2026-05-31 01:47:50,125 INFO watchfiles.main: 1 change detected
2026-05-31 01:47:50,590 INFO watchfiles.main: 1 change detected
2026-05-31 01:47:50,950 INFO watchfiles.main: 1 change detected
2026-05-31 01:47:51,354 INFO watchfiles.main: 1 change detected
2026-05-31 01:47:51,774 INFO watchfiles.main: 1 change detected
2026-05-31 01:47:52,186 INFO watchfiles.main: 1 change detected
2026-05-31 01:47:52,598 INFO watchfiles.main: 1 change detected
2026-05-31 01:47:53,003 INFO watchfiles.main: 1 change detected
2026-05-31 01:47:53,420 INFO watchfiles.main: 1 change detected
2026-05-31 01:47:53,874 INFO watchfiles.main: 1 change detected
2026-05-31 01:47:54,282 INFO watchfiles.main: 1 change detected
2026-05-31 01:47:54,735 INFO watchfiles.main: 1 change detected
2026-05-31 01:47:55,140 INFO watchfiles.main: 1 change detected
2026-05-31 01:47:55,652 INFO watchfiles.main: 1 change detected
2026-05-31 01:47:56,070 INFO watchfiles.main: 1 change detected
2026-05-31 01:47:56,537 INFO watchfiles.main: 1 change detected
2026-05-31 01:47:56,919 INFO watchfiles.main: 1 change detected
2026-05-31 01:47:57,334 INFO watchfiles.main: 1 change detected
2026-05-31 01:47:57,753 INFO watchfiles.main: 1 change detected
2026-05-31 01:47:58,169 INFO watchfiles.main: 1 change detected
2026-05-31 01:47:58,572 INFO watchfiles.main: 1 change detected
2026-05-31 01:47:58,983 INFO watchfiles.main: 1 change detected
2026-05-31 01:47:59,441 INFO watchfiles.main: 1 change detected
2026-05-31 01:47:59,851 INFO watchfiles.main: 1 change detected
2026-05-31 01:48:00,270 INFO watchfiles.main: 1 change detected
2026-05-31 01:48:00,685 INFO watchfiles.main: 1 change detected
2026-05-31 01:48:01,089 INFO watchfiles.main: 1 change detected
2026-05-31 01:48:01,470 INFO watchfiles.main: 1 change detected
2026-05-31 01:48:01,884 INFO watchfiles.main: 1 change detected
2026-05-31 01:48:02,289 INFO watchfiles.main: 1 change detected
2026-05-31 01:48:02,699 INFO watchfiles.main: 1 change detected
2026-05-31 01:48:03,105 INFO watchfiles.main: 1 change detected
2026-05-31 01:48:03,519 INFO watchfiles.main: 1 change detected
2026-05-31 01:48:03,941 INFO watchfiles.main: 1 change detected
2026-05-31 01:48:04,348 INFO watchfiles.main: 1 change detected
2026-05-31 01:48:04,703 INFO watchfiles.main: 1 change detected
2026-05-31 01:48:05,068 INFO watchfiles.main: 1 change detected
2026-05-31 01:48:05,424 INFO watchfiles.main: 1 change detected
2026-05-31 01:48:05,785 INFO watchfiles.main: 1 change detected
2026-05-31 01:48:06,151 INFO watchfiles.main: 1 change detected
2026-05-31 01:48:06,520 INFO watchfiles.main: 1 change detected
2026-05-31 01:48:06,888 INFO watchfiles.main: 1 change detected
2026-05-31 01:48:07,319 INFO watchfiles.main: 1 change detected
2026-05-31 01:48:07,690 INFO watchfiles.main: 1 change detected
2026-05-31 01:48:08,148 INFO watchfiles.main: 1 change detected
2026-05-31 01:48:08,554 INFO watchfiles.main: 1 change detected
2026-05-31 01:48:08,971 INFO watchfiles.main: 1 change detected
2026-05-31 01:48:09,392 INFO watchfiles.main: 1 change detected
2026-05-31 01:48:09,800 INFO watchfiles.main: 1 change detected
2026-05-31 01:48:10,202 INFO watchfiles.main: 1 change detected
2026-05-31 01:48:10,605 INFO watchfiles.main: 1 change detected
2026-05-31 01:48:10,972 INFO watchfiles.main: 1 change detected
2026-05-31 01:48:11,436 INFO watchfiles.main: 1 change detected
2026-05-31 01:48:11,844 INFO watchfiles.main: 1 change detected
2026-05-31 01:48:12,253 INFO watchfiles.main: 1 change detected
2026-05-31 01:48:12,669 INFO watchfiles.main: 1 change detected
2026-05-31 01:48:13,075 INFO watchfiles.main: 1 change detected
2026-05-31 01:48:13,478 INFO watchfiles.main: 1 change detected
2026-05-31 01:48:13,936 INFO watchfiles.main: 1 change detected
2026-05-31 01:48:14,339 INFO watchfiles.main: 1 change detected
2026-05-31 01:48:14,741 INFO watchfiles.main: 1 change detected
2026-05-31 01:48:15,154 INFO watchfiles.main: 1 change detected
2026-05-31 01:48:15,573 INFO watchfiles.main: 1 change detected
2026-05-31 01:48:15,983 INFO watchfiles.main: 1 change detected
2026-05-31 01:48:16,389 INFO watchfiles.main: 1 change detected
2026-05-31 01:48:16,851 INFO watchfiles.main: 1 change detected
2026-05-31 01:48:17,223 INFO watchfiles.main: 1 change detected
2026-05-31 01:48:17,644 INFO watchfiles.main: 1 change detected
2026-05-31 01:48:18,068 INFO watchfiles.main: 1 change detected
2026-05-31 01:48:18,486 INFO watchfiles.main: 1 change detected
2026-05-31 01:48:18,901 INFO watchfiles.main: 1 change detected
2026-05-31 01:48:19,319 INFO watchfiles.main: 1 change detected
2026-05-31 01:48:19,725 INFO watchfiles.main: 1 change detected
2026-05-31 01:48:20,135 INFO watchfiles.main: 1 change detected
2026-05-31 01:48:20,551 INFO watchfiles.main: 1 change detected
2026-05-31 01:48:20,969 INFO watchfiles.main: 1 change detected
2026-05-31 01:48:21,382 INFO watchfiles.main: 1 change detected
2026-05-31 01:48:21,841 INFO watchfiles.main: 1 change detected
2026-05-31 01:48:22,201 INFO watchfiles.main: 1 change detected
2026-05-31 01:48:22,612 INFO watchfiles.main: 1 change detected
2026-05-31 01:48:23,019 INFO watchfiles.main: 1 change detected
2026-05-31 01:48:23,435 INFO watchfiles.main: 1 change detected
2026-05-31 01:48:23,851 INFO watchfiles.main: 1 change detected
2026-05-31 01:48:24,270 INFO watchfiles.main: 1 change detected
2026-05-31 01:48:24,735 INFO watchfiles.main: 1 change detected
2026-05-31 01:48:25,098 INFO watchfiles.main: 1 change detected
2026-05-31 01:48:25,500 INFO watchfiles.main: 1 change detected
2026-05-31 01:48:25,919 INFO watchfiles.main: 1 change detected
2026-05-31 01:48:26,336 INFO watchfiles.main: 1 change detected
2026-05-31 01:48:26,751 INFO watchfiles.main: 1 change detected
2026-05-31 01:48:27,169 INFO watchfiles.main: 1 change detected
2026-05-31 01:48:27,585 INFO watchfiles.main: 1 change detected
2026-05-31 01:48:27,992 INFO watchfiles.main: 1 change detected
2026-05-31 01:48:28,404 INFO watchfiles.main: 1 change detected
2026-05-31 01:48:28,869 INFO watchfiles.main: 1 change detected
2026-05-31 01:48:29,272 INFO watchfiles.main: 1 change detected
2026-05-31 01:48:29,686 INFO watchfiles.main: 1 change detected
2026-05-31 01:48:30,098 INFO watchfiles.main: 1 change detected
2026-05-31 01:48:30,503 INFO watchfiles.main: 1 change detected
2026-05-31 01:48:30,970 INFO watchfiles.main: 1 change detected
2026-05-31 01:48:31,372 INFO watchfiles.main: 1 change detected
2026-05-31 01:48:31,785 INFO watchfiles.main: 1 change detected
2026-05-31 01:48:32,137 INFO watchfiles.main: 1 change detected
2026-05-31 01:48:32,553 INFO watchfiles.main: 1 change detected
2026-05-31 01:48:33,019 INFO watchfiles.main: 1 change detected
2026-05-31 01:48:33,434 INFO watchfiles.main: 1 change detected
2026-05-31 01:48:33,851 INFO watchfiles.main: 1 change detected
2026-05-31 01:48:34,269 INFO watchfiles.main: 1 change detected
2026-05-31 01:48:34,685 INFO watchfiles.main: 1 change detected
2026-05-31 01:48:35,089 INFO watchfiles.main: 1 change detected
2026-05-31 01:48:35,503 INFO watchfiles.main: 1 change detected
2026-05-31 01:48:35,922 INFO watchfiles.main: 1 change detected
2026-05-31 01:48:40,033 INFO watchfiles.main: 1 change detected
2026-05-31 01:48:40,392 INFO watchfiles.main: 1 change detected
2026-05-31 01:48:40,801 INFO watchfiles.main: 1 change detected
2026-05-31 01:48:41,219 INFO watchfiles.main: 1 change detected
2026-05-31 01:48:41,629 INFO watchfiles.main: 1 change detected
2026-05-31 01:48:42,041 INFO watchfiles.main: 1 change detected
2026-05-31 01:48:42,448 INFO watchfiles.main: 1 change detected
2026-05-31 01:48:42,851 INFO watchfiles.main: 1 change detected
2026-05-31 01:48:43,269 INFO watchfiles.main: 1 change detected
2026-05-31 01:48:43,684 INFO watchfiles.main: 1 change detected
2026-05-31 01:48:44,086 INFO watchfiles.main: 1 change detected
2026-05-31 01:48:44,488 INFO watchfiles.main: 1 change detected
2026-05-31 01:48:44,894 INFO watchfiles.main: 1 change detected
2026-05-31 01:48:45,301 INFO watchfiles.main: 1 change detected
2026-05-31 01:48:45,719 INFO watchfiles.main: 1 change detected
2026-05-31 01:48:46,127 INFO watchfiles.main: 1 change detected
2026-05-31 01:48:46,536 INFO watchfiles.main: 1 change detected
2026-05-31 01:48:51,344 INFO watchfiles.main: 1 change detected
2026-05-31 01:48:51,701 INFO watchfiles.main: 1 change detected
2026-05-31 01:48:52,128 INFO watchfiles.main: 1 change detected
2026-05-31 01:48:52,541 INFO watchfiles.main: 1 change detected
2026-05-31 01:48:53,007 INFO watchfiles.main: 1 change detected
2026-05-31 01:48:53,424 INFO watchfiles.main: 1 change detected
2026-05-31 01:48:53,845 INFO watchfiles.main: 1 change detected
2026-05-31 01:48:54,269 INFO watchfiles.main: 1 change detected
2026-05-31 01:48:54,665 INFO watchfiles.main: 1 change detected
2026-05-31 01:48:55,077 INFO watchfiles.main: 1 change detected
2026-05-31 01:48:55,491 INFO watchfiles.main: 1 change detected
2026-05-31 01:48:55,957 INFO watchfiles.main: 1 change detected
2026-05-31 01:48:56,321 INFO watchfiles.main: 1 change detected
2026-05-31 01:48:56,725 INFO watchfiles.main: 1 change detected
2026-05-31 01:48:57,170 INFO watchfiles.main: 1 change detected
2026-05-31 01:48:57,994 INFO watchfiles.main: 1 change detected
2026-05-31 01:48:58,452 INFO watchfiles.main: 1 change detected
2026-05-31 01:48:58,869 INFO watchfiles.main: 1 change detected
2026-05-31 01:48:59,287 INFO watchfiles.main: 1 change detected
2026-05-31 01:49:00,136 INFO watchfiles.main: 1 change detected
2026-05-31 01:49:00,492 INFO watchfiles.main: 1 change detected
2026-05-31 01:49:00,895 INFO watchfiles.main: 1 change detected
2026-05-31 01:49:01,511 INFO watchfiles.main: 1 change detected
2026-05-31 01:49:33,686 INFO watchfiles.main: 1 change detected
2026-05-31 01:49:34,244 INFO watchfiles.main: 1 change detected
2026-05-31 01:49:34,650 INFO watchfiles.main: 1 change detected
2026-05-31 01:49:40,557 INFO watchfiles.main: 1 change detected
2026-05-31 01:49:41,029 INFO watchfiles.main: 1 change detected
2026-05-31 01:49:45,575 INFO watchfiles.main: 1 change detected
2026-05-31 01:49:45,939 INFO watchfiles.main: 1 change detected
2026-05-31 01:49:46,311 INFO watchfiles.main: 1 change detected
2026-05-31 01:49:47,430 INFO watchfiles.main: 1 change detected
2026-05-31 01:49:47,803 INFO watchfiles.main: 1 change detected
2026-05-31 01:49:48,170 INFO watchfiles.main: 1 change detected
2026-05-31 01:49:48,537 INFO watchfiles.main: 1 change detected
2026-05-31 01:49:48,904 INFO watchfiles.main: 1 change detected
2026-05-31 01:49:49,258 INFO watchfiles.main: 1 change detected
2026-05-31 01:49:49,619 INFO watchfiles.main: 1 change detected
2026-05-31 01:49:49,985 INFO watchfiles.main: 1 change detected
2026-05-31 01:49:50,352 INFO watchfiles.main: 1 change detected
2026-05-31 01:49:50,720 INFO watchfiles.main: 1 change detected
2026-05-31 01:49:51,086 INFO watchfiles.main: 1 change detected
2026-05-31 01:49:51,452 INFO watchfiles.main: 1 change detected
2026-05-31 01:49:51,816 INFO watchfiles.main: 1 change detected
2026-05-31 01:49:52,173 INFO watchfiles.main: 1 change detected
2026-05-31 01:49:52,534 INFO watchfiles.main: 1 change detected
2026-05-31 01:49:52,888 INFO watchfiles.main: 1 change detected
2026-05-31 01:49:53,252 INFO watchfiles.main: 1 change detected
2026-05-31 01:49:53,620 INFO watchfiles.main: 1 change detected
2026-05-31 01:49:53,987 INFO watchfiles.main: 1 change detected
2026-05-31 01:49:54,353 INFO watchfiles.main: 1 change detected
2026-05-31 01:49:54,720 INFO watchfiles.main: 1 change detected
2026-05-31 01:49:55,086 INFO watchfiles.main: 1 change detected
2026-05-31 01:49:55,440 INFO watchfiles.main: 1 change detected
2026-05-31 01:49:55,813 INFO watchfiles.main: 1 change detected
2026-05-31 01:49:56,170 INFO watchfiles.main: 1 change detected
2026-05-31 01:49:56,533 INFO watchfiles.main: 1 change detected
2026-05-31 01:49:56,895 INFO watchfiles.main: 1 change detected
2026-05-31 01:49:57,256 INFO watchfiles.main: 1 change detected
2026-05-31 01:49:57,620 INFO watchfiles.main: 1 change detected
2026-05-31 01:49:57,985 INFO watchfiles.main: 1 change detected
2026-05-31 01:49:58,352 INFO watchfiles.main: 1 change detected
2026-05-31 01:49:58,718 INFO watchfiles.main: 1 change detected
2026-05-31 01:49:59,087 INFO watchfiles.main: 1 change detected
2026-05-31 01:49:59,449 INFO watchfiles.main: 1 change detected
2026-05-31 01:49:59,817 INFO watchfiles.main: 1 change detected
2026-05-31 01:50:00,182 INFO watchfiles.main: 1 change detected
2026-05-31 01:50:00,552 INFO watchfiles.main: 1 change detected
2026-05-31 01:50:00,915 INFO watchfiles.main: 1 change detected
2026-05-31 01:50:01,283 INFO watchfiles.main: 1 change detected
2026-05-31 01:50:02,977 INFO watchfiles.main: 1 change detected
2026-05-31 01:50:03,340 INFO watchfiles.main: 1 change detected
2026-05-31 01:50:03,726 INFO watchfiles.main: 1 change detected
2026-05-31 01:50:04,157 INFO watchfiles.main: 1 change detected
2026-05-31 01:50:04,572 INFO watchfiles.main: 1 change detected
2026-05-31 01:50:04,960 INFO watchfiles.main: 1 change detected
2026-05-31 01:50:05,317 INFO watchfiles.main: 1 change detected
2026-05-31 01:50:05,671 INFO watchfiles.main: 1 change detected
2026-05-31 01:50:06,030 INFO watchfiles.main: 1 change detected
2026-05-31 01:50:06,397 INFO watchfiles.main: 1 change detected
2026-05-31 01:50:06,768 INFO watchfiles.main: 1 change detected
2026-05-31 01:50:07,131 INFO watchfiles.main: 1 change detected
2026-05-31 01:50:07,488 INFO watchfiles.main: 1 change detected
2026-05-31 01:50:07,852 INFO watchfiles.main: 1 change detected
2026-05-31 01:50:08,216 INFO watchfiles.main: 1 change detected
2026-05-31 01:50:08,588 INFO watchfiles.main: 1 change detected
2026-05-31 01:50:08,975 INFO watchfiles.main: 1 change detected
2026-05-31 01:50:09,358 INFO watchfiles.main: 1 change detected
2026-05-31 01:50:09,724 INFO watchfiles.main: 1 change detected
2026-05-31 01:50:10,080 INFO watchfiles.main: 1 change detected
2026-05-31 01:50:10,452 INFO watchfiles.main: 1 change detected
2026-05-31 01:50:10,826 INFO watchfiles.main: 1 change detected
2026-05-31 01:50:11,284 INFO watchfiles.main: 1 change detected
2026-05-31 01:50:11,671 INFO watchfiles.main: 1 change detected
2026-05-31 01:50:12,047 INFO watchfiles.main: 1 change detected
2026-05-31 01:50:12,400 INFO watchfiles.main: 1 change detected
2026-05-31 01:50:12,774 INFO watchfiles.main: 1 change detected
2026-05-31 01:50:13,130 INFO watchfiles.main: 1 change detected
2026-05-31 01:50:13,502 INFO watchfiles.main: 1 change detected
2026-05-31 01:50:13,866 INFO watchfiles.main: 1 change detected
2026-05-31 01:50:14,231 INFO watchfiles.main: 1 change detected
2026-05-31 01:50:14,597 INFO watchfiles.main: 1 change detected
2026-05-31 01:50:14,965 INFO watchfiles.main: 1 change detected
2026-05-31 01:50:15,319 INFO watchfiles.main: 1 change detected
2026-05-31 01:50:15,690 INFO watchfiles.main: 1 change detected
2026-05-31 01:50:16,048 INFO watchfiles.main: 1 change detected
2026-05-31 01:50:16,402 INFO watchfiles.main: 1 change detected
2026-05-31 01:50:16,765 INFO watchfiles.main: 1 change detected
2026-05-31 01:50:17,130 INFO watchfiles.main: 1 change detected
2026-05-31 01:50:17,485 INFO watchfiles.main: 1 change detected
2026-05-31 01:50:17,852 INFO watchfiles.main: 1 change detected
2026-05-31 01:50:18,216 INFO watchfiles.main: 1 change detected
2026-05-31 01:50:18,582 INFO watchfiles.main: 1 change detected
2026-05-31 01:50:18,946 INFO watchfiles.main: 1 change detected
2026-05-31 01:50:19,316 INFO watchfiles.main: 1 change detected
2026-05-31 01:50:19,746 INFO watchfiles.main: 1 change detected
2026-05-31 01:50:20,232 INFO watchfiles.main: 1 change detected
2026-05-31 01:50:20,598 INFO watchfiles.main: 1 change detected
2026-05-31 01:50:20,955 INFO watchfiles.main: 1 change detected
2026-05-31 01:50:21,335 INFO watchfiles.main: 1 change detected
2026-05-31 01:50:21,780 INFO watchfiles.main: 1 change detected
2026-05-31 01:50:22,299 INFO watchfiles.main: 1 change detected
2026-05-31 01:50:22,705 INFO watchfiles.main: 1 change detected
2026-05-31 01:50:23,074 INFO watchfiles.main: 1 change detected
2026-05-31 01:50:23,432 INFO watchfiles.main: 1 change detected
2026-05-31 01:50:23,798 INFO watchfiles.main: 1 change detected
2026-05-31 01:50:24,163 INFO watchfiles.main: 1 change detected
2026-05-31 01:50:24,534 INFO watchfiles.main: 1 change detected
2026-05-31 01:50:24,917 INFO watchfiles.main: 1 change detected
2026-05-31 01:50:25,327 INFO watchfiles.main: 3 changes detected
2026-05-31 01:50:25,680 INFO watchfiles.main: 1 change detected
2026-05-31 01:50:26,043 INFO watchfiles.main: 1 change detected
2026-05-31 01:50:26,393 INFO watchfiles.main: 1 change detected
2026-05-31 01:50:26,755 INFO watchfiles.main: 1 change detected
2026-05-31 01:50:27,118 INFO watchfiles.main: 1 change detected
2026-05-31 01:50:27,484 INFO watchfiles.main: 1 change detected
2026-05-31 01:50:27,847 INFO watchfiles.main: 1 change detected
2026-05-31 01:50:28,212 INFO watchfiles.main: 1 change detected
2026-05-31 01:50:28,566 INFO watchfiles.main: 1 change detected
2026-05-31 01:50:28,928 INFO watchfiles.main: 1 change detected
2026-05-31 01:50:29,281 INFO watchfiles.main: 1 change detected
2026-05-31 01:50:29,637 INFO watchfiles.main: 1 change detected
2026-05-31 01:50:29,996 INFO watchfiles.main: 1 change detected
2026-05-31 01:50:30,358 INFO watchfiles.main: 1 change detected
2026-05-31 01:50:30,711 INFO watchfiles.main: 1 change detected
2026-05-31 01:50:31,077 INFO watchfiles.main: 1 change detected
2026-05-31 01:50:31,444 INFO watchfiles.main: 1 change detected
2026-05-31 01:50:31,803 INFO watchfiles.main: 1 change detected
2026-05-31 01:50:32,160 INFO watchfiles.main: 1 change detected
2026-05-31 01:50:32,525 INFO watchfiles.main: 1 change detected
2026-05-31 01:50:32,893 INFO watchfiles.main: 1 change detected
2026-05-31 01:50:33,260 INFO watchfiles.main: 1 change detected
2026-05-31 01:50:33,625 INFO watchfiles.main: 1 change detected
2026-05-31 01:50:34,000 INFO watchfiles.main: 1 change detected
2026-05-31 01:50:34,352 INFO watchfiles.main: 1 change detected
2026-05-31 01:50:34,709 INFO watchfiles.main: 1 change detected
2026-05-31 01:50:35,076 INFO watchfiles.main: 1 change detected
2026-05-31 01:50:35,442 INFO watchfiles.main: 1 change detected
2026-05-31 01:50:35,807 INFO watchfiles.main: 1 change detected
2026-05-31 01:50:36,168 INFO watchfiles.main: 1 change detected
2026-05-31 01:50:37,472 INFO watchfiles.main: 1 change detected
2026-05-31 01:50:40,126 INFO watchfiles.main: 1 change detected
2026-05-31 01:50:40,480 INFO watchfiles.main: 1 change detected
2026-05-31 01:50:40,852 INFO watchfiles.main: 1 change detected
2026-05-31 01:50:41,207 INFO watchfiles.main: 1 change detected
2026-05-31 01:50:41,576 INFO watchfiles.main: 1 change detected
2026-05-31 01:50:41,939 INFO watchfiles.main: 1 change detected
2026-05-31 01:50:42,303 INFO watchfiles.main: 1 change detected
2026-05-31 01:50:42,657 INFO watchfiles.main: 1 change detected
2026-05-31 01:50:43,026 INFO watchfiles.main: 1 change detected
2026-05-31 01:50:43,390 INFO watchfiles.main: 1 change detected
2026-05-31 01:50:43,760 INFO watchfiles.main: 1 change detected
2026-05-31 01:50:44,124 INFO watchfiles.main: 1 change detected
2026-05-31 01:50:44,490 INFO watchfiles.main: 1 change detected
2026-05-31 01:50:44,869 INFO watchfiles.main: 1 change detected
2026-05-31 01:50:45,225 INFO watchfiles.main: 1 change detected
2026-05-31 01:50:45,591 INFO watchfiles.main: 1 change detected
2026-05-31 01:50:45,946 INFO watchfiles.main: 1 change detected
2026-05-31 01:50:46,303 INFO watchfiles.main: 1 change detected
2026-05-31 01:50:46,660 INFO watchfiles.main: 1 change detected
2026-05-31 01:50:47,147 INFO watchfiles.main: 1 change detected
2026-05-31 01:50:47,509 INFO watchfiles.main: 1 change detected
2026-05-31 01:50:47,877 INFO watchfiles.main: 1 change detected
2026-05-31 01:50:48,243 INFO watchfiles.main: 1 change detected
2026-05-31 01:50:48,610 INFO watchfiles.main: 1 change detected
2026-05-31 01:50:48,972 INFO watchfiles.main: 1 change detected
2026-05-31 01:50:49,338 INFO watchfiles.main: 1 change detected
2026-05-31 01:50:49,704 INFO watchfiles.main: 1 change detected
2026-05-31 01:50:50,071 INFO watchfiles.main: 1 change detected
2026-05-31 01:50:50,687 INFO watchfiles.main: 1 change detected
2026-05-31 01:50:51,183 INFO watchfiles.main: 1 change detected
2026-05-31 01:50:51,693 INFO watchfiles.main: 1 change detected
2026-05-31 01:50:52,116 INFO watchfiles.main: 1 change detected
2026-05-31 01:50:52,484 INFO watchfiles.main: 1 change detected
2026-05-31 01:50:52,902 INFO watchfiles.main: 1 change detected
2026-05-31 01:50:53,305 INFO watchfiles.main: 1 change detected
2026-05-31 01:50:53,684 INFO watchfiles.main: 1 change detected
2026-05-31 01:50:54,113 INFO watchfiles.main: 1 change detected
2026-05-31 01:50:54,611 INFO watchfiles.main: 1 change detected
2026-05-31 01:50:55,131 INFO watchfiles.main: 1 change detected
2026-05-31 01:50:55,600 INFO watchfiles.main: 1 change detected
2026-05-31 01:50:56,083 INFO watchfiles.main: 1 change detected
2026-05-31 01:50:56,600 INFO watchfiles.main: 1 change detected
2026-05-31 01:50:56,978 INFO watchfiles.main: 1 change detected
2026-05-31 01:50:57,418 INFO watchfiles.main: 1 change detected
2026-05-31 01:50:57,841 INFO watchfiles.main: 1 change detected
2026-05-31 01:50:58,253 INFO watchfiles.main: 1 change detected
2026-05-31 01:50:58,621 INFO watchfiles.main: 1 change detected
2026-05-31 01:50:58,988 INFO watchfiles.main: 1 change detected
2026-05-31 01:50:59,354 INFO watchfiles.main: 1 change detected
2026-05-31 01:50:59,727 INFO watchfiles.main: 1 change detected
2026-05-31 01:51:00,110 INFO watchfiles.main: 1 change detected
2026-05-31 01:51:00,481 INFO watchfiles.main: 1 change detected
2026-05-31 01:51:00,846 INFO watchfiles.main: 1 change detected
2026-05-31 01:51:01,210 INFO watchfiles.main: 1 change detected
2026-05-31 01:51:01,583 INFO watchfiles.main: 1 change detected
2026-05-31 01:51:01,960 INFO watchfiles.main: 1 change detected
2026-05-31 01:51:02,327 INFO watchfiles.main: 1 change detected
2026-05-31 01:51:02,745 INFO watchfiles.main: 1 change detected
2026-05-31 01:51:03,115 INFO watchfiles.main: 1 change detected
2026-05-31 01:51:03,482 INFO watchfiles.main: 1 change detected
2026-05-31 01:51:03,863 INFO watchfiles.main: 1 change detected
2026-05-31 01:51:04,222 INFO watchfiles.main: 1 change detected
2026-05-31 01:51:04,596 INFO watchfiles.main: 1 change detected
2026-05-31 01:51:04,958 INFO watchfiles.main: 1 change detected
2026-05-31 01:51:05,317 INFO watchfiles.main: 1 change detected
2026-05-31 01:51:05,687 INFO watchfiles.main: 1 change detected
2026-05-31 01:51:06,054 INFO watchfiles.main: 1 change detected
2026-05-31 01:51:06,419 INFO watchfiles.main: 1 change detected
2026-05-31 01:51:06,775 INFO watchfiles.main: 1 change detected
2026-05-31 01:51:07,135 INFO watchfiles.main: 1 change detected
2026-05-31 01:51:07,500 INFO watchfiles.main: 1 change detected
2026-05-31 01:51:07,869 INFO watchfiles.main: 1 change detected
2026-05-31 01:51:08,264 INFO watchfiles.main: 1 change detected
2026-05-31 01:51:08,624 INFO watchfiles.main: 1 change detected
2026-05-31 01:51:08,985 INFO watchfiles.main: 1 change detected
2026-05-31 01:51:09,352 INFO watchfiles.main: 1 change detected
2026-05-31 01:51:09,723 INFO watchfiles.main: 1 change detected
2026-05-31 01:51:10,095 INFO watchfiles.main: 1 change detected
2026-05-31 01:51:10,459 INFO watchfiles.main: 1 change detected
2026-05-31 01:51:10,818 INFO watchfiles.main: 1 change detected
2026-05-31 01:51:11,184 INFO watchfiles.main: 1 change detected
2026-05-31 01:51:11,550 INFO watchfiles.main: 1 change detected
2026-05-31 01:51:11,907 INFO watchfiles.main: 1 change detected
2026-05-31 01:51:12,301 INFO watchfiles.main: 1 change detected
2026-05-31 01:51:12,693 INFO watchfiles.main: 1 change detected
2026-05-31 01:51:13,051 INFO watchfiles.main: 1 change detected
2026-05-31 01:51:13,417 INFO watchfiles.main: 1 change detected
2026-05-31 01:51:13,785 INFO watchfiles.main: 1 change detected
2026-05-31 01:51:14,150 INFO watchfiles.main: 1 change detected
2026-05-31 01:51:14,517 INFO watchfiles.main: 1 change detected
2026-05-31 01:51:14,888 INFO watchfiles.main: 1 change detected
2026-05-31 01:51:15,251 INFO watchfiles.main: 1 change detected
2026-05-31 01:51:15,620 INFO watchfiles.main: 1 change detected
2026-05-31 01:51:15,989 INFO watchfiles.main: 1 change detected
2026-05-31 01:51:16,357 INFO watchfiles.main: 1 change detected
2026-05-31 01:51:16,721 INFO watchfiles.main: 1 change detected
2026-05-31 01:51:17,084 INFO watchfiles.main: 1 change detected
2026-05-31 01:51:17,485 INFO watchfiles.main: 1 change detected
2026-05-31 01:51:17,850 INFO watchfiles.main: 1 change detected
2026-05-31 01:51:18,217 INFO watchfiles.main: 1 change detected
2026-05-31 01:51:18,583 INFO watchfiles.main: 1 change detected
2026-05-31 01:51:18,950 INFO watchfiles.main: 1 change detected
2026-05-31 01:51:19,317 INFO watchfiles.main: 1 change detected
2026-05-31 01:51:19,694 INFO watchfiles.main: 1 change detected
2026-05-31 01:51:20,049 INFO watchfiles.main: 1 change detected
2026-05-31 01:51:20,415 INFO watchfiles.main: 1 change detected
2026-05-31 01:51:20,783 INFO watchfiles.main: 1 change detected
2026-05-31 01:51:21,148 INFO watchfiles.main: 1 change detected
2026-05-31 01:51:21,519 INFO watchfiles.main: 1 change detected
2026-05-31 01:51:21,910 INFO watchfiles.main: 1 change detected
2026-05-31 01:51:22,417 INFO watchfiles.main: 1 change detected
2026-05-31 01:51:22,893 INFO watchfiles.main: 1 change detected
2026-05-31 01:51:23,249 INFO watchfiles.main: 1 change detected
2026-05-31 01:51:23,618 INFO watchfiles.main: 1 change detected
2026-05-31 01:51:23,982 INFO watchfiles.main: 1 change detected
2026-05-31 01:51:24,347 INFO watchfiles.main: 1 change detected
2026-05-31 01:51:24,714 INFO watchfiles.main: 1 change detected
2026-05-31 01:51:25,081 INFO watchfiles.main: 1 change detected
2026-05-31 01:51:25,452 INFO watchfiles.main: 1 change detected
2026-05-31 01:51:25,813 INFO watchfiles.main: 1 change detected
2026-05-31 01:51:26,171 INFO watchfiles.main: 1 change detected
2026-05-31 01:51:26,534 INFO watchfiles.main: 1 change detected
2026-05-31 01:51:26,903 INFO watchfiles.main: 1 change detected
2026-05-31 01:51:27,264 INFO watchfiles.main: 1 change detected
2026-05-31 01:51:27,633 INFO watchfiles.main: 1 change detected
2026-05-31 01:51:27,995 INFO watchfiles.main: 1 change detected
2026-05-31 01:51:28,363 INFO watchfiles.main: 1 change detected
2026-05-31 01:51:28,736 INFO watchfiles.main: 1 change detected
2026-05-31 01:51:29,097 INFO watchfiles.main: 1 change detected
2026-05-31 01:51:29,466 INFO watchfiles.main: 1 change detected
2026-05-31 01:51:29,823 INFO watchfiles.main: 1 change detected
2026-05-31 01:51:30,235 INFO watchfiles.main: 1 change detected
2026-05-31 01:51:30,607 INFO watchfiles.main: 1 change detected
2026-05-31 01:51:30,964 INFO watchfiles.main: 1 change detected
2026-05-31 01:51:31,330 INFO watchfiles.main: 1 change detected
2026-05-31 01:51:31,689 INFO watchfiles.main: 1 change detected
2026-05-31 01:51:32,046 INFO watchfiles.main: 1 change detected
2026-05-31 01:51:32,413 INFO watchfiles.main: 1 change detected
2026-05-31 01:51:32,770 INFO watchfiles.main: 1 change detected
2026-05-31 01:51:33,131 INFO watchfiles.main: 1 change detected
2026-05-31 01:51:33,495 INFO watchfiles.main: 1 change detected
2026-05-31 01:51:33,865 INFO watchfiles.main: 1 change detected
2026-05-31 01:51:34,236 INFO watchfiles.main: 1 change detected
2026-05-31 01:51:34,593 INFO watchfiles.main: 1 change detected
2026-05-31 01:51:34,965 INFO watchfiles.main: 1 change detected
2026-05-31 01:51:35,330 INFO watchfiles.main: 1 change detected
2026-05-31 01:51:35,702 INFO watchfiles.main: 1 change detected
2026-05-31 01:51:36,060 INFO watchfiles.main: 1 change detected
2026-05-31 01:51:41,715 INFO watchfiles.main: 1 change detected
2026-05-31 01:51:42,078 INFO watchfiles.main: 1 change detected
2026-05-31 01:51:42,436 INFO watchfiles.main: 1 change detected
2026-05-31 01:51:42,802 INFO watchfiles.main: 1 change detected
2026-05-31 01:51:43,169 INFO watchfiles.main: 1 change detected
2026-05-31 01:51:43,530 INFO watchfiles.main: 1 change detected
2026-05-31 01:51:43,901 INFO watchfiles.main: 1 change detected
2026-05-31 01:51:44,261 INFO watchfiles.main: 1 change detected
2026-05-31 01:51:44,632 INFO watchfiles.main: 1 change detected
2026-05-31 01:51:44,998 INFO watchfiles.main: 1 change detected
2026-05-31 01:51:45,365 INFO watchfiles.main: 1 change detected
2026-05-31 01:51:45,733 INFO watchfiles.main: 1 change detected
2026-05-31 01:51:46,095 INFO watchfiles.main: 1 change detected
2026-05-31 01:51:46,459 INFO watchfiles.main: 1 change detected
2026-05-31 01:51:46,824 INFO watchfiles.main: 1 change detected
2026-05-31 01:51:47,197 INFO watchfiles.main: 1 change detected
2026-05-31 01:51:47,559 INFO watchfiles.main: 1 change detected
2026-05-31 01:51:51,831 INFO watchfiles.main: 1 change detected
2026-05-31 01:51:52,183 INFO watchfiles.main: 1 change detected
2026-05-31 01:51:52,542 INFO watchfiles.main: 1 change detected
2026-05-31 01:51:52,899 INFO watchfiles.main: 1 change detected
2026-05-31 01:51:53,261 INFO watchfiles.main: 1 change detected
2026-05-31 01:51:53,631 INFO watchfiles.main: 1 change detected
2026-05-31 01:51:53,994 INFO watchfiles.main: 1 change detected
2026-05-31 01:51:54,360 INFO watchfiles.main: 1 change detected
2026-05-31 01:51:54,731 INFO watchfiles.main: 1 change detected
2026-05-31 01:51:55,094 INFO watchfiles.main: 1 change detected
2026-05-31 01:51:55,462 INFO watchfiles.main: 1 change detected
2026-05-31 01:51:55,826 INFO watchfiles.main: 1 change detected
2026-05-31 01:51:56,190 INFO watchfiles.main: 1 change detected
2026-05-31 01:51:56,547 INFO watchfiles.main: 1 change detected
2026-05-31 01:51:56,901 INFO watchfiles.main: 1 change detected
2026-05-31 01:51:57,275 INFO watchfiles.main: 1 change detected
2026-05-31 01:51:57,652 INFO watchfiles.main: 1 change detected
2026-05-31 01:51:58,016 INFO watchfiles.main: 1 change detected
2026-05-31 01:51:58,521 INFO watchfiles.main: 1 change detected
2026-05-31 01:51:59,194 INFO watchfiles.main: 1 change detected
2026-05-31 01:51:59,925 INFO watchfiles.main: 1 change detected
2026-05-31 01:52:00,316 INFO watchfiles.main: 1 change detected
2026-05-31 01:52:00,717 INFO watchfiles.main: 1 change detected
2026-05-31 01:52:01,091 INFO watchfiles.main: 1 change detected
2026-05-31 01:52:01,456 INFO watchfiles.main: 1 change detected
2026-05-31 01:52:01,832 INFO watchfiles.main: 1 change detected
2026-05-31 01:52:02,298 INFO watchfiles.main: 1 change detected
2026-05-31 01:52:03,514 INFO watchfiles.main: 1 change detected
2026-05-31 01:52:04,465 INFO watchfiles.main: 1 change detected
2026-05-31 01:52:04,990 INFO watchfiles.main: 1 change detected
2026-05-31 01:52:05,753 INFO watchfiles.main: 1 change detected
2026-05-31 01:52:06,203 INFO watchfiles.main: 1 change detected
2026-05-31 01:52:06,641 INFO watchfiles.main: 1 change detected
2026-05-31 01:52:07,016 INFO watchfiles.main: 1 change detected
2026-05-31 01:52:07,400 INFO watchfiles.main: 1 change detected
2026-05-31 01:52:07,800 INFO watchfiles.main: 1 change detected
2026-05-31 01:52:08,332 INFO watchfiles.main: 1 change detected
2026-05-31 01:52:08,701 INFO watchfiles.main: 1 change detected
2026-05-31 01:52:09,096 INFO watchfiles.main: 1 change detected
2026-05-31 01:52:09,625 INFO watchfiles.main: 1 change detected
2026-05-31 01:52:10,447 INFO watchfiles.main: 1 change detected
2026-05-31 01:52:10,917 INFO watchfiles.main: 1 change detected
2026-05-31 01:52:11,433 INFO watchfiles.main: 1 change detected
2026-05-31 01:52:12,145 INFO watchfiles.main: 1 change detected
2026-05-31 01:52:13,098 INFO watchfiles.main: 1 change detected
2026-05-31 01:52:14,259 INFO watchfiles.main: 1 change detected
2026-05-31 01:52:23,855 INFO watchfiles.main: 1 change detected
2026-05-31 01:52:24,225 INFO watchfiles.main: 1 change detected
2026-05-31 01:52:24,744 INFO watchfiles.main: 1 change detected
2026-05-31 01:52:25,127 INFO watchfiles.main: 1 change detected
2026-05-31 01:52:25,610 INFO watchfiles.main: 1 change detected
2026-05-31 01:52:27,160 INFO watchfiles.main: 1 change detected
2026-05-31 01:52:27,519 INFO watchfiles.main: 1 change detected
2026-05-31 01:52:27,873 INFO watchfiles.main: 1 change detected
2026-05-31 01:52:28,241 INFO watchfiles.main: 1 change detected
2026-05-31 01:52:28,602 INFO watchfiles.main: 1 change detected
2026-05-31 01:52:28,978 INFO watchfiles.main: 1 change detected
2026-05-31 01:52:29,343 INFO watchfiles.main: 1 change detected
2026-05-31 01:52:29,706 INFO watchfiles.main: 1 change detected
2026-05-31 01:52:30,078 INFO watchfiles.main: 1 change detected
2026-05-31 01:52:30,440 INFO watchfiles.main: 1 change detected
2026-05-31 01:52:30,801 INFO watchfiles.main: 1 change detected
2026-05-31 01:52:31,164 INFO watchfiles.main: 1 change detected
2026-05-31 01:52:31,526 INFO watchfiles.main: 1 change detected
2026-05-31 01:52:31,887 INFO watchfiles.main: 1 change detected
2026-05-31 01:52:32,256 INFO watchfiles.main: 1 change detected
2026-05-31 01:52:32,615 INFO watchfiles.main: 1 change detected
2026-05-31 01:52:32,979 INFO watchfiles.main: 1 change detected
2026-05-31 01:52:33,335 INFO watchfiles.main: 1 change detected
2026-05-31 01:52:33,702 INFO watchfiles.main: 1 change detected
2026-05-31 01:52:34,064 INFO watchfiles.main: 1 change detected
2026-05-31 01:52:34,427 INFO watchfiles.main: 1 change detected
2026-05-31 01:52:34,800 INFO watchfiles.main: 1 change detected
2026-05-31 01:52:35,173 INFO watchfiles.main: 2 changes detected
2026-05-31 01:52:35,531 INFO watchfiles.main: 2 changes detected
2026-05-31 01:52:35,963 INFO watchfiles.main: 1 change detected
2026-05-31 01:52:36,330 INFO watchfiles.main: 1 change detected
2026-05-31 01:52:37,031 INFO watchfiles.main: 1 change detected
2026-05-31 01:52:39,838 INFO watchfiles.main: 1 change detected
2026-05-31 01:52:40,223 INFO watchfiles.main: 1 change detected
2026-05-31 01:52:40,588 INFO watchfiles.main: 1 change detected
2026-05-31 01:52:40,947 INFO watchfiles.main: 1 change detected
2026-05-31 01:52:41,443 INFO watchfiles.main: 4 changes detected
2026-05-31 01:52:41,807 INFO watchfiles.main: 1 change detected
2026-05-31 01:52:42,168 INFO watchfiles.main: 1 change detected
2026-05-31 01:52:42,530 INFO watchfiles.main: 1 change detected
2026-05-31 01:52:42,896 INFO watchfiles.main: 1 change detected
2026-05-31 01:52:43,314 INFO watchfiles.main: 1 change detected
2026-05-31 01:52:43,686 INFO watchfiles.main: 1 change detected
2026-05-31 01:52:44,039 INFO watchfiles.main: 1 change detected
2026-05-31 01:52:44,396 INFO watchfiles.main: 1 change detected
2026-05-31 01:52:44,752 INFO watchfiles.main: 1 change detected
2026-05-31 01:52:45,119 INFO watchfiles.main: 1 change detected
2026-05-31 01:52:45,481 INFO watchfiles.main: 1 change detected
2026-05-31 01:52:45,834 INFO watchfiles.main: 1 change detected
2026-05-31 01:52:46,185 INFO watchfiles.main: 1 change detected
2026-05-31 01:52:46,548 INFO watchfiles.main: 1 change detected
2026-05-31 01:52:46,900 INFO watchfiles.main: 1 change detected
2026-05-31 01:52:47,265 INFO watchfiles.main: 1 change detected
2026-05-31 01:52:47,686 INFO watchfiles.main: 1 change detected
2026-05-31 01:52:48,150 INFO watchfiles.main: 1 change detected
2026-05-31 01:52:48,564 INFO watchfiles.main: 1 change detected
2026-05-31 01:52:48,982 INFO watchfiles.main: 1 change detected
2026-05-31 01:52:49,350 INFO watchfiles.main: 1 change detected
2026-05-31 01:52:49,767 INFO watchfiles.main: 1 change detected
2026-05-31 01:52:50,182 INFO watchfiles.main: 1 change detected
2026-05-31 01:52:50,598 INFO watchfiles.main: 1 change detected
2026-05-31 01:52:51,015 INFO watchfiles.main: 1 change detected
2026-05-31 01:52:51,381 INFO watchfiles.main: 1 change detected
2026-05-31 01:52:51,797 INFO watchfiles.main: 1 change detected
2026-05-31 01:52:52,217 INFO watchfiles.main: 1 change detected
2026-05-31 01:52:52,633 INFO watchfiles.main: 1 change detected
2026-05-31 01:52:53,046 INFO watchfiles.main: 1 change detected
2026-05-31 01:52:53,463 INFO watchfiles.main: 1 change detected
2026-05-31 01:52:53,881 INFO watchfiles.main: 1 change detected
2026-05-31 01:52:54,296 INFO watchfiles.main: 1 change detected
2026-05-31 01:52:54,712 INFO watchfiles.main: 1 change detected
2026-05-31 01:52:55,130 INFO watchfiles.main: 1 change detected
2026-05-31 01:52:55,551 INFO watchfiles.main: 1 change detected
2026-05-31 01:52:55,967 INFO watchfiles.main: 1 change detected
2026-05-31 01:52:56,382 INFO watchfiles.main: 1 change detected
2026-05-31 01:52:56,857 INFO watchfiles.main: 1 change detected
2026-05-31 01:52:57,339 INFO watchfiles.main: 1 change detected
2026-05-31 01:52:57,766 INFO watchfiles.main: 1 change detected
2026-05-31 01:52:58,182 INFO watchfiles.main: 1 change detected
2026-05-31 01:52:58,595 INFO watchfiles.main: 1 change detected
2026-05-31 01:52:59,015 INFO watchfiles.main: 1 change detected
2026-05-31 01:52:59,432 INFO watchfiles.main: 1 change detected
2026-05-31 01:52:59,846 INFO watchfiles.main: 1 change detected
2026-05-31 01:53:00,269 INFO watchfiles.main: 1 change detected
2026-05-31 01:53:00,681 INFO watchfiles.main: 1 change detected
2026-05-31 01:53:01,098 INFO watchfiles.main: 1 change detected
2026-05-31 01:53:01,513 INFO watchfiles.main: 1 change detected
2026-05-31 01:53:01,931 INFO watchfiles.main: 1 change detected
2026-05-31 01:53:02,344 INFO watchfiles.main: 1 change detected
2026-05-31 01:53:02,764 INFO watchfiles.main: 1 change detected
2026-05-31 01:53:03,178 INFO watchfiles.main: 1 change detected
2026-05-31 01:53:03,594 INFO watchfiles.main: 1 change detected
2026-05-31 01:53:04,017 INFO watchfiles.main: 1 change detected
2026-05-31 01:53:04,463 INFO watchfiles.main: 1 change detected
2026-05-31 01:53:04,830 INFO watchfiles.main: 1 change detected
2026-05-31 01:53:05,248 INFO watchfiles.main: 1 change detected
2026-05-31 01:53:05,663 INFO watchfiles.main: 1 change detected
2026-05-31 01:53:06,078 INFO watchfiles.main: 1 change detected
2026-05-31 01:53:06,494 INFO watchfiles.main: 1 change detected
2026-05-31 01:53:06,909 INFO watchfiles.main: 1 change detected
2026-05-31 01:53:07,327 INFO watchfiles.main: 1 change detected
2026-05-31 01:53:07,744 INFO watchfiles.main: 1 change detected
2026-05-31 01:53:08,163 INFO watchfiles.main: 1 change detected
2026-05-31 01:53:08,580 INFO watchfiles.main: 1 change detected
2026-05-31 01:53:08,996 INFO watchfiles.main: 1 change detected
2026-05-31 01:53:09,410 INFO watchfiles.main: 1 change detected
2026-05-31 01:53:09,829 INFO watchfiles.main: 1 change detected
2026-05-31 01:53:10,246 INFO watchfiles.main: 1 change detected
2026-05-31 01:53:10,658 INFO watchfiles.main: 1 change detected
2026-05-31 01:53:11,068 INFO watchfiles.main: 1 change detected
2026-05-31 01:53:11,524 INFO watchfiles.main: 1 change detected
2026-05-31 01:53:11,894 INFO watchfiles.main: 1 change detected
2026-05-31 01:53:12,312 INFO watchfiles.main: 1 change detected
2026-05-31 01:53:12,730 INFO watchfiles.main: 1 change detected
2026-05-31 01:53:13,150 INFO watchfiles.main: 1 change detected
2026-05-31 01:53:13,562 INFO watchfiles.main: 1 change detected
2026-05-31 01:53:13,979 INFO watchfiles.main: 1 change detected
2026-05-31 01:53:14,395 INFO watchfiles.main: 1 change detected
2026-05-31 01:53:14,805 INFO watchfiles.main: 1 change detected
2026-05-31 01:53:15,214 INFO watchfiles.main: 1 change detected
2026-05-31 01:53:15,636 INFO watchfiles.main: 1 change detected
2026-05-31 01:53:16,095 INFO watchfiles.main: 1 change detected
2026-05-31 01:53:16,512 INFO watchfiles.main: 1 change detected
2026-05-31 01:53:16,928 INFO watchfiles.main: 1 change detected
2026-05-31 01:53:17,346 INFO watchfiles.main: 1 change detected
2026-05-31 01:53:17,753 INFO watchfiles.main: 1 change detected
2026-05-31 01:53:18,158 INFO watchfiles.main: 1 change detected
2026-05-31 01:53:18,576 INFO watchfiles.main: 1 change detected
2026-05-31 01:53:18,992 INFO watchfiles.main: 1 change detected
2026-05-31 01:53:19,408 INFO watchfiles.main: 1 change detected
2026-05-31 01:53:19,824 INFO watchfiles.main: 1 change detected
2026-05-31 01:53:20,193 INFO watchfiles.main: 1 change detected
2026-05-31 01:53:20,612 INFO watchfiles.main: 1 change detected
2026-05-31 01:53:21,019 INFO watchfiles.main: 1 change detected
2026-05-31 01:53:21,426 INFO watchfiles.main: 1 change detected
2026-05-31 01:53:21,891 INFO watchfiles.main: 1 change detected
2026-05-31 01:53:22,345 INFO watchfiles.main: 1 change detected
2026-05-31 01:53:22,769 INFO watchfiles.main: 1 change detected
2026-05-31 01:53:23,193 INFO watchfiles.main: 1 change detected
2026-05-31 01:53:23,576 INFO watchfiles.main: 1 change detected
2026-05-31 01:53:24,017 INFO watchfiles.main: 1 change detected
2026-05-31 01:53:24,427 INFO watchfiles.main: 1 change detected
2026-05-31 01:53:24,843 INFO watchfiles.main: 1 change detected
2026-05-31 01:53:25,210 INFO watchfiles.main: 1 change detected
2026-05-31 01:53:25,627 INFO watchfiles.main: 1 change detected
2026-05-31 01:53:26,043 INFO watchfiles.main: 1 change detected
2026-05-31 01:53:26,526 INFO watchfiles.main: 1 change detected
2026-05-31 01:53:26,975 INFO watchfiles.main: 1 change detected
2026-05-31 01:53:27,435 INFO watchfiles.main: 1 change detected
2026-05-31 01:53:27,848 INFO watchfiles.main: 1 change detected
2026-05-31 01:53:28,295 INFO watchfiles.main: 1 change detected
2026-05-31 01:53:28,663 INFO watchfiles.main: 1 change detected
2026-05-31 01:53:29,078 INFO watchfiles.main: 1 change detected
2026-05-31 01:53:29,495 INFO watchfiles.main: 1 change detected
2026-05-31 01:53:29,916 INFO watchfiles.main: 1 change detected
2026-05-31 01:53:30,326 INFO watchfiles.main: 1 change detected
2026-05-31 01:53:30,707 INFO watchfiles.main: 1 change detected
2026-05-31 01:53:31,124 INFO watchfiles.main: 1 change detected
2026-05-31 01:53:31,601 INFO watchfiles.main: 1 change detected
2026-05-31 01:53:32,011 INFO watchfiles.main: 1 change detected
2026-05-31 01:53:32,542 INFO watchfiles.main: 1 change detected
2026-05-31 01:53:34,578 INFO watchfiles.main: 1 change detected
2026-05-31 01:53:34,938 INFO watchfiles.main: 3 changes detected
2026-05-31 01:53:39,474 INFO watchfiles.main: 1 change detected
2026-05-31 01:54:04,264 INFO watchfiles.main: 1 change detected
2026-05-31 01:54:04,619 INFO watchfiles.main: 1 change detected
2026-05-31 01:54:05,011 INFO watchfiles.main: 2 changes detected
2026-05-31 01:54:05,419 INFO watchfiles.main: 2 changes detected
2026-05-31 01:54:06,845 INFO watchfiles.main: 1 change detected
2026-05-31 01:54:32,567 INFO watchfiles.main: 1 change detected
2026-05-31 01:54:32,979 INFO watchfiles.main: 3 changes detected
2026-05-31 01:54:34,601 INFO watchfiles.main: 1 change detected
2026-05-31 01:55:12,654 INFO watchfiles.main: 1 change detected
2026-05-31 01:55:13,022 INFO watchfiles.main: 3 changes detected
2026-05-31 01:55:14,447 INFO watchfiles.main: 1 change detected
2026-05-31 01:56:14,164 INFO watchfiles.main: 1 change detected
2026-05-31 01:56:14,520 INFO watchfiles.main: 2 changes detected
2026-05-31 01:56:16,032 INFO watchfiles.main: 1 change detected
2026-05-31 01:56:38,082 INFO watchfiles.main: 1 change detected
2026-05-31 01:56:38,434 INFO watchfiles.main: 2 changes detected
2026-05-31 01:56:38,794 INFO watchfiles.main: 1 change detected
2026-05-31 01:56:39,405 INFO watchfiles.main: 2 changes detected
2026-05-31 01:56:39,765 INFO watchfiles.main: 3 changes detected
2026-05-31 01:56:42,319 INFO watchfiles.main: 1 change detected
2026-05-31 01:56:49,683 INFO watchfiles.main: 1 change detected
2026-05-31 01:56:50,035 INFO watchfiles.main: 2 changes detected
2026-05-31 01:56:51,471 INFO watchfiles.main: 1 change detected
2026-05-31 01:57:11,238 INFO watchfiles.main: 1 change detected
2026-05-31 01:57:11,612 INFO watchfiles.main: 3 changes detected
2026-05-31 01:57:13,139 INFO watchfiles.main: 1 change detected
2026-05-31 01:57:43,336 INFO watchfiles.main: 1 change detected
2026-05-31 01:57:43,699 INFO watchfiles.main: 3 changes detected
2026-05-31 01:57:45,048 INFO watchfiles.main: 1 change detected
2026-05-31 01:58:52,434 INFO watchfiles.main: 1 change detected
2026-05-31 01:58:52,795 INFO watchfiles.main: 1 change detected
2026-05-31 01:58:53,153 INFO watchfiles.main: 1 change detected
2026-05-31 01:58:53,518 INFO watchfiles.main: 1 change detected
2026-05-31 01:58:53,884 INFO watchfiles.main: 1 change detected
2026-05-31 01:58:54,338 INFO watchfiles.main: 1 change detected
2026-05-31 01:58:54,702 INFO watchfiles.main: 1 change detected
2026-05-31 01:58:56,157 INFO watchfiles.main: 1 change detected
2026-05-31 01:58:56,517 INFO watchfiles.main: 1 change detected
2026-05-31 01:58:56,871 INFO watchfiles.main: 1 change detected
2026-05-31 01:58:57,246 INFO watchfiles.main: 1 change detected
2026-05-31 01:58:57,608 INFO watchfiles.main: 1 change detected
2026-05-31 01:58:57,968 INFO watchfiles.main: 1 change detected
2026-05-31 01:58:58,343 INFO watchfiles.main: 1 change detected
2026-05-31 01:58:58,719 INFO watchfiles.main: 1 change detected
2026-05-31 01:58:59,084 INFO watchfiles.main: 1 change detected
2026-05-31 01:58:59,445 INFO watchfiles.main: 1 change detected
2026-05-31 01:58:59,819 INFO watchfiles.main: 1 change detected
2026-05-31 01:59:00,183 INFO watchfiles.main: 1 change detected
2026-05-31 01:59:00,539 INFO watchfiles.main: 1 change detected
2026-05-31 01:59:00,900 INFO watchfiles.main: 1 change detected
2026-05-31 01:59:01,263 INFO watchfiles.main: 1 change detected
2026-05-31 01:59:01,618 INFO watchfiles.main: 1 change detected
2026-05-31 01:59:01,969 INFO watchfiles.main: 1 change detected
2026-05-31 01:59:02,336 INFO watchfiles.main: 1 change detected
2026-05-31 01:59:02,689 INFO watchfiles.main: 1 change detected
2026-05-31 01:59:03,043 INFO watchfiles.main: 1 change detected
2026-05-31 01:59:03,404 INFO watchfiles.main: 1 change detected
2026-05-31 01:59:03,767 INFO watchfiles.main: 1 change detected
2026-05-31 01:59:04,119 INFO watchfiles.main: 1 change detected
2026-05-31 01:59:04,535 INFO watchfiles.main: 1 change detected
2026-05-31 01:59:04,970 INFO watchfiles.main: 1 change detected
2026-05-31 01:59:05,352 INFO watchfiles.main: 1 change detected
2026-05-31 01:59:05,718 INFO watchfiles.main: 1 change detected
2026-05-31 01:59:06,148 INFO watchfiles.main: 1 change detected
2026-05-31 01:59:06,590 INFO watchfiles.main: 1 change detected
2026-05-31 01:59:06,976 INFO watchfiles.main: 1 change detected
2026-05-31 01:59:07,336 INFO watchfiles.main: 1 change detected
2026-05-31 01:59:07,690 INFO watchfiles.main: 1 change detected
2026-05-31 01:59:08,050 INFO watchfiles.main: 1 change detected
2026-05-31 01:59:08,410 INFO watchfiles.main: 1 change detected
2026-05-31 01:59:08,767 INFO watchfiles.main: 1 change detected
2026-05-31 01:59:09,121 INFO watchfiles.main: 1 change detected
2026-05-31 01:59:09,482 INFO watchfiles.main: 1 change detected
2026-05-31 01:59:09,845 INFO watchfiles.main: 1 change detected
2026-05-31 01:59:10,200 INFO watchfiles.main: 1 change detected
2026-05-31 01:59:10,569 INFO watchfiles.main: 1 change detected
2026-05-31 01:59:10,921 INFO watchfiles.main: 1 change detected
2026-05-31 01:59:11,285 INFO watchfiles.main: 1 change detected
2026-05-31 01:59:11,640 INFO watchfiles.main: 1 change detected
2026-05-31 01:59:11,999 INFO watchfiles.main: 1 change detected
2026-05-31 01:59:12,350 INFO watchfiles.main: 1 change detected
2026-05-31 01:59:12,702 INFO watchfiles.main: 1 change detected
2026-05-31 01:59:13,067 INFO watchfiles.main: 1 change detected
2026-05-31 01:59:13,422 INFO watchfiles.main: 1 change detected
2026-05-31 01:59:13,785 INFO watchfiles.main: 1 change detected
2026-05-31 01:59:14,147 INFO watchfiles.main: 1 change detected
2026-05-31 01:59:14,516 INFO watchfiles.main: 1 change detected
2026-05-31 01:59:14,883 INFO watchfiles.main: 1 change detected
2026-05-31 01:59:15,248 INFO watchfiles.main: 1 change detected
2026-05-31 01:59:15,604 INFO watchfiles.main: 1 change detected
2026-05-31 01:59:15,968 INFO watchfiles.main: 1 change detected
2026-05-31 01:59:16,322 INFO watchfiles.main: 1 change detected
2026-05-31 01:59:16,685 INFO watchfiles.main: 1 change detected
2026-05-31 01:59:17,110 INFO watchfiles.main: 1 change detected
2026-05-31 01:59:17,469 INFO watchfiles.main: 1 change detected
2026-05-31 01:59:17,833 INFO watchfiles.main: 1 change detected
2026-05-31 01:59:18,195 INFO watchfiles.main: 1 change detected
2026-05-31 01:59:18,548 INFO watchfiles.main: 1 change detected
2026-05-31 01:59:18,900 INFO watchfiles.main: 1 change detected
2026-05-31 01:59:19,255 INFO watchfiles.main: 1 change detected
2026-05-31 01:59:19,620 INFO watchfiles.main: 1 change detected
2026-05-31 01:59:19,991 INFO watchfiles.main: 1 change detected
2026-05-31 01:59:20,351 INFO watchfiles.main: 1 change detected
2026-05-31 01:59:20,719 INFO watchfiles.main: 1 change detected
2026-05-31 01:59:21,071 INFO watchfiles.main: 1 change detected
2026-05-31 01:59:21,434 INFO watchfiles.main: 1 change detected
2026-05-31 01:59:21,800 INFO watchfiles.main: 1 change detected
2026-05-31 01:59:22,168 INFO watchfiles.main: 1 change detected
2026-05-31 01:59:22,531 INFO watchfiles.main: 1 change detected
2026-05-31 01:59:22,898 INFO watchfiles.main: 1 change detected
2026-05-31 01:59:23,252 INFO watchfiles.main: 1 change detected
2026-05-31 01:59:23,627 INFO watchfiles.main: 1 change detected
2026-05-31 01:59:23,993 INFO watchfiles.main: 1 change detected
2026-05-31 01:59:24,350 INFO watchfiles.main: 1 change detected
2026-05-31 01:59:24,705 INFO watchfiles.main: 1 change detected
2026-05-31 01:59:25,068 INFO watchfiles.main: 1 change detected
2026-05-31 01:59:25,435 INFO watchfiles.main: 1 change detected
2026-05-31 01:59:25,795 INFO watchfiles.main: 1 change detected
2026-05-31 01:59:26,147 INFO watchfiles.main: 1 change detected
2026-05-31 01:59:26,500 INFO watchfiles.main: 1 change detected
2026-05-31 01:59:26,869 INFO watchfiles.main: 1 change detected
2026-05-31 01:59:27,234 INFO watchfiles.main: 1 change detected
2026-05-31 01:59:27,595 INFO watchfiles.main: 1 change detected
2026-05-31 01:59:27,951 INFO watchfiles.main: 1 change detected
2026-05-31 01:59:28,303 INFO watchfiles.main: 1 change detected
2026-05-31 01:59:28,667 INFO watchfiles.main: 1 change detected
2026-05-31 01:59:29,027 INFO watchfiles.main: 1 change detected
2026-05-31 01:59:29,393 INFO watchfiles.main: 1 change detected
2026-05-31 01:59:29,744 INFO watchfiles.main: 1 change detected
2026-05-31 01:59:30,103 INFO watchfiles.main: 1 change detected
2026-05-31 01:59:30,463 INFO watchfiles.main: 1 change detected
2026-05-31 01:59:30,824 INFO watchfiles.main: 1 change detected
2026-05-31 01:59:31,180 INFO watchfiles.main: 1 change detected
2026-05-31 01:59:31,539 INFO watchfiles.main: 1 change detected
2026-05-31 01:59:31,900 INFO watchfiles.main: 1 change detected
2026-05-31 01:59:32,252 INFO watchfiles.main: 1 change detected
2026-05-31 01:59:32,611 INFO watchfiles.main: 1 change detected
2026-05-31 01:59:32,969 INFO watchfiles.main: 1 change detected
2026-05-31 01:59:33,333 INFO watchfiles.main: 1 change detected
2026-05-31 01:59:33,701 INFO watchfiles.main: 1 change detected
2026-05-31 01:59:34,059 INFO watchfiles.main: 1 change detected
2026-05-31 01:59:34,419 INFO watchfiles.main: 1 change detected
2026-05-31 01:59:34,772 INFO watchfiles.main: 1 change detected
2026-05-31 01:59:35,133 INFO watchfiles.main: 1 change detected
2026-05-31 01:59:35,484 INFO watchfiles.main: 1 change detected
2026-05-31 01:59:35,836 INFO watchfiles.main: 1 change detected
2026-05-31 01:59:36,202 INFO watchfiles.main: 1 change detected
2026-05-31 01:59:36,571 INFO watchfiles.main: 1 change detected
2026-05-31 01:59:36,943 INFO watchfiles.main: 1 change detected
2026-05-31 01:59:37,302 INFO watchfiles.main: 1 change detected
2026-05-31 01:59:37,659 INFO watchfiles.main: 1 change detected
2026-05-31 01:59:38,019 INFO watchfiles.main: 1 change detected
2026-05-31 01:59:38,385 INFO watchfiles.main: 1 change detected
2026-05-31 01:59:38,751 INFO watchfiles.main: 1 change detected
2026-05-31 01:59:39,110 INFO watchfiles.main: 1 change detected
2026-05-31 01:59:39,467 INFO watchfiles.main: 1 change detected
2026-05-31 01:59:39,860 INFO watchfiles.main: 1 change detected
2026-05-31 01:59:40,237 INFO watchfiles.main: 1 change detected
2026-05-31 01:59:40,601 INFO watchfiles.main: 1 change detected
2026-05-31 01:59:40,974 INFO watchfiles.main: 1 change detected
2026-05-31 01:59:41,335 INFO watchfiles.main: 1 change detected
2026-05-31 01:59:41,694 INFO watchfiles.main: 1 change detected
2026-05-31 01:59:42,055 INFO watchfiles.main: 1 change detected
2026-05-31 01:59:42,410 INFO watchfiles.main: 1 change detected
2026-05-31 01:59:42,761 INFO watchfiles.main: 1 change detected
2026-05-31 01:59:43,119 INFO watchfiles.main: 1 change detected
2026-05-31 01:59:43,485 INFO watchfiles.main: 1 change detected
2026-05-31 01:59:47,319 INFO watchfiles.main: 1 change detected
2026-05-31 01:59:47,684 INFO watchfiles.main: 1 change detected
2026-05-31 01:59:48,036 INFO watchfiles.main: 1 change detected
2026-05-31 01:59:48,400 INFO watchfiles.main: 1 change detected
2026-05-31 01:59:48,755 INFO watchfiles.main: 1 change detected
2026-05-31 01:59:49,109 INFO watchfiles.main: 1 change detected
2026-05-31 01:59:49,474 INFO watchfiles.main: 1 change detected
2026-05-31 01:59:49,831 INFO watchfiles.main: 1 change detected
2026-05-31 01:59:50,184 INFO watchfiles.main: 1 change detected
2026-05-31 01:59:50,550 INFO watchfiles.main: 1 change detected
2026-05-31 01:59:50,919 INFO watchfiles.main: 1 change detected
2026-05-31 01:59:51,276 INFO watchfiles.main: 1 change detected
2026-05-31 01:59:51,635 INFO watchfiles.main: 1 change detected
2026-05-31 01:59:51,990 INFO watchfiles.main: 1 change detected
2026-05-31 01:59:52,368 INFO watchfiles.main: 1 change detected
2026-05-31 01:59:52,744 INFO watchfiles.main: 1 change detected
2026-05-31 01:59:53,119 INFO watchfiles.main: 1 change detected
2026-05-31 01:59:53,472 INFO watchfiles.main: 1 change detected
2026-05-31 01:59:53,824 INFO watchfiles.main: 1 change detected
2026-05-31 01:59:54,185 INFO watchfiles.main: 1 change detected
2026-05-31 01:59:54,548 INFO watchfiles.main: 1 change detected
2026-05-31 01:59:54,910 INFO watchfiles.main: 1 change detected
2026-05-31 01:59:55,268 INFO watchfiles.main: 1 change detected
2026-05-31 01:59:55,625 INFO watchfiles.main: 1 change detected
2026-05-31 01:59:55,986 INFO watchfiles.main: 1 change detected
2026-05-31 01:59:56,342 INFO watchfiles.main: 1 change detected
2026-05-31 01:59:56,719 INFO watchfiles.main: 1 change detected
2026-05-31 01:59:57,075 INFO watchfiles.main: 1 change detected
2026-05-31 01:59:57,438 INFO watchfiles.main: 1 change detected
2026-05-31 01:59:57,800 INFO watchfiles.main: 1 change detected
2026-05-31 01:59:58,157 INFO watchfiles.main: 1 change detected
2026-05-31 02:00:00,944 INFO watchfiles.main: 1 change detected
2026-05-31 02:00:01,391 INFO watchfiles.main: 1 change detected
2026-05-31 02:00:01,768 INFO watchfiles.main: 1 change detected
2026-05-31 02:00:02,140 INFO watchfiles.main: 1 change detected
2026-05-31 02:00:02,558 INFO watchfiles.main: 1 change detected
2026-05-31 02:00:02,921 INFO watchfiles.main: 1 change detected
2026-05-31 02:00:03,287 INFO watchfiles.main: 1 change detected
2026-05-31 02:00:03,642 INFO watchfiles.main: 1 change detected
2026-05-31 02:00:04,002 INFO watchfiles.main: 1 change detected
2026-05-31 02:00:04,379 INFO watchfiles.main: 1 change detected
2026-05-31 02:00:04,734 INFO watchfiles.main: 1 change detected
2026-05-31 02:00:05,091 INFO watchfiles.main: 1 change detected
2026-05-31 02:00:05,469 INFO watchfiles.main: 1 change detected
2026-05-31 02:00:05,841 INFO watchfiles.main: 1 change detected
2026-05-31 02:00:06,204 INFO watchfiles.main: 1 change detected
2026-05-31 02:00:06,572 INFO watchfiles.main: 1 change detected
2026-05-31 02:00:06,935 INFO watchfiles.main: 1 change detected
2026-05-31 02:00:07,301 INFO watchfiles.main: 1 change detected
2026-05-31 02:00:07,654 INFO watchfiles.main: 1 change detected
2026-05-31 02:00:08,018 INFO watchfiles.main: 1 change detected
2026-05-31 02:00:08,372 INFO watchfiles.main: 1 change detected
2026-05-31 02:00:08,746 INFO watchfiles.main: 1 change detected
2026-05-31 02:00:09,100 INFO watchfiles.main: 1 change detected
2026-05-31 02:00:09,483 INFO watchfiles.main: 1 change detected
2026-05-31 02:00:09,835 INFO watchfiles.main: 1 change detected
2026-05-31 02:00:10,201 INFO watchfiles.main: 1 change detected
2026-05-31 02:00:10,570 INFO watchfiles.main: 1 change detected
2026-05-31 02:00:10,935 INFO watchfiles.main: 1 change detected
2026-05-31 02:00:11,294 INFO watchfiles.main: 1 change detected
2026-05-31 02:00:11,651 INFO watchfiles.main: 1 change detected
2026-05-31 02:00:12,018 INFO watchfiles.main: 1 change detected
2026-05-31 02:00:12,374 INFO watchfiles.main: 1 change detected
2026-05-31 02:00:12,734 INFO watchfiles.main: 1 change detected
2026-05-31 02:00:13,086 INFO watchfiles.main: 1 change detected
2026-05-31 02:00:13,440 INFO watchfiles.main: 1 change detected
2026-05-31 02:00:39,620 INFO watchfiles.main: 1 change detected
2026-05-31 02:00:44,579 INFO watchfiles.main: 1 change detected
2026-05-31 02:00:49,759 INFO watchfiles.main: 1 change detected
2026-05-31 02:00:50,235 INFO watchfiles.main: 1 change detected
2026-05-31 02:00:50,599 INFO watchfiles.main: 1 change detected
2026-05-31 02:02:44,308 INFO watchfiles.main: 1 change detected
2026-05-31 02:02:44,675 INFO watchfiles.main: 2 changes detected
2026-05-31 02:02:45,102 INFO watchfiles.main: 1 change detected
2026-05-31 02:03:03,467 INFO watchfiles.main: 1 change detected
2026-05-31 02:03:51,634 INFO watchfiles.main: 1 change detected
2026-05-31 02:03:52,769 INFO watchfiles.main: 1 change detected
2026-05-31 02:03:54,375 INFO watchfiles.main: 1 change detected
2026-05-31 02:03:55,036 INFO watchfiles.main: 1 change detected
2026-05-31 02:03:55,599 INFO watchfiles.main: 1 change detected
2026-05-31 02:03:55,967 INFO watchfiles.main: 1 change detected
2026-05-31 02:03:57,569 INFO watchfiles.main: 1 change detected
2026-05-31 02:03:58,023 INFO watchfiles.main: 1 change detected
2026-05-31 02:03:58,533 INFO watchfiles.main: 1 change detected
2026-05-31 02:03:59,519 INFO watchfiles.main: 1 change detected
2026-05-31 02:03:59,875 INFO watchfiles.main: 1 change detected
2026-05-31 02:04:00,257 INFO watchfiles.main: 1 change detected
2026-05-31 02:04:01,378 INFO watchfiles.main: 1 change detected
2026-05-31 02:04:01,750 INFO watchfiles.main: 1 change detected
2026-05-31 02:04:02,110 INFO watchfiles.main: 1 change detected
2026-05-31 02:04:02,535 INFO watchfiles.main: 1 change detected
2026-05-31 02:04:02,988 INFO watchfiles.main: 1 change detected
2026-05-31 02:04:03,352 INFO watchfiles.main: 1 change detected
2026-05-31 02:04:03,713 INFO watchfiles.main: 1 change detected
2026-05-31 02:04:04,080 INFO watchfiles.main: 1 change detected
2026-05-31 02:04:05,080 INFO watchfiles.main: 1 change detected
2026-05-31 02:04:05,579 INFO watchfiles.main: 1 change detected
2026-05-31 02:04:06,045 INFO watchfiles.main: 1 change detected
2026-05-31 02:04:06,444 INFO watchfiles.main: 1 change detected
2026-05-31 02:04:06,802 INFO watchfiles.main: 1 change detected
2026-05-31 02:04:07,181 INFO watchfiles.main: 1 change detected
2026-05-31 02:04:08,278 INFO watchfiles.main: 1 change detected
2026-05-31 02:04:08,667 INFO watchfiles.main: 1 change detected
2026-05-31 02:04:09,032 INFO watchfiles.main: 1 change detected
2026-05-31 02:04:09,388 INFO watchfiles.main: 1 change detected
2026-05-31 02:04:09,754 INFO watchfiles.main: 1 change detected
2026-05-31 02:04:10,124 INFO watchfiles.main: 1 change detected
2026-05-31 02:04:10,490 INFO watchfiles.main: 1 change detected
2026-05-31 02:04:10,857 INFO watchfiles.main: 1 change detected
2026-05-31 02:04:11,224 INFO watchfiles.main: 1 change detected
2026-05-31 02:04:11,587 INFO watchfiles.main: 1 change detected
2026-05-31 02:04:11,940 INFO watchfiles.main: 1 change detected
2026-05-31 02:04:12,308 INFO watchfiles.main: 1 change detected
2026-05-31 02:04:12,665 INFO watchfiles.main: 1 change detected
2026-05-31 02:04:13,027 INFO watchfiles.main: 1 change detected
2026-05-31 02:04:13,387 INFO watchfiles.main: 1 change detected
2026-05-31 02:04:13,742 INFO watchfiles.main: 1 change detected
2026-05-31 02:04:14,259 INFO watchfiles.main: 1 change detected
2026-05-31 02:04:14,617 INFO watchfiles.main: 1 change detected
2026-05-31 02:04:14,977 INFO watchfiles.main: 1 change detected
2026-05-31 02:04:15,328 INFO watchfiles.main: 1 change detected
2026-05-31 02:04:15,689 INFO watchfiles.main: 1 change detected
2026-05-31 02:04:16,052 INFO watchfiles.main: 1 change detected
2026-05-31 02:04:16,407 INFO watchfiles.main: 1 change detected
2026-05-31 02:04:16,758 INFO watchfiles.main: 1 change detected
2026-05-31 02:04:17,123 INFO watchfiles.main: 1 change detected
2026-05-31 02:04:17,485 INFO watchfiles.main: 1 change detected
2026-05-31 02:04:17,847 INFO watchfiles.main: 1 change detected
2026-05-31 02:04:18,203 INFO watchfiles.main: 1 change detected
2026-05-31 02:04:20,780 INFO watchfiles.main: 1 change detected
2026-05-31 02:04:21,251 INFO watchfiles.main: 1 change detected
2026-05-31 02:04:21,642 INFO watchfiles.main: 1 change detected
2026-05-31 02:04:21,997 INFO watchfiles.main: 1 change detected
2026-05-31 02:04:22,350 INFO watchfiles.main: 1 change detected
2026-05-31 02:04:22,725 INFO watchfiles.main: 1 change detected
2026-05-31 02:04:23,084 INFO watchfiles.main: 1 change detected
2026-05-31 02:04:23,458 INFO watchfiles.main: 1 change detected
2026-05-31 02:04:23,818 INFO watchfiles.main: 1 change detected
2026-05-31 02:04:24,180 INFO watchfiles.main: 1 change detected
2026-05-31 02:04:24,538 INFO watchfiles.main: 1 change detected
2026-05-31 02:04:24,898 INFO watchfiles.main: 1 change detected
2026-05-31 02:04:25,253 INFO watchfiles.main: 1 change detected
2026-05-31 02:04:26,144 INFO watchfiles.main: 1 change detected
2026-05-31 02:04:26,507 INFO watchfiles.main: 1 change detected
2026-05-31 02:04:26,871 INFO watchfiles.main: 1 change detected
2026-05-31 02:04:27,879 INFO watchfiles.main: 1 change detected
2026-05-31 02:04:28,232 INFO watchfiles.main: 1 change detected
2026-05-31 02:04:28,587 INFO watchfiles.main: 1 change detected
2026-05-31 02:04:28,974 INFO watchfiles.main: 1 change detected
2026-05-31 02:04:29,383 INFO watchfiles.main: 1 change detected
2026-05-31 02:04:29,753 INFO watchfiles.main: 1 change detected
2026-05-31 02:04:30,117 INFO watchfiles.main: 1 change detected
2026-05-31 02:04:30,776 INFO watchfiles.main: 1 change detected
2026-05-31 02:04:31,222 INFO watchfiles.main: 1 change detected
2026-05-31 02:04:31,593 INFO watchfiles.main: 1 change detected
2026-05-31 02:04:31,960 INFO watchfiles.main: 1 change detected
2026-05-31 02:04:32,421 INFO watchfiles.main: 1 change detected
2026-05-31 02:04:33,172 INFO watchfiles.main: 1 change detected
2026-05-31 02:04:33,540 INFO watchfiles.main: 1 change detected
2026-05-31 02:04:33,948 INFO watchfiles.main: 1 change detected
2026-05-31 02:04:34,540 INFO watchfiles.main: 1 change detected
2026-05-31 02:04:34,906 INFO watchfiles.main: 1 change detected
2026-05-31 02:04:35,275 INFO watchfiles.main: 1 change detected
2026-05-31 02:04:35,626 INFO watchfiles.main: 1 change detected
2026-05-31 02:04:36,041 INFO watchfiles.main: 1 change detected
2026-05-31 02:04:36,418 INFO watchfiles.main: 1 change detected
2026-05-31 02:04:37,921 INFO watchfiles.main: 1 change detected
2026-05-31 02:04:38,909 INFO watchfiles.main: 1 change detected
2026-05-31 02:04:39,353 INFO watchfiles.main: 1 change detected
2026-05-31 02:04:39,706 INFO watchfiles.main: 1 change detected
2026-05-31 02:04:40,069 INFO watchfiles.main: 1 change detected
2026-05-31 02:04:40,435 INFO watchfiles.main: 1 change detected
2026-05-31 02:04:40,800 INFO watchfiles.main: 1 change detected
2026-05-31 02:04:41,169 INFO watchfiles.main: 1 change detected
2026-05-31 02:04:41,533 INFO watchfiles.main: 1 change detected
2026-05-31 02:04:41,902 INFO watchfiles.main: 1 change detected
2026-05-31 02:04:42,255 INFO watchfiles.main: 1 change detected
2026-05-31 02:04:42,616 INFO watchfiles.main: 1 change detected
2026-05-31 02:04:42,972 INFO watchfiles.main: 1 change detected
2026-05-31 02:04:43,338 INFO watchfiles.main: 1 change detected
2026-05-31 02:04:43,752 INFO watchfiles.main: 1 change detected
2026-05-31 02:04:44,118 INFO watchfiles.main: 1 change detected
2026-05-31 02:04:44,480 INFO watchfiles.main: 1 change detected
2026-05-31 02:04:48,205 INFO watchfiles.main: 1 change detected
2026-05-31 02:04:48,646 INFO watchfiles.main: 1 change detected
2026-05-31 02:04:49,084 INFO watchfiles.main: 1 change detected
2026-05-31 02:04:49,447 INFO watchfiles.main: 1 change detected
2026-05-31 02:04:49,806 INFO watchfiles.main: 1 change detected
2026-05-31 02:04:50,876 INFO watchfiles.main: 1 change detected
2026-05-31 02:04:51,258 INFO watchfiles.main: 1 change detected
2026-05-31 02:04:51,629 INFO watchfiles.main: 1 change detected
2026-05-31 02:04:52,015 INFO watchfiles.main: 1 change detected
2026-05-31 02:04:52,381 INFO watchfiles.main: 1 change detected
2026-05-31 02:04:52,748 INFO watchfiles.main: 1 change detected
2026-05-31 02:04:53,266 INFO watchfiles.main: 1 change detected
2026-05-31 02:04:53,635 INFO watchfiles.main: 1 change detected
2026-05-31 02:04:53,998 INFO watchfiles.main: 1 change detected
2026-05-31 02:04:54,352 INFO watchfiles.main: 1 change detected
2026-05-31 02:04:54,716 INFO watchfiles.main: 1 change detected
2026-05-31 02:04:56,302 INFO watchfiles.main: 1 change detected
2026-05-31 02:04:56,673 INFO watchfiles.main: 1 change detected
2026-05-31 02:04:57,036 INFO watchfiles.main: 1 change detected
2026-05-31 02:04:57,397 INFO watchfiles.main: 1 change detected
2026-05-31 02:04:57,765 INFO watchfiles.main: 1 change detected
2026-05-31 02:04:58,135 INFO watchfiles.main: 1 change detected
2026-05-31 02:04:58,523 INFO watchfiles.main: 1 change detected
2026-05-31 02:04:58,926 INFO watchfiles.main: 1 change detected
2026-05-31 02:04:59,314 INFO watchfiles.main: 1 change detected
2026-05-31 02:04:59,683 INFO watchfiles.main: 1 change detected
2026-05-31 02:05:00,051 INFO watchfiles.main: 1 change detected
2026-05-31 02:05:00,434 INFO watchfiles.main: 1 change detected
2026-05-31 02:05:00,801 INFO watchfiles.main: 1 change detected
2026-05-31 02:05:01,174 INFO watchfiles.main: 1 change detected
2026-05-31 02:05:01,588 INFO watchfiles.main: 1 change detected
2026-05-31 02:05:01,957 INFO watchfiles.main: 1 change detected
2026-05-31 02:05:02,330 INFO watchfiles.main: 1 change detected
2026-05-31 02:05:02,690 INFO watchfiles.main: 1 change detected
2026-05-31 02:05:03,043 INFO watchfiles.main: 1 change detected
2026-05-31 02:05:03,396 INFO watchfiles.main: 1 change detected
2026-05-31 02:05:03,759 INFO watchfiles.main: 1 change detected
2026-05-31 02:05:04,120 INFO watchfiles.main: 1 change detected
2026-05-31 02:05:04,479 INFO watchfiles.main: 1 change detected
2026-05-31 02:05:04,842 INFO watchfiles.main: 1 change detected
2026-05-31 02:05:05,208 INFO watchfiles.main: 1 change detected
2026-05-31 02:05:05,562 INFO watchfiles.main: 1 change detected
2026-05-31 02:05:05,928 INFO watchfiles.main: 1 change detected
2026-05-31 02:05:06,296 INFO watchfiles.main: 1 change detected
2026-05-31 02:05:06,659 INFO watchfiles.main: 1 change detected
2026-05-31 02:05:07,023 INFO watchfiles.main: 1 change detected
2026-05-31 02:05:07,374 INFO watchfiles.main: 1 change detected
2026-05-31 02:05:07,754 INFO watchfiles.main: 1 change detected
2026-05-31 02:05:08,109 INFO watchfiles.main: 1 change detected
2026-05-31 02:05:08,474 INFO watchfiles.main: 1 change detected
2026-05-31 02:05:08,838 INFO watchfiles.main: 1 change detected
2026-05-31 02:05:09,201 INFO watchfiles.main: 1 change detected
2026-05-31 02:05:09,558 INFO watchfiles.main: 1 change detected
2026-05-31 02:05:09,911 INFO watchfiles.main: 1 change detected
2026-05-31 02:05:10,274 INFO watchfiles.main: 1 change detected
2026-05-31 02:05:10,626 INFO watchfiles.main: 1 change detected
2026-05-31 02:05:10,990 INFO watchfiles.main: 1 change detected
2026-05-31 02:05:11,354 INFO watchfiles.main: 1 change detected
2026-05-31 02:05:11,709 INFO watchfiles.main: 1 change detected
2026-05-31 02:05:12,073 INFO watchfiles.main: 1 change detected
2026-05-31 02:05:12,477 INFO watchfiles.main: 1 change detected
2026-05-31 02:05:12,846 INFO watchfiles.main: 1 change detected
2026-05-31 02:05:13,215 INFO watchfiles.main: 1 change detected
2026-05-31 02:05:13,581 INFO watchfiles.main: 1 change detected
2026-05-31 02:05:13,940 INFO watchfiles.main: 1 change detected
2026-05-31 02:05:14,294 INFO watchfiles.main: 1 change detected
2026-05-31 02:05:14,664 INFO watchfiles.main: 1 change detected
2026-05-31 02:05:15,031 INFO watchfiles.main: 1 change detected
2026-05-31 02:05:15,391 INFO watchfiles.main: 1 change detected
2026-05-31 02:05:15,756 INFO watchfiles.main: 1 change detected
2026-05-31 02:05:16,114 INFO watchfiles.main: 1 change detected
2026-05-31 02:05:16,477 INFO watchfiles.main: 1 change detected
2026-05-31 02:05:16,844 INFO watchfiles.main: 1 change detected
2026-05-31 02:05:17,213 INFO watchfiles.main: 1 change detected
2026-05-31 02:05:17,577 INFO watchfiles.main: 1 change detected
2026-05-31 02:05:17,949 INFO watchfiles.main: 1 change detected
2026-05-31 02:05:18,359 INFO watchfiles.main: 1 change detected
2026-05-31 02:05:18,800 INFO watchfiles.main: 1 change detected
2026-05-31 02:05:20,939 INFO watchfiles.main: 1 change detected
2026-05-31 02:05:21,294 INFO watchfiles.main: 1 change detected
2026-05-31 02:05:21,672 INFO watchfiles.main: 1 change detected
2026-05-31 02:05:22,065 INFO watchfiles.main: 1 change detected
2026-05-31 02:05:22,426 INFO watchfiles.main: 1 change detected
2026-05-31 02:05:22,797 INFO watchfiles.main: 1 change detected
2026-05-31 02:05:23,166 INFO watchfiles.main: 1 change detected
2026-05-31 02:05:23,583 INFO watchfiles.main: 1 change detected
2026-05-31 02:05:24,067 INFO watchfiles.main: 1 change detected
2026-05-31 02:05:24,551 INFO watchfiles.main: 1 change detected
2026-05-31 02:05:25,070 INFO watchfiles.main: 1 change detected
2026-05-31 02:05:25,569 INFO watchfiles.main: 1 change detected
2026-05-31 02:05:25,960 INFO watchfiles.main: 1 change detected
2026-05-31 02:05:26,340 INFO watchfiles.main: 1 change detected
2026-05-31 02:05:26,700 INFO watchfiles.main: 1 change detected
2026-05-31 02:05:27,053 INFO watchfiles.main: 1 change detected
2026-05-31 02:05:27,413 INFO watchfiles.main: 1 change detected
2026-05-31 02:05:27,781 INFO watchfiles.main: 1 change detected
2026-05-31 02:05:28,147 INFO watchfiles.main: 1 change detected
2026-05-31 02:05:28,511 INFO watchfiles.main: 1 change detected
2026-05-31 02:05:28,881 INFO watchfiles.main: 1 change detected
2026-05-31 02:05:29,244 INFO watchfiles.main: 1 change detected
2026-05-31 02:05:29,652 INFO watchfiles.main: 1 change detected
2026-05-31 02:05:30,024 INFO watchfiles.main: 1 change detected
2026-05-31 02:05:30,377 INFO watchfiles.main: 1 change detected
2026-05-31 02:05:30,737 INFO watchfiles.main: 1 change detected
2026-05-31 02:05:32,250 INFO watchfiles.main: 1 change detected
2026-05-31 02:05:32,610 INFO watchfiles.main: 1 change detected
2026-05-31 02:05:33,078 INFO watchfiles.main: 1 change detected
2026-05-31 02:05:33,463 INFO watchfiles.main: 1 change detected
2026-05-31 02:05:33,818 INFO watchfiles.main: 1 change detected
2026-05-31 02:05:34,176 INFO watchfiles.main: 1 change detected
2026-05-31 02:05:34,538 INFO watchfiles.main: 1 change detected
2026-05-31 02:05:35,203 INFO watchfiles.main: 1 change detected
2026-05-31 02:05:35,675 INFO watchfiles.main: 1 change detected
2026-05-31 02:05:36,280 INFO watchfiles.main: 1 change detected
2026-05-31 02:05:37,413 INFO watchfiles.main: 1 change detected
2026-05-31 02:05:38,201 INFO watchfiles.main: 1 change detected
2026-05-31 02:05:38,662 INFO watchfiles.main: 1 change detected
2026-05-31 02:05:39,100 INFO watchfiles.main: 1 change detected
2026-05-31 02:05:39,493 INFO watchfiles.main: 1 change detected
2026-05-31 02:05:39,956 INFO watchfiles.main: 1 change detected
2026-05-31 02:07:43,576 INFO watchfiles.main: 1 change detected
2026-05-31 02:07:43,933 INFO watchfiles.main: 3 changes detected
2026-05-31 02:07:45,500 INFO watchfiles.main: 1 change detected
2026-05-31 02:09:34,875 INFO watchfiles.main: 1 change detected
2026-05-31 02:09:35,293 INFO watchfiles.main: 3 changes detected
2026-05-31 02:09:36,827 INFO watchfiles.main: 1 change detected
2026-05-31 02:09:59,054 INFO watchfiles.main: 1 change detected
2026-05-31 02:10:02,914 INFO watchfiles.main: 1 change detected
2026-05-31 02:10:03,287 INFO watchfiles.main: 3 changes detected
2026-05-31 02:10:06,157 INFO watchfiles.main: 1 change detected
2026-05-31 02:10:08,825 INFO watchfiles.main: 1 change detected
2026-05-31 02:10:09,182 INFO watchfiles.main: 1 change detected
2026-05-31 02:10:09,558 INFO watchfiles.main: 3 changes detected
2026-05-31 02:10:12,176 INFO watchfiles.main: 1 change detected
2026-05-31 02:10:19,754 INFO watchfiles.main: 1 change detected
2026-05-31 02:10:20,115 INFO watchfiles.main: 1 change detected
2026-05-31 02:10:20,525 INFO watchfiles.main: 1 change detected
2026-05-31 02:10:20,885 INFO watchfiles.main: 1 change detected
2026-05-31 02:10:21,250 INFO watchfiles.main: 1 change detected
2026-05-31 02:10:21,614 INFO watchfiles.main: 1 change detected
2026-05-31 02:10:21,980 INFO watchfiles.main: 1 change detected
2026-05-31 02:10:22,347 INFO watchfiles.main: 1 change detected
2026-05-31 02:10:22,717 INFO watchfiles.main: 1 change detected
2026-05-31 02:10:23,083 INFO watchfiles.main: 1 change detected
2026-05-31 02:10:23,446 INFO watchfiles.main: 1 change detected
2026-05-31 02:10:23,814 INFO watchfiles.main: 1 change detected
2026-05-31 02:10:24,179 INFO watchfiles.main: 1 change detected
2026-05-31 02:10:24,547 INFO watchfiles.main: 1 change detected
2026-05-31 02:10:24,913 INFO watchfiles.main: 1 change detected
2026-05-31 02:10:25,280 INFO watchfiles.main: 1 change detected
2026-05-31 02:10:25,646 INFO watchfiles.main: 1 change detected
2026-05-31 02:10:26,013 INFO watchfiles.main: 1 change detected
2026-05-31 02:10:26,383 INFO watchfiles.main: 1 change detected
2026-05-31 02:10:26,749 INFO watchfiles.main: 1 change detected
2026-05-31 02:10:27,112 INFO watchfiles.main: 1 change detected
2026-05-31 02:10:27,478 INFO watchfiles.main: 1 change detected
2026-05-31 02:10:27,831 INFO watchfiles.main: 1 change detected
2026-05-31 02:10:28,195 INFO watchfiles.main: 1 change detected
2026-05-31 02:10:28,565 INFO watchfiles.main: 1 change detected
2026-05-31 02:10:28,928 INFO watchfiles.main: 1 change detected
2026-05-31 02:10:29,296 INFO watchfiles.main: 1 change detected
2026-05-31 02:10:29,665 INFO watchfiles.main: 1 change detected
2026-05-31 02:10:30,032 INFO watchfiles.main: 1 change detected
2026-05-31 02:10:30,396 INFO watchfiles.main: 1 change detected
2026-05-31 02:10:30,762 INFO watchfiles.main: 1 change detected
2026-05-31 02:10:31,133 INFO watchfiles.main: 1 change detected
2026-05-31 02:10:31,488 INFO watchfiles.main: 1 change detected
2026-05-31 02:10:31,855 INFO watchfiles.main: 1 change detected
2026-05-31 02:10:32,205 INFO watchfiles.main: 1 change detected
2026-05-31 02:10:32,564 INFO watchfiles.main: 1 change detected
2026-05-31 02:10:32,915 INFO watchfiles.main: 1 change detected
2026-05-31 02:10:33,281 INFO watchfiles.main: 1 change detected
2026-05-31 02:10:33,657 INFO watchfiles.main: 1 change detected
2026-05-31 02:10:34,017 INFO watchfiles.main: 1 change detected
2026-05-31 02:10:34,381 INFO watchfiles.main: 1 change detected
2026-05-31 02:10:34,743 INFO watchfiles.main: 1 change detected
2026-05-31 02:10:35,097 INFO watchfiles.main: 1 change detected
2026-05-31 02:10:35,449 INFO watchfiles.main: 1 change detected
2026-05-31 02:10:35,812 INFO watchfiles.main: 1 change detected
2026-05-31 02:10:36,164 INFO watchfiles.main: 1 change detected
2026-05-31 02:10:36,530 INFO watchfiles.main: 1 change detected
2026-05-31 02:10:36,896 INFO watchfiles.main: 1 change detected
2026-05-31 02:10:37,247 INFO watchfiles.main: 1 change detected
2026-05-31 02:10:37,613 INFO watchfiles.main: 1 change detected
2026-05-31 02:10:37,979 INFO watchfiles.main: 1 change detected
2026-05-31 02:10:38,341 INFO watchfiles.main: 1 change detected
2026-05-31 02:10:38,707 INFO watchfiles.main: 1 change detected
2026-05-31 02:10:39,067 INFO watchfiles.main: 1 change detected
2026-05-31 02:10:39,431 INFO watchfiles.main: 1 change detected
2026-05-31 02:10:39,799 INFO watchfiles.main: 1 change detected
2026-05-31 02:10:40,163 INFO watchfiles.main: 1 change detected
2026-05-31 02:10:40,522 INFO watchfiles.main: 1 change detected
2026-05-31 02:10:40,887 INFO watchfiles.main: 1 change detected
2026-05-31 02:10:41,248 INFO watchfiles.main: 1 change detected
2026-05-31 02:10:42,534 INFO watchfiles.main: 1 change detected
2026-05-31 02:10:43,014 INFO watchfiles.main: 1 change detected
2026-05-31 02:11:08,118 INFO watchfiles.main: 1 change detected
2026-05-31 02:11:08,484 INFO watchfiles.main: 1 change detected
2026-05-31 02:11:08,837 INFO watchfiles.main: 1 change detected
2026-05-31 02:11:09,200 INFO watchfiles.main: 1 change detected
2026-05-31 02:11:09,554 INFO watchfiles.main: 1 change detected
2026-05-31 02:11:09,916 INFO watchfiles.main: 1 change detected
2026-05-31 02:11:10,268 INFO watchfiles.main: 1 change detected
2026-05-31 02:11:10,622 INFO watchfiles.main: 1 change detected
2026-05-31 02:11:10,975 INFO watchfiles.main: 1 change detected
2026-05-31 02:11:11,332 INFO watchfiles.main: 1 change detected
2026-05-31 02:11:11,705 INFO watchfiles.main: 1 change detected
2026-05-31 02:11:12,065 INFO watchfiles.main: 1 change detected
2026-05-31 02:11:12,427 INFO watchfiles.main: 1 change detected
2026-05-31 02:11:12,785 INFO watchfiles.main: 1 change detected
2026-05-31 02:11:13,142 INFO watchfiles.main: 1 change detected
2026-05-31 02:11:13,499 INFO watchfiles.main: 1 change detected
2026-05-31 02:11:13,864 INFO watchfiles.main: 1 change detected
2026-05-31 02:11:14,218 INFO watchfiles.main: 1 change detected
2026-05-31 02:11:14,576 INFO watchfiles.main: 1 change detected
2026-05-31 02:11:14,954 INFO watchfiles.main: 1 change detected
2026-05-31 02:11:15,324 INFO watchfiles.main: 1 change detected
2026-05-31 02:11:15,680 INFO watchfiles.main: 1 change detected
2026-05-31 02:11:16,038 INFO watchfiles.main: 1 change detected
2026-05-31 02:11:16,399 INFO watchfiles.main: 1 change detected
2026-05-31 02:11:16,749 INFO watchfiles.main: 1 change detected
2026-05-31 02:11:17,107 INFO watchfiles.main: 1 change detected
2026-05-31 02:11:17,471 INFO watchfiles.main: 1 change detected
2026-05-31 02:11:17,835 INFO watchfiles.main: 1 change detected
2026-05-31 02:11:18,191 INFO watchfiles.main: 1 change detected
2026-05-31 02:11:18,553 INFO watchfiles.main: 1 change detected
2026-05-31 02:11:18,916 INFO watchfiles.main: 1 change detected
2026-05-31 02:11:19,282 INFO watchfiles.main: 1 change detected
2026-05-31 02:11:19,635 INFO watchfiles.main: 1 change detected
2026-05-31 02:11:19,989 INFO watchfiles.main: 1 change detected
2026-05-31 02:11:20,420 INFO watchfiles.main: 1 change detected
2026-05-31 02:11:20,781 INFO watchfiles.main: 1 change detected
2026-05-31 02:11:21,132 INFO watchfiles.main: 1 change detected
2026-05-31 02:11:21,489 INFO watchfiles.main: 1 change detected
2026-05-31 02:11:21,857 INFO watchfiles.main: 1 change detected
2026-05-31 02:11:22,220 INFO watchfiles.main: 1 change detected
2026-05-31 02:11:22,583 INFO watchfiles.main: 1 change detected
2026-05-31 02:11:22,949 INFO watchfiles.main: 1 change detected
2026-05-31 02:11:23,304 INFO watchfiles.main: 1 change detected
2026-05-31 02:11:23,676 INFO watchfiles.main: 1 change detected
2026-05-31 02:11:24,032 INFO watchfiles.main: 1 change detected
2026-05-31 02:11:24,399 INFO watchfiles.main: 1 change detected
2026-05-31 02:11:24,770 INFO watchfiles.main: 1 change detected
2026-05-31 02:11:25,136 INFO watchfiles.main: 1 change detected
2026-05-31 02:11:25,500 INFO watchfiles.main: 1 change detected
2026-05-31 02:11:25,855 INFO watchfiles.main: 1 change detected
2026-05-31 02:11:26,218 INFO watchfiles.main: 1 change detected
2026-05-31 02:11:26,580 INFO watchfiles.main: 1 change detected
2026-05-31 02:11:26,972 INFO watchfiles.main: 1 change detected
2026-05-31 02:11:27,341 INFO watchfiles.main: 1 change detected
2026-05-31 02:11:27,700 INFO watchfiles.main: 1 change detected
2026-05-31 02:11:28,064 INFO watchfiles.main: 1 change detected
2026-05-31 02:11:28,421 INFO watchfiles.main: 1 change detected
2026-05-31 02:11:28,777 INFO watchfiles.main: 1 change detected
2026-05-31 02:11:29,229 INFO watchfiles.main: 1 change detected
2026-05-31 02:11:34,410 INFO watchfiles.main: 1 change detected
2026-05-31 02:11:34,762 INFO watchfiles.main: 2 changes detected
2026-05-31 02:11:35,139 INFO watchfiles.main: 1 change detected
2026-05-31 02:11:36,370 INFO watchfiles.main: 1 change detected
2026-05-31 02:12:29,635 INFO watchfiles.main: 1 change detected
2026-05-31 02:12:29,995 INFO watchfiles.main: 1 change detected
2026-05-31 02:12:30,347 INFO watchfiles.main: 1 change detected
2026-05-31 02:12:30,703 INFO watchfiles.main: 1 change detected
2026-05-31 02:12:31,065 INFO watchfiles.main: 1 change detected
2026-05-31 02:12:31,422 INFO watchfiles.main: 1 change detected
2026-05-31 02:12:31,787 INFO watchfiles.main: 1 change detected
2026-05-31 02:12:32,146 INFO watchfiles.main: 1 change detected
2026-05-31 02:12:32,501 INFO watchfiles.main: 1 change detected
2026-05-31 02:12:32,862 INFO watchfiles.main: 1 change detected
2026-05-31 02:12:33,218 INFO watchfiles.main: 1 change detected
2026-05-31 02:12:33,586 INFO watchfiles.main: 1 change detected
2026-05-31 02:12:33,954 INFO watchfiles.main: 1 change detected
2026-05-31 02:12:34,311 INFO watchfiles.main: 1 change detected
2026-05-31 02:12:34,668 INFO watchfiles.main: 1 change detected
2026-05-31 02:12:35,034 INFO watchfiles.main: 1 change detected
2026-05-31 02:12:35,391 INFO watchfiles.main: 1 change detected
2026-05-31 02:12:35,742 INFO watchfiles.main: 1 change detected
2026-05-31 02:12:36,096 INFO watchfiles.main: 1 change detected
2026-05-31 02:12:36,465 INFO watchfiles.main: 1 change detected
2026-05-31 02:12:36,828 INFO watchfiles.main: 1 change detected
2026-05-31 02:12:37,194 INFO watchfiles.main: 1 change detected
2026-05-31 02:12:37,552 INFO watchfiles.main: 1 change detected
2026-05-31 02:12:37,917 INFO watchfiles.main: 1 change detected
2026-05-31 02:12:38,284 INFO watchfiles.main: 1 change detected
2026-05-31 02:12:38,642 INFO watchfiles.main: 1 change detected
2026-05-31 02:12:39,005 INFO watchfiles.main: 1 change detected
2026-05-31 02:12:39,370 INFO watchfiles.main: 1 change detected
2026-05-31 02:12:39,731 INFO watchfiles.main: 1 change detected
2026-05-31 02:12:40,100 INFO watchfiles.main: 1 change detected
2026-05-31 02:12:40,466 INFO watchfiles.main: 1 change detected
2026-05-31 02:12:40,823 INFO watchfiles.main: 1 change detected
2026-05-31 02:12:41,260 INFO watchfiles.main: 1 change detected
2026-05-31 02:12:41,665 INFO watchfiles.main: 1 change detected
2026-05-31 02:12:42,023 INFO watchfiles.main: 1 change detected
2026-05-31 02:12:42,381 INFO watchfiles.main: 1 change detected
2026-05-31 02:12:42,749 INFO watchfiles.main: 1 change detected
2026-05-31 02:12:43,106 INFO watchfiles.main: 1 change detected
2026-05-31 02:12:43,466 INFO watchfiles.main: 1 change detected
2026-05-31 02:12:43,820 INFO watchfiles.main: 1 change detected
2026-05-31 02:12:44,184 INFO watchfiles.main: 1 change detected
2026-05-31 02:12:44,545 INFO watchfiles.main: 1 change detected
2026-05-31 02:12:49,499 INFO watchfiles.main: 1 change detected
2026-05-31 02:12:49,859 INFO watchfiles.main: 1 change detected
2026-05-31 02:12:50,217 INFO watchfiles.main: 1 change detected
2026-05-31 02:12:50,578 INFO watchfiles.main: 1 change detected
2026-05-31 02:12:50,952 INFO watchfiles.main: 1 change detected
2026-05-31 02:12:51,308 INFO watchfiles.main: 1 change detected
2026-05-31 02:12:51,670 INFO watchfiles.main: 1 change detected
2026-05-31 02:12:52,028 INFO watchfiles.main: 1 change detected
2026-05-31 02:12:52,380 INFO watchfiles.main: 1 change detected
2026-05-31 02:12:52,754 INFO watchfiles.main: 1 change detected
2026-05-31 02:12:53,118 INFO watchfiles.main: 1 change detected
2026-05-31 02:12:53,470 INFO watchfiles.main: 1 change detected
2026-05-31 02:12:53,832 INFO watchfiles.main: 1 change detected
2026-05-31 02:12:54,190 INFO watchfiles.main: 1 change detected
2026-05-31 02:12:54,548 INFO watchfiles.main: 1 change detected
2026-05-31 02:12:54,915 INFO watchfiles.main: 1 change detected
2026-05-31 02:12:55,281 INFO watchfiles.main: 1 change detected
2026-05-31 02:12:55,647 INFO watchfiles.main: 1 change detected
2026-05-31 02:12:56,003 INFO watchfiles.main: 1 change detected
2026-05-31 02:12:56,364 INFO watchfiles.main: 1 change detected
2026-05-31 02:12:56,722 INFO watchfiles.main: 1 change detected
2026-05-31 02:12:57,079 INFO watchfiles.main: 1 change detected
2026-05-31 02:12:57,449 INFO watchfiles.main: 1 change detected
2026-05-31 02:12:57,813 INFO watchfiles.main: 1 change detected
2026-05-31 02:12:58,179 INFO watchfiles.main: 1 change detected
2026-05-31 02:12:58,533 INFO watchfiles.main: 1 change detected
2026-05-31 02:12:58,893 INFO watchfiles.main: 1 change detected
2026-05-31 02:12:59,246 INFO watchfiles.main: 1 change detected
2026-05-31 02:12:59,606 INFO watchfiles.main: 1 change detected
2026-05-31 02:12:59,965 INFO watchfiles.main: 1 change detected
2026-05-31 02:13:00,330 INFO watchfiles.main: 1 change detected
2026-05-31 02:13:00,697 INFO watchfiles.main: 1 change detected
2026-05-31 02:13:01,064 INFO watchfiles.main: 1 change detected
2026-05-31 02:13:01,432 INFO watchfiles.main: 1 change detected
2026-05-31 02:13:01,800 INFO watchfiles.main: 1 change detected
2026-05-31 02:13:02,160 INFO watchfiles.main: 1 change detected
2026-05-31 02:13:02,512 INFO watchfiles.main: 1 change detected
2026-05-31 02:13:02,878 INFO watchfiles.main: 1 change detected
2026-05-31 02:13:03,246 INFO watchfiles.main: 1 change detected
2026-05-31 02:13:03,610 INFO watchfiles.main: 1 change detected
2026-05-31 02:13:03,969 INFO watchfiles.main: 1 change detected
2026-05-31 02:13:04,329 INFO watchfiles.main: 1 change detected
2026-05-31 02:13:04,679 INFO watchfiles.main: 1 change detected
2026-05-31 02:13:05,052 INFO watchfiles.main: 1 change detected
2026-05-31 02:13:05,411 INFO watchfiles.main: 1 change detected
2026-05-31 02:13:05,764 INFO watchfiles.main: 1 change detected
2026-05-31 02:13:06,128 INFO watchfiles.main: 1 change detected
2026-05-31 02:13:27,868 INFO watchfiles.main: 1 change detected
2026-05-31 02:13:28,226 INFO watchfiles.main: 1 change detected
2026-05-31 02:13:37,717 INFO watchfiles.main: 1 change detected
2026-05-31 02:13:38,074 INFO watchfiles.main: 1 change detected
2026-05-31 02:13:38,442 INFO watchfiles.main: 1 change detected
2026-05-31 02:13:45,118 INFO watchfiles.main: 1 change detected
2026-05-31 02:13:51,194 INFO watchfiles.main: 1 change detected
2026-05-31 02:13:51,601 INFO watchfiles.main: 1 change detected
2026-05-31 02:13:51,958 INFO watchfiles.main: 1 change detected
2026-05-31 02:13:52,319 INFO watchfiles.main: 1 change detected
2026-05-31 02:13:52,679 INFO watchfiles.main: 1 change detected
2026-05-31 02:13:53,463 INFO watchfiles.main: 1 change detected
2026-05-31 02:13:53,844 INFO watchfiles.main: 1 change detected
2026-05-31 02:13:54,206 INFO watchfiles.main: 1 change detected
2026-05-31 02:13:54,560 INFO watchfiles.main: 1 change detected
2026-05-31 02:13:54,917 INFO watchfiles.main: 1 change detected
2026-05-31 02:13:55,277 INFO watchfiles.main: 1 change detected
2026-05-31 02:13:55,635 INFO watchfiles.main: 1 change detected
2026-05-31 02:13:56,010 INFO watchfiles.main: 1 change detected
2026-05-31 02:13:56,365 INFO watchfiles.main: 1 change detected
2026-05-31 02:13:56,717 INFO watchfiles.main: 1 change detected
2026-05-31 02:13:57,074 INFO watchfiles.main: 1 change detected
2026-05-31 02:13:57,431 INFO watchfiles.main: 1 change detected
2026-05-31 02:13:57,788 INFO watchfiles.main: 1 change detected
2026-05-31 02:13:58,144 INFO watchfiles.main: 1 change detected
2026-05-31 02:13:58,501 INFO watchfiles.main: 1 change detected
2026-05-31 02:13:58,875 INFO watchfiles.main: 1 change detected
2026-05-31 02:13:59,236 INFO watchfiles.main: 1 change detected
2026-05-31 02:13:59,590 INFO watchfiles.main: 1 change detected
2026-05-31 02:13:59,943 INFO watchfiles.main: 1 change detected
2026-05-31 02:14:00,308 INFO watchfiles.main: 1 change detected
2026-05-31 02:14:00,667 INFO watchfiles.main: 1 change detected
2026-05-31 02:14:01,041 INFO watchfiles.main: 1 change detected
2026-05-31 02:14:01,413 INFO watchfiles.main: 1 change detected
2026-05-31 02:14:01,774 INFO watchfiles.main: 1 change detected
2026-05-31 02:14:02,141 INFO watchfiles.main: 1 change detected
2026-05-31 02:14:02,493 INFO watchfiles.main: 1 change detected
2026-05-31 02:14:02,858 INFO watchfiles.main: 1 change detected
2026-05-31 02:14:03,275 INFO watchfiles.main: 4 changes detected
2026-05-31 02:14:03,639 INFO watchfiles.main: 1 change detected
2026-05-31 02:14:04,949 INFO watchfiles.main: 1 change detected
2026-05-31 02:14:46,752 INFO watchfiles.main: 2 changes detected
2026-05-31 02:14:47,108 INFO watchfiles.main: 1 change detected
2026-05-31 02:14:53,768 INFO watchfiles.main: 1 change detected
2026-05-31 02:16:03,962 INFO watchfiles.main: 1 change detected
2026-05-31 02:16:04,349 INFO watchfiles.main: 1 change detected
2026-05-31 02:16:04,694 INFO watchfiles.main: 1 change detected
2026-05-31 02:16:05,068 INFO watchfiles.main: 1 change detected
2026-05-31 02:16:05,427 INFO watchfiles.main: 1 change detected
2026-05-31 02:16:05,852 INFO watchfiles.main: 1 change detected
2026-05-31 02:16:06,307 INFO watchfiles.main: 1 change detected
2026-05-31 02:16:07,512 INFO watchfiles.main: 1 change detected
2026-05-31 02:16:07,871 INFO watchfiles.main: 1 change detected
2026-05-31 02:16:08,232 INFO watchfiles.main: 1 change detected
2026-05-31 02:16:08,644 INFO watchfiles.main: 3 changes detected
2026-05-31 02:16:09,010 INFO watchfiles.main: 1 change detected
2026-05-31 02:16:09,378 INFO watchfiles.main: 1 change detected
2026-05-31 02:16:09,792 INFO watchfiles.main: 1 change detected
2026-05-31 02:16:10,144 INFO watchfiles.main: 1 change detected
2026-05-31 02:16:10,509 INFO watchfiles.main: 1 change detected
2026-05-31 02:16:10,868 INFO watchfiles.main: 1 change detected
2026-05-31 02:16:11,225 INFO watchfiles.main: 1 change detected
2026-05-31 02:16:11,578 INFO watchfiles.main: 1 change detected
2026-05-31 02:16:11,942 INFO watchfiles.main: 1 change detected
2026-05-31 02:16:12,308 INFO watchfiles.main: 1 change detected
2026-05-31 02:16:12,662 INFO watchfiles.main: 1 change detected
2026-05-31 02:16:13,025 INFO watchfiles.main: 1 change detected
2026-05-31 02:16:13,392 INFO watchfiles.main: 1 change detected
2026-05-31 02:16:13,758 INFO watchfiles.main: 1 change detected
2026-05-31 02:16:14,124 INFO watchfiles.main: 1 change detected
2026-05-31 02:16:14,494 INFO watchfiles.main: 1 change detected
2026-05-31 02:16:14,858 INFO watchfiles.main: 1 change detected
2026-05-31 02:16:15,226 INFO watchfiles.main: 1 change detected
2026-05-31 02:16:15,594 INFO watchfiles.main: 1 change detected
2026-05-31 02:16:15,957 INFO watchfiles.main: 1 change detected
2026-05-31 02:16:16,327 INFO watchfiles.main: 1 change detected
2026-05-31 02:16:16,690 INFO watchfiles.main: 1 change detected
2026-05-31 02:16:17,058 INFO watchfiles.main: 1 change detected
2026-05-31 02:16:17,447 INFO watchfiles.main: 1 change detected
2026-05-31 02:16:17,811 INFO watchfiles.main: 1 change detected
2026-05-31 02:16:18,172 INFO watchfiles.main: 1 change detected
2026-05-31 02:16:18,530 INFO watchfiles.main: 1 change detected
2026-05-31 02:16:18,895 INFO watchfiles.main: 1 change detected
2026-05-31 02:16:19,260 INFO watchfiles.main: 1 change detected
2026-05-31 02:16:19,619 INFO watchfiles.main: 1 change detected
2026-05-31 02:16:20,029 INFO watchfiles.main: 1 change detected
2026-05-31 02:16:20,377 INFO watchfiles.main: 1 change detected
2026-05-31 02:16:20,743 INFO watchfiles.main: 1 change detected
2026-05-31 02:16:21,111 INFO watchfiles.main: 1 change detected
2026-05-31 02:16:21,473 INFO watchfiles.main: 1 change detected
2026-05-31 02:16:21,844 INFO watchfiles.main: 1 change detected
2026-05-31 02:16:22,207 INFO watchfiles.main: 1 change detected
2026-05-31 02:16:22,573 INFO watchfiles.main: 1 change detected
2026-05-31 02:16:22,939 INFO watchfiles.main: 1 change detected
2026-05-31 02:16:23,308 INFO watchfiles.main: 1 change detected
2026-05-31 02:16:23,808 INFO watchfiles.main: 1 change detected
2026-05-31 02:16:24,242 INFO watchfiles.main: 2 changes detected
2026-05-31 02:16:24,634 INFO watchfiles.main: 1 change detected
2026-05-31 02:16:25,299 INFO watchfiles.main: 1 change detected
2026-05-31 02:16:25,662 INFO watchfiles.main: 1 change detected
2026-05-31 02:16:26,251 INFO watchfiles.main: 1 change detected
2026-05-31 02:16:26,630 INFO watchfiles.main: 1 change detected
2026-05-31 02:16:26,989 INFO watchfiles.main: 1 change detected
2026-05-31 02:16:27,358 INFO watchfiles.main: 1 change detected
2026-05-31 02:16:27,732 INFO watchfiles.main: 1 change detected
2026-05-31 02:16:28,109 INFO watchfiles.main: 1 change detected
2026-05-31 02:16:28,474 INFO watchfiles.main: 1 change detected
2026-05-31 02:16:28,840 INFO watchfiles.main: 1 change detected
2026-05-31 02:16:29,205 INFO watchfiles.main: 1 change detected
2026-05-31 02:16:29,774 INFO watchfiles.main: 1 change detected
2026-05-31 02:16:30,152 INFO watchfiles.main: 1 change detected
2026-05-31 02:16:30,518 INFO watchfiles.main: 1 change detected
2026-05-31 02:16:30,883 INFO watchfiles.main: 1 change detected
2026-05-31 02:16:31,244 INFO watchfiles.main: 1 change detected
2026-05-31 02:16:31,608 INFO watchfiles.main: 1 change detected
2026-05-31 02:16:31,974 INFO watchfiles.main: 1 change detected
2026-05-31 02:16:32,338 INFO watchfiles.main: 1 change detected
2026-05-31 02:16:32,709 INFO watchfiles.main: 1 change detected
2026-05-31 02:16:33,064 INFO watchfiles.main: 1 change detected
2026-05-31 02:16:33,424 INFO watchfiles.main: 1 change detected
2026-05-31 02:16:33,789 INFO watchfiles.main: 1 change detected
2026-05-31 02:16:34,160 INFO watchfiles.main: 1 change detected
2026-05-31 02:16:34,524 INFO watchfiles.main: 1 change detected
2026-05-31 02:16:34,890 INFO watchfiles.main: 1 change detected
2026-05-31 02:16:35,283 INFO watchfiles.main: 1 change detected
2026-05-31 02:16:35,715 INFO watchfiles.main: 1 change detected
2026-05-31 02:16:37,108 INFO watchfiles.main: 1 change detected
2026-05-31 02:16:37,526 INFO watchfiles.main: 1 change detected
2026-05-31 02:16:38,045 INFO watchfiles.main: 1 change detected
2026-05-31 02:16:38,477 INFO watchfiles.main: 1 change detected
2026-05-31 02:16:38,862 INFO watchfiles.main: 1 change detected
2026-05-31 02:16:39,226 INFO watchfiles.main: 1 change detected
2026-05-31 02:16:39,586 INFO watchfiles.main: 1 change detected
2026-05-31 02:16:39,942 INFO watchfiles.main: 1 change detected
2026-05-31 02:16:40,302 INFO watchfiles.main: 1 change detected
2026-05-31 02:16:40,671 INFO watchfiles.main: 1 change detected
2026-05-31 02:16:41,032 INFO watchfiles.main: 1 change detected
2026-05-31 02:16:41,405 INFO watchfiles.main: 1 change detected
2026-05-31 02:16:41,826 INFO watchfiles.main: 1 change detected
2026-05-31 02:16:42,219 INFO watchfiles.main: 1 change detected
2026-05-31 02:16:42,572 INFO watchfiles.main: 1 change detected
2026-05-31 02:16:42,931 INFO watchfiles.main: 1 change detected
2026-05-31 02:16:43,296 INFO watchfiles.main: 1 change detected
2026-05-31 02:16:43,656 INFO watchfiles.main: 1 change detected
2026-05-31 02:16:44,015 INFO watchfiles.main: 1 change detected
2026-05-31 02:16:44,379 INFO watchfiles.main: 1 change detected
2026-05-31 02:16:44,732 INFO watchfiles.main: 1 change detected
2026-05-31 02:16:50,877 INFO watchfiles.main: 1 change detected
2026-05-31 02:16:51,229 INFO watchfiles.main: 1 change detected
2026-05-31 02:16:51,584 INFO watchfiles.main: 1 change detected
2026-05-31 02:16:51,944 INFO watchfiles.main: 1 change detected
2026-05-31 02:16:52,297 INFO watchfiles.main: 1 change detected
2026-05-31 02:16:52,660 INFO watchfiles.main: 1 change detected
2026-05-31 02:16:53,013 INFO watchfiles.main: 1 change detected
2026-05-31 02:16:53,364 INFO watchfiles.main: 1 change detected
2026-05-31 02:16:53,724 INFO watchfiles.main: 1 change detected
2026-05-31 02:16:54,083 INFO watchfiles.main: 1 change detected
2026-05-31 02:16:54,446 INFO watchfiles.main: 1 change detected
2026-05-31 02:16:54,801 INFO watchfiles.main: 1 change detected
2026-05-31 02:16:55,166 INFO watchfiles.main: 1 change detected
2026-05-31 02:16:55,530 INFO watchfiles.main: 1 change detected
2026-05-31 02:16:55,886 INFO watchfiles.main: 1 change detected
2026-05-31 02:16:56,244 INFO watchfiles.main: 1 change detected
2026-05-31 02:16:56,609 INFO watchfiles.main: 1 change detected
2026-05-31 02:16:56,963 INFO watchfiles.main: 1 change detected
2026-05-31 02:16:57,325 INFO watchfiles.main: 1 change detected
2026-05-31 02:16:57,683 INFO watchfiles.main: 1 change detected
2026-05-31 02:16:58,044 INFO watchfiles.main: 1 change detected
2026-05-31 02:16:58,403 INFO watchfiles.main: 1 change detected
2026-05-31 02:16:58,766 INFO watchfiles.main: 1 change detected
2026-05-31 02:16:59,121 INFO watchfiles.main: 1 change detected
2026-05-31 02:16:59,480 INFO watchfiles.main: 1 change detected
2026-05-31 02:16:59,854 INFO watchfiles.main: 1 change detected
2026-05-31 02:17:00,203 INFO watchfiles.main: 1 change detected
2026-05-31 02:17:00,562 INFO watchfiles.main: 1 change detected
2026-05-31 02:17:00,927 INFO watchfiles.main: 1 change detected
2026-05-31 02:17:01,280 INFO watchfiles.main: 1 change detected
2026-05-31 02:17:01,655 INFO watchfiles.main: 1 change detected
2026-05-31 02:17:02,028 INFO watchfiles.main: 1 change detected
2026-05-31 02:17:02,399 INFO watchfiles.main: 1 change detected
2026-05-31 02:17:02,769 INFO watchfiles.main: 1 change detected
2026-05-31 02:17:03,127 INFO watchfiles.main: 1 change detected
2026-05-31 02:17:03,481 INFO watchfiles.main: 1 change detected
2026-05-31 02:17:03,849 INFO watchfiles.main: 1 change detected
2026-05-31 02:17:04,200 INFO watchfiles.main: 1 change detected
2026-05-31 02:17:04,567 INFO watchfiles.main: 1 change detected
2026-05-31 02:17:04,925 INFO watchfiles.main: 1 change detected
2026-05-31 02:17:05,283 INFO watchfiles.main: 1 change detected
2026-05-31 02:17:05,642 INFO watchfiles.main: 1 change detected
2026-05-31 02:17:06,002 INFO watchfiles.main: 1 change detected
2026-05-31 02:17:06,357 INFO watchfiles.main: 1 change detected
2026-05-31 02:17:06,714 INFO watchfiles.main: 1 change detected
2026-05-31 02:17:07,066 INFO watchfiles.main: 1 change detected
2026-05-31 02:17:07,425 INFO watchfiles.main: 1 change detected
2026-05-31 02:17:07,778 INFO watchfiles.main: 1 change detected
2026-05-31 02:17:08,143 INFO watchfiles.main: 1 change detected
2026-05-31 02:17:08,497 INFO watchfiles.main: 1 change detected
2026-05-31 02:17:08,863 INFO watchfiles.main: 1 change detected
2026-05-31 02:17:09,225 INFO watchfiles.main: 1 change detected
2026-05-31 02:17:09,589 INFO watchfiles.main: 1 change detected
2026-05-31 02:17:09,944 INFO watchfiles.main: 1 change detected
2026-05-31 02:17:10,299 INFO watchfiles.main: 1 change detected
2026-05-31 02:17:10,650 INFO watchfiles.main: 1 change detected
2026-05-31 02:17:11,007 INFO watchfiles.main: 1 change detected
2026-05-31 02:17:11,368 INFO watchfiles.main: 1 change detected
2026-05-31 02:17:11,730 INFO watchfiles.main: 1 change detected
2026-05-31 02:17:12,095 INFO watchfiles.main: 1 change detected
2026-05-31 02:17:12,461 INFO watchfiles.main: 1 change detected
2026-05-31 02:17:12,822 INFO watchfiles.main: 1 change detected
2026-05-31 02:17:13,182 INFO watchfiles.main: 1 change detected
2026-05-31 02:17:13,542 INFO watchfiles.main: 1 change detected
2026-05-31 02:17:13,897 INFO watchfiles.main: 1 change detected
2026-05-31 02:17:14,252 INFO watchfiles.main: 1 change detected
2026-05-31 02:17:14,604 INFO watchfiles.main: 1 change detected
2026-05-31 02:17:14,956 INFO watchfiles.main: 1 change detected
2026-05-31 02:17:15,316 INFO watchfiles.main: 1 change detected
2026-05-31 02:17:15,670 INFO watchfiles.main: 1 change detected
2026-05-31 02:17:16,035 INFO watchfiles.main: 1 change detected
2026-05-31 02:17:16,377 INFO watchfiles.main: 1 change detected
2026-05-31 02:17:16,744 INFO watchfiles.main: 1 change detected
2026-05-31 02:17:17,115 INFO watchfiles.main: 1 change detected
2026-05-31 02:17:17,475 INFO watchfiles.main: 1 change detected
2026-05-31 02:17:17,827 INFO watchfiles.main: 1 change detected
2026-05-31 02:17:18,191 INFO watchfiles.main: 1 change detected
2026-05-31 02:17:18,560 INFO watchfiles.main: 1 change detected
2026-05-31 02:17:18,913 INFO watchfiles.main: 1 change detected
2026-05-31 02:17:19,313 INFO watchfiles.main: 1 change detected
2026-05-31 02:17:19,684 INFO watchfiles.main: 1 change detected
2026-05-31 02:17:20,044 INFO watchfiles.main: 1 change detected
2026-05-31 02:17:20,408 INFO watchfiles.main: 1 change detected
2026-05-31 02:17:20,770 INFO watchfiles.main: 1 change detected
2026-05-31 02:17:21,127 INFO watchfiles.main: 1 change detected
2026-05-31 02:17:21,512 INFO watchfiles.main: 1 change detected
2026-05-31 02:17:21,881 INFO watchfiles.main: 1 change detected
2026-05-31 02:17:22,240 INFO watchfiles.main: 1 change detected
2026-05-31 02:17:22,607 INFO watchfiles.main: 1 change detected
2026-05-31 02:17:22,973 INFO watchfiles.main: 1 change detected
2026-05-31 02:17:23,327 INFO watchfiles.main: 1 change detected
2026-05-31 02:17:23,691 INFO watchfiles.main: 1 change detected
2026-05-31 02:17:24,045 INFO watchfiles.main: 1 change detected
2026-05-31 02:17:24,405 INFO watchfiles.main: 1 change detected
2026-05-31 02:17:24,764 INFO watchfiles.main: 1 change detected
2026-05-31 02:17:25,144 INFO watchfiles.main: 1 change detected
2026-05-31 02:17:25,522 INFO watchfiles.main: 1 change detected
2026-05-31 02:17:25,882 INFO watchfiles.main: 1 change detected
2026-05-31 02:17:26,244 INFO watchfiles.main: 1 change detected
2026-05-31 02:17:26,637 INFO watchfiles.main: 1 change detected
2026-05-31 02:17:26,995 INFO watchfiles.main: 1 change detected
2026-05-31 02:17:27,350 INFO watchfiles.main: 1 change detected
2026-05-31 02:17:27,712 INFO watchfiles.main: 1 change detected
2026-05-31 02:17:28,084 INFO watchfiles.main: 1 change detected
2026-05-31 02:17:28,440 INFO watchfiles.main: 1 change detected
2026-05-31 02:17:28,802 INFO watchfiles.main: 1 change detected
2026-05-31 02:17:29,165 INFO watchfiles.main: 4 changes detected
2026-05-31 02:17:29,523 INFO watchfiles.main: 1 change detected
2026-05-31 02:17:29,894 INFO watchfiles.main: 1 change detected
2026-05-31 02:17:30,248 INFO watchfiles.main: 1 change detected
2026-05-31 02:17:30,604 INFO watchfiles.main: 1 change detected
2026-05-31 02:17:30,958 INFO watchfiles.main: 1 change detected
2026-05-31 02:17:31,325 INFO watchfiles.main: 1 change detected
2026-05-31 02:17:31,689 INFO watchfiles.main: 1 change detected
2026-05-31 02:17:32,050 INFO watchfiles.main: 1 change detected
2026-05-31 02:17:32,405 INFO watchfiles.main: 1 change detected
2026-05-31 02:17:32,765 INFO watchfiles.main: 1 change detected
2026-05-31 02:17:33,123 INFO watchfiles.main: 1 change detected
2026-05-31 02:17:33,477 INFO watchfiles.main: 1 change detected
2026-05-31 02:17:33,869 INFO watchfiles.main: 1 change detected
2026-05-31 02:17:34,268 INFO watchfiles.main: 1 change detected
2026-05-31 02:17:34,670 INFO watchfiles.main: 1 change detected
2026-05-31 02:17:35,023 INFO watchfiles.main: 1 change detected
2026-05-31 02:17:35,386 INFO watchfiles.main: 1 change detected
2026-05-31 02:17:35,742 INFO watchfiles.main: 1 change detected
2026-05-31 02:17:36,101 INFO watchfiles.main: 1 change detected
2026-05-31 02:17:36,458 INFO watchfiles.main: 1 change detected
2026-05-31 02:17:36,813 INFO watchfiles.main: 1 change detected
2026-05-31 02:17:37,169 INFO watchfiles.main: 1 change detected
2026-05-31 02:17:37,526 INFO watchfiles.main: 1 change detected
2026-05-31 02:17:37,878 INFO watchfiles.main: 1 change detected
2026-05-31 02:17:38,242 INFO watchfiles.main: 1 change detected
2026-05-31 02:17:38,594 INFO watchfiles.main: 1 change detected
2026-05-31 02:17:38,951 INFO watchfiles.main: 1 change detected
2026-05-31 02:17:39,307 INFO watchfiles.main: 1 change detected
2026-05-31 02:17:39,681 INFO watchfiles.main: 1 change detected
2026-05-31 02:17:40,051 INFO watchfiles.main: 1 change detected
2026-05-31 02:17:40,407 INFO watchfiles.main: 1 change detected
2026-05-31 02:17:40,772 INFO watchfiles.main: 1 change detected
2026-05-31 02:17:41,140 INFO watchfiles.main: 1 change detected
2026-05-31 02:17:41,503 INFO watchfiles.main: 1 change detected
2026-05-31 02:17:41,870 INFO watchfiles.main: 1 change detected
2026-05-31 02:17:42,237 INFO watchfiles.main: 1 change detected
2026-05-31 02:17:42,589 INFO watchfiles.main: 1 change detected
2026-05-31 02:17:42,954 INFO watchfiles.main: 1 change detected
2026-05-31 02:17:43,312 INFO watchfiles.main: 1 change detected
2026-05-31 02:17:43,670 INFO watchfiles.main: 1 change detected
2026-05-31 02:17:44,034 INFO watchfiles.main: 1 change detected
2026-05-31 02:17:44,389 INFO watchfiles.main: 1 change detected
2026-05-31 02:17:44,745 INFO watchfiles.main: 1 change detected
2026-05-31 02:17:45,740 INFO watchfiles.main: 1 change detected
2026-05-31 02:17:48,621 INFO watchfiles.main: 1 change detected
2026-05-31 02:17:49,091 INFO watchfiles.main: 1 change detected
2026-05-31 02:17:49,470 INFO watchfiles.main: 1 change detected
2026-05-31 02:17:49,827 INFO watchfiles.main: 1 change detected
2026-05-31 02:17:50,221 INFO watchfiles.main: 1 change detected
2026-05-31 02:17:50,682 INFO watchfiles.main: 1 change detected
2026-05-31 02:17:51,194 INFO watchfiles.main: 1 change detected
2026-05-31 02:17:51,646 INFO watchfiles.main: 1 change detected
2026-05-31 02:17:52,077 INFO watchfiles.main: 1 change detected
2026-05-31 02:17:52,442 INFO watchfiles.main: 1 change detected
2026-05-31 02:17:52,800 INFO watchfiles.main: 1 change detected
2026-05-31 02:17:53,154 INFO watchfiles.main: 1 change detected
2026-05-31 02:17:53,512 INFO watchfiles.main: 1 change detected
2026-05-31 02:17:53,889 INFO watchfiles.main: 1 change detected
2026-05-31 02:17:54,264 INFO watchfiles.main: 1 change detected
2026-05-31 02:17:57,432 INFO watchfiles.main: 1 change detected
2026-05-31 02:17:57,791 INFO watchfiles.main: 2 changes detected
2026-05-31 02:18:01,619 INFO watchfiles.main: 1 change detected
2026-05-31 02:18:02,831 INFO watchfiles.main: 1 change detected
2026-05-31 02:18:03,197 INFO watchfiles.main: 3 changes detected
2026-05-31 02:18:07,045 INFO watchfiles.main: 1 change detected
2026-05-31 02:19:02,333 INFO watchfiles.main: 1 change detected
2026-05-31 02:19:02,694 INFO watchfiles.main: 1 change detected
2026-05-31 02:19:03,158 INFO watchfiles.main: 1 change detected
2026-05-31 02:19:03,561 INFO watchfiles.main: 1 change detected
2026-05-31 02:19:03,925 INFO watchfiles.main: 1 change detected
2026-05-31 02:19:04,282 INFO watchfiles.main: 1 change detected
2026-05-31 02:19:04,643 INFO watchfiles.main: 1 change detected
2026-05-31 02:19:05,004 INFO watchfiles.main: 1 change detected
2026-05-31 02:19:05,357 INFO watchfiles.main: 1 change detected
2026-05-31 02:19:05,719 INFO watchfiles.main: 1 change detected
2026-05-31 02:19:06,070 INFO watchfiles.main: 1 change detected
2026-05-31 02:19:06,429 INFO watchfiles.main: 1 change detected
2026-05-31 02:19:06,788 INFO watchfiles.main: 1 change detected
2026-05-31 02:19:07,152 INFO watchfiles.main: 1 change detected
2026-05-31 02:19:07,520 INFO watchfiles.main: 1 change detected
2026-05-31 02:19:07,872 INFO watchfiles.main: 1 change detected
2026-05-31 02:19:08,237 INFO watchfiles.main: 1 change detected
2026-05-31 02:19:08,589 INFO watchfiles.main: 1 change detected
2026-05-31 02:19:08,950 INFO watchfiles.main: 1 change detected
2026-05-31 02:19:09,304 INFO watchfiles.main: 1 change detected
2026-05-31 02:19:09,665 INFO watchfiles.main: 1 change detected
2026-05-31 02:19:10,021 INFO watchfiles.main: 1 change detected
2026-05-31 02:19:10,382 INFO watchfiles.main: 1 change detected
2026-05-31 02:19:10,737 INFO watchfiles.main: 1 change detected
2026-05-31 02:19:11,101 INFO watchfiles.main: 1 change detected
2026-05-31 02:19:11,454 INFO watchfiles.main: 1 change detected
2026-05-31 02:19:11,819 INFO watchfiles.main: 1 change detected
2026-05-31 02:19:12,187 INFO watchfiles.main: 1 change detected
2026-05-31 02:19:12,545 INFO watchfiles.main: 1 change detected
2026-05-31 02:19:12,903 INFO watchfiles.main: 1 change detected
2026-05-31 02:19:13,256 INFO watchfiles.main: 1 change detected
2026-05-31 02:19:13,618 INFO watchfiles.main: 1 change detected
2026-05-31 02:19:13,981 INFO watchfiles.main: 1 change detected
2026-05-31 02:19:14,339 INFO watchfiles.main: 1 change detected
2026-05-31 02:19:14,703 INFO watchfiles.main: 1 change detected
2026-05-31 02:19:15,054 INFO watchfiles.main: 1 change detected
2026-05-31 02:19:15,419 INFO watchfiles.main: 1 change detected
2026-05-31 02:19:15,783 INFO watchfiles.main: 1 change detected
2026-05-31 02:19:16,137 INFO watchfiles.main: 1 change detected
2026-05-31 02:19:16,499 INFO watchfiles.main: 1 change detected
2026-05-31 02:19:16,852 INFO watchfiles.main: 1 change detected
2026-05-31 02:19:17,213 INFO watchfiles.main: 1 change detected
2026-05-31 02:19:17,577 INFO watchfiles.main: 1 change detected
2026-05-31 02:19:17,985 INFO watchfiles.main: 1 change detected
2026-05-31 02:19:18,349 INFO watchfiles.main: 1 change detected
2026-05-31 02:19:18,724 INFO watchfiles.main: 1 change detected
2026-05-31 02:19:19,092 INFO watchfiles.main: 1 change detected
2026-05-31 02:19:19,475 INFO watchfiles.main: 1 change detected
2026-05-31 02:19:19,834 INFO watchfiles.main: 1 change detected
2026-05-31 02:19:20,203 INFO watchfiles.main: 1 change detected
2026-05-31 02:19:20,606 INFO watchfiles.main: 1 change detected
2026-05-31 02:19:21,004 INFO watchfiles.main: 1 change detected
2026-05-31 02:19:21,417 INFO watchfiles.main: 1 change detected
2026-05-31 02:19:21,773 INFO watchfiles.main: 1 change detected
2026-05-31 02:19:22,133 INFO watchfiles.main: 1 change detected
2026-05-31 02:19:22,487 INFO watchfiles.main: 1 change detected
2026-05-31 02:19:22,851 INFO watchfiles.main: 1 change detected
2026-05-31 02:19:23,217 INFO watchfiles.main: 1 change detected
2026-05-31 02:19:23,572 INFO watchfiles.main: 1 change detected
2026-05-31 02:19:23,932 INFO watchfiles.main: 1 change detected
2026-05-31 02:19:24,284 INFO watchfiles.main: 1 change detected
2026-05-31 02:19:24,650 INFO watchfiles.main: 1 change detected
2026-05-31 02:19:25,007 INFO watchfiles.main: 1 change detected
2026-05-31 02:19:25,366 INFO watchfiles.main: 1 change detected
2026-05-31 02:19:25,719 INFO watchfiles.main: 1 change detected
2026-05-31 02:19:26,079 INFO watchfiles.main: 1 change detected
2026-05-31 02:19:26,432 INFO watchfiles.main: 1 change detected
2026-05-31 02:19:26,787 INFO watchfiles.main: 1 change detected
2026-05-31 02:19:27,146 INFO watchfiles.main: 1 change detected
2026-05-31 02:19:27,501 INFO watchfiles.main: 1 change detected
2026-05-31 02:19:27,856 INFO watchfiles.main: 1 change detected
2026-05-31 02:19:28,214 INFO watchfiles.main: 1 change detected
2026-05-31 02:19:28,567 INFO watchfiles.main: 1 change detected
2026-05-31 02:19:28,933 INFO watchfiles.main: 1 change detected
2026-05-31 02:19:29,298 INFO watchfiles.main: 1 change detected
2026-05-31 02:19:29,658 INFO watchfiles.main: 1 change detected
2026-05-31 02:19:30,016 INFO watchfiles.main: 1 change detected
2026-05-31 02:19:30,382 INFO watchfiles.main: 1 change detected
2026-05-31 02:19:30,739 INFO watchfiles.main: 1 change detected
2026-05-31 02:19:31,104 INFO watchfiles.main: 1 change detected
2026-05-31 02:19:31,461 INFO watchfiles.main: 1 change detected
2026-05-31 02:19:31,828 INFO watchfiles.main: 1 change detected
2026-05-31 02:19:32,198 INFO watchfiles.main: 1 change detected
2026-05-31 02:19:32,558 INFO watchfiles.main: 1 change detected
2026-05-31 02:19:32,916 INFO watchfiles.main: 1 change detected
2026-05-31 02:19:33,289 INFO watchfiles.main: 1 change detected
2026-05-31 02:19:33,654 INFO watchfiles.main: 1 change detected
2026-05-31 02:19:34,015 INFO watchfiles.main: 1 change detected
2026-05-31 02:19:34,381 INFO watchfiles.main: 1 change detected
2026-05-31 02:19:34,746 INFO watchfiles.main: 1 change detected
2026-05-31 02:19:35,123 INFO watchfiles.main: 1 change detected
2026-05-31 02:19:35,522 INFO watchfiles.main: 1 change detected
2026-05-31 02:19:35,885 INFO watchfiles.main: 1 change detected
2026-05-31 02:19:36,253 INFO watchfiles.main: 1 change detected
2026-05-31 02:19:36,616 INFO watchfiles.main: 1 change detected
2026-05-31 02:19:36,972 INFO watchfiles.main: 1 change detected
2026-05-31 02:19:37,325 INFO watchfiles.main: 1 change detected
2026-05-31 02:19:37,681 INFO watchfiles.main: 1 change detected
2026-05-31 02:19:38,047 INFO watchfiles.main: 1 change detected
2026-05-31 02:19:38,412 INFO watchfiles.main: 1 change detected
2026-05-31 02:19:38,783 INFO watchfiles.main: 1 change detected
2026-05-31 02:19:39,150 INFO watchfiles.main: 1 change detected
2026-05-31 02:19:39,511 INFO watchfiles.main: 1 change detected
2026-05-31 02:19:39,865 INFO watchfiles.main: 1 change detected
2026-05-31 02:19:40,232 INFO watchfiles.main: 1 change detected
2026-05-31 02:19:40,599 INFO watchfiles.main: 1 change detected
2026-05-31 02:19:40,954 INFO watchfiles.main: 1 change detected
2026-05-31 02:19:41,322 INFO watchfiles.main: 1 change detected
2026-05-31 02:19:41,680 INFO watchfiles.main: 1 change detected
2026-05-31 02:19:42,033 INFO watchfiles.main: 1 change detected
2026-05-31 02:19:42,396 INFO watchfiles.main: 1 change detected
2026-05-31 02:19:42,759 INFO watchfiles.main: 1 change detected
2026-05-31 02:19:43,113 INFO watchfiles.main: 1 change detected
2026-05-31 02:19:43,466 INFO watchfiles.main: 1 change detected
2026-05-31 02:19:43,828 INFO watchfiles.main: 1 change detected
2026-05-31 02:19:44,182 INFO watchfiles.main: 1 change detected
2026-05-31 02:19:44,544 INFO watchfiles.main: 1 change detected
2026-05-31 02:19:44,905 INFO watchfiles.main: 1 change detected
2026-05-31 02:19:49,351 INFO watchfiles.main: 1 change detected
2026-05-31 02:19:49,729 INFO watchfiles.main: 1 change detected
2026-05-31 02:19:50,086 INFO watchfiles.main: 1 change detected
2026-05-31 02:19:50,442 INFO watchfiles.main: 1 change detected
2026-05-31 02:19:50,797 INFO watchfiles.main: 1 change detected
2026-05-31 02:19:51,162 INFO watchfiles.main: 1 change detected
2026-05-31 02:19:51,516 INFO watchfiles.main: 1 change detected
2026-05-31 02:19:51,877 INFO watchfiles.main: 1 change detected
2026-05-31 02:19:52,233 INFO watchfiles.main: 1 change detected
2026-05-31 02:19:52,604 INFO watchfiles.main: 1 change detected
2026-05-31 02:19:52,961 INFO watchfiles.main: 1 change detected
2026-05-31 02:19:53,315 INFO watchfiles.main: 1 change detected
2026-05-31 02:19:53,683 INFO watchfiles.main: 1 change detected
2026-05-31 02:19:54,045 INFO watchfiles.main: 1 change detected
2026-05-31 02:19:54,410 INFO watchfiles.main: 1 change detected
2026-05-31 02:19:54,761 INFO watchfiles.main: 1 change detected
2026-05-31 02:19:55,117 INFO watchfiles.main: 1 change detected
2026-05-31 02:19:55,479 INFO watchfiles.main: 1 change detected
2026-05-31 02:19:55,844 INFO watchfiles.main: 1 change detected
2026-05-31 02:19:56,206 INFO watchfiles.main: 1 change detected
2026-05-31 02:19:56,565 INFO watchfiles.main: 1 change detected
2026-05-31 02:19:56,918 INFO watchfiles.main: 1 change detected
2026-05-31 02:20:16,290 INFO watchfiles.main: 1 change detected
2026-05-31 02:20:16,728 INFO watchfiles.main: 1 change detected
2026-05-31 02:20:30,243 INFO watchfiles.main: 1 change detected
2026-05-31 02:20:30,605 INFO watchfiles.main: 1 change detected
2026-05-31 02:20:30,975 INFO watchfiles.main: 1 change detected
2026-05-31 02:20:31,336 INFO watchfiles.main: 1 change detected
2026-05-31 02:20:32,175 INFO watchfiles.main: 1 change detected
2026-05-31 02:20:32,650 INFO watchfiles.main: 1 change detected
2026-05-31 02:20:33,078 INFO watchfiles.main: 1 change detected
2026-05-31 02:20:33,444 INFO watchfiles.main: 1 change detected
2026-05-31 02:20:33,800 INFO watchfiles.main: 1 change detected
2026-05-31 02:20:34,158 INFO watchfiles.main: 1 change detected
2026-05-31 02:20:34,720 INFO watchfiles.main: 1 change detected
2026-05-31 02:20:35,080 INFO watchfiles.main: 1 change detected
2026-05-31 02:20:35,441 INFO watchfiles.main: 1 change detected
2026-05-31 02:20:35,804 INFO watchfiles.main: 1 change detected
2026-05-31 02:20:36,169 INFO watchfiles.main: 1 change detected
2026-05-31 02:20:36,540 INFO watchfiles.main: 1 change detected
2026-05-31 02:20:36,893 INFO watchfiles.main: 1 change detected
2026-05-31 02:20:37,259 INFO watchfiles.main: 1 change detected
2026-05-31 02:20:37,623 INFO watchfiles.main: 1 change detected
2026-05-31 02:20:37,986 INFO watchfiles.main: 1 change detected
2026-05-31 02:20:38,341 INFO watchfiles.main: 1 change detected
2026-05-31 02:20:38,702 INFO watchfiles.main: 1 change detected
2026-05-31 02:20:39,070 INFO watchfiles.main: 1 change detected
2026-05-31 02:20:39,447 INFO watchfiles.main: 1 change detected
2026-05-31 02:20:39,800 INFO watchfiles.main: 1 change detected
2026-05-31 02:20:40,222 INFO watchfiles.main: 1 change detected
2026-05-31 02:20:40,583 INFO watchfiles.main: 1 change detected
2026-05-31 02:20:40,937 INFO watchfiles.main: 1 change detected
2026-05-31 02:20:41,305 INFO watchfiles.main: 1 change detected
2026-05-31 02:20:41,665 INFO watchfiles.main: 1 change detected
2026-05-31 02:20:42,021 INFO watchfiles.main: 1 change detected
2026-05-31 02:20:42,392 INFO watchfiles.main: 1 change detected
2026-05-31 02:20:42,751 INFO watchfiles.main: 2 changes detected
2026-05-31 02:20:43,119 INFO watchfiles.main: 1 change detected
2026-05-31 02:20:43,480 INFO watchfiles.main: 2 changes detected
2026-05-31 02:20:43,840 INFO watchfiles.main: 1 change detected
2026-05-31 02:20:44,210 INFO watchfiles.main: 1 change detected
2026-05-31 02:20:44,567 INFO watchfiles.main: 1 change detected
2026-05-31 02:20:44,955 INFO watchfiles.main: 1 change detected
2026-05-31 02:20:46,287 INFO watchfiles.main: 1 change detected
2026-05-31 02:20:50,232 INFO watchfiles.main: 1 change detected
2026-05-31 02:20:50,598 INFO watchfiles.main: 1 change detected
2026-05-31 02:20:50,966 INFO watchfiles.main: 1 change detected
2026-05-31 02:20:51,333 INFO watchfiles.main: 1 change detected
2026-05-31 02:20:51,884 INFO watchfiles.main: 1 change detected
2026-05-31 02:20:52,250 INFO watchfiles.main: 1 change detected
2026-05-31 02:20:52,602 INFO watchfiles.main: 1 change detected
2026-05-31 02:20:52,954 INFO watchfiles.main: 1 change detected
2026-05-31 02:20:53,310 INFO watchfiles.main: 1 change detected
2026-05-31 02:20:53,664 INFO watchfiles.main: 1 change detected
2026-05-31 02:20:54,031 INFO watchfiles.main: 1 change detected
2026-05-31 02:20:54,402 INFO watchfiles.main: 1 change detected
2026-05-31 02:20:54,767 INFO watchfiles.main: 1 change detected
2026-05-31 02:20:55,120 INFO watchfiles.main: 1 change detected
2026-05-31 02:20:55,472 INFO watchfiles.main: 1 change detected
2026-05-31 02:20:55,838 INFO watchfiles.main: 1 change detected
2026-05-31 02:20:56,202 INFO watchfiles.main: 1 change detected
2026-05-31 02:20:56,556 INFO watchfiles.main: 1 change detected
2026-05-31 02:20:56,914 INFO watchfiles.main: 1 change detected
2026-05-31 02:20:57,274 INFO watchfiles.main: 1 change detected
2026-05-31 02:20:57,636 INFO watchfiles.main: 1 change detected
2026-05-31 02:20:58,001 INFO watchfiles.main: 1 change detected
2026-05-31 02:20:58,364 INFO watchfiles.main: 1 change detected
2026-05-31 02:20:58,734 INFO watchfiles.main: 1 change detected
2026-05-31 02:20:59,097 INFO watchfiles.main: 1 change detected
2026-05-31 02:20:59,463 INFO watchfiles.main: 1 change detected
2026-05-31 02:20:59,829 INFO watchfiles.main: 1 change detected
2026-05-31 02:21:00,190 INFO watchfiles.main: 2 changes detected
2026-05-31 02:21:00,548 INFO watchfiles.main: 3 changes detected
2026-05-31 02:21:00,905 INFO watchfiles.main: 1 change detected
2026-05-31 02:21:01,266 INFO watchfiles.main: 1 change detected
2026-05-31 02:21:01,624 INFO watchfiles.main: 1 change detected
2026-05-31 02:21:01,978 INFO watchfiles.main: 1 change detected
2026-05-31 02:21:02,331 INFO watchfiles.main: 1 change detected
2026-05-31 02:21:02,699 INFO watchfiles.main: 1 change detected
2026-05-31 02:21:03,055 INFO watchfiles.main: 2 changes detected
2026-05-31 02:21:03,420 INFO watchfiles.main: 1 change detected
2026-05-31 02:21:03,780 INFO watchfiles.main: 1 change detected
2026-05-31 02:21:04,145 INFO watchfiles.main: 1 change detected
2026-05-31 02:21:04,498 INFO watchfiles.main: 1 change detected
2026-05-31 02:21:04,850 INFO watchfiles.main: 1 change detected
2026-05-31 02:21:05,214 INFO watchfiles.main: 1 change detected
2026-05-31 02:21:05,578 INFO watchfiles.main: 1 change detected
2026-05-31 02:21:05,946 INFO watchfiles.main: 1 change detected
2026-05-31 02:21:06,310 INFO watchfiles.main: 1 change detected
2026-05-31 02:21:06,670 INFO watchfiles.main: 1 change detected
2026-05-31 02:21:07,029 INFO watchfiles.main: 1 change detected
2026-05-31 02:21:07,398 INFO watchfiles.main: 1 change detected
2026-05-31 02:21:07,763 INFO watchfiles.main: 1 change detected
2026-05-31 02:21:08,124 INFO watchfiles.main: 1 change detected
2026-05-31 02:21:08,479 INFO watchfiles.main: 1 change detected
2026-05-31 02:21:08,833 INFO watchfiles.main: 1 change detected
2026-05-31 02:21:09,201 INFO watchfiles.main: 1 change detected
2026-05-31 02:21:09,556 INFO watchfiles.main: 1 change detected
2026-05-31 02:21:09,912 INFO watchfiles.main: 1 change detected
2026-05-31 02:21:10,265 INFO watchfiles.main: 1 change detected
2026-05-31 02:21:10,628 INFO watchfiles.main: 1 change detected
2026-05-31 02:21:10,991 INFO watchfiles.main: 1 change detected
2026-05-31 02:21:11,353 INFO watchfiles.main: 1 change detected
2026-05-31 02:21:11,711 INFO watchfiles.main: 1 change detected
2026-05-31 02:21:12,093 INFO watchfiles.main: 1 change detected
2026-05-31 02:21:12,445 INFO watchfiles.main: 1 change detected
2026-05-31 02:21:12,817 INFO watchfiles.main: 1 change detected
2026-05-31 02:21:13,179 INFO watchfiles.main: 1 change detected
2026-05-31 02:21:13,542 INFO watchfiles.main: 1 change detected
2026-05-31 02:21:13,895 INFO watchfiles.main: 1 change detected
2026-05-31 02:21:14,247 INFO watchfiles.main: 1 change detected
2026-05-31 02:21:14,606 INFO watchfiles.main: 1 change detected
2026-05-31 02:21:14,961 INFO watchfiles.main: 1 change detected
2026-05-31 02:21:15,325 INFO watchfiles.main: 1 change detected
2026-05-31 02:21:15,689 INFO watchfiles.main: 1 change detected
2026-05-31 02:21:16,043 INFO watchfiles.main: 1 change detected
2026-05-31 02:21:16,421 INFO watchfiles.main: 1 change detected
2026-05-31 02:21:16,776 INFO watchfiles.main: 1 change detected
2026-05-31 02:21:17,142 INFO watchfiles.main: 1 change detected
2026-05-31 02:21:44,016 INFO watchfiles.main: 1 change detected
2026-05-31 02:24:02,709 INFO watchfiles.main: 1 change detected
2026-05-31 02:24:03,074 INFO watchfiles.main: 1 change detected
2026-05-31 02:25:26,588 INFO watchfiles.main: 1 change detected
2026-05-31 02:25:27,990 INFO watchfiles.main: 1 change detected
2026-05-31 02:25:28,483 INFO watchfiles.main: 1 change detected
2026-05-31 02:25:29,280 INFO watchfiles.main: 1 change detected
2026-05-31 02:25:29,732 INFO watchfiles.main: 1 change detected
2026-05-31 02:25:30,093 INFO watchfiles.main: 1 change detected
2026-05-31 02:25:30,463 INFO watchfiles.main: 1 change detected
2026-05-31 02:25:30,833 INFO watchfiles.main: 1 change detected
2026-05-31 02:25:31,200 INFO watchfiles.main: 1 change detected
2026-05-31 02:25:31,630 INFO watchfiles.main: 1 change detected
2026-05-31 02:25:32,051 INFO watchfiles.main: 1 change detected
2026-05-31 02:25:49,699 INFO watchfiles.main: 1 change detected
2026-05-31 02:25:50,069 INFO watchfiles.main: 1 change detected
2026-05-31 02:25:50,726 INFO watchfiles.main: 1 change detected
2026-05-31 02:25:51,358 INFO watchfiles.main: 1 change detected
2026-05-31 02:25:51,867 INFO watchfiles.main: 1 change detected
2026-05-31 02:25:52,259 INFO watchfiles.main: 1 change detected
2026-05-31 02:25:52,626 INFO watchfiles.main: 1 change detected
2026-05-31 02:25:53,060 INFO watchfiles.main: 1 change detected
2026-05-31 02:25:53,605 INFO watchfiles.main: 2 changes detected
2026-05-31 02:25:54,029 INFO watchfiles.main: 3 changes detected
2026-05-31 02:25:54,441 INFO watchfiles.main: 1 change detected
2026-05-31 02:25:54,873 INFO watchfiles.main: 1 change detected
2026-05-31 02:25:55,297 INFO watchfiles.main: 1 change detected
2026-05-31 02:25:55,654 INFO watchfiles.main: 1 change detected
2026-05-31 02:25:56,071 INFO watchfiles.main: 1 change detected
2026-05-31 02:25:57,459 INFO watchfiles.main: 1 change detected
2026-05-31 02:25:57,873 INFO watchfiles.main: 1 change detected
2026-05-31 02:25:58,238 INFO watchfiles.main: 1 change detected
2026-05-31 02:25:58,593 INFO watchfiles.main: 1 change detected
2026-05-31 02:25:58,956 INFO watchfiles.main: 1 change detected
2026-05-31 02:25:59,308 INFO watchfiles.main: 1 change detected
2026-05-31 02:25:59,670 INFO watchfiles.main: 1 change detected
2026-05-31 02:26:00,022 INFO watchfiles.main: 1 change detected
2026-05-31 02:26:00,386 INFO watchfiles.main: 1 change detected
2026-05-31 02:26:00,739 INFO watchfiles.main: 1 change detected
2026-05-31 02:26:01,103 INFO watchfiles.main: 1 change detected
2026-05-31 02:26:01,473 INFO watchfiles.main: 1 change detected
2026-05-31 02:26:01,878 INFO watchfiles.main: 1 change detected
2026-05-31 02:26:02,224 INFO watchfiles.main: 1 change detected
2026-05-31 02:26:02,593 INFO watchfiles.main: 1 change detected
2026-05-31 02:26:02,957 INFO watchfiles.main: 1 change detected
2026-05-31 02:26:03,321 INFO watchfiles.main: 1 change detected
2026-05-31 02:26:03,694 INFO watchfiles.main: 1 change detected
2026-05-31 02:26:04,054 INFO watchfiles.main: 1 change detected
2026-05-31 02:26:04,420 INFO watchfiles.main: 1 change detected
2026-05-31 02:26:04,787 INFO watchfiles.main: 1 change detected
2026-05-31 02:26:05,149 INFO watchfiles.main: 1 change detected
2026-05-31 02:26:09,209 INFO watchfiles.main: 1 change detected
2026-05-31 02:26:09,568 INFO watchfiles.main: 1 change detected
2026-05-31 02:26:09,948 INFO watchfiles.main: 1 change detected
2026-05-31 02:26:11,031 INFO watchfiles.main: 1 change detected
2026-05-31 02:26:11,405 INFO watchfiles.main: 2 changes detected
2026-05-31 02:26:11,773 INFO watchfiles.main: 1 change detected
2026-05-31 02:26:12,138 INFO watchfiles.main: 1 change detected
2026-05-31 02:26:12,661 INFO watchfiles.main: 1 change detected
2026-05-31 02:26:13,475 INFO watchfiles.main: 1 change detected
2026-05-31 02:26:13,837 INFO watchfiles.main: 1 change detected
2026-05-31 02:26:14,526 INFO watchfiles.main: 2 changes detected
2026-05-31 02:26:14,884 INFO watchfiles.main: 1 change detected
2026-05-31 02:26:15,453 INFO watchfiles.main: 2 changes detected
2026-05-31 02:26:15,807 INFO watchfiles.main: 1 change detected
2026-05-31 02:26:18,407 INFO watchfiles.main: 2 changes detected
2026-05-31 02:26:18,774 INFO watchfiles.main: 1 change detected
2026-05-31 02:26:19,144 INFO watchfiles.main: 2 changes detected
2026-05-31 02:26:19,506 INFO watchfiles.main: 1 change detected
2026-05-31 02:26:19,872 INFO watchfiles.main: 1 change detected
2026-05-31 02:26:20,244 INFO watchfiles.main: 2 changes detected
2026-05-31 02:26:20,602 INFO watchfiles.main: 1 change detected
2026-05-31 02:26:20,967 INFO watchfiles.main: 1 change detected
2026-05-31 02:26:21,346 INFO watchfiles.main: 1 change detected
2026-05-31 02:26:21,771 INFO watchfiles.main: 1 change detected
2026-05-31 02:26:22,178 INFO watchfiles.main: 2 changes detected
2026-05-31 02:26:22,669 INFO watchfiles.main: 1 change detected
2026-05-31 02:26:23,076 INFO watchfiles.main: 1 change detected
2026-05-31 02:26:23,431 INFO watchfiles.main: 1 change detected
2026-05-31 02:26:23,795 INFO watchfiles.main: 1 change detected
2026-05-31 02:26:24,361 INFO watchfiles.main: 1 change detected
2026-05-31 02:26:24,722 INFO watchfiles.main: 1 change detected
2026-05-31 02:26:25,085 INFO watchfiles.main: 1 change detected
2026-05-31 02:26:25,466 INFO watchfiles.main: 1 change detected
2026-05-31 02:26:25,827 INFO watchfiles.main: 1 change detected
2026-05-31 02:26:26,191 INFO watchfiles.main: 1 change detected
2026-05-31 02:26:26,545 INFO watchfiles.main: 1 change detected
2026-05-31 02:26:26,912 INFO watchfiles.main: 1 change detected
2026-05-31 02:26:27,285 INFO watchfiles.main: 1 change detected
2026-05-31 02:26:27,645 INFO watchfiles.main: 1 change detected
2026-05-31 02:26:28,001 INFO watchfiles.main: 1 change detected
2026-05-31 02:26:28,360 INFO watchfiles.main: 1 change detected
2026-05-31 02:26:28,728 INFO watchfiles.main: 1 change detected
2026-05-31 02:26:29,084 INFO watchfiles.main: 1 change detected
2026-05-31 02:26:29,453 INFO watchfiles.main: 1 change detected
2026-05-31 02:26:29,811 INFO watchfiles.main: 1 change detected
2026-05-31 02:26:30,181 INFO watchfiles.main: 1 change detected
2026-05-31 02:26:30,552 INFO watchfiles.main: 1 change detected
2026-05-31 02:26:30,920 INFO watchfiles.main: 1 change detected
2026-05-31 02:26:31,284 INFO watchfiles.main: 1 change detected
2026-05-31 02:26:31,650 INFO watchfiles.main: 1 change detected
2026-05-31 02:26:32,010 INFO watchfiles.main: 1 change detected
2026-05-31 02:26:32,377 INFO watchfiles.main: 1 change detected
2026-05-31 02:26:32,737 INFO watchfiles.main: 1 change detected
2026-05-31 02:26:33,100 INFO watchfiles.main: 1 change detected
2026-05-31 02:26:33,457 INFO watchfiles.main: 1 change detected
2026-05-31 02:26:33,815 INFO watchfiles.main: 1 change detected
2026-05-31 02:26:34,186 INFO watchfiles.main: 1 change detected
2026-05-31 02:26:34,558 INFO watchfiles.main: 1 change detected
2026-05-31 02:26:34,917 INFO watchfiles.main: 1 change detected
2026-05-31 02:26:35,282 INFO watchfiles.main: 1 change detected
2026-05-31 02:26:35,784 INFO watchfiles.main: 1 change detected
2026-05-31 02:26:36,166 INFO watchfiles.main: 1 change detected
2026-05-31 02:26:36,539 INFO watchfiles.main: 1 change detected
2026-05-31 02:26:36,981 INFO watchfiles.main: 1 change detected
2026-05-31 02:26:37,371 INFO watchfiles.main: 1 change detected
2026-05-31 02:26:37,737 INFO watchfiles.main: 1 change detected
2026-05-31 02:26:38,227 INFO watchfiles.main: 1 change detected
2026-05-31 02:26:38,604 INFO watchfiles.main: 1 change detected
2026-05-31 02:26:38,989 INFO watchfiles.main: 1 change detected
2026-05-31 02:26:39,367 INFO watchfiles.main: 1 change detected
2026-05-31 02:26:39,754 INFO watchfiles.main: 1 change detected
2026-05-31 02:26:40,113 INFO watchfiles.main: 1 change detected
2026-05-31 02:26:40,476 INFO watchfiles.main: 1 change detected
2026-05-31 02:26:40,915 INFO watchfiles.main: 1 change detected
2026-05-31 02:26:41,357 INFO watchfiles.main: 1 change detected
2026-05-31 02:26:41,735 INFO watchfiles.main: 1 change detected
2026-05-31 02:26:42,198 INFO watchfiles.main: 1 change detected
2026-05-31 02:26:42,650 INFO watchfiles.main: 1 change detected
2026-05-31 02:26:43,047 INFO watchfiles.main: 1 change detected
2026-05-31 02:26:43,432 INFO watchfiles.main: 1 change detected
2026-05-31 02:26:43,794 INFO watchfiles.main: 1 change detected
2026-05-31 02:26:44,165 INFO watchfiles.main: 1 change detected
2026-05-31 02:26:44,556 INFO watchfiles.main: 1 change detected
2026-05-31 02:26:44,971 INFO watchfiles.main: 1 change detected
2026-05-31 02:26:45,332 INFO watchfiles.main: 1 change detected
2026-05-31 02:26:45,702 INFO watchfiles.main: 1 change detected
2026-05-31 02:26:46,132 INFO watchfiles.main: 1 change detected
2026-05-31 02:26:46,744 INFO watchfiles.main: 1 change detected
2026-05-31 02:26:47,150 INFO watchfiles.main: 1 change detected
2026-05-31 02:26:47,517 INFO watchfiles.main: 1 change detected
2026-05-31 02:26:47,899 INFO watchfiles.main: 1 change detected
2026-05-31 02:26:48,264 INFO watchfiles.main: 1 change detected
2026-05-31 02:26:48,630 INFO watchfiles.main: 1 change detected
2026-05-31 02:26:49,023 INFO watchfiles.main: 1 change detected
2026-05-31 02:26:49,415 INFO watchfiles.main: 1 change detected
2026-05-31 02:26:49,784 INFO watchfiles.main: 2 changes detected
2026-05-31 02:26:50,147 INFO watchfiles.main: 2 changes detected
2026-05-31 02:26:50,506 INFO watchfiles.main: 1 change detected
2026-05-31 02:26:50,862 INFO watchfiles.main: 1 change detected
2026-05-31 02:26:51,225 INFO watchfiles.main: 1 change detected
2026-05-31 02:26:51,590 INFO watchfiles.main: 1 change detected
2026-05-31 02:26:51,945 INFO watchfiles.main: 1 change detected
2026-05-31 02:26:52,309 INFO watchfiles.main: 1 change detected
2026-05-31 02:26:52,673 INFO watchfiles.main: 1 change detected
2026-05-31 02:26:53,071 INFO watchfiles.main: 1 change detected
2026-05-31 02:26:53,422 INFO watchfiles.main: 1 change detected
2026-05-31 02:26:53,779 INFO watchfiles.main: 1 change detected
2026-05-31 02:26:54,140 INFO watchfiles.main: 1 change detected
2026-05-31 02:26:54,497 INFO watchfiles.main: 1 change detected
2026-05-31 02:26:54,859 INFO watchfiles.main: 1 change detected
2026-05-31 02:26:55,254 INFO watchfiles.main: 1 change detected
2026-05-31 02:26:55,751 INFO watchfiles.main: 1 change detected
2026-05-31 02:26:56,178 INFO watchfiles.main: 1 change detected
2026-05-31 02:26:56,565 INFO watchfiles.main: 1 change detected
2026-05-31 02:26:56,982 INFO watchfiles.main: 1 change detected
2026-05-31 02:26:57,361 INFO watchfiles.main: 1 change detected
2026-05-31 02:26:57,778 INFO watchfiles.main: 2 changes detected
2026-05-31 02:26:58,145 INFO watchfiles.main: 1 change detected
2026-05-31 02:26:58,511 INFO watchfiles.main: 1 change detected
2026-05-31 02:26:58,902 INFO watchfiles.main: 1 change detected
2026-05-31 02:26:59,262 INFO watchfiles.main: 1 change detected
2026-05-31 02:26:59,627 INFO watchfiles.main: 1 change detected
2026-05-31 02:26:59,981 INFO watchfiles.main: 1 change detected
2026-05-31 02:27:00,342 INFO watchfiles.main: 3 changes detected
2026-05-31 02:27:00,714 INFO watchfiles.main: 1 change detected
2026-05-31 02:27:01,097 INFO watchfiles.main: 1 change detected
2026-05-31 02:27:01,464 INFO watchfiles.main: 1 change detected
2026-05-31 02:27:01,830 INFO watchfiles.main: 1 change detected
2026-05-31 02:27:02,214 INFO watchfiles.main: 1 change detected
2026-05-31 02:27:02,686 INFO watchfiles.main: 1 change detected
2026-05-31 02:27:03,064 INFO watchfiles.main: 1 change detected
2026-05-31 02:27:03,426 INFO watchfiles.main: 1 change detected
2026-05-31 02:27:03,777 INFO watchfiles.main: 1 change detected
2026-05-31 02:27:04,142 INFO watchfiles.main: 1 change detected
2026-05-31 02:27:04,509 INFO watchfiles.main: 1 change detected
2026-05-31 02:27:04,865 INFO watchfiles.main: 1 change detected
2026-05-31 02:27:05,221 INFO watchfiles.main: 1 change detected
2026-05-31 02:27:09,085 INFO watchfiles.main: 1 change detected
2026-05-31 02:27:09,439 INFO watchfiles.main: 1 change detected
2026-05-31 02:27:09,807 INFO watchfiles.main: 1 change detected
2026-05-31 02:27:10,194 INFO watchfiles.main: 1 change detected
2026-05-31 02:27:10,558 INFO watchfiles.main: 1 change detected
2026-05-31 02:27:10,923 INFO watchfiles.main: 1 change detected
2026-05-31 02:27:11,290 INFO watchfiles.main: 1 change detected
2026-05-31 02:27:11,655 INFO watchfiles.main: 1 change detected
2026-05-31 02:27:12,026 INFO watchfiles.main: 1 change detected
2026-05-31 02:27:12,397 INFO watchfiles.main: 1 change detected
2026-05-31 02:27:12,755 INFO watchfiles.main: 1 change detected
2026-05-31 02:27:13,122 INFO watchfiles.main: 1 change detected
2026-05-31 02:27:13,487 INFO watchfiles.main: 1 change detected
2026-05-31 02:27:13,847 INFO watchfiles.main: 1 change detected
2026-05-31 02:27:14,206 INFO watchfiles.main: 1 change detected
2026-05-31 02:27:14,575 INFO watchfiles.main: 1 change detected
2026-05-31 02:27:14,948 INFO watchfiles.main: 1 change detected
2026-05-31 02:27:15,306 INFO watchfiles.main: 1 change detected
2026-05-31 02:27:15,671 INFO watchfiles.main: 1 change detected
2026-05-31 02:27:16,044 INFO watchfiles.main: 1 change detected
2026-05-31 02:27:16,402 INFO watchfiles.main: 1 change detected
2026-05-31 02:27:16,755 INFO watchfiles.main: 1 change detected
2026-05-31 02:27:17,139 INFO watchfiles.main: 1 change detected
2026-05-31 02:27:17,506 INFO watchfiles.main: 1 change detected
2026-05-31 02:27:17,861 INFO watchfiles.main: 1 change detected
2026-05-31 02:27:18,217 INFO watchfiles.main: 1 change detected
2026-05-31 02:27:18,578 INFO watchfiles.main: 1 change detected
2026-05-31 02:27:18,957 INFO watchfiles.main: 1 change detected
2026-05-31 02:27:19,314 INFO watchfiles.main: 1 change detected
2026-05-31 02:27:19,679 INFO watchfiles.main: 1 change detected
2026-05-31 02:27:20,045 INFO watchfiles.main: 1 change detected
2026-05-31 02:27:20,417 INFO watchfiles.main: 1 change detected
2026-05-31 02:27:20,776 INFO watchfiles.main: 1 change detected
2026-05-31 02:27:21,146 INFO watchfiles.main: 1 change detected
2026-05-31 02:27:21,512 INFO watchfiles.main: 1 change detected
2026-05-31 02:27:21,863 INFO watchfiles.main: 1 change detected
2026-05-31 02:27:22,226 INFO watchfiles.main: 1 change detected
2026-05-31 02:27:22,595 INFO watchfiles.main: 1 change detected
2026-05-31 02:27:22,963 INFO watchfiles.main: 1 change detected
2026-05-31 02:27:23,329 INFO watchfiles.main: 1 change detected
2026-05-31 02:27:23,694 INFO watchfiles.main: 1 change detected
2026-05-31 02:27:24,064 INFO watchfiles.main: 1 change detected
2026-05-31 02:27:24,426 INFO watchfiles.main: 1 change detected
2026-05-31 02:27:24,795 INFO watchfiles.main: 1 change detected
2026-05-31 02:27:25,158 INFO watchfiles.main: 1 change detected
2026-05-31 02:27:25,514 INFO watchfiles.main: 1 change detected
2026-05-31 02:27:25,882 INFO watchfiles.main: 1 change detected
2026-05-31 02:27:26,244 INFO watchfiles.main: 1 change detected
2026-05-31 02:27:26,599 INFO watchfiles.main: 1 change detected
2026-05-31 02:27:26,969 INFO watchfiles.main: 1 change detected
2026-05-31 02:27:27,320 INFO watchfiles.main: 1 change detected
2026-05-31 02:27:27,679 INFO watchfiles.main: 1 change detected
2026-05-31 02:27:28,044 INFO watchfiles.main: 1 change detected
2026-05-31 02:27:28,411 INFO watchfiles.main: 1 change detected
2026-05-31 02:27:28,769 INFO watchfiles.main: 1 change detected
2026-05-31 02:27:29,126 INFO watchfiles.main: 1 change detected
2026-05-31 02:27:29,504 INFO watchfiles.main: 1 change detected
2026-05-31 02:27:29,862 INFO watchfiles.main: 1 change detected
2026-05-31 02:27:30,226 INFO watchfiles.main: 1 change detected
2026-05-31 02:27:30,578 INFO watchfiles.main: 1 change detected
2026-05-31 02:27:30,945 INFO watchfiles.main: 1 change detected
2026-05-31 02:27:31,311 INFO watchfiles.main: 1 change detected
2026-05-31 02:27:31,666 INFO watchfiles.main: 1 change detected
2026-05-31 02:27:32,021 INFO watchfiles.main: 1 change detected
2026-05-31 02:27:32,377 INFO watchfiles.main: 1 change detected
2026-05-31 02:27:32,744 INFO watchfiles.main: 1 change detected
2026-05-31 02:27:33,145 INFO watchfiles.main: 1 change detected
2026-05-31 02:27:33,508 INFO watchfiles.main: 1 change detected
2026-05-31 02:27:33,861 INFO watchfiles.main: 1 change detected
2026-05-31 02:27:34,221 INFO watchfiles.main: 1 change detected
2026-05-31 02:27:34,578 INFO watchfiles.main: 1 change detected
2026-05-31 02:27:34,945 INFO watchfiles.main: 1 change detected
2026-05-31 02:27:35,311 INFO watchfiles.main: 1 change detected
2026-05-31 02:27:35,677 INFO watchfiles.main: 1 change detected
2026-05-31 02:27:36,045 INFO watchfiles.main: 1 change detected
2026-05-31 02:27:36,411 INFO watchfiles.main: 1 change detected
2026-05-31 02:27:36,765 INFO watchfiles.main: 1 change detected
2026-05-31 02:27:37,126 INFO watchfiles.main: 1 change detected
2026-05-31 02:27:37,495 INFO watchfiles.main: 1 change detected
2026-05-31 02:27:37,850 INFO watchfiles.main: 1 change detected
2026-05-31 02:27:38,212 INFO watchfiles.main: 1 change detected
2026-05-31 02:27:38,571 INFO watchfiles.main: 1 change detected
2026-05-31 02:27:38,944 INFO watchfiles.main: 1 change detected
2026-05-31 02:27:39,324 INFO watchfiles.main: 1 change detected
2026-05-31 02:27:39,676 INFO watchfiles.main: 1 change detected
2026-05-31 02:27:40,029 INFO watchfiles.main: 1 change detected
2026-05-31 02:27:40,394 INFO watchfiles.main: 1 change detected
2026-05-31 02:27:40,761 INFO watchfiles.main: 1 change detected
2026-05-31 02:27:41,118 INFO watchfiles.main: 1 change detected
2026-05-31 02:27:41,478 INFO watchfiles.main: 1 change detected
2026-05-31 02:27:41,844 INFO watchfiles.main: 1 change detected
2026-05-31 02:27:42,211 INFO watchfiles.main: 1 change detected
2026-05-31 02:27:42,575 INFO watchfiles.main: 1 change detected
2026-05-31 02:27:42,927 INFO watchfiles.main: 1 change detected
2026-05-31 02:27:43,280 INFO watchfiles.main: 1 change detected
2026-05-31 02:27:43,652 INFO watchfiles.main: 1 change detected
2026-05-31 02:27:44,011 INFO watchfiles.main: 1 change detected
2026-05-31 02:27:44,368 INFO watchfiles.main: 1 change detected
2026-05-31 02:27:44,742 INFO watchfiles.main: 1 change detected
2026-05-31 02:27:45,095 INFO watchfiles.main: 1 change detected
2026-05-31 02:27:45,455 INFO watchfiles.main: 1 change detected
2026-05-31 02:27:45,811 INFO watchfiles.main: 1 change detected
2026-05-31 02:27:46,174 INFO watchfiles.main: 1 change detected
2026-05-31 02:27:46,529 INFO watchfiles.main: 1 change detected
2026-05-31 02:27:46,898 INFO watchfiles.main: 1 change detected
2026-05-31 02:27:47,262 INFO watchfiles.main: 1 change detected
2026-05-31 02:27:47,628 INFO watchfiles.main: 1 change detected
2026-05-31 02:27:47,995 INFO watchfiles.main: 1 change detected
2026-05-31 02:27:48,368 INFO watchfiles.main: 1 change detected
2026-05-31 02:27:48,745 INFO watchfiles.main: 1 change detected
2026-05-31 02:27:49,101 INFO watchfiles.main: 1 change detected
2026-05-31 02:27:49,467 INFO watchfiles.main: 1 change detected
2026-05-31 02:27:49,826 INFO watchfiles.main: 1 change detected
2026-05-31 02:27:50,187 INFO watchfiles.main: 1 change detected
2026-05-31 02:27:50,554 INFO watchfiles.main: 1 change detected
2026-05-31 02:27:50,917 INFO watchfiles.main: 1 change detected
2026-05-31 02:27:51,280 INFO watchfiles.main: 1 change detected
2026-05-31 02:27:51,645 INFO watchfiles.main: 1 change detected
2026-05-31 02:27:52,016 INFO watchfiles.main: 1 change detected
2026-05-31 02:27:52,410 INFO watchfiles.main: 1 change detected
2026-05-31 02:27:52,802 INFO watchfiles.main: 1 change detected
2026-05-31 02:27:53,258 INFO watchfiles.main: 1 change detected
2026-05-31 02:27:53,684 INFO watchfiles.main: 2 changes detected
2026-05-31 02:27:54,055 INFO watchfiles.main: 1 change detected
2026-05-31 02:27:54,503 INFO watchfiles.main: 1 change detected
2026-05-31 02:27:54,973 INFO watchfiles.main: 1 change detected
2026-05-31 02:27:55,409 INFO watchfiles.main: 1 change detected
2026-05-31 02:27:55,854 INFO watchfiles.main: 1 change detected
2026-05-31 02:28:02,146 INFO watchfiles.main: 1 change detected
2026-05-31 02:28:02,711 INFO watchfiles.main: 1 change detected
2026-05-31 02:28:03,210 INFO watchfiles.main: 1 change detected
2026-05-31 02:28:03,590 INFO watchfiles.main: 1 change detected
2026-05-31 02:28:03,949 INFO watchfiles.main: 1 change detected
2026-05-31 02:28:04,317 INFO watchfiles.main: 1 change detected
2026-05-31 02:28:04,682 INFO watchfiles.main: 1 change detected
2026-05-31 02:28:05,048 INFO watchfiles.main: 1 change detected
2026-05-31 02:28:10,756 INFO watchfiles.main: 1 change detected
2026-05-31 02:28:11,119 INFO watchfiles.main: 1 change detected
2026-05-31 02:28:11,483 INFO watchfiles.main: 1 change detected
2026-05-31 02:28:11,843 INFO watchfiles.main: 1 change detected
2026-05-31 02:28:12,202 INFO watchfiles.main: 1 change detected
2026-05-31 02:28:12,565 INFO watchfiles.main: 1 change detected
2026-05-31 02:28:12,954 INFO watchfiles.main: 1 change detected
2026-05-31 02:28:13,323 INFO watchfiles.main: 1 change detected
2026-05-31 02:28:13,697 INFO watchfiles.main: 1 change detected
2026-05-31 02:28:14,055 INFO watchfiles.main: 1 change detected
2026-05-31 02:28:14,420 INFO watchfiles.main: 1 change detected
2026-05-31 02:28:14,797 INFO watchfiles.main: 1 change detected
2026-05-31 02:28:15,165 INFO watchfiles.main: 1 change detected
2026-05-31 02:28:15,519 INFO watchfiles.main: 1 change detected
2026-05-31 02:28:15,879 INFO watchfiles.main: 1 change detected
2026-05-31 02:28:16,248 INFO watchfiles.main: 1 change detected
2026-05-31 02:28:16,619 INFO watchfiles.main: 1 change detected
2026-05-31 02:28:16,976 INFO watchfiles.main: 1 change detected
2026-05-31 02:28:17,347 INFO watchfiles.main: 1 change detected
2026-05-31 02:28:17,716 INFO watchfiles.main: 1 change detected
2026-05-31 02:28:18,099 INFO watchfiles.main: 1 change detected
2026-05-31 02:28:18,467 INFO watchfiles.main: 1 change detected
2026-05-31 02:28:18,829 INFO watchfiles.main: 1 change detected
2026-05-31 02:28:19,189 INFO watchfiles.main: 1 change detected
2026-05-31 02:28:19,547 INFO watchfiles.main: 1 change detected
2026-05-31 02:28:19,909 INFO watchfiles.main: 1 change detected
2026-05-31 02:28:20,263 INFO watchfiles.main: 1 change detected
2026-05-31 02:28:20,628 INFO watchfiles.main: 1 change detected
2026-05-31 02:28:20,994 INFO watchfiles.main: 1 change detected
2026-05-31 02:28:21,387 INFO watchfiles.main: 1 change detected
2026-05-31 02:28:21,746 INFO watchfiles.main: 1 change detected
2026-05-31 02:28:22,098 INFO watchfiles.main: 1 change detected
2026-05-31 02:28:22,463 INFO watchfiles.main: 1 change detected
2026-05-31 02:28:22,829 INFO watchfiles.main: 1 change detected
2026-05-31 02:28:23,197 INFO watchfiles.main: 1 change detected
2026-05-31 02:28:23,586 INFO watchfiles.main: 1 change detected
2026-05-31 02:28:23,945 INFO watchfiles.main: 1 change detected
2026-05-31 02:28:24,298 INFO watchfiles.main: 1 change detected
2026-05-31 02:28:24,661 INFO watchfiles.main: 1 change detected
2026-05-31 02:28:25,019 INFO watchfiles.main: 1 change detected
2026-05-31 02:28:25,395 INFO watchfiles.main: 1 change detected
2026-05-31 02:28:25,764 INFO watchfiles.main: 1 change detected
2026-05-31 02:28:26,118 INFO watchfiles.main: 1 change detected
2026-05-31 02:28:26,495 INFO watchfiles.main: 1 change detected
2026-05-31 02:28:26,847 INFO watchfiles.main: 1 change detected
2026-05-31 02:28:27,203 INFO watchfiles.main: 1 change detected
2026-05-31 02:28:27,562 INFO watchfiles.main: 1 change detected
2026-05-31 02:28:27,928 INFO watchfiles.main: 1 change detected
2026-05-31 02:28:28,290 INFO watchfiles.main: 1 change detected
2026-05-31 02:28:28,648 INFO watchfiles.main: 1 change detected
2026-05-31 02:28:29,020 INFO watchfiles.main: 1 change detected
2026-05-31 02:28:29,386 INFO watchfiles.main: 1 change detected
2026-05-31 02:28:29,747 INFO watchfiles.main: 1 change detected
2026-05-31 02:28:30,110 INFO watchfiles.main: 1 change detected
2026-05-31 02:28:30,468 INFO watchfiles.main: 1 change detected
2026-05-31 02:28:30,828 INFO watchfiles.main: 1 change detected
2026-05-31 02:28:31,210 INFO watchfiles.main: 1 change detected
2026-05-31 02:28:31,564 INFO watchfiles.main: 1 change detected
2026-05-31 02:28:31,933 INFO watchfiles.main: 1 change detected
2026-05-31 02:28:32,295 INFO watchfiles.main: 1 change detected
2026-05-31 02:28:32,669 INFO watchfiles.main: 1 change detected
2026-05-31 02:28:33,029 INFO watchfiles.main: 1 change detected
2026-05-31 02:28:33,411 INFO watchfiles.main: 1 change detected
2026-05-31 02:28:33,813 INFO watchfiles.main: 1 change detected
2026-05-31 02:28:34,206 INFO watchfiles.main: 1 change detected
2026-05-31 02:28:34,572 INFO watchfiles.main: 1 change detected
2026-05-31 02:28:34,926 INFO watchfiles.main: 1 change detected
2026-05-31 02:28:35,284 INFO watchfiles.main: 1 change detected
2026-05-31 02:28:35,651 INFO watchfiles.main: 1 change detected
2026-05-31 02:28:36,006 INFO watchfiles.main: 1 change detected
2026-05-31 02:28:36,372 INFO watchfiles.main: 1 change detected
2026-05-31 02:28:36,756 INFO watchfiles.main: 1 change detected
2026-05-31 02:28:37,114 INFO watchfiles.main: 1 change detected
2026-05-31 02:28:37,514 INFO watchfiles.main: 1 change detected
2026-05-31 02:28:37,895 INFO watchfiles.main: 1 change detected
2026-05-31 02:28:38,266 INFO watchfiles.main: 1 change detected
2026-05-31 02:28:38,666 INFO watchfiles.main: 1 change detected
2026-05-31 02:28:39,047 INFO watchfiles.main: 1 change detected
2026-05-31 02:28:39,411 INFO watchfiles.main: 1 change detected
2026-05-31 02:28:39,772 INFO watchfiles.main: 1 change detected
2026-05-31 02:28:40,132 INFO watchfiles.main: 1 change detected
2026-05-31 02:28:40,493 INFO watchfiles.main: 1 change detected
2026-05-31 02:28:40,849 INFO watchfiles.main: 1 change detected
2026-05-31 02:28:41,204 INFO watchfiles.main: 1 change detected
2026-05-31 02:28:41,565 INFO watchfiles.main: 1 change detected
2026-05-31 02:28:41,912 INFO watchfiles.main: 1 change detected
2026-05-31 02:28:42,289 INFO watchfiles.main: 1 change detected
2026-05-31 02:28:42,830 INFO watchfiles.main: 1 change detected
2026-05-31 02:28:43,307 INFO watchfiles.main: 1 change detected
2026-05-31 02:28:43,666 INFO watchfiles.main: 1 change detected
2026-05-31 02:28:44,026 INFO watchfiles.main: 1 change detected
2026-05-31 02:28:44,408 INFO watchfiles.main: 1 change detected
2026-05-31 02:28:44,774 INFO watchfiles.main: 1 change detected
2026-05-31 02:28:45,147 INFO watchfiles.main: 1 change detected
2026-05-31 02:28:45,549 INFO watchfiles.main: 1 change detected
2026-05-31 02:28:45,961 INFO watchfiles.main: 1 change detected
2026-05-31 02:28:46,450 INFO watchfiles.main: 1 change detected
2026-05-31 02:28:46,927 INFO watchfiles.main: 1 change detected
2026-05-31 02:28:47,329 INFO watchfiles.main: 1 change detected
2026-05-31 02:28:47,711 INFO watchfiles.main: 1 change detected
2026-05-31 02:28:48,127 INFO watchfiles.main: 1 change detected
2026-05-31 02:28:48,598 INFO watchfiles.main: 1 change detected
2026-05-31 02:28:49,016 INFO watchfiles.main: 1 change detected
2026-05-31 02:28:49,526 INFO watchfiles.main: 1 change detected
2026-05-31 02:28:49,954 INFO watchfiles.main: 1 change detected
2026-05-31 02:28:50,420 INFO watchfiles.main: 1 change detected
2026-05-31 02:28:50,846 INFO watchfiles.main: 1 change detected
2026-05-31 02:28:51,296 INFO watchfiles.main: 1 change detected
2026-05-31 02:28:51,790 INFO watchfiles.main: 1 change detected
2026-05-31 02:28:52,261 INFO watchfiles.main: 1 change detected
2026-05-31 02:28:52,678 INFO watchfiles.main: 1 change detected
2026-05-31 02:28:53,145 INFO watchfiles.main: 1 change detected
2026-05-31 02:28:53,644 INFO watchfiles.main: 1 change detected
2026-05-31 02:28:54,103 INFO watchfiles.main: 1 change detected
2026-05-31 02:28:54,627 INFO watchfiles.main: 1 change detected
2026-05-31 02:29:31,175 INFO watchfiles.main: 1 change detected
2026-05-31 02:29:31,621 INFO watchfiles.main: 2 changes detected
2026-05-31 02:29:33,631 INFO watchfiles.main: 1 change detected
2026-05-31 02:30:08,260 INFO watchfiles.main: 2 changes detected
2026-05-31 02:30:08,648 INFO watchfiles.main: 1 change detected
2026-05-31 02:30:12,020 INFO watchfiles.main: 1 change detected
2026-05-31 02:30:12,559 INFO watchfiles.main: 1 change detected
2026-05-31 02:30:12,917 INFO watchfiles.main: 1 change detected
2026-05-31 02:30:16,212 INFO watchfiles.main: 1 change detected
2026-05-31 02:30:16,569 INFO watchfiles.main: 1 change detected
2026-05-31 02:30:16,922 INFO watchfiles.main: 1 change detected
2026-05-31 02:30:17,288 INFO watchfiles.main: 1 change detected
2026-05-31 02:30:17,651 INFO watchfiles.main: 1 change detected
2026-05-31 02:30:18,018 INFO watchfiles.main: 1 change detected
2026-05-31 02:30:18,388 INFO watchfiles.main: 1 change detected
2026-05-31 02:30:18,752 INFO watchfiles.main: 1 change detected
2026-05-31 02:30:19,102 INFO watchfiles.main: 1 change detected
2026-05-31 02:30:19,468 INFO watchfiles.main: 1 change detected
2026-05-31 02:30:19,834 INFO watchfiles.main: 1 change detected
2026-05-31 02:30:20,187 INFO watchfiles.main: 1 change detected
2026-05-31 02:30:20,551 INFO watchfiles.main: 1 change detected
2026-05-31 02:30:20,912 INFO watchfiles.main: 1 change detected
2026-05-31 02:30:21,276 INFO watchfiles.main: 1 change detected
2026-05-31 02:30:21,629 INFO watchfiles.main: 1 change detected
2026-05-31 02:30:22,006 INFO watchfiles.main: 1 change detected
2026-05-31 02:30:22,369 INFO watchfiles.main: 1 change detected
2026-05-31 02:30:22,733 INFO watchfiles.main: 1 change detected
2026-05-31 02:30:23,099 INFO watchfiles.main: 1 change detected
2026-05-31 02:30:23,471 INFO watchfiles.main: 1 change detected
2026-05-31 02:30:23,835 INFO watchfiles.main: 1 change detected
2026-05-31 02:30:24,201 INFO watchfiles.main: 1 change detected
2026-05-31 02:30:24,569 INFO watchfiles.main: 1 change detected
2026-05-31 02:30:24,933 INFO watchfiles.main: 1 change detected
2026-05-31 02:30:25,301 INFO watchfiles.main: 1 change detected
2026-05-31 02:30:25,666 INFO watchfiles.main: 1 change detected
2026-05-31 02:30:26,034 INFO watchfiles.main: 1 change detected
2026-05-31 02:30:26,401 INFO watchfiles.main: 1 change detected
2026-05-31 02:30:26,766 INFO watchfiles.main: 1 change detected
2026-05-31 02:30:27,134 INFO watchfiles.main: 1 change detected
2026-05-31 02:30:27,502 INFO watchfiles.main: 1 change detected
2026-05-31 02:30:27,865 INFO watchfiles.main: 1 change detected
2026-05-31 02:30:28,235 INFO watchfiles.main: 1 change detected
2026-05-31 02:30:28,599 INFO watchfiles.main: 1 change detected
2026-05-31 02:30:28,966 INFO watchfiles.main: 1 change detected
2026-05-31 02:30:29,329 INFO watchfiles.main: 1 change detected
2026-05-31 02:30:29,707 INFO watchfiles.main: 1 change detected
2026-05-31 02:30:30,061 INFO watchfiles.main: 1 change detected
2026-05-31 02:30:30,420 INFO watchfiles.main: 1 change detected
2026-05-31 02:30:30,783 INFO watchfiles.main: 1 change detected
2026-05-31 02:30:31,139 INFO watchfiles.main: 1 change detected
2026-05-31 02:30:31,500 INFO watchfiles.main: 1 change detected
2026-05-31 02:30:31,866 INFO watchfiles.main: 1 change detected
2026-05-31 02:30:32,222 INFO watchfiles.main: 1 change detected
2026-05-31 02:30:32,573 INFO watchfiles.main: 1 change detected
2026-05-31 02:30:32,929 INFO watchfiles.main: 1 change detected
2026-05-31 02:30:33,283 INFO watchfiles.main: 1 change detected
2026-05-31 02:30:33,649 INFO watchfiles.main: 1 change detected
2026-05-31 02:30:34,014 INFO watchfiles.main: 1 change detected
2026-05-31 02:30:34,377 INFO watchfiles.main: 1 change detected
2026-05-31 02:30:34,752 INFO watchfiles.main: 2 changes detected
2026-05-31 02:30:35,125 INFO watchfiles.main: 1 change detected
2026-05-31 02:30:35,741 INFO watchfiles.main: 1 change detected
2026-05-31 02:30:36,101 INFO watchfiles.main: 1 change detected
2026-05-31 02:30:36,457 INFO watchfiles.main: 1 change detected
2026-05-31 02:30:36,820 INFO watchfiles.main: 1 change detected
2026-05-31 02:30:37,176 INFO watchfiles.main: 1 change detected
2026-05-31 02:30:41,396 INFO watchfiles.main: 1 change detected
2026-05-31 02:30:41,768 INFO watchfiles.main: 1 change detected
2026-05-31 02:30:42,131 INFO watchfiles.main: 1 change detected
2026-05-31 02:30:42,497 INFO watchfiles.main: 1 change detected
2026-05-31 02:30:42,929 INFO watchfiles.main: 1 change detected
2026-05-31 02:30:43,414 INFO watchfiles.main: 1 change detected
2026-05-31 02:30:43,881 INFO watchfiles.main: 1 change detected
2026-05-31 02:30:44,489 INFO watchfiles.main: 1 change detected
2026-05-31 02:30:44,862 INFO watchfiles.main: 1 change detected
2026-05-31 02:30:45,253 INFO watchfiles.main: 1 change detected
2026-05-31 02:30:45,759 INFO watchfiles.main: 1 change detected
2026-05-31 02:30:46,125 INFO watchfiles.main: 1 change detected
2026-05-31 02:30:46,498 INFO watchfiles.main: 1 change detected
2026-05-31 02:30:46,862 INFO watchfiles.main: 1 change detected
2026-05-31 02:30:47,240 INFO watchfiles.main: 1 change detected
2026-05-31 02:30:47,638 INFO watchfiles.main: 1 change detected
2026-05-31 02:30:48,040 INFO watchfiles.main: 1 change detected
2026-05-31 02:30:48,573 INFO watchfiles.main: 1 change detected
2026-05-31 02:30:48,931 INFO watchfiles.main: 1 change detected
2026-05-31 02:30:49,299 INFO watchfiles.main: 1 change detected
2026-05-31 02:30:49,677 INFO watchfiles.main: 1 change detected
2026-05-31 02:30:50,044 INFO watchfiles.main: 1 change detected
2026-05-31 02:30:50,412 INFO watchfiles.main: 1 change detected
2026-05-31 02:30:50,774 INFO watchfiles.main: 1 change detected
2026-05-31 02:30:51,151 INFO watchfiles.main: 1 change detected
2026-05-31 02:30:51,524 INFO watchfiles.main: 1 change detected
2026-05-31 02:30:51,894 INFO watchfiles.main: 1 change detected
2026-05-31 02:30:52,355 INFO watchfiles.main: 1 change detected
2026-05-31 02:30:53,021 INFO watchfiles.main: 1 change detected
2026-05-31 02:30:53,538 INFO watchfiles.main: 1 change detected
2026-05-31 02:32:35,448 INFO watchfiles.main: 1 change detected
2026-05-31 02:32:35,808 INFO watchfiles.main: 1 change detected
2026-05-31 02:32:37,385 INFO watchfiles.main: 1 change detected
2026-05-31 02:32:37,762 INFO watchfiles.main: 1 change detected
2026-05-31 02:32:38,784 INFO watchfiles.main: 1 change detected
2026-05-31 02:32:39,180 INFO watchfiles.main: 1 change detected
2026-05-31 02:32:39,580 INFO watchfiles.main: 1 change detected
2026-05-31 02:32:39,933 INFO watchfiles.main: 1 change detected
2026-05-31 02:32:40,298 INFO watchfiles.main: 1 change detected
2026-05-31 02:32:40,657 INFO watchfiles.main: 1 change detected
2026-05-31 02:32:41,008 INFO watchfiles.main: 1 change detected
2026-05-31 02:32:41,370 INFO watchfiles.main: 1 change detected
2026-05-31 02:32:41,774 INFO watchfiles.main: 1 change detected
2026-05-31 02:32:42,139 INFO watchfiles.main: 1 change detected
2026-05-31 02:32:42,505 INFO watchfiles.main: 1 change detected
2026-05-31 02:32:42,872 INFO watchfiles.main: 1 change detected
2026-05-31 02:32:43,225 INFO watchfiles.main: 1 change detected
2026-05-31 02:32:43,588 INFO watchfiles.main: 1 change detected
2026-05-31 02:32:43,955 INFO watchfiles.main: 1 change detected
2026-05-31 02:32:44,322 INFO watchfiles.main: 1 change detected
2026-05-31 02:32:44,676 INFO watchfiles.main: 1 change detected
2026-05-31 02:32:45,038 INFO watchfiles.main: 1 change detected
2026-05-31 02:32:45,405 INFO watchfiles.main: 1 change detected
2026-05-31 02:32:45,772 INFO watchfiles.main: 1 change detected
2026-05-31 02:32:46,139 INFO watchfiles.main: 1 change detected
2026-05-31 02:32:46,505 INFO watchfiles.main: 1 change detected
2026-05-31 02:32:46,879 INFO watchfiles.main: 1 change detected
2026-05-31 02:32:47,238 INFO watchfiles.main: 1 change detected
2026-05-31 02:32:47,605 INFO watchfiles.main: 1 change detected
2026-05-31 02:32:47,972 INFO watchfiles.main: 1 change detected
2026-05-31 02:32:48,338 INFO watchfiles.main: 1 change detected
2026-05-31 02:32:48,704 INFO watchfiles.main: 1 change detected
2026-05-31 02:32:49,071 INFO watchfiles.main: 1 change detected
2026-05-31 02:32:49,422 INFO watchfiles.main: 1 change detected
2026-05-31 02:32:49,779 INFO watchfiles.main: 1 change detected
2026-05-31 02:32:50,138 INFO watchfiles.main: 1 change detected
2026-05-31 02:32:50,503 INFO watchfiles.main: 1 change detected
2026-05-31 02:32:50,854 INFO watchfiles.main: 1 change detected
2026-05-31 02:32:51,206 INFO watchfiles.main: 1 change detected
2026-05-31 02:32:51,568 INFO watchfiles.main: 1 change detected
2026-05-31 02:32:51,922 INFO watchfiles.main: 1 change detected
2026-05-31 02:32:52,286 INFO watchfiles.main: 1 change detected
2026-05-31 02:32:52,653 INFO watchfiles.main: 1 change detected
2026-05-31 02:32:53,020 INFO watchfiles.main: 1 change detected
2026-05-31 02:32:53,387 INFO watchfiles.main: 1 change detected
2026-05-31 02:32:53,753 INFO watchfiles.main: 1 change detected
2026-05-31 02:32:54,108 INFO watchfiles.main: 1 change detected
2026-05-31 02:32:54,466 INFO watchfiles.main: 1 change detected
2026-05-31 02:32:54,819 INFO watchfiles.main: 1 change detected
2026-05-31 02:32:55,188 INFO watchfiles.main: 1 change detected
2026-05-31 02:32:55,554 INFO watchfiles.main: 1 change detected
2026-05-31 02:32:55,918 INFO watchfiles.main: 1 change detected
2026-05-31 02:32:56,285 INFO watchfiles.main: 1 change detected
2026-05-31 02:32:56,654 INFO watchfiles.main: 1 change detected
2026-05-31 02:32:57,017 INFO watchfiles.main: 1 change detected
2026-05-31 02:32:57,384 INFO watchfiles.main: 1 change detected
2026-05-31 02:32:57,751 INFO watchfiles.main: 1 change detected
2026-05-31 02:32:58,117 INFO watchfiles.main: 1 change detected
2026-05-31 02:32:58,469 INFO watchfiles.main: 1 change detected
2026-05-31 02:32:58,834 INFO watchfiles.main: 1 change detected
2026-05-31 02:32:59,201 INFO watchfiles.main: 1 change detected
2026-05-31 02:32:59,569 INFO watchfiles.main: 1 change detected
2026-05-31 02:32:59,934 INFO watchfiles.main: 1 change detected
2026-05-31 02:33:00,302 INFO watchfiles.main: 1 change detected
2026-05-31 02:33:00,670 INFO watchfiles.main: 1 change detected
2026-05-31 02:33:01,043 INFO watchfiles.main: 1 change detected
2026-05-31 02:33:01,411 INFO watchfiles.main: 1 change detected
2026-05-31 02:33:01,766 INFO watchfiles.main: 1 change detected
2026-05-31 02:33:02,145 INFO watchfiles.main: 1 change detected
2026-05-31 02:33:02,510 INFO watchfiles.main: 1 change detected
2026-05-31 02:33:02,866 INFO watchfiles.main: 1 change detected
2026-05-31 02:33:03,234 INFO watchfiles.main: 1 change detected
2026-05-31 02:33:03,601 INFO watchfiles.main: 1 change detected
2026-05-31 02:33:03,961 INFO watchfiles.main: 1 change detected
2026-05-31 02:33:04,321 INFO watchfiles.main: 1 change detected
2026-05-31 02:33:04,679 INFO watchfiles.main: 1 change detected
2026-05-31 02:33:05,044 INFO watchfiles.main: 1 change detected
2026-05-31 02:33:05,400 INFO watchfiles.main: 1 change detected
2026-05-31 02:33:05,765 INFO watchfiles.main: 1 change detected
2026-05-31 02:33:06,126 INFO watchfiles.main: 1 change detected
2026-05-31 02:33:06,508 INFO watchfiles.main: 1 change detected
2026-05-31 02:33:06,886 INFO watchfiles.main: 1 change detected
2026-05-31 02:33:07,654 INFO watchfiles.main: 1 change detected
2026-05-31 02:33:08,016 INFO watchfiles.main: 1 change detected
2026-05-31 02:33:08,383 INFO watchfiles.main: 1 change detected
2026-05-31 02:33:08,756 INFO watchfiles.main: 1 change detected
2026-05-31 02:33:09,116 INFO watchfiles.main: 1 change detected
2026-05-31 02:33:09,479 INFO watchfiles.main: 1 change detected
2026-05-31 02:33:09,835 INFO watchfiles.main: 1 change detected
2026-05-31 02:33:10,203 INFO watchfiles.main: 1 change detected
2026-05-31 02:33:10,569 INFO watchfiles.main: 1 change detected
2026-05-31 02:33:10,929 INFO watchfiles.main: 1 change detected
2026-05-31 02:33:11,301 INFO watchfiles.main: 1 change detected
2026-05-31 02:33:11,665 INFO watchfiles.main: 1 change detected
2026-05-31 02:33:12,027 INFO watchfiles.main: 1 change detected
2026-05-31 02:33:12,378 INFO watchfiles.main: 1 change detected
2026-05-31 02:33:12,733 INFO watchfiles.main: 1 change detected
2026-05-31 02:33:13,097 INFO watchfiles.main: 1 change detected
2026-05-31 02:33:13,467 INFO watchfiles.main: 1 change detected
2026-05-31 02:33:13,835 INFO watchfiles.main: 1 change detected
2026-05-31 02:33:14,197 INFO watchfiles.main: 1 change detected
2026-05-31 02:33:14,568 INFO watchfiles.main: 1 change detected
2026-05-31 02:33:14,932 INFO watchfiles.main: 1 change detected
2026-05-31 02:33:15,286 INFO watchfiles.main: 1 change detected
2026-05-31 02:33:15,648 INFO watchfiles.main: 1 change detected
2026-05-31 02:33:15,999 INFO watchfiles.main: 1 change detected
2026-05-31 02:33:16,366 INFO watchfiles.main: 1 change detected
2026-05-31 02:33:16,717 INFO watchfiles.main: 1 change detected
2026-05-31 02:33:17,073 INFO watchfiles.main: 1 change detected
2026-05-31 02:33:17,432 INFO watchfiles.main: 1 change detected
2026-05-31 02:33:17,797 INFO watchfiles.main: 1 change detected
2026-05-31 02:33:18,149 INFO watchfiles.main: 1 change detected
2026-05-31 02:33:18,515 INFO watchfiles.main: 1 change detected
2026-05-31 02:33:18,877 INFO watchfiles.main: 1 change detected
2026-05-31 02:33:19,236 INFO watchfiles.main: 1 change detected
2026-05-31 02:33:19,595 INFO watchfiles.main: 1 change detected
2026-05-31 02:33:23,611 INFO watchfiles.main: 1 change detected
2026-05-31 02:33:23,976 INFO watchfiles.main: 1 change detected
2026-05-31 02:33:24,401 INFO watchfiles.main: 1 change detected
2026-05-31 02:33:24,836 INFO watchfiles.main: 1 change detected
2026-05-31 02:33:25,205 INFO watchfiles.main: 1 change detected
2026-05-31 02:33:25,581 INFO watchfiles.main: 1 change detected
2026-05-31 02:33:25,947 INFO watchfiles.main: 1 change detected
2026-05-31 02:33:26,311 INFO watchfiles.main: 1 change detected
2026-05-31 02:33:26,665 INFO watchfiles.main: 1 change detected
2026-05-31 02:33:27,028 INFO watchfiles.main: 1 change detected
2026-05-31 02:33:27,395 INFO watchfiles.main: 1 change detected
2026-05-31 02:33:27,748 INFO watchfiles.main: 1 change detected
2026-05-31 02:33:28,111 INFO watchfiles.main: 1 change detected
2026-05-31 02:33:28,477 INFO watchfiles.main: 1 change detected
2026-05-31 02:33:28,844 INFO watchfiles.main: 1 change detected
2026-05-31 02:33:29,214 INFO watchfiles.main: 1 change detected
2026-05-31 02:33:29,578 INFO watchfiles.main: 1 change detected
2026-05-31 02:33:29,945 INFO watchfiles.main: 1 change detected
2026-05-31 02:33:30,310 INFO watchfiles.main: 1 change detected
2026-05-31 02:33:30,665 INFO watchfiles.main: 1 change detected
2026-05-31 02:33:31,027 INFO watchfiles.main: 1 change detected
2026-05-31 02:33:31,386 INFO watchfiles.main: 1 change detected
2026-05-31 02:33:31,756 INFO watchfiles.main: 1 change detected
2026-05-31 02:33:32,128 INFO watchfiles.main: 1 change detected
2026-05-31 02:33:32,491 INFO watchfiles.main: 1 change detected
2026-05-31 02:33:32,849 INFO watchfiles.main: 1 change detected
2026-05-31 02:33:33,300 INFO watchfiles.main: 1 change detected
2026-05-31 02:33:33,665 INFO watchfiles.main: 1 change detected
2026-05-31 02:33:34,030 INFO watchfiles.main: 1 change detected
2026-05-31 02:33:34,399 INFO watchfiles.main: 1 change detected
2026-05-31 02:33:34,766 INFO watchfiles.main: 1 change detected
2026-05-31 02:33:35,127 INFO watchfiles.main: 1 change detected
2026-05-31 02:33:35,499 INFO watchfiles.main: 1 change detected
2026-05-31 02:33:35,859 INFO watchfiles.main: 1 change detected
2026-05-31 02:33:36,346 INFO watchfiles.main: 1 change detected
2026-05-31 02:33:36,715 INFO watchfiles.main: 1 change detected
2026-05-31 02:33:37,078 INFO watchfiles.main: 1 change detected
2026-05-31 02:33:37,450 INFO watchfiles.main: 1 change detected
2026-05-31 02:33:37,813 INFO watchfiles.main: 1 change detected
2026-05-31 02:33:38,178 INFO watchfiles.main: 1 change detected
2026-05-31 02:33:38,543 INFO watchfiles.main: 1 change detected
2026-05-31 02:33:38,894 INFO watchfiles.main: 1 change detected
2026-05-31 02:33:39,266 INFO watchfiles.main: 1 change detected
2026-05-31 02:33:39,630 INFO watchfiles.main: 1 change detected
2026-05-31 02:33:39,997 INFO watchfiles.main: 1 change detected
2026-05-31 02:33:40,359 INFO watchfiles.main: 1 change detected
2026-05-31 02:33:40,713 INFO watchfiles.main: 1 change detected
2026-05-31 02:33:41,083 INFO watchfiles.main: 1 change detected
2026-05-31 02:33:41,446 INFO watchfiles.main: 1 change detected
2026-05-31 02:33:41,814 INFO watchfiles.main: 1 change detected
2026-05-31 02:33:42,179 INFO watchfiles.main: 1 change detected
2026-05-31 02:33:42,544 INFO watchfiles.main: 1 change detected
2026-05-31 02:33:42,914 INFO watchfiles.main: 1 change detected
2026-05-31 02:33:43,280 INFO watchfiles.main: 1 change detected
2026-05-31 02:33:43,648 INFO watchfiles.main: 1 change detected
2026-05-31 02:33:44,034 INFO watchfiles.main: 1 change detected
2026-05-31 02:33:44,396 INFO watchfiles.main: 1 change detected
2026-05-31 02:33:44,765 INFO watchfiles.main: 1 change detected
2026-05-31 02:33:45,147 INFO watchfiles.main: 1 change detected
2026-05-31 02:33:45,513 INFO watchfiles.main: 1 change detected
2026-05-31 02:33:45,873 INFO watchfiles.main: 1 change detected
2026-05-31 02:33:46,229 INFO watchfiles.main: 1 change detected
2026-05-31 02:33:46,597 INFO watchfiles.main: 1 change detected
2026-05-31 02:33:46,958 INFO watchfiles.main: 1 change detected
2026-05-31 02:33:47,312 INFO watchfiles.main: 1 change detected
2026-05-31 02:33:47,679 INFO watchfiles.main: 1 change detected
2026-05-31 02:33:48,043 INFO watchfiles.main: 1 change detected
2026-05-31 02:33:48,407 INFO watchfiles.main: 1 change detected
2026-05-31 02:33:48,777 INFO watchfiles.main: 1 change detected
2026-05-31 02:33:49,144 INFO watchfiles.main: 1 change detected
2026-05-31 02:33:49,516 INFO watchfiles.main: 1 change detected
2026-05-31 02:33:49,875 INFO watchfiles.main: 1 change detected
2026-05-31 02:33:50,244 INFO watchfiles.main: 1 change detected
2026-05-31 02:33:50,610 INFO watchfiles.main: 1 change detected
2026-05-31 02:33:50,974 INFO watchfiles.main: 1 change detected
2026-05-31 02:33:51,343 INFO watchfiles.main: 1 change detected
2026-05-31 02:33:51,712 INFO watchfiles.main: 1 change detected
2026-05-31 02:33:52,074 INFO watchfiles.main: 1 change detected
2026-05-31 02:33:52,463 INFO watchfiles.main: 1 change detected
2026-05-31 02:33:52,893 INFO watchfiles.main: 1 change detected
2026-05-31 02:33:53,318 INFO watchfiles.main: 1 change detected
2026-05-31 02:33:53,727 INFO watchfiles.main: 1 change detected
2026-05-31 02:33:54,090 INFO watchfiles.main: 1 change detected
2026-05-31 02:33:54,462 INFO watchfiles.main: 1 change detected
2026-05-31 02:33:54,811 INFO watchfiles.main: 1 change detected
2026-05-31 02:33:55,174 INFO watchfiles.main: 1 change detected
2026-05-31 02:33:55,543 INFO watchfiles.main: 1 change detected
2026-05-31 02:33:55,928 INFO watchfiles.main: 1 change detected
2026-05-31 02:34:00,770 INFO watchfiles.main: 1 change detected
2026-05-31 02:34:01,146 INFO watchfiles.main: 1 change detected
2026-05-31 02:34:02,114 INFO watchfiles.main: 1 change detected
2026-05-31 02:34:02,480 INFO watchfiles.main: 1 change detected
2026-05-31 02:34:02,909 INFO watchfiles.main: 1 change detected
2026-05-31 02:34:03,374 INFO watchfiles.main: 1 change detected
2026-05-31 02:34:03,728 INFO watchfiles.main: 1 change detected
2026-05-31 02:34:04,089 INFO watchfiles.main: 1 change detected
2026-05-31 02:34:04,444 INFO watchfiles.main: 1 change detected
2026-05-31 02:34:04,807 INFO watchfiles.main: 1 change detected
2026-05-31 02:34:05,160 INFO watchfiles.main: 1 change detected
2026-05-31 02:34:05,522 INFO watchfiles.main: 1 change detected
2026-05-31 02:34:05,879 INFO watchfiles.main: 1 change detected
2026-05-31 02:34:06,241 INFO watchfiles.main: 1 change detected
2026-05-31 02:34:06,609 INFO watchfiles.main: 1 change detected
2026-05-31 02:34:06,957 INFO watchfiles.main: 1 change detected
2026-05-31 02:34:07,323 INFO watchfiles.main: 1 change detected
2026-05-31 02:34:07,688 INFO watchfiles.main: 1 change detected
2026-05-31 02:34:08,057 INFO watchfiles.main: 1 change detected
2026-05-31 02:34:08,423 INFO watchfiles.main: 1 change detected
2026-05-31 02:34:08,786 INFO watchfiles.main: 1 change detected
2026-05-31 02:34:09,153 INFO watchfiles.main: 1 change detected
2026-05-31 02:34:09,521 INFO watchfiles.main: 1 change detected
2026-05-31 02:34:09,889 INFO watchfiles.main: 1 change detected
2026-05-31 02:34:10,254 INFO watchfiles.main: 1 change detected
2026-05-31 02:34:10,651 INFO watchfiles.main: 1 change detected
2026-05-31 02:34:11,009 INFO watchfiles.main: 1 change detected
2026-05-31 02:34:11,380 INFO watchfiles.main: 1 change detected
2026-05-31 02:34:11,741 INFO watchfiles.main: 1 change detected
2026-05-31 02:34:12,102 INFO watchfiles.main: 1 change detected
2026-05-31 02:34:12,457 INFO watchfiles.main: 1 change detected
2026-05-31 02:34:12,826 INFO watchfiles.main: 1 change detected
2026-05-31 02:34:13,187 INFO watchfiles.main: 1 change detected
2026-05-31 02:34:13,551 INFO watchfiles.main: 1 change detected
2026-05-31 02:34:13,978 INFO watchfiles.main: 1 change detected
2026-05-31 02:34:14,344 INFO watchfiles.main: 1 change detected
2026-05-31 02:34:14,706 INFO watchfiles.main: 1 change detected
2026-05-31 02:34:15,070 INFO watchfiles.main: 1 change detected
2026-05-31 02:34:15,436 INFO watchfiles.main: 1 change detected
2026-05-31 02:34:15,795 INFO watchfiles.main: 1 change detected
2026-05-31 02:34:16,153 INFO watchfiles.main: 1 change detected
2026-05-31 02:34:16,519 INFO watchfiles.main: 1 change detected
2026-05-31 02:34:16,871 INFO watchfiles.main: 1 change detected
2026-05-31 02:34:17,234 INFO watchfiles.main: 1 change detected
2026-05-31 02:34:17,606 INFO watchfiles.main: 1 change detected
2026-05-31 02:34:17,986 INFO watchfiles.main: 1 change detected
2026-05-31 02:34:18,351 INFO watchfiles.main: 1 change detected
2026-05-31 02:34:18,719 INFO watchfiles.main: 1 change detected
2026-05-31 02:34:19,102 INFO watchfiles.main: 1 change detected
2026-05-31 02:34:19,459 INFO watchfiles.main: 1 change detected
2026-05-31 02:34:19,818 INFO watchfiles.main: 1 change detected
2026-05-31 02:34:25,521 INFO watchfiles.main: 1 change detected
2026-05-31 02:34:25,937 INFO watchfiles.main: 1 change detected
2026-05-31 02:34:26,307 INFO watchfiles.main: 1 change detected
2026-05-31 02:34:26,669 INFO watchfiles.main: 1 change detected
2026-05-31 02:34:27,021 INFO watchfiles.main: 1 change detected
2026-05-31 02:34:27,384 INFO watchfiles.main: 1 change detected
2026-05-31 02:34:27,750 INFO watchfiles.main: 1 change detected
2026-05-31 02:34:28,117 INFO watchfiles.main: 1 change detected
2026-05-31 02:34:28,479 INFO watchfiles.main: 1 change detected
2026-05-31 02:34:28,840 INFO watchfiles.main: 1 change detected
2026-05-31 02:34:29,202 INFO watchfiles.main: 1 change detected
2026-05-31 02:34:29,567 INFO watchfiles.main: 1 change detected
2026-05-31 02:34:29,939 INFO watchfiles.main: 1 change detected
2026-05-31 02:34:30,300 INFO watchfiles.main: 1 change detected
2026-05-31 02:34:30,651 INFO watchfiles.main: 1 change detected
2026-05-31 02:34:31,010 INFO watchfiles.main: 1 change detected
2026-05-31 02:34:31,367 INFO watchfiles.main: 1 change detected
2026-05-31 02:34:31,734 INFO watchfiles.main: 1 change detected
2026-05-31 02:34:32,098 INFO watchfiles.main: 1 change detected
2026-05-31 02:34:32,466 INFO watchfiles.main: 1 change detected
2026-05-31 02:34:32,824 INFO watchfiles.main: 1 change detected
2026-05-31 02:34:33,182 INFO watchfiles.main: 1 change detected
2026-05-31 02:34:33,548 INFO watchfiles.main: 1 change detected
2026-05-31 02:34:33,915 INFO watchfiles.main: 1 change detected
2026-05-31 02:34:34,285 INFO watchfiles.main: 1 change detected
2026-05-31 02:34:34,651 INFO watchfiles.main: 1 change detected
2026-05-31 02:34:35,022 INFO watchfiles.main: 1 change detected
2026-05-31 02:34:35,386 INFO watchfiles.main: 1 change detected
2026-05-31 02:34:35,749 INFO watchfiles.main: 1 change detected
2026-05-31 02:34:36,118 INFO watchfiles.main: 1 change detected
2026-05-31 02:34:36,484 INFO watchfiles.main: 1 change detected
2026-05-31 02:34:36,848 INFO watchfiles.main: 1 change detected
2026-05-31 02:34:37,218 INFO watchfiles.main: 1 change detected
2026-05-31 02:34:37,594 INFO watchfiles.main: 1 change detected
2026-05-31 02:34:37,969 INFO watchfiles.main: 1 change detected
2026-05-31 02:34:38,333 INFO watchfiles.main: 1 change detected
2026-05-31 02:34:38,699 INFO watchfiles.main: 1 change detected
2026-05-31 02:34:39,069 INFO watchfiles.main: 1 change detected
2026-05-31 02:34:39,431 INFO watchfiles.main: 1 change detected
2026-05-31 02:34:39,797 INFO watchfiles.main: 1 change detected
2026-05-31 02:34:40,174 INFO watchfiles.main: 1 change detected
2026-05-31 02:34:40,533 INFO watchfiles.main: 1 change detected
2026-05-31 02:34:40,896 INFO watchfiles.main: 1 change detected
2026-05-31 02:34:41,266 INFO watchfiles.main: 1 change detected
2026-05-31 02:34:41,613 INFO watchfiles.main: 1 change detected
2026-05-31 02:34:41,980 INFO watchfiles.main: 1 change detected
2026-05-31 02:34:42,346 INFO watchfiles.main: 1 change detected
2026-05-31 02:34:42,716 INFO watchfiles.main: 1 change detected
2026-05-31 02:34:43,097 INFO watchfiles.main: 1 change detected
2026-05-31 02:34:43,460 INFO watchfiles.main: 1 change detected
2026-05-31 02:34:43,813 INFO watchfiles.main: 1 change detected
2026-05-31 02:34:44,179 INFO watchfiles.main: 1 change detected
2026-05-31 02:34:44,551 INFO watchfiles.main: 1 change detected
2026-05-31 02:34:44,916 INFO watchfiles.main: 1 change detected
2026-05-31 02:34:45,277 INFO watchfiles.main: 1 change detected
2026-05-31 02:34:45,647 INFO watchfiles.main: 1 change detected
2026-05-31 02:34:46,010 INFO watchfiles.main: 1 change detected
2026-05-31 02:34:46,362 INFO watchfiles.main: 1 change detected
2026-05-31 02:34:46,729 INFO watchfiles.main: 1 change detected
2026-05-31 02:34:47,096 INFO watchfiles.main: 1 change detected
2026-05-31 02:34:47,467 INFO watchfiles.main: 1 change detected
2026-05-31 02:34:47,828 INFO watchfiles.main: 1 change detected
2026-05-31 02:34:48,199 INFO watchfiles.main: 1 change detected
2026-05-31 02:34:48,568 INFO watchfiles.main: 1 change detected
2026-05-31 02:34:48,929 INFO watchfiles.main: 1 change detected
2026-05-31 02:34:49,302 INFO watchfiles.main: 1 change detected
2026-05-31 02:34:49,666 INFO watchfiles.main: 1 change detected
2026-05-31 02:34:50,048 INFO watchfiles.main: 1 change detected
2026-05-31 02:34:50,415 INFO watchfiles.main: 1 change detected
2026-05-31 02:34:50,778 INFO watchfiles.main: 1 change detected
2026-05-31 02:34:51,147 INFO watchfiles.main: 1 change detected
2026-05-31 02:34:51,514 INFO watchfiles.main: 1 change detected
2026-05-31 02:34:51,865 INFO watchfiles.main: 1 change detected
2026-05-31 02:34:52,227 INFO watchfiles.main: 1 change detected
2026-05-31 02:34:52,579 INFO watchfiles.main: 1 change detected
2026-05-31 02:34:52,944 INFO watchfiles.main: 1 change detected
2026-05-31 02:34:53,308 INFO watchfiles.main: 1 change detected
2026-05-31 02:34:53,661 INFO watchfiles.main: 1 change detected
2026-05-31 02:34:54,014 INFO watchfiles.main: 1 change detected
2026-05-31 02:34:54,378 INFO watchfiles.main: 1 change detected
2026-05-31 02:34:54,745 INFO watchfiles.main: 1 change detected
2026-05-31 02:34:55,151 INFO watchfiles.main: 1 change detected
2026-05-31 02:34:55,619 INFO watchfiles.main: 1 change detected
2026-05-31 02:34:56,010 INFO watchfiles.main: 1 change detected
2026-05-31 02:34:56,363 INFO watchfiles.main: 1 change detected
2026-05-31 02:34:56,728 INFO watchfiles.main: 1 change detected
2026-05-31 02:34:57,079 INFO watchfiles.main: 1 change detected
2026-05-31 02:34:57,445 INFO watchfiles.main: 1 change detected
2026-05-31 02:34:57,811 INFO watchfiles.main: 1 change detected
2026-05-31 02:34:58,177 INFO watchfiles.main: 1 change detected
2026-05-31 02:34:58,544 INFO watchfiles.main: 1 change detected
2026-05-31 02:34:58,895 INFO watchfiles.main: 1 change detected
2026-05-31 02:34:59,260 INFO watchfiles.main: 1 change detected
2026-05-31 02:34:59,628 INFO watchfiles.main: 1 change detected
2026-05-31 02:34:59,994 INFO watchfiles.main: 1 change detected
2026-05-31 02:35:00,364 INFO watchfiles.main: 1 change detected
2026-05-31 02:35:00,719 INFO watchfiles.main: 1 change detected
2026-05-31 02:35:01,085 INFO watchfiles.main: 1 change detected
2026-05-31 02:35:01,452 INFO watchfiles.main: 1 change detected
2026-05-31 02:35:01,833 INFO watchfiles.main: 1 change detected
2026-05-31 02:35:02,192 INFO watchfiles.main: 1 change detected
2026-05-31 02:35:02,560 INFO watchfiles.main: 1 change detected
2026-05-31 02:35:02,926 INFO watchfiles.main: 1 change detected
2026-05-31 02:35:03,296 INFO watchfiles.main: 1 change detected
2026-05-31 02:35:03,662 INFO watchfiles.main: 1 change detected
2026-05-31 02:35:04,025 INFO watchfiles.main: 1 change detected
2026-05-31 02:35:04,391 INFO watchfiles.main: 1 change detected
2026-05-31 02:35:04,742 INFO watchfiles.main: 1 change detected
2026-05-31 02:35:05,109 INFO watchfiles.main: 1 change detected
2026-05-31 02:35:05,478 INFO watchfiles.main: 1 change detected
2026-05-31 02:35:05,841 INFO watchfiles.main: 1 change detected
2026-05-31 02:35:06,207 INFO watchfiles.main: 1 change detected
2026-05-31 02:35:06,574 INFO watchfiles.main: 1 change detected
2026-05-31 02:35:06,927 INFO watchfiles.main: 1 change detected
2026-05-31 02:35:07,293 INFO watchfiles.main: 1 change detected
2026-05-31 02:35:07,659 INFO watchfiles.main: 1 change detected
2026-05-31 02:35:08,025 INFO watchfiles.main: 1 change detected
2026-05-31 02:35:08,380 INFO watchfiles.main: 1 change detected
2026-05-31 02:35:08,742 INFO watchfiles.main: 1 change detected
2026-05-31 02:35:09,107 INFO watchfiles.main: 1 change detected
2026-05-31 02:35:09,460 INFO watchfiles.main: 1 change detected
2026-05-31 02:35:09,811 INFO watchfiles.main: 1 change detected
2026-05-31 02:35:10,174 INFO watchfiles.main: 1 change detected
2026-05-31 02:35:10,541 INFO watchfiles.main: 1 change detected
2026-05-31 02:35:10,908 INFO watchfiles.main: 1 change detected
2026-05-31 02:35:11,277 INFO watchfiles.main: 1 change detected
2026-05-31 02:35:11,645 INFO watchfiles.main: 1 change detected
2026-05-31 02:35:12,008 INFO watchfiles.main: 1 change detected
2026-05-31 02:35:12,368 INFO watchfiles.main: 1 change detected
2026-05-31 02:35:12,727 INFO watchfiles.main: 1 change detected
2026-05-31 02:35:13,090 INFO watchfiles.main: 1 change detected
2026-05-31 02:35:13,450 INFO watchfiles.main: 1 change detected
2026-05-31 02:35:13,812 INFO watchfiles.main: 1 change detected
2026-05-31 02:35:14,170 INFO watchfiles.main: 1 change detected
2026-05-31 02:35:14,540 INFO watchfiles.main: 1 change detected
2026-05-31 02:35:14,906 INFO watchfiles.main: 1 change detected
2026-05-31 02:35:15,273 INFO watchfiles.main: 1 change detected
2026-05-31 02:35:15,640 INFO watchfiles.main: 1 change detected
2026-05-31 02:35:16,006 INFO watchfiles.main: 1 change detected
2026-05-31 02:35:16,373 INFO watchfiles.main: 1 change detected
2026-05-31 02:35:16,740 INFO watchfiles.main: 1 change detected
2026-05-31 02:35:17,107 INFO watchfiles.main: 1 change detected
2026-05-31 02:35:17,470 INFO watchfiles.main: 1 change detected
2026-05-31 02:35:17,826 INFO watchfiles.main: 1 change detected
2026-05-31 02:35:18,190 INFO watchfiles.main: 1 change detected
2026-05-31 02:35:18,557 INFO watchfiles.main: 1 change detected
2026-05-31 02:35:18,908 INFO watchfiles.main: 1 change detected
2026-05-31 02:35:19,273 INFO watchfiles.main: 1 change detected
2026-05-31 02:35:19,629 INFO watchfiles.main: 1 change detected
2026-05-31 02:35:24,086 INFO watchfiles.main: 1 change detected
2026-05-31 02:35:24,449 INFO watchfiles.main: 1 change detected
2026-05-31 02:35:24,833 INFO watchfiles.main: 1 change detected
2026-05-31 02:35:25,186 INFO watchfiles.main: 1 change detected
2026-05-31 02:35:25,554 INFO watchfiles.main: 1 change detected
2026-05-31 02:35:25,910 INFO watchfiles.main: 1 change detected
2026-05-31 02:35:26,262 INFO watchfiles.main: 1 change detected
2026-05-31 02:35:26,719 INFO watchfiles.main: 1 change detected
2026-05-31 02:35:27,078 INFO watchfiles.main: 1 change detected
2026-05-31 02:35:27,444 INFO watchfiles.main: 1 change detected
2026-05-31 02:35:27,803 INFO watchfiles.main: 1 change detected
2026-05-31 02:35:28,175 INFO watchfiles.main: 1 change detected
2026-05-31 02:35:28,545 INFO watchfiles.main: 1 change detected
2026-05-31 02:35:28,905 INFO watchfiles.main: 1 change detected
2026-05-31 02:35:29,271 INFO watchfiles.main: 1 change detected
2026-05-31 02:35:29,636 INFO watchfiles.main: 1 change detected
2026-05-31 02:35:30,004 INFO watchfiles.main: 1 change detected
2026-05-31 02:35:30,370 INFO watchfiles.main: 1 change detected
2026-05-31 02:35:30,737 INFO watchfiles.main: 1 change detected
2026-05-31 02:35:31,103 INFO watchfiles.main: 1 change detected
2026-05-31 02:35:31,474 INFO watchfiles.main: 1 change detected
2026-05-31 02:35:31,833 INFO watchfiles.main: 1 change detected
2026-05-31 02:35:32,185 INFO watchfiles.main: 1 change detected
2026-05-31 02:35:32,553 INFO watchfiles.main: 1 change detected
2026-05-31 02:35:32,924 INFO watchfiles.main: 1 change detected
2026-07-29 22:18:31,070 INFO src.api.main: Serving frontend build from C:\Users\DELL\Documents\Retail_traders\frontend\dist
2026-07-29 22:18:39,497 INFO src.api.main: Serving frontend build from C:\Users\DELL\Documents\Retail_traders\frontend\dist
2026-07-29 22:18:40,164 INFO src.api.main: Admin user already exists
2026-07-29 22:18:40,737 INFO src.api.main: Demo user already exists
2026-07-29 22:18:40,841 INFO watchfiles.main: 1 change detected
2026-07-29 22:18:41,238 INFO src.api.main: Database initialized and seeded
2026-07-29 22:18:41,302 INFO watchfiles.main: 3 changes detected
2026-07-29 22:18:48,859 INFO src.api.main: Model loaded in background from C:\Users\DELL\Documents\Retail_traders\backend\model.joblib
2026-07-29 22:19:05,680 INFO watchfiles.main: 1 change detected
2026-07-29 22:19:08,664 INFO watchfiles.main: 1 change detected
2026-07-29 22:19:16,497 INFO watchfiles.main: 5 changes detected
2026-07-29 22:19:16,864 INFO src.api.main: Serving frontend build from C:\Users\DELL\Documents\Retail_traders\frontend\dist
2026-07-29 22:19:17,685 INFO src.api.main: Admin user already exists
2026-07-29 22:19:18,186 INFO src.api.main: Demo user already exists
2026-07-29 22:19:18,265 INFO watchfiles.main: 1 change detected
2026-07-29 22:19:18,625 INFO watchfiles.main: 1 change detected
2026-07-29 22:19:18,946 INFO src.api.main: Database initialized and seeded
2026-07-29 22:19:19,005 INFO watchfiles.main: 2 changes detected
2026-07-29 22:19:19,691 INFO watchfiles.main: 1 change detected
2026-07-29 22:19:21,344 INFO src.api.main: Model loaded in background from C:\Users\DELL\Documents\Retail_traders\backend\model.joblib
2026-07-29 22:29:32,628 INFO watchfiles.main: 1 change detected
2026-07-29 22:29:34,294 INFO watchfiles.main: 1 change detected
2026-07-29 22:29:45,396 INFO watchfiles.main: 5 changes detected
2026-07-29 22:29:46,946 INFO src.api.main: Serving frontend build from C:\Users\DELL\Documents\Retail_traders\frontend\dist
2026-07-29 22:29:47,521 INFO src.api.main: Admin user already exists
2026-07-29 22:29:48,046 INFO src.api.main: Demo user already exists
2026-07-29 22:29:48,112 INFO watchfiles.main: 1 change detected
2026-07-29 22:29:48,468 INFO watchfiles.main: 2 changes detected
2026-07-29 22:29:48,525 INFO src.api.main: Database initialized and seeded
2026-07-29 22:29:48,830 INFO watchfiles.main: 1 change detected
2026-07-29 22:29:51,100 INFO watchfiles.main: 1 change detected
2026-07-29 22:29:51,336 INFO src.api.main: Model loaded in background from C:\Users\DELL\Documents\Retail_traders\backend\model.joblib
2026-07-29 22:30:03,334 INFO watchfiles.main: 1 change detected
2026-07-29 22:30:05,521 INFO watchfiles.main: 1 change detected
2026-07-29 22:30:12,879 INFO watchfiles.main: 5 changes detected
2026-07-29 22:30:13,405 INFO src.api.main: Serving frontend build from C:\Users\DELL\Documents\Retail_traders\frontend\dist
2026-07-29 22:30:13,962 INFO src.api.main: Admin user already exists
2026-07-29 22:30:14,442 INFO src.api.main: Demo user already exists
2026-07-29 22:30:14,503 INFO watchfiles.main: 1 change detected
2026-07-29 22:30:14,910 INFO watchfiles.main: 2 changes detected
2026-07-29 22:30:14,986 INFO src.api.main: Database initialized and seeded
2026-07-29 22:30:15,269 INFO watchfiles.main: 2 changes detected
2026-07-29 22:30:17,028 INFO src.api.main: Model loaded in background from C:\Users\DELL\Documents\Retail_traders\backend\model.joblib
2026-07-29 22:32:32,251 INFO watchfiles.main: 1 change detected
2026-07-29 22:33:33,193 INFO watchfiles.main: 1 change detected
2026-07-29 22:33:35,454 INFO watchfiles.main: 1 change detected
2026-07-29 22:33:36,725 INFO watchfiles.main: 1 change detected
2026-07-29 22:33:45,494 INFO watchfiles.main: 5 changes detected
2026-07-29 22:33:46,226 INFO src.api.main: Serving frontend build from C:\Users\DELL\Documents\Retail_traders\frontend\dist
2026-07-29 22:33:46,749 INFO src.api.main: Admin user already exists
2026-07-29 22:33:47,220 INFO src.api.main: Demo user already exists
2026-07-29 22:33:47,316 INFO watchfiles.main: 1 change detected
2026-07-29 22:33:47,668 INFO watchfiles.main: 2 changes detected
2026-07-29 22:33:47,701 INFO src.api.main: Database initialized and seeded
2026-07-29 22:33:48,031 INFO watchfiles.main: 1 change detected
2026-07-29 22:33:49,340 INFO src.api.main: Model loaded in background from C:\Users\DELL\Documents\Retail_traders\backend\model.joblib
2026-07-29 22:33:49,966 INFO watchfiles.main: 1 change detected
2026-07-29 22:42:37,023 INFO watchfiles.main: 2 changes detected
2026-07-29 22:42:37,387 INFO watchfiles.main: 1 change detected
2026-07-29 22:42:41,825 INFO watchfiles.main: 1 change detected
2026-07-29 22:55:25,264 INFO watchfiles.main: 3 changes detected
2026-07-29 22:55:27,514 INFO watchfiles.main: 2 changes detected
2026-07-29 22:55:27,874 INFO watchfiles.main: 1 change detected
2026-07-29 22:55:28,234 INFO watchfiles.main: 1 change detected
2026-07-29 22:55:28,590 INFO watchfiles.main: 1 change detected
2026-07-29 22:55:28,943 INFO watchfiles.main: 1 change detected
2026-07-29 22:55:29,294 INFO watchfiles.main: 1 change detected
2026-07-29 22:55:29,650 INFO watchfiles.main: 1 change detected
2026-07-29 22:55:30,011 INFO watchfiles.main: 1 change detected
2026-07-29 22:55:30,417 INFO watchfiles.main: 1 change detected
2026-07-29 22:55:30,835 INFO watchfiles.main: 1 change detected
2026-07-29 22:55:31,199 INFO watchfiles.main: 1 change detected
2026-07-29 22:55:31,616 INFO watchfiles.main: 1 change detected
2026-07-29 22:55:32,027 INFO watchfiles.main: 1 change detected
2026-07-29 22:55:32,380 INFO watchfiles.main: 1 change detected
2026-07-29 22:55:32,796 INFO watchfiles.main: 1 change detected
2026-07-29 22:55:33,204 INFO watchfiles.main: 1 change detected
2026-07-29 22:55:33,607 INFO watchfiles.main: 1 change detected
2026-07-29 22:55:34,009 INFO watchfiles.main: 1 change detected
2026-07-29 22:55:34,417 INFO watchfiles.main: 1 change detected
2026-07-29 22:55:34,819 INFO watchfiles.main: 1 change detected
2026-07-29 22:55:35,182 INFO watchfiles.main: 1 change detected
2026-07-29 22:55:35,595 INFO watchfiles.main: 1 change detected
2026-07-29 22:55:36,008 INFO watchfiles.main: 1 change detected
2026-07-29 22:55:36,409 INFO watchfiles.main: 1 change detected
2026-07-29 22:55:36,817 INFO watchfiles.main: 1 change detected
2026-07-29 22:55:37,181 INFO watchfiles.main: 1 change detected
2026-07-29 22:55:37,583 INFO watchfiles.main: 1 change detected
2026-07-29 22:55:37,993 INFO watchfiles.main: 1 change detected
2026-07-29 22:55:38,451 INFO watchfiles.main: 1 change detected
2026-07-29 22:55:38,871 INFO watchfiles.main: 1 change detected
2026-07-29 22:55:39,282 INFO watchfiles.main: 1 change detected
2026-07-29 22:55:39,697 INFO watchfiles.main: 1 change detected
2026-07-29 22:55:40,107 INFO watchfiles.main: 1 change detected
2026-07-29 22:55:40,471 INFO watchfiles.main: 1 change detected
2026-07-29 22:55:40,934 INFO watchfiles.main: 1 change detected
2026-07-29 22:55:41,290 INFO watchfiles.main: 1 change detected
2026-07-29 22:55:41,749 INFO watchfiles.main: 1 change detected
2026-07-29 22:55:42,113 INFO watchfiles.main: 1 change detected
2026-07-29 22:55:42,525 INFO watchfiles.main: 1 change detected
2026-07-29 22:55:42,929 INFO watchfiles.main: 1 change detected
2026-07-29 22:55:43,341 INFO watchfiles.main: 1 change detected
2026-07-29 22:55:43,746 INFO watchfiles.main: 1 change detected
2026-07-29 22:55:44,147 INFO watchfiles.main: 1 change detected
2026-07-29 22:55:44,513 INFO watchfiles.main: 1 change detected
2026-07-29 22:55:44,929 INFO watchfiles.main: 1 change detected
2026-07-29 22:55:45,342 INFO watchfiles.main: 1 change detected
2026-07-29 22:55:45,703 INFO watchfiles.main: 1 change detected
2026-07-29 22:55:46,117 INFO watchfiles.main: 1 change detected
2026-07-29 22:55:46,473 INFO watchfiles.main: 1 change detected
2026-07-29 22:55:46,881 INFO watchfiles.main: 1 change detected
2026-07-29 22:55:47,289 INFO watchfiles.main: 1 change detected
2026-07-29 22:55:47,698 INFO watchfiles.main: 1 change detected
2026-07-29 22:55:48,214 INFO watchfiles.main: 1 change detected
2026-07-29 22:55:48,679 INFO watchfiles.main: 1 change detected
2026-07-29 22:55:49,041 INFO watchfiles.main: 1 change detected
2026-07-29 22:55:49,397 INFO watchfiles.main: 1 change detected
2026-07-29 22:55:49,803 INFO watchfiles.main: 1 change detected
2026-07-29 22:55:50,265 INFO watchfiles.main: 1 change detected
2026-07-29 22:55:50,666 INFO watchfiles.main: 1 change detected
2026-07-29 22:55:51,073 INFO watchfiles.main: 1 change detected
2026-07-29 22:55:51,487 INFO watchfiles.main: 1 change detected
2026-07-29 22:55:51,959 INFO watchfiles.main: 1 change detected
2026-07-29 22:55:52,324 INFO watchfiles.main: 1 change detected
2026-07-29 22:55:52,734 INFO watchfiles.main: 1 change detected
2026-07-29 22:55:53,143 INFO watchfiles.main: 1 change detected
2026-07-29 22:55:53,558 INFO watchfiles.main: 1 change detected
2026-07-29 22:55:53,973 INFO watchfiles.main: 1 change detected
2026-07-29 22:55:54,384 INFO watchfiles.main: 1 change detected
2026-07-29 22:55:54,788 INFO watchfiles.main: 1 change detected
2026-07-29 22:55:55,192 INFO watchfiles.main: 1 change detected
2026-07-29 22:55:55,596 INFO watchfiles.main: 1 change detected
2026-07-29 22:55:56,012 INFO watchfiles.main: 1 change detected
2026-07-29 22:55:56,423 INFO watchfiles.main: 1 change detected
2026-07-29 22:55:56,832 INFO watchfiles.main: 1 change detected
2026-07-29 22:55:57,256 INFO watchfiles.main: 1 change detected
2026-07-29 22:55:57,658 INFO watchfiles.main: 1 change detected
2026-07-29 22:55:58,059 INFO watchfiles.main: 1 change detected
2026-07-29 22:55:58,443 INFO watchfiles.main: 1 change detected
2026-07-29 22:55:58,851 INFO watchfiles.main: 1 change detected
2026-07-29 22:55:59,257 INFO watchfiles.main: 1 change detected
2026-07-29 22:55:59,671 INFO watchfiles.main: 1 change detected
2026-07-29 22:56:00,085 INFO watchfiles.main: 1 change detected
2026-07-29 22:56:00,496 INFO watchfiles.main: 1 change detected
2026-07-29 22:56:00,904 INFO watchfiles.main: 1 change detected
2026-07-29 22:56:01,306 INFO watchfiles.main: 1 change detected
2026-07-29 22:56:01,714 INFO watchfiles.main: 1 change detected
2026-07-29 22:56:02,121 INFO watchfiles.main: 1 change detected
2026-07-29 22:56:02,539 INFO watchfiles.main: 1 change detected
2026-07-29 22:56:02,944 INFO watchfiles.main: 1 change detected
2026-07-29 22:56:03,353 INFO watchfiles.main: 1 change detected
2026-07-29 22:56:03,765 INFO watchfiles.main: 1 change detected
2026-07-29 22:56:04,169 INFO watchfiles.main: 1 change detected
2026-07-29 22:56:04,576 INFO watchfiles.main: 1 change detected
2026-07-29 22:56:04,979 INFO watchfiles.main: 1 change detected
2026-07-29 22:56:05,387 INFO watchfiles.main: 1 change detected
2026-07-29 22:56:05,747 INFO watchfiles.main: 1 change detected
2026-07-29 22:56:06,153 INFO watchfiles.main: 1 change detected
2026-07-29 22:56:06,554 INFO watchfiles.main: 1 change detected
2026-07-29 22:56:06,963 INFO watchfiles.main: 1 change detected
2026-07-29 22:56:07,373 INFO watchfiles.main: 1 change detected
2026-07-29 22:56:07,785 INFO watchfiles.main: 1 change detected
2026-07-29 22:56:08,199 INFO watchfiles.main: 1 change detected
2026-07-29 22:56:08,604 INFO watchfiles.main: 1 change detected
2026-07-29 22:56:09,021 INFO watchfiles.main: 1 change detected
2026-07-29 22:56:09,392 INFO watchfiles.main: 1 change detected
2026-07-29 22:56:09,803 INFO watchfiles.main: 1 change detected
2026-07-29 22:56:10,213 INFO watchfiles.main: 1 change detected
2026-07-29 22:56:10,671 INFO watchfiles.main: 1 change detected
2026-07-29 22:56:11,086 INFO watchfiles.main: 1 change detected
2026-07-29 22:56:11,488 INFO watchfiles.main: 1 change detected
2026-07-29 22:56:11,897 INFO watchfiles.main: 1 change detected
2026-07-29 22:56:12,301 INFO watchfiles.main: 1 change detected
2026-07-29 22:56:12,712 INFO watchfiles.main: 1 change detected
2026-07-29 22:56:13,120 INFO watchfiles.main: 1 change detected
2026-07-29 22:56:13,614 INFO watchfiles.main: 1 change detected
2026-07-29 22:56:14,020 INFO watchfiles.main: 1 change detected
2026-07-29 22:56:14,387 INFO watchfiles.main: 1 change detected
2026-07-29 22:56:14,852 INFO watchfiles.main: 1 change detected
2026-07-29 22:56:15,255 INFO watchfiles.main: 1 change detected
2026-07-29 22:56:15,708 INFO watchfiles.main: 1 change detected
2026-07-29 22:56:16,073 INFO watchfiles.main: 1 change detected
2026-07-29 22:56:16,480 INFO watchfiles.main: 1 change detected
2026-07-29 22:56:16,962 INFO watchfiles.main: 1 change detected
2026-07-29 22:56:17,420 INFO watchfiles.main: 1 change detected
2026-07-29 22:56:17,826 INFO watchfiles.main: 1 change detected
2026-07-29 22:56:18,240 INFO watchfiles.main: 1 change detected
2026-07-29 22:56:18,701 INFO watchfiles.main: 1 change detected
2026-07-29 22:56:19,116 INFO watchfiles.main: 1 change detected
2026-07-29 22:56:19,531 INFO watchfiles.main: 1 change detected
2026-07-29 22:56:19,934 INFO watchfiles.main: 1 change detected
2026-07-29 22:56:20,340 INFO watchfiles.main: 1 change detected
2026-07-29 22:56:21,457 INFO watchfiles.main: 1 change detected
2026-07-29 22:56:22,107 INFO watchfiles.main: 1 change detected
2026-07-29 22:56:22,545 INFO watchfiles.main: 1 change detected
2026-07-29 22:56:22,976 INFO watchfiles.main: 1 change detected
2026-07-29 22:56:23,431 INFO watchfiles.main: 1 change detected
2026-07-29 22:56:23,833 INFO watchfiles.main: 1 change detected
2026-07-29 22:56:24,239 INFO watchfiles.main: 1 change detected
2026-07-29 22:56:24,656 INFO watchfiles.main: 1 change detected
2026-07-29 22:56:25,064 INFO watchfiles.main: 1 change detected
2026-07-29 22:56:25,466 INFO watchfiles.main: 1 change detected
2026-07-29 22:56:25,922 INFO watchfiles.main: 1 change detected
2026-07-29 22:56:26,331 INFO watchfiles.main: 1 change detected
2026-07-29 22:56:26,745 INFO watchfiles.main: 1 change detected
2026-07-29 22:56:27,149 INFO watchfiles.main: 1 change detected
2026-07-29 22:56:27,569 INFO watchfiles.main: 1 change detected
2026-07-29 22:56:27,983 INFO watchfiles.main: 1 change detected
2026-07-29 22:56:28,394 INFO watchfiles.main: 1 change detected
2026-07-29 22:56:28,814 INFO watchfiles.main: 1 change detected
2026-07-29 22:56:29,221 INFO watchfiles.main: 1 change detected
2026-07-29 22:56:29,681 INFO watchfiles.main: 1 change detected
2026-07-29 22:56:30,086 INFO watchfiles.main: 1 change detected
2026-07-29 22:56:30,498 INFO watchfiles.main: 1 change detected
2026-07-29 22:56:30,905 INFO watchfiles.main: 1 change detected
2026-07-29 22:56:31,312 INFO watchfiles.main: 1 change detected
2026-07-29 22:56:31,715 INFO watchfiles.main: 1 change detected
2026-07-29 22:56:32,116 INFO watchfiles.main: 1 change detected
2026-07-29 22:56:32,525 INFO watchfiles.main: 1 change detected
2026-07-29 22:56:32,930 INFO watchfiles.main: 1 change detected
2026-07-29 22:56:33,298 INFO watchfiles.main: 1 change detected
2026-07-29 22:56:33,713 INFO watchfiles.main: 1 change detected
2026-07-29 22:56:34,115 INFO watchfiles.main: 1 change detected
2026-07-29 22:56:34,516 INFO watchfiles.main: 1 change detected
2026-07-29 22:56:34,922 INFO watchfiles.main: 1 change detected
2026-07-29 22:56:35,327 INFO watchfiles.main: 1 change detected
2026-07-29 22:56:35,729 INFO watchfiles.main: 1 change detected
2026-07-29 22:56:36,150 INFO watchfiles.main: 1 change detected
2026-07-29 22:56:36,562 INFO watchfiles.main: 1 change detected
2026-07-29 22:56:36,964 INFO watchfiles.main: 1 change detected
2026-07-29 22:56:37,380 INFO watchfiles.main: 1 change detected
2026-07-29 22:56:37,796 INFO watchfiles.main: 1 change detected
2026-07-29 22:56:38,217 INFO watchfiles.main: 1 change detected
2026-07-29 22:56:38,714 INFO watchfiles.main: 1 change detected
2026-07-29 22:56:39,119 INFO watchfiles.main: 1 change detected
2026-07-29 22:56:39,524 INFO watchfiles.main: 1 change detected
2026-07-29 22:56:39,930 INFO watchfiles.main: 1 change detected
2026-07-29 22:56:40,384 INFO watchfiles.main: 1 change detected
2026-07-29 22:56:40,796 INFO watchfiles.main: 1 change detected
2026-07-29 22:56:41,201 INFO watchfiles.main: 1 change detected
2026-07-29 22:56:41,616 INFO watchfiles.main: 1 change detected
2026-07-29 22:56:41,980 INFO watchfiles.main: 1 change detected
2026-07-29 22:56:42,493 INFO watchfiles.main: 1 change detected
2026-07-29 22:56:42,895 INFO watchfiles.main: 1 change detected
2026-07-29 22:56:43,308 INFO watchfiles.main: 1 change detected
2026-07-29 22:56:43,713 INFO watchfiles.main: 1 change detected
2026-07-29 22:56:44,118 INFO watchfiles.main: 1 change detected
2026-07-29 22:56:44,477 INFO watchfiles.main: 1 change detected
2026-07-29 22:56:44,885 INFO watchfiles.main: 1 change detected
2026-07-29 22:56:45,326 INFO watchfiles.main: 1 change detected
2026-07-29 22:56:45,842 INFO watchfiles.main: 1 change detected
2026-07-29 22:56:46,300 INFO watchfiles.main: 1 change detected
2026-07-29 22:56:46,713 INFO watchfiles.main: 1 change detected
2026-07-29 22:56:47,168 INFO watchfiles.main: 1 change detected
2026-07-29 22:56:47,578 INFO watchfiles.main: 1 change detected
2026-07-29 22:56:47,938 INFO watchfiles.main: 3 changes detected
2026-07-29 22:56:48,289 INFO watchfiles.main: 1 change detected
2026-07-29 22:56:48,649 INFO watchfiles.main: 1 change detected
2026-07-29 22:56:49,010 INFO watchfiles.main: 1 change detected
2026-07-29 22:56:49,418 INFO watchfiles.main: 1 change detected
2026-07-29 22:56:49,784 INFO watchfiles.main: 1 change detected
2026-07-29 22:56:50,245 INFO watchfiles.main: 1 change detected
2026-07-29 22:56:50,650 INFO watchfiles.main: 1 change detected
2026-07-29 22:56:51,066 INFO watchfiles.main: 1 change detected
2026-07-29 22:56:51,482 INFO watchfiles.main: 1 change detected
2026-07-29 22:56:51,849 INFO watchfiles.main: 1 change detected
2026-07-29 22:56:52,303 INFO watchfiles.main: 1 change detected
2026-07-29 22:56:52,666 INFO watchfiles.main: 1 change detected
2026-07-29 22:56:53,082 INFO watchfiles.main: 1 change detected
2026-07-29 22:56:53,489 INFO watchfiles.main: 1 change detected
2026-07-29 22:56:53,900 INFO watchfiles.main: 1 change detected
2026-07-29 22:56:54,311 INFO watchfiles.main: 1 change detected
2026-07-29 22:56:54,767 INFO watchfiles.main: 1 change detected
2026-07-29 22:56:55,180 INFO watchfiles.main: 1 change detected
2026-07-29 22:56:55,584 INFO watchfiles.main: 1 change detected
2026-07-29 22:56:55,948 INFO watchfiles.main: 1 change detected
2026-07-29 22:56:56,306 INFO watchfiles.main: 2 changes detected
2026-07-29 22:56:56,660 INFO watchfiles.main: 1 change detected
2026-07-29 22:56:57,015 INFO watchfiles.main: 1 change detected
2026-07-29 22:56:57,378 INFO watchfiles.main: 1 change detected
2026-07-29 22:56:57,741 INFO watchfiles.main: 1 change detected
2026-07-29 22:56:58,092 INFO watchfiles.main: 1 change detected
2026-07-29 22:56:58,451 INFO watchfiles.main: 1 change detected
2026-07-29 22:56:58,808 INFO watchfiles.main: 1 change detected
2026-07-29 22:56:59,210 INFO watchfiles.main: 1 change detected
2026-07-29 22:56:59,614 INFO watchfiles.main: 1 change detected
2026-07-29 22:56:59,974 INFO watchfiles.main: 1 change detected
2026-07-29 22:57:00,390 INFO watchfiles.main: 1 change detected
2026-07-29 22:57:00,792 INFO watchfiles.main: 1 change detected
2026-07-29 22:57:01,257 INFO watchfiles.main: 1 change detected
2026-07-29 22:57:01,665 INFO watchfiles.main: 1 change detected
2026-07-29 22:57:02,081 INFO watchfiles.main: 1 change detected
2026-07-29 22:57:02,497 INFO watchfiles.main: 1 change detected
2026-07-29 22:57:02,863 INFO watchfiles.main: 1 change detected
2026-07-29 22:57:03,266 INFO watchfiles.main: 1 change detected
2026-07-29 22:57:03,682 INFO watchfiles.main: 1 change detected
2026-07-29 22:57:04,084 INFO watchfiles.main: 1 change detected
2026-07-29 22:57:04,441 INFO watchfiles.main: 1 change detected
2026-07-29 22:57:04,853 INFO watchfiles.main: 1 change detected
2026-07-29 22:57:05,257 INFO watchfiles.main: 1 change detected
2026-07-29 22:57:05,617 INFO watchfiles.main: 1 change detected
2026-07-29 22:57:05,970 INFO watchfiles.main: 1 change detected
2026-07-29 22:57:06,331 INFO watchfiles.main: 1 change detected
2026-07-29 22:57:06,685 INFO watchfiles.main: 1 change detected
2026-07-29 22:57:07,098 INFO watchfiles.main: 1 change detected
2026-07-29 22:57:07,503 INFO watchfiles.main: 1 change detected
2026-07-29 22:57:07,914 INFO watchfiles.main: 1 change detected
2026-07-29 22:57:08,317 INFO watchfiles.main: 1 change detected
2026-07-29 22:57:08,726 INFO watchfiles.main: 1 change detected
2026-07-29 22:57:09,140 INFO watchfiles.main: 1 change detected
2026-07-29 22:57:09,546 INFO watchfiles.main: 1 change detected
2026-07-29 22:57:09,953 INFO watchfiles.main: 1 change detected
2026-07-29 22:57:10,356 INFO watchfiles.main: 1 change detected
2026-07-29 22:57:10,772 INFO watchfiles.main: 1 change detected
2026-07-29 22:57:11,182 INFO watchfiles.main: 1 change detected
2026-07-29 22:57:11,545 INFO watchfiles.main: 1 change detected
2026-07-29 22:57:11,947 INFO watchfiles.main: 1 change detected
2026-07-29 22:57:12,362 INFO watchfiles.main: 1 change detected
2026-07-29 22:57:12,767 INFO watchfiles.main: 1 change detected
2026-07-29 22:57:13,178 INFO watchfiles.main: 1 change detected
2026-07-29 22:57:13,595 INFO watchfiles.main: 1 change detected
2026-07-29 22:57:13,997 INFO watchfiles.main: 1 change detected
2026-07-29 22:57:14,404 INFO watchfiles.main: 1 change detected
2026-07-29 22:57:14,811 INFO watchfiles.main: 1 change detected
2026-07-29 22:57:15,220 INFO watchfiles.main: 1 change detected
2026-07-29 22:57:15,621 INFO watchfiles.main: 1 change detected
2026-07-29 22:57:16,036 INFO watchfiles.main: 1 change detected
2026-07-29 22:57:16,397 INFO watchfiles.main: 1 change detected
2026-07-29 22:57:16,804 INFO watchfiles.main: 1 change detected
2026-07-29 22:57:17,207 INFO watchfiles.main: 1 change detected
2026-07-29 22:57:17,619 INFO watchfiles.main: 1 change detected
2026-07-29 22:57:18,034 INFO watchfiles.main: 1 change detected
2026-07-29 22:57:18,394 INFO watchfiles.main: 1 change detected
2026-07-29 22:57:18,862 INFO watchfiles.main: 1 change detected
2026-07-29 22:57:19,271 INFO watchfiles.main: 1 change detected
2026-07-29 22:57:19,692 INFO watchfiles.main: 1 change detected
2026-07-29 22:57:20,103 INFO watchfiles.main: 1 change detected
2026-07-29 22:57:20,511 INFO watchfiles.main: 1 change detected
2026-07-29 22:57:20,873 INFO watchfiles.main: 1 change detected
2026-07-29 22:57:21,278 INFO watchfiles.main: 1 change detected
2026-07-29 22:57:21,684 INFO watchfiles.main: 1 change detected
2026-07-29 22:57:22,089 INFO watchfiles.main: 1 change detected
2026-07-29 22:57:22,501 INFO watchfiles.main: 1 change detected
2026-07-29 22:57:22,954 INFO watchfiles.main: 1 change detected
2026-07-29 22:57:23,370 INFO watchfiles.main: 1 change detected
2026-07-29 22:57:23,788 INFO watchfiles.main: 1 change detected
2026-07-29 22:57:24,202 INFO watchfiles.main: 1 change detected
2026-07-29 22:57:24,605 INFO watchfiles.main: 1 change detected
2026-07-29 22:57:25,017 INFO watchfiles.main: 1 change detected
2026-07-29 22:57:25,430 INFO watchfiles.main: 1 change detected
2026-07-29 22:57:25,839 INFO watchfiles.main: 1 change detected
2026-07-29 22:57:26,290 INFO watchfiles.main: 1 change detected
2026-07-29 22:57:26,943 INFO watchfiles.main: 1 change detected
2026-07-29 22:57:27,394 INFO watchfiles.main: 1 change detected
2026-07-29 22:57:27,807 INFO watchfiles.main: 1 change detected
2026-07-29 22:57:28,265 INFO watchfiles.main: 1 change detected
2026-07-29 22:57:28,675 INFO watchfiles.main: 1 change detected
2026-07-29 22:57:29,082 INFO watchfiles.main: 1 change detected
2026-07-29 22:57:29,486 INFO watchfiles.main: 1 change detected
2026-07-29 22:57:29,849 INFO watchfiles.main: 1 change detected
2026-07-29 22:57:30,310 INFO watchfiles.main: 1 change detected
2026-07-29 22:57:30,718 INFO watchfiles.main: 1 change detected
2026-07-29 22:57:31,126 INFO watchfiles.main: 1 change detected
2026-07-29 22:57:31,491 INFO watchfiles.main: 1 change detected
2026-07-29 22:57:31,902 INFO watchfiles.main: 1 change detected
2026-07-29 22:57:32,363 INFO watchfiles.main: 1 change detected
2026-07-29 22:57:32,768 INFO watchfiles.main: 1 change detected
2026-07-29 22:57:33,189 INFO watchfiles.main: 1 change detected
2026-07-29 22:57:33,541 INFO watchfiles.main: 1 change detected
2026-07-29 22:57:33,945 INFO watchfiles.main: 1 change detected
2026-07-29 22:57:34,402 INFO watchfiles.main: 1 change detected
2026-07-29 22:57:34,804 INFO watchfiles.main: 1 change detected
2026-07-29 22:57:35,267 INFO watchfiles.main: 1 change detected
2026-07-29 22:57:35,674 INFO watchfiles.main: 1 change detected
2026-07-29 22:57:36,034 INFO watchfiles.main: 1 change detected
2026-07-29 22:57:36,449 INFO watchfiles.main: 1 change detected
2026-07-29 22:57:36,851 INFO watchfiles.main: 1 change detected
2026-07-29 22:57:37,261 INFO watchfiles.main: 1 change detected
2026-07-29 22:57:37,754 INFO watchfiles.main: 1 change detected
2026-07-29 22:57:38,114 INFO watchfiles.main: 1 change detected
2026-07-29 22:57:38,478 INFO watchfiles.main: 1 change detected
2026-07-29 22:57:38,882 INFO watchfiles.main: 1 change detected
2026-07-29 22:57:39,294 INFO watchfiles.main: 1 change detected
2026-07-29 22:57:39,761 INFO watchfiles.main: 1 change detected
2026-07-29 22:57:40,166 INFO watchfiles.main: 1 change detected
2026-07-29 22:57:40,579 INFO watchfiles.main: 1 change detected
2026-07-29 22:57:40,983 INFO watchfiles.main: 1 change detected
2026-07-29 22:57:41,390 INFO watchfiles.main: 1 change detected
2026-07-29 22:57:41,797 INFO watchfiles.main: 1 change detected
2026-07-29 22:57:42,260 INFO watchfiles.main: 1 change detected
2026-07-29 22:57:42,677 INFO watchfiles.main: 1 change detected
2026-07-29 22:57:43,133 INFO watchfiles.main: 1 change detected
2026-07-29 22:57:43,551 INFO watchfiles.main: 1 change detected
2026-07-29 22:57:43,966 INFO watchfiles.main: 1 change detected
2026-07-29 22:57:44,368 INFO watchfiles.main: 1 change detected
2026-07-29 22:57:44,784 INFO watchfiles.main: 1 change detected
2026-07-29 22:57:45,200 INFO watchfiles.main: 1 change detected
2026-07-29 22:57:45,567 INFO watchfiles.main: 1 change detected
2026-07-29 22:57:46,034 INFO watchfiles.main: 1 change detected
2026-07-29 22:57:46,401 INFO watchfiles.main: 1 change detected
2026-07-29 22:57:46,866 INFO watchfiles.main: 1 change detected
2026-07-29 22:57:47,235 INFO watchfiles.main: 1 change detected
2026-07-29 22:57:47,700 INFO watchfiles.main: 1 change detected
2026-07-29 22:57:48,068 INFO watchfiles.main: 1 change detected
2026-07-29 22:57:48,484 INFO watchfiles.main: 1 change detected
2026-07-29 22:57:48,900 INFO watchfiles.main: 1 change detected
2026-07-29 22:57:49,320 INFO watchfiles.main: 1 change detected
2026-07-29 22:57:49,735 INFO watchfiles.main: 1 change detected
2026-07-29 22:57:50,147 INFO watchfiles.main: 1 change detected
2026-07-29 22:57:50,551 INFO watchfiles.main: 1 change detected
2026-07-29 22:57:50,966 INFO watchfiles.main: 1 change detected
2026-07-29 22:57:51,382 INFO watchfiles.main: 1 change detected
2026-07-29 22:57:51,850 INFO watchfiles.main: 1 change detected
2026-07-29 22:57:52,265 INFO watchfiles.main: 1 change detected
2026-07-29 22:57:52,681 INFO watchfiles.main: 1 change detected
2026-07-29 22:57:53,133 INFO watchfiles.main: 1 change detected
2026-07-29 22:57:53,493 INFO watchfiles.main: 1 change detected
2026-07-29 22:57:53,899 INFO watchfiles.main: 1 change detected
2026-07-29 22:57:54,315 INFO watchfiles.main: 1 change detected
2026-07-29 22:57:54,725 INFO watchfiles.main: 1 change detected
2026-07-29 22:57:55,129 INFO watchfiles.main: 1 change detected
2026-07-29 22:57:55,544 INFO watchfiles.main: 1 change detected
2026-07-29 22:57:55,949 INFO watchfiles.main: 1 change detected
2026-07-29 22:57:56,360 INFO watchfiles.main: 1 change detected
2026-07-29 22:57:56,762 INFO watchfiles.main: 1 change detected
2026-07-29 22:57:57,171 INFO watchfiles.main: 1 change detected
2026-07-29 22:57:57,586 INFO watchfiles.main: 1 change detected
2026-07-29 22:57:58,001 INFO watchfiles.main: 1 change detected
2026-07-29 22:57:58,405 INFO watchfiles.main: 1 change detected
2026-07-29 22:57:58,812 INFO watchfiles.main: 1 change detected
2026-07-29 22:57:59,230 INFO watchfiles.main: 1 change detected
2026-07-29 22:57:59,673 INFO watchfiles.main: 1 change detected
2026-07-29 22:58:00,149 INFO watchfiles.main: 1 change detected
2026-07-29 22:58:00,564 INFO watchfiles.main: 1 change detected
2026-07-29 22:58:00,984 INFO watchfiles.main: 1 change detected
2026-07-29 22:58:01,412 INFO watchfiles.main: 1 change detected
2026-07-29 22:58:01,816 INFO watchfiles.main: 1 change detected
2026-07-29 22:58:02,170 INFO watchfiles.main: 1 change detected
2026-07-29 22:58:02,630 INFO watchfiles.main: 1 change detected
2026-07-29 22:58:03,049 INFO watchfiles.main: 1 change detected
2026-07-29 22:58:03,452 INFO watchfiles.main: 1 change detected
2026-07-29 22:58:03,862 INFO watchfiles.main: 1 change detected
2026-07-29 22:58:04,251 INFO watchfiles.main: 1 change detected
2026-07-29 22:58:04,669 INFO watchfiles.main: 1 change detected
2026-07-29 22:58:05,080 INFO watchfiles.main: 1 change detected
2026-07-29 22:58:05,486 INFO watchfiles.main: 1 change detected
2026-07-29 22:58:05,902 INFO watchfiles.main: 1 change detected
2026-07-29 22:58:06,362 INFO watchfiles.main: 1 change detected
2026-07-29 22:58:06,779 INFO watchfiles.main: 1 change detected
2026-07-29 22:58:07,197 INFO watchfiles.main: 1 change detected
2026-07-29 22:58:07,603 INFO watchfiles.main: 1 change detected
2026-07-29 22:58:08,010 INFO watchfiles.main: 1 change detected
2026-07-29 22:58:08,426 INFO watchfiles.main: 1 change detected
2026-07-29 22:58:08,839 INFO watchfiles.main: 1 change detected
2026-07-29 22:58:09,249 INFO watchfiles.main: 1 change detected
2026-07-29 22:58:09,662 INFO watchfiles.main: 1 change detected
2026-07-29 22:58:10,071 INFO watchfiles.main: 1 change detected
2026-07-29 22:58:10,437 INFO watchfiles.main: 1 change detected
2026-07-29 22:58:10,853 INFO watchfiles.main: 1 change detected
2026-07-29 22:58:11,267 INFO watchfiles.main: 1 change detected
2026-07-29 22:58:11,633 INFO watchfiles.main: 1 change detected
2026-07-29 22:58:12,034 INFO watchfiles.main: 1 change detected
2026-07-29 22:58:12,444 INFO watchfiles.main: 1 change detected
2026-07-29 22:58:12,846 INFO watchfiles.main: 1 change detected
2026-07-29 22:58:13,264 INFO watchfiles.main: 1 change detected
2026-07-29 22:58:13,681 INFO watchfiles.main: 1 change detected
2026-07-29 22:58:14,094 INFO watchfiles.main: 1 change detected
2026-07-29 22:58:14,501 INFO watchfiles.main: 1 change detected
2026-07-29 22:58:14,912 INFO watchfiles.main: 1 change detected
2026-07-29 22:58:15,277 INFO watchfiles.main: 1 change detected
2026-07-29 22:58:15,695 INFO watchfiles.main: 1 change detected
2026-07-29 22:58:16,109 INFO watchfiles.main: 1 change detected
2026-07-29 22:58:16,563 INFO watchfiles.main: 1 change detected
2026-07-29 22:58:16,975 INFO watchfiles.main: 1 change detected
2026-07-29 22:58:17,370 INFO watchfiles.main: 1 change detected
2026-07-29 22:58:17,787 INFO watchfiles.main: 1 change detected
2026-07-29 22:58:18,193 INFO watchfiles.main: 1 change detected
2026-07-29 22:58:18,636 INFO watchfiles.main: 1 change detected
2026-07-29 22:58:19,046 INFO watchfiles.main: 1 change detected
2026-07-29 22:58:19,474 INFO watchfiles.main: 1 change detected
2026-07-29 22:58:19,939 INFO watchfiles.main: 1 change detected
2026-07-29 22:58:20,366 INFO watchfiles.main: 1 change detected
2026-07-29 22:58:20,828 INFO watchfiles.main: 1 change detected
2026-07-29 22:58:21,279 INFO watchfiles.main: 1 change detected
2026-07-29 22:58:21,683 INFO watchfiles.main: 1 change detected
2026-07-29 22:58:22,094 INFO watchfiles.main: 1 change detected
2026-07-29 22:58:22,462 INFO watchfiles.main: 1 change detected
2026-07-29 22:58:22,878 INFO watchfiles.main: 1 change detected
2026-07-29 22:58:23,291 INFO watchfiles.main: 1 change detected
2026-07-29 22:58:23,699 INFO watchfiles.main: 1 change detected
2026-07-29 22:58:24,052 INFO watchfiles.main: 1 change detected
2026-07-29 22:58:24,510 INFO watchfiles.main: 1 change detected
2026-07-29 22:58:24,914 INFO watchfiles.main: 1 change detected
2026-07-29 22:58:25,281 INFO watchfiles.main: 1 change detected
2026-07-29 22:58:25,695 INFO watchfiles.main: 1 change detected
2026-07-29 22:58:26,108 INFO watchfiles.main: 1 change detected
2026-07-29 22:58:26,562 INFO watchfiles.main: 1 change detected
2026-07-29 22:58:26,978 INFO watchfiles.main: 1 change detected
2026-07-29 22:58:27,380 INFO watchfiles.main: 1 change detected
2026-07-29 22:58:27,790 INFO watchfiles.main: 1 change detected
2026-07-29 22:58:28,197 INFO watchfiles.main: 1 change detected
2026-07-29 22:58:28,555 INFO watchfiles.main: 1 change detected
2026-07-29 22:58:28,971 INFO watchfiles.main: 1 change detected
2026-07-29 22:58:29,374 INFO watchfiles.main: 1 change detected
2026-07-29 22:58:29,789 INFO watchfiles.main: 1 change detected
2026-07-29 22:58:30,195 INFO watchfiles.main: 1 change detected
2026-07-29 22:58:30,600 INFO watchfiles.main: 1 change detected
2026-07-29 22:58:31,001 INFO watchfiles.main: 1 change detected
2026-07-29 22:58:31,414 INFO watchfiles.main: 1 change detected
2026-07-29 22:58:31,822 INFO watchfiles.main: 1 change detected
2026-07-29 22:58:32,240 INFO watchfiles.main: 1 change detected
2026-07-29 22:58:32,647 INFO watchfiles.main: 1 change detected
2026-07-29 22:58:33,063 INFO watchfiles.main: 1 change detected
2026-07-29 22:58:33,448 INFO watchfiles.main: 1 change detected
2026-07-29 22:58:33,856 INFO watchfiles.main: 1 change detected
2026-07-29 22:58:34,270 INFO watchfiles.main: 1 change detected
2026-07-29 22:58:34,674 INFO watchfiles.main: 1 change detected
2026-07-29 22:58:35,080 INFO watchfiles.main: 1 change detected
2026-07-29 22:58:35,486 INFO watchfiles.main: 1 change detected
2026-07-29 22:58:35,889 INFO watchfiles.main: 1 change detected
2026-07-29 22:58:36,305 INFO watchfiles.main: 1 change detected
2026-07-29 22:58:36,714 INFO watchfiles.main: 1 change detected
2026-07-29 22:58:37,129 INFO watchfiles.main: 1 change detected
2026-07-29 22:58:37,531 INFO watchfiles.main: 1 change detected
2026-07-29 22:58:37,939 INFO watchfiles.main: 1 change detected
2026-07-29 22:58:38,345 INFO watchfiles.main: 1 change detected
2026-07-29 22:58:38,760 INFO watchfiles.main: 1 change detected
2026-07-29 22:58:39,164 INFO watchfiles.main: 1 change detected
2026-07-29 22:58:39,573 INFO watchfiles.main: 1 change detected
2026-07-29 22:58:39,976 INFO watchfiles.main: 1 change detected
2026-07-29 22:58:40,379 INFO watchfiles.main: 1 change detected
2026-07-29 22:58:40,790 INFO watchfiles.main: 1 change detected
2026-07-29 22:58:41,205 INFO watchfiles.main: 1 change detected
2026-07-29 22:58:41,609 INFO watchfiles.main: 1 change detected
2026-07-29 22:58:42,037 INFO watchfiles.main: 1 change detected
2026-07-29 22:58:42,452 INFO watchfiles.main: 1 change detected
2026-07-29 22:58:42,835 INFO watchfiles.main: 1 change detected
2026-07-29 22:58:43,221 INFO watchfiles.main: 1 change detected
2026-07-29 22:58:43,675 INFO watchfiles.main: 1 change detected
2026-07-29 22:58:44,027 INFO watchfiles.main: 1 change detected
2026-07-29 22:58:44,439 INFO watchfiles.main: 1 change detected
2026-07-29 22:58:44,855 INFO watchfiles.main: 1 change detected
2026-07-29 22:58:45,272 INFO watchfiles.main: 1 change detected
2026-07-29 22:58:45,689 INFO watchfiles.main: 1 change detected
2026-07-29 22:58:46,091 INFO watchfiles.main: 1 change detected
2026-07-29 22:58:46,501 INFO watchfiles.main: 1 change detected
2026-07-29 22:58:46,903 INFO watchfiles.main: 1 change detected
2026-07-29 22:58:47,317 INFO watchfiles.main: 1 change detected
2026-07-29 22:58:47,720 INFO watchfiles.main: 1 change detected
2026-07-29 22:58:48,126 INFO watchfiles.main: 1 change detected
2026-07-29 22:58:48,540 INFO watchfiles.main: 1 change detected
2026-07-29 22:58:48,944 INFO watchfiles.main: 1 change detected
2026-07-29 22:58:49,361 INFO watchfiles.main: 1 change detected
2026-07-29 22:58:49,766 INFO watchfiles.main: 1 change detected
2026-07-29 22:58:50,172 INFO watchfiles.main: 1 change detected
2026-07-29 22:58:50,574 INFO watchfiles.main: 1 change detected
2026-07-29 22:58:51,036 INFO watchfiles.main: 1 change detected
2026-07-29 22:58:51,452 INFO watchfiles.main: 1 change detected
2026-07-29 22:58:51,859 INFO watchfiles.main: 1 change detected
2026-07-29 22:58:52,269 INFO watchfiles.main: 1 change detected
2026-07-29 22:58:52,635 INFO watchfiles.main: 1 change detected
2026-07-29 22:58:53,048 INFO watchfiles.main: 1 change detected
2026-07-29 22:58:53,459 INFO watchfiles.main: 1 change detected
2026-07-29 22:58:53,875 INFO watchfiles.main: 1 change detected
2026-07-29 22:58:54,279 INFO watchfiles.main: 1 change detected
2026-07-29 22:58:54,691 INFO watchfiles.main: 1 change detected
2026-07-29 22:58:55,057 INFO watchfiles.main: 1 change detected
2026-07-29 22:58:55,459 INFO watchfiles.main: 1 change detected
2026-07-29 22:58:55,865 INFO watchfiles.main: 1 change detected
2026-07-29 22:58:56,276 INFO watchfiles.main: 1 change detected
2026-07-29 22:58:56,691 INFO watchfiles.main: 1 change detected
2026-07-29 22:58:57,107 INFO watchfiles.main: 1 change detected
2026-07-29 22:58:57,473 INFO watchfiles.main: 1 change detected
2026-07-29 22:58:57,879 INFO watchfiles.main: 1 change detected
2026-07-29 22:58:58,286 INFO watchfiles.main: 1 change detected
2026-07-29 22:58:58,697 INFO watchfiles.main: 1 change detected
2026-07-29 22:58:59,100 INFO watchfiles.main: 1 change detected
2026-07-29 22:58:59,518 INFO watchfiles.main: 1 change detected
2026-07-29 22:58:59,933 INFO watchfiles.main: 1 change detected
2026-07-29 22:59:00,350 INFO watchfiles.main: 1 change detected
2026-07-29 22:59:00,757 INFO watchfiles.main: 1 change detected
2026-07-29 22:59:01,163 INFO watchfiles.main: 1 change detected
2026-07-29 22:59:01,565 INFO watchfiles.main: 1 change detected
2026-07-29 22:59:01,967 INFO watchfiles.main: 1 change detected
2026-07-29 22:59:02,374 INFO watchfiles.main: 1 change detected
2026-07-29 22:59:02,739 INFO watchfiles.main: 1 change detected
2026-07-29 22:59:03,142 INFO watchfiles.main: 1 change detected
2026-07-29 22:59:03,601 INFO watchfiles.main: 1 change detected
2026-07-29 22:59:04,011 INFO watchfiles.main: 1 change detected
2026-07-29 22:59:04,366 INFO watchfiles.main: 1 change detected
2026-07-29 22:59:04,782 INFO watchfiles.main: 1 change detected
2026-07-29 22:59:05,186 INFO watchfiles.main: 1 change detected
2026-07-29 22:59:05,600 INFO watchfiles.main: 1 change detected
2026-07-29 22:59:06,016 INFO watchfiles.main: 1 change detected
2026-07-29 22:59:06,423 INFO watchfiles.main: 1 change detected
2026-07-29 22:59:06,825 INFO watchfiles.main: 1 change detected
2026-07-29 22:59:07,233 INFO watchfiles.main: 1 change detected
2026-07-29 22:59:07,636 INFO watchfiles.main: 1 change detected
2026-07-29 22:59:08,051 INFO watchfiles.main: 1 change detected
2026-07-29 22:59:08,463 INFO watchfiles.main: 1 change detected
2026-07-29 22:59:08,872 INFO watchfiles.main: 1 change detected
2026-07-29 22:59:09,332 INFO watchfiles.main: 1 change detected
2026-07-29 22:59:09,701 INFO watchfiles.main: 1 change detected
2026-07-29 22:59:10,117 INFO watchfiles.main: 1 change detected
2026-07-29 22:59:10,534 INFO watchfiles.main: 1 change detected
2026-07-29 22:59:10,960 INFO watchfiles.main: 1 change detected
2026-07-29 22:59:11,364 INFO watchfiles.main: 1 change detected
2026-07-29 22:59:11,789 INFO watchfiles.main: 1 change detected
2026-07-29 22:59:12,221 INFO watchfiles.main: 1 change detected
2026-07-29 22:59:12,637 INFO watchfiles.main: 1 change detected
2026-07-29 22:59:13,002 INFO watchfiles.main: 1 change detected
2026-07-29 22:59:13,422 INFO watchfiles.main: 1 change detected
2026-07-29 22:59:13,837 INFO watchfiles.main: 1 change detected
2026-07-29 22:59:14,254 INFO watchfiles.main: 1 change detected
2026-07-29 22:59:14,620 INFO watchfiles.main: 1 change detected
2026-07-29 22:59:15,024 INFO watchfiles.main: 1 change detected
2026-07-29 22:59:15,434 INFO watchfiles.main: 1 change detected
2026-07-29 22:59:15,843 INFO watchfiles.main: 1 change detected
2026-07-29 22:59:16,247 INFO watchfiles.main: 1 change detected
2026-07-29 22:59:16,654 INFO watchfiles.main: 1 change detected
2026-07-29 22:59:17,071 INFO watchfiles.main: 1 change detected
2026-07-29 22:59:17,483 INFO watchfiles.main: 1 change detected
2026-07-29 22:59:17,949 INFO watchfiles.main: 1 change detected
2026-07-29 22:59:18,366 INFO watchfiles.main: 1 change detected
2026-07-29 22:59:18,770 INFO watchfiles.main: 1 change detected
2026-07-29 22:59:19,135 INFO watchfiles.main: 1 change detected
2026-07-29 22:59:19,545 INFO watchfiles.main: 1 change detected
2026-07-29 22:59:19,997 INFO watchfiles.main: 1 change detected
2026-07-29 22:59:20,361 INFO watchfiles.main: 1 change detected
2026-07-29 22:59:20,821 INFO watchfiles.main: 1 change detected
2026-07-29 22:59:21,184 INFO watchfiles.main: 1 change detected
2026-07-29 22:59:21,589 INFO watchfiles.main: 1 change detected
2026-07-29 22:59:21,996 INFO watchfiles.main: 1 change detected
2026-07-29 22:59:22,410 INFO watchfiles.main: 1 change detected
2026-07-29 22:59:22,812 INFO watchfiles.main: 1 change detected
2026-07-29 22:59:23,216 INFO watchfiles.main: 1 change detected
2026-07-29 22:59:23,621 INFO watchfiles.main: 1 change detected
2026-07-29 22:59:24,029 INFO watchfiles.main: 1 change detected
2026-07-29 22:59:24,434 INFO watchfiles.main: 1 change detected
2026-07-29 22:59:24,846 INFO watchfiles.main: 1 change detected
2026-07-29 22:59:25,256 INFO watchfiles.main: 1 change detected
2026-07-29 22:59:25,665 INFO watchfiles.main: 1 change detected
2026-07-29 22:59:26,079 INFO watchfiles.main: 1 change detected
2026-07-29 22:59:26,493 INFO watchfiles.main: 1 change detected
2026-07-29 22:59:26,894 INFO watchfiles.main: 1 change detected
2026-07-29 22:59:27,300 INFO watchfiles.main: 1 change detected
2026-07-29 22:59:27,712 INFO watchfiles.main: 1 change detected
2026-07-29 22:59:28,122 INFO watchfiles.main: 1 change detected
2026-07-29 22:59:28,527 INFO watchfiles.main: 1 change detected
2026-07-29 22:59:28,929 INFO watchfiles.main: 1 change detected
2026-07-29 22:59:29,342 INFO watchfiles.main: 1 change detected
2026-07-29 22:59:29,756 INFO watchfiles.main: 1 change detected
2026-07-29 22:59:30,168 INFO watchfiles.main: 1 change detected
2026-07-29 22:59:30,729 INFO watchfiles.main: 1 change detected
2026-07-29 22:59:31,091 INFO watchfiles.main: 1 change detected
2026-07-29 22:59:31,578 INFO watchfiles.main: 1 change detected
2026-07-29 22:59:32,010 INFO watchfiles.main: 1 change detected
2026-07-29 22:59:32,681 INFO watchfiles.main: 1 change detected
2026-07-29 22:59:33,133 INFO watchfiles.main: 1 change detected
2026-07-29 22:59:33,554 INFO watchfiles.main: 1 change detected
2026-07-29 22:59:33,979 INFO watchfiles.main: 1 change detected
2026-07-29 22:59:34,348 INFO watchfiles.main: 1 change detected
2026-07-29 22:59:34,765 INFO watchfiles.main: 1 change detected
2026-07-29 22:59:35,167 INFO watchfiles.main: 1 change detected
2026-07-29 22:59:35,586 INFO watchfiles.main: 1 change detected
2026-07-29 22:59:36,027 INFO watchfiles.main: 1 change detected
2026-07-29 22:59:36,435 INFO watchfiles.main: 1 change detected
2026-07-29 22:59:36,856 INFO watchfiles.main: 1 change detected
2026-07-29 22:59:37,218 INFO watchfiles.main: 1 change detected
2026-07-29 22:59:37,626 INFO watchfiles.main: 1 change detected
2026-07-29 22:59:38,030 INFO watchfiles.main: 1 change detected
2026-07-29 22:59:38,432 INFO watchfiles.main: 1 change detected
2026-07-29 22:59:38,858 INFO watchfiles.main: 1 change detected
2026-07-29 22:59:39,228 INFO watchfiles.main: 1 change detected
2026-07-29 22:59:39,638 INFO watchfiles.main: 1 change detected
2026-07-29 22:59:40,049 INFO watchfiles.main: 1 change detected
2026-07-29 22:59:40,460 INFO watchfiles.main: 1 change detected
2026-07-29 22:59:40,876 INFO watchfiles.main: 1 change detected
2026-07-29 22:59:41,291 INFO watchfiles.main: 1 change detected
2026-07-29 22:59:41,656 INFO watchfiles.main: 1 change detected
2026-07-29 22:59:42,062 INFO watchfiles.main: 1 change detected
2026-07-29 22:59:42,480 INFO watchfiles.main: 1 change detected
2026-07-29 22:59:42,897 INFO watchfiles.main: 1 change detected
2026-07-29 22:59:43,308 INFO watchfiles.main: 1 change detected
2026-07-29 22:59:43,718 INFO watchfiles.main: 1 change detected
2026-07-29 22:59:44,131 INFO watchfiles.main: 1 change detected
2026-07-29 22:59:44,541 INFO watchfiles.main: 1 change detected
2026-07-29 22:59:44,956 INFO watchfiles.main: 1 change detected
2026-07-29 22:59:45,317 INFO watchfiles.main: 1 change detected
2026-07-29 22:59:45,775 INFO watchfiles.main: 1 change detected
2026-07-29 22:59:46,181 INFO watchfiles.main: 1 change detected
2026-07-29 22:59:46,546 INFO watchfiles.main: 1 change detected
2026-07-29 22:59:46,957 INFO watchfiles.main: 1 change detected
2026-07-29 22:59:47,369 INFO watchfiles.main: 1 change detected
2026-07-29 22:59:47,770 INFO watchfiles.main: 1 change detected
2026-07-29 22:59:48,181 INFO watchfiles.main: 1 change detected
2026-07-29 22:59:48,592 INFO watchfiles.main: 1 change detected
2026-07-29 22:59:48,995 INFO watchfiles.main: 1 change detected
2026-07-29 22:59:49,405 INFO watchfiles.main: 1 change detected
2026-07-29 22:59:49,811 INFO watchfiles.main: 1 change detected
2026-07-29 22:59:50,222 INFO watchfiles.main: 1 change detected
2026-07-29 22:59:50,640 INFO watchfiles.main: 1 change detected
2026-07-29 22:59:51,057 INFO watchfiles.main: 1 change detected
2026-07-29 22:59:51,423 INFO watchfiles.main: 1 change detected
2026-07-29 22:59:51,840 INFO watchfiles.main: 1 change detected
2026-07-29 22:59:52,257 INFO watchfiles.main: 1 change detected
2026-07-29 22:59:52,671 INFO watchfiles.main: 1 change detected
2026-07-29 22:59:53,074 INFO watchfiles.main: 1 change detected
2026-07-29 22:59:53,490 INFO watchfiles.main: 1 change detected
2026-07-29 22:59:53,907 INFO watchfiles.main: 1 change detected
2026-07-29 22:59:54,324 INFO watchfiles.main: 1 change detected
2026-07-29 22:59:54,740 INFO watchfiles.main: 1 change detected
2026-07-29 22:59:55,204 INFO watchfiles.main: 1 change detected
2026-07-29 22:59:55,605 INFO watchfiles.main: 1 change detected
2026-07-29 22:59:56,022 INFO watchfiles.main: 1 change detected
2026-07-29 22:59:56,439 INFO watchfiles.main: 1 change detected
2026-07-29 22:59:56,835 INFO watchfiles.main: 1 change detected
2026-07-29 22:59:57,239 INFO watchfiles.main: 1 change detected
2026-07-29 22:59:57,656 INFO watchfiles.main: 1 change detected
2026-07-29 22:59:58,073 INFO watchfiles.main: 1 change detected
2026-07-29 22:59:58,486 INFO watchfiles.main: 1 change detected
2026-07-29 22:59:58,939 INFO watchfiles.main: 1 change detected
2026-07-29 22:59:59,355 INFO watchfiles.main: 1 change detected
2026-07-29 22:59:59,756 INFO watchfiles.main: 1 change detected
2026-07-29 23:00:00,170 INFO watchfiles.main: 1 change detected
2026-07-29 23:00:00,588 INFO watchfiles.main: 1 change detected
2026-07-29 23:00:00,990 INFO watchfiles.main: 1 change detected
2026-07-29 23:00:01,405 INFO watchfiles.main: 1 change detected
2026-07-29 23:00:01,820 INFO watchfiles.main: 1 change detected
2026-07-29 23:00:02,222 INFO watchfiles.main: 1 change detected
2026-07-29 23:00:02,638 INFO watchfiles.main: 1 change detected
2026-07-29 23:00:03,039 INFO watchfiles.main: 1 change detected
2026-07-29 23:00:03,455 INFO watchfiles.main: 1 change detected
2026-07-29 23:00:03,871 INFO watchfiles.main: 1 change detected
2026-07-29 23:00:04,285 INFO watchfiles.main: 1 change detected
2026-07-29 23:00:04,689 INFO watchfiles.main: 1 change detected
2026-07-29 23:00:05,105 INFO watchfiles.main: 1 change detected
2026-07-29 23:00:05,513 INFO watchfiles.main: 1 change detected
2026-07-29 23:00:05,969 INFO watchfiles.main: 1 change detected
2026-07-29 23:00:06,321 INFO watchfiles.main: 1 change detected
2026-07-29 23:00:06,950 INFO watchfiles.main: 1 change detected
2026-07-29 23:00:07,544 INFO watchfiles.main: 1 change detected
2026-07-29 23:00:07,971 INFO watchfiles.main: 1 change detected
2026-07-29 23:00:08,368 INFO watchfiles.main: 1 change detected
2026-07-29 23:00:08,790 INFO watchfiles.main: 1 change detected
2026-07-29 23:00:09,205 INFO watchfiles.main: 1 change detected
2026-07-29 23:00:09,608 INFO watchfiles.main: 1 change detected
2026-07-29 23:00:10,073 INFO watchfiles.main: 2 changes detected
2026-07-29 23:00:10,436 INFO watchfiles.main: 2 changes detected
2026-07-29 23:00:10,790 INFO watchfiles.main: 3 changes detected
2026-07-29 23:00:11,244 INFO watchfiles.main: 1 change detected
2026-07-29 23:00:11,606 INFO watchfiles.main: 1 change detected
2026-07-29 23:00:12,009 INFO watchfiles.main: 1 change detected
2026-07-29 23:00:12,421 INFO watchfiles.main: 1 change detected
2026-07-29 23:00:12,867 INFO watchfiles.main: 1 change detected
2026-07-29 23:00:13,245 INFO watchfiles.main: 1 change detected
2026-07-29 23:00:13,608 INFO watchfiles.main: 1 change detected
2026-07-29 23:00:14,009 INFO watchfiles.main: 1 change detected
2026-07-29 23:00:14,448 INFO watchfiles.main: 1 change detected
2026-07-29 23:00:14,853 INFO watchfiles.main: 1 change detected
2026-07-29 23:00:15,260 INFO watchfiles.main: 1 change detected
2026-07-29 23:00:15,666 INFO watchfiles.main: 1 change detected
2026-07-29 23:00:16,032 INFO watchfiles.main: 1 change detected
2026-07-29 23:00:16,438 INFO watchfiles.main: 1 change detected
2026-07-29 23:00:16,845 INFO watchfiles.main: 1 change detected
2026-07-29 23:00:17,251 INFO watchfiles.main: 1 change detected
2026-07-29 23:00:17,614 INFO watchfiles.main: 1 change detected
2026-07-29 23:00:18,031 INFO watchfiles.main: 1 change detected
2026-07-29 23:00:18,432 INFO watchfiles.main: 1 change detected
2026-07-29 23:00:18,842 INFO watchfiles.main: 1 change detected
2026-07-29 23:00:19,257 INFO watchfiles.main: 1 change detected
2026-07-29 23:00:19,664 INFO watchfiles.main: 1 change detected
2026-07-29 23:00:20,080 INFO watchfiles.main: 1 change detected
2026-07-29 23:00:20,483 INFO watchfiles.main: 1 change detected
2026-07-29 23:00:20,892 INFO watchfiles.main: 1 change detected
2026-07-29 23:00:21,298 INFO watchfiles.main: 1 change detected
2026-07-29 23:00:21,707 INFO watchfiles.main: 1 change detected
2026-07-29 23:00:22,115 INFO watchfiles.main: 1 change detected
2026-07-29 23:00:22,521 INFO watchfiles.main: 1 change detected
2026-07-29 23:00:22,925 INFO watchfiles.main: 1 change detected
2026-07-29 23:00:23,339 INFO watchfiles.main: 1 change detected
2026-07-29 23:00:23,753 INFO watchfiles.main: 1 change detected
2026-07-29 23:00:24,157 INFO watchfiles.main: 1 change detected
2026-07-29 23:00:24,573 INFO watchfiles.main: 1 change detected
2026-07-29 23:00:24,939 INFO watchfiles.main: 1 change detected
2026-07-29 23:00:25,340 INFO watchfiles.main: 1 change detected
2026-07-29 23:00:25,756 INFO watchfiles.main: 1 change detected
2026-07-29 23:00:26,172 INFO watchfiles.main: 1 change detected
2026-07-29 23:00:26,538 INFO watchfiles.main: 1 change detected
2026-07-29 23:00:26,954 INFO watchfiles.main: 1 change detected
2026-07-29 23:00:27,356 INFO watchfiles.main: 1 change detected
2026-07-29 23:00:27,763 INFO watchfiles.main: 1 change detected
2026-07-29 23:00:28,174 INFO watchfiles.main: 1 change detected
2026-07-29 23:00:28,588 INFO watchfiles.main: 1 change detected
2026-07-29 23:00:28,954 INFO watchfiles.main: 1 change detected
2026-07-29 23:00:29,356 INFO watchfiles.main: 1 change detected
2026-07-29 23:00:29,772 INFO watchfiles.main: 1 change detected
2026-07-29 23:00:30,188 INFO watchfiles.main: 1 change detected
2026-07-29 23:00:30,554 INFO watchfiles.main: 1 change detected
2026-07-29 23:00:30,956 INFO watchfiles.main: 1 change detected
2026-07-29 23:00:31,367 INFO watchfiles.main: 1 change detected
2026-07-29 23:00:31,772 INFO watchfiles.main: 1 change detected
2026-07-29 23:00:32,179 INFO watchfiles.main: 1 change detected
2026-07-29 23:00:32,611 INFO watchfiles.main: 1 change detected
2026-07-29 23:00:32,970 INFO watchfiles.main: 1 change detected
2026-07-29 23:00:33,386 INFO watchfiles.main: 1 change detected
2026-07-29 23:00:33,788 INFO watchfiles.main: 1 change detected
2026-07-29 23:00:34,204 INFO watchfiles.main: 1 change detected
2026-07-29 23:00:34,570 INFO watchfiles.main: 1 change detected
2026-07-29 23:00:34,971 INFO watchfiles.main: 1 change detected
2026-07-29 23:00:35,387 INFO watchfiles.main: 1 change detected
2026-07-29 23:00:35,804 INFO watchfiles.main: 1 change detected
2026-07-29 23:00:36,220 INFO watchfiles.main: 1 change detected
2026-07-29 23:00:36,586 INFO watchfiles.main: 1 change detected
2026-07-29 23:00:37,039 INFO watchfiles.main: 1 change detected
2026-07-29 23:00:37,404 INFO watchfiles.main: 1 change detected
2026-07-29 23:00:37,820 INFO watchfiles.main: 1 change detected
2026-07-29 23:00:38,236 INFO watchfiles.main: 1 change detected
2026-07-29 23:00:38,602 INFO watchfiles.main: 1 change detected
2026-07-29 23:00:39,019 INFO watchfiles.main: 1 change detected
2026-07-29 23:00:39,478 INFO watchfiles.main: 1 change detected
2026-07-29 23:00:39,845 INFO watchfiles.main: 1 change detected
2026-07-29 23:00:40,264 INFO watchfiles.main: 1 change detected
2026-07-29 23:00:40,675 INFO watchfiles.main: 1 change detected
2026-07-29 23:00:41,077 INFO watchfiles.main: 1 change detected
2026-07-29 23:00:41,493 INFO watchfiles.main: 1 change detected
2026-07-29 23:00:41,899 INFO watchfiles.main: 1 change detected
2026-07-29 23:00:42,303 INFO watchfiles.main: 1 change detected
2026-07-29 23:00:42,826 INFO watchfiles.main: 1 change detected
2026-07-29 23:00:43,203 INFO watchfiles.main: 1 change detected
2026-07-29 23:00:43,568 INFO watchfiles.main: 1 change detected
2026-07-29 23:00:43,978 INFO watchfiles.main: 1 change detected
2026-07-29 23:00:44,389 INFO watchfiles.main: 1 change detected
2026-07-29 23:00:44,803 INFO watchfiles.main: 1 change detected
2026-07-29 23:00:45,223 INFO watchfiles.main: 1 change detected
2026-07-29 23:00:45,649 INFO watchfiles.main: 1 change detected
2026-07-29 23:00:46,002 INFO watchfiles.main: 1 change detected
2026-07-29 23:00:46,414 INFO watchfiles.main: 1 change detected
2026-07-29 23:00:46,820 INFO watchfiles.main: 1 change detected
2026-07-29 23:00:47,223 INFO watchfiles.main: 1 change detected
2026-07-29 23:00:47,634 INFO watchfiles.main: 1 change detected
2026-07-29 23:00:48,036 INFO watchfiles.main: 1 change detected
2026-07-29 23:00:48,452 INFO watchfiles.main: 1 change detected
2026-07-29 23:00:48,872 INFO watchfiles.main: 1 change detected
2026-07-29 23:00:49,285 INFO watchfiles.main: 1 change detected
2026-07-29 23:00:49,693 INFO watchfiles.main: 1 change detected
2026-07-29 23:00:50,062 INFO watchfiles.main: 1 change detected
2026-07-29 23:00:50,472 INFO watchfiles.main: 1 change detected
2026-07-29 23:00:50,928 INFO watchfiles.main: 1 change detected
2026-07-29 23:00:51,311 INFO watchfiles.main: 1 change detected
2026-07-29 23:00:51,694 INFO watchfiles.main: 1 change detected
2026-07-29 23:00:52,164 INFO watchfiles.main: 1 change detected
2026-07-29 23:00:52,625 INFO watchfiles.main: 1 change detected
2026-07-29 23:00:52,978 INFO watchfiles.main: 1 change detected
2026-07-29 23:00:53,393 INFO watchfiles.main: 1 change detected
2026-07-29 23:00:53,769 INFO watchfiles.main: 1 change detected
2026-07-29 23:00:54,193 INFO watchfiles.main: 1 change detected
2026-07-29 23:00:54,604 INFO watchfiles.main: 1 change detected
2026-07-29 23:00:54,962 INFO watchfiles.main: 1 change detected
2026-07-29 23:00:55,391 INFO watchfiles.main: 1 change detected
2026-07-29 23:00:55,805 INFO watchfiles.main: 1 change detected
2026-07-29 23:00:56,169 INFO watchfiles.main: 1 change detected
2026-07-29 23:00:56,580 INFO watchfiles.main: 1 change detected
2026-07-29 23:00:56,997 INFO watchfiles.main: 1 change detected
2026-07-29 23:00:57,412 INFO watchfiles.main: 1 change detected
2026-07-29 23:00:57,817 INFO watchfiles.main: 1 change detected
2026-07-29 23:00:58,227 INFO watchfiles.main: 1 change detected
2026-07-29 23:00:58,583 INFO watchfiles.main: 1 change detected
2026-07-29 23:00:58,998 INFO watchfiles.main: 1 change detected
2026-07-29 23:00:59,415 INFO watchfiles.main: 1 change detected
2026-07-29 23:00:59,997 INFO watchfiles.main: 1 change detected
2026-07-29 23:01:00,879 INFO watchfiles.main: 1 change detected
2026-07-29 23:01:01,396 INFO watchfiles.main: 1 change detected
2026-07-29 23:01:02,215 INFO watchfiles.main: 1 change detected
2026-07-29 23:01:05,620 INFO watchfiles.main: 1 change detected
2026-07-29 23:01:05,975 INFO watchfiles.main: 1 change detected
2026-07-29 23:01:06,342 INFO watchfiles.main: 1 change detected
2026-07-29 23:01:06,784 INFO watchfiles.main: 2 changes detected
2026-07-29 23:01:14,225 INFO watchfiles.main: 2 changes detected
2026-07-29 23:01:14,605 INFO watchfiles.main: 1 change detected
2026-07-29 23:01:14,971 INFO watchfiles.main: 1 change detected
2026-07-29 23:01:15,330 INFO watchfiles.main: 1 change detected
2026-07-29 23:01:15,681 INFO watchfiles.main: 1 change detected
2026-07-29 23:01:16,045 INFO watchfiles.main: 1 change detected
2026-07-29 23:01:16,401 INFO watchfiles.main: 1 change detected
2026-07-29 23:01:16,767 INFO watchfiles.main: 1 change detected
2026-07-29 23:01:17,321 INFO watchfiles.main: 1 change detected
2026-07-29 23:01:17,684 INFO watchfiles.main: 1 change detected
2026-07-29 23:01:18,095 INFO watchfiles.main: 1 change detected
2026-07-29 23:01:18,510 INFO watchfiles.main: 1 change detected
2026-07-29 23:01:18,912 INFO watchfiles.main: 1 change detected
2026-07-29 23:01:19,329 INFO watchfiles.main: 1 change detected
2026-07-29 23:01:19,732 INFO watchfiles.main: 1 change detected
2026-07-29 23:01:20,144 INFO watchfiles.main: 1 change detected
2026-07-29 23:01:20,511 INFO watchfiles.main: 1 change detected
2026-07-29 23:01:20,916 INFO watchfiles.main: 1 change detected
2026-07-29 23:01:21,375 INFO watchfiles.main: 1 change detected
2026-07-29 23:01:21,737 INFO watchfiles.main: 1 change detected
2026-07-29 23:01:22,142 INFO watchfiles.main: 1 change detected
2026-07-29 23:01:22,547 INFO watchfiles.main: 1 change detected
2026-07-29 23:01:22,953 INFO watchfiles.main: 1 change detected
2026-07-29 23:01:23,366 INFO watchfiles.main: 1 change detected
2026-07-29 23:01:23,733 INFO watchfiles.main: 1 change detected
2026-07-29 23:01:24,144 INFO watchfiles.main: 1 change detected
2026-07-29 23:01:24,555 INFO watchfiles.main: 1 change detected
2026-07-29 23:01:24,962 INFO watchfiles.main: 1 change detected
2026-07-29 23:01:25,365 INFO watchfiles.main: 1 change detected
2026-07-29 23:01:25,771 INFO watchfiles.main: 1 change detected
2026-07-29 23:01:26,183 INFO watchfiles.main: 1 change detected
2026-07-29 23:01:26,595 INFO watchfiles.main: 1 change detected
2026-07-29 23:01:27,000 INFO watchfiles.main: 1 change detected
2026-07-29 23:01:27,412 INFO watchfiles.main: 1 change detected
2026-07-29 23:01:27,818 INFO watchfiles.main: 1 change detected
2026-07-29 23:01:28,177 INFO watchfiles.main: 1 change detected
2026-07-29 23:01:28,588 INFO watchfiles.main: 1 change detected
2026-07-29 23:01:29,000 INFO watchfiles.main: 1 change detected
2026-07-29 23:01:29,404 INFO watchfiles.main: 1 change detected
2026-07-29 23:01:29,816 INFO watchfiles.main: 1 change detected
2026-07-29 23:01:30,227 INFO watchfiles.main: 1 change detected
2026-07-29 23:01:30,651 INFO watchfiles.main: 1 change detected
2026-07-29 23:01:31,009 INFO watchfiles.main: 1 change detected
2026-07-29 23:01:31,410 INFO watchfiles.main: 1 change detected
2026-07-29 23:01:31,825 INFO watchfiles.main: 1 change detected
2026-07-29 23:01:32,191 INFO watchfiles.main: 1 change detected
2026-07-29 23:01:32,688 INFO watchfiles.main: 1 change detected
2026-07-29 23:01:33,172 INFO watchfiles.main: 1 change detected
2026-07-29 23:01:33,658 INFO watchfiles.main: 1 change detected
2026-07-29 23:01:34,077 INFO watchfiles.main: 1 change detected
2026-07-29 23:01:34,516 INFO watchfiles.main: 1 change detected
2026-07-29 23:01:34,927 INFO watchfiles.main: 1 change detected
2026-07-29 23:01:35,362 INFO watchfiles.main: 1 change detected
2026-07-29 23:01:35,715 INFO watchfiles.main: 1 change detected
2026-07-29 23:01:36,168 INFO watchfiles.main: 1 change detected
2026-07-29 23:01:36,575 INFO watchfiles.main: 1 change detected
2026-07-29 23:01:36,987 INFO watchfiles.main: 1 change detected
2026-07-29 23:01:37,344 INFO watchfiles.main: 1 change detected
2026-07-29 23:01:37,866 INFO watchfiles.main: 1 change detected
2026-07-29 23:01:38,295 INFO watchfiles.main: 1 change detected
2026-07-29 23:01:38,704 INFO watchfiles.main: 1 change detected
2026-07-29 23:01:39,119 INFO watchfiles.main: 1 change detected
2026-07-29 23:01:39,552 INFO watchfiles.main: 1 change detected
2026-07-29 23:01:39,958 INFO watchfiles.main: 1 change detected
2026-07-29 23:01:40,377 INFO watchfiles.main: 1 change detected
2026-07-29 23:01:40,836 INFO watchfiles.main: 1 change detected
2026-07-29 23:01:41,251 INFO watchfiles.main: 1 change detected
2026-07-29 23:01:41,657 INFO watchfiles.main: 1 change detected
2026-07-29 23:01:42,071 INFO watchfiles.main: 1 change detected
2026-07-29 23:01:42,439 INFO watchfiles.main: 1 change detected
2026-07-29 23:01:42,882 INFO watchfiles.main: 1 change detected
2026-07-29 23:01:43,284 INFO watchfiles.main: 1 change detected
2026-07-29 23:01:43,701 INFO watchfiles.main: 1 change detected
2026-07-29 23:01:44,105 INFO watchfiles.main: 1 change detected
2026-07-29 23:01:44,519 INFO watchfiles.main: 1 change detected
2026-07-29 23:01:44,932 INFO watchfiles.main: 1 change detected
2026-07-29 23:01:45,335 INFO watchfiles.main: 1 change detected
2026-07-29 23:01:45,688 INFO watchfiles.main: 1 change detected
2026-07-29 23:01:46,090 INFO watchfiles.main: 1 change detected
2026-07-29 23:01:46,506 INFO watchfiles.main: 1 change detected
2026-07-29 23:01:46,961 INFO watchfiles.main: 1 change detected
2026-07-29 23:01:47,366 INFO watchfiles.main: 1 change detected
2026-07-29 23:01:47,768 INFO watchfiles.main: 1 change detected
2026-07-29 23:01:48,182 INFO watchfiles.main: 1 change detected
2026-07-29 23:01:48,590 INFO watchfiles.main: 1 change detected
2026-07-29 23:01:49,006 INFO watchfiles.main: 1 change detected
2026-07-29 23:01:49,358 INFO watchfiles.main: 1 change detected
2026-07-29 23:01:49,772 INFO watchfiles.main: 1 change detected
2026-07-29 23:01:50,226 INFO watchfiles.main: 1 change detected
2026-07-29 23:01:50,628 INFO watchfiles.main: 1 change detected
2026-07-29 23:01:51,041 INFO watchfiles.main: 1 change detected
2026-07-29 23:01:51,442 INFO watchfiles.main: 1 change detected
2026-07-29 23:01:51,857 INFO watchfiles.main: 1 change detected
2026-07-29 23:01:52,272 INFO watchfiles.main: 1 change detected
2026-07-29 23:01:52,630 INFO watchfiles.main: 1 change detected
2026-07-29 23:01:53,044 INFO watchfiles.main: 1 change detected
2026-07-29 23:01:53,455 INFO watchfiles.main: 1 change detected
2026-07-29 23:01:53,858 INFO watchfiles.main: 1 change detected
2026-07-29 23:01:54,263 INFO watchfiles.main: 1 change detected
2026-07-29 23:01:54,671 INFO watchfiles.main: 1 change detected
2026-07-29 23:01:55,087 INFO watchfiles.main: 1 change detected
2026-07-29 23:01:55,453 INFO watchfiles.main: 1 change detected
2026-07-29 23:01:55,855 INFO watchfiles.main: 1 change detected
2026-07-29 23:01:56,308 INFO watchfiles.main: 1 change detected
2026-07-29 23:01:56,721 INFO watchfiles.main: 1 change detected
2026-07-29 23:01:57,131 INFO watchfiles.main: 1 change detected
2026-07-29 23:01:57,544 INFO watchfiles.main: 1 change detected
2026-07-29 23:01:57,956 INFO watchfiles.main: 1 change detected
2026-07-29 23:01:58,319 INFO watchfiles.main: 1 change detected
2026-07-29 23:01:58,729 INFO watchfiles.main: 1 change detected
2026-07-29 23:01:59,194 INFO watchfiles.main: 1 change detected
2026-07-29 23:01:59,633 INFO watchfiles.main: 1 change detected
2026-07-29 23:01:59,998 INFO watchfiles.main: 1 change detected
2026-07-29 23:02:00,430 INFO watchfiles.main: 1 change detected
2026-07-29 23:02:00,833 INFO watchfiles.main: 1 change detected
2026-07-29 23:02:01,242 INFO watchfiles.main: 1 change detected
2026-07-29 23:02:01,649 INFO watchfiles.main: 1 change detected
2026-07-29 23:02:02,062 INFO watchfiles.main: 1 change detected
2026-07-29 23:02:02,466 INFO watchfiles.main: 1 change detected
2026-07-29 23:02:02,880 INFO watchfiles.main: 1 change detected
2026-07-29 23:02:03,298 INFO watchfiles.main: 1 change detected
2026-07-29 23:02:03,713 INFO watchfiles.main: 1 change detected
2026-07-29 23:02:04,231 INFO watchfiles.main: 1 change detected
2026-07-29 23:02:04,651 INFO watchfiles.main: 1 change detected
2026-07-29 23:02:05,013 INFO watchfiles.main: 1 change detected
2026-07-29 23:02:05,431 INFO watchfiles.main: 1 change detected
2026-07-29 23:02:05,846 INFO watchfiles.main: 1 change detected
2026-07-29 23:02:06,264 INFO watchfiles.main: 1 change detected
2026-07-29 23:02:06,678 INFO watchfiles.main: 1 change detected
2026-07-29 23:02:07,095 INFO watchfiles.main: 1 change detected
2026-07-29 23:02:07,510 INFO watchfiles.main: 1 change detected
2026-07-29 23:02:07,912 INFO watchfiles.main: 1 change detected
2026-07-29 23:02:08,328 INFO watchfiles.main: 1 change detected
2026-07-29 23:02:08,731 INFO watchfiles.main: 1 change detected
2026-07-29 23:02:09,195 INFO watchfiles.main: 1 change detected
2026-07-29 23:02:09,596 INFO watchfiles.main: 1 change detected
2026-07-29 23:02:10,011 INFO watchfiles.main: 1 change detected
2026-07-29 23:02:10,430 INFO watchfiles.main: 1 change detected
2026-07-29 23:02:10,845 INFO watchfiles.main: 1 change detected
2026-07-29 23:02:11,261 INFO watchfiles.main: 1 change detected
2026-07-29 23:02:11,679 INFO watchfiles.main: 1 change detected
2026-07-29 23:02:12,095 INFO watchfiles.main: 1 change detected
2026-07-29 23:02:12,511 INFO watchfiles.main: 1 change detected
2026-07-29 23:02:12,924 INFO watchfiles.main: 1 change detected
2026-07-29 23:02:13,329 INFO watchfiles.main: 1 change detected
2026-07-29 23:02:13,744 INFO watchfiles.main: 1 change detected
2026-07-29 23:02:14,146 INFO watchfiles.main: 1 change detected
2026-07-29 23:02:14,560 INFO watchfiles.main: 1 change detected
2026-07-29 23:02:14,977 INFO watchfiles.main: 1 change detected
2026-07-29 23:02:15,394 INFO watchfiles.main: 1 change detected
2026-07-29 23:02:15,808 INFO watchfiles.main: 1 change detected
2026-07-29 23:02:16,168 INFO watchfiles.main: 1 change detected
2026-07-29 23:02:16,582 INFO watchfiles.main: 1 change detected
2026-07-29 23:02:16,989 INFO watchfiles.main: 1 change detected
2026-07-29 23:02:17,400 INFO watchfiles.main: 1 change detected
2026-07-29 23:02:17,815 INFO watchfiles.main: 1 change detected
2026-07-29 23:02:18,217 INFO watchfiles.main: 1 change detected
2026-07-29 23:02:18,621 INFO watchfiles.main: 1 change detected
2026-07-29 23:02:19,025 INFO watchfiles.main: 1 change detected
2026-07-29 23:02:19,434 INFO watchfiles.main: 1 change detected
2026-07-29 23:02:19,846 INFO watchfiles.main: 1 change detected
2026-07-29 23:02:20,250 INFO watchfiles.main: 1 change detected
2026-07-29 23:02:20,657 INFO watchfiles.main: 1 change detected
2026-07-29 23:02:21,082 INFO watchfiles.main: 1 change detected
2026-07-29 23:02:21,499 INFO watchfiles.main: 1 change detected
2026-07-29 23:02:21,865 INFO watchfiles.main: 1 change detected
2026-07-29 23:02:22,273 INFO watchfiles.main: 1 change detected
2026-07-29 23:02:22,734 INFO watchfiles.main: 1 change detected
2026-07-29 23:02:23,098 INFO watchfiles.main: 1 change detected
2026-07-29 23:02:23,515 INFO watchfiles.main: 1 change detected
2026-07-29 23:02:23,920 INFO watchfiles.main: 1 change detected
2026-07-29 23:02:24,325 INFO watchfiles.main: 1 change detected
2026-07-29 23:02:24,783 INFO watchfiles.main: 1 change detected
2026-07-29 23:02:25,147 INFO watchfiles.main: 1 change detected
2026-07-29 23:02:25,564 INFO watchfiles.main: 1 change detected
2026-07-29 23:02:25,972 INFO watchfiles.main: 1 change detected
2026-07-29 23:02:26,383 INFO watchfiles.main: 1 change detected
2026-07-29 23:02:26,747 INFO watchfiles.main: 1 change detected
2026-07-29 23:02:27,199 INFO watchfiles.main: 1 change detected
2026-07-29 23:02:27,606 INFO watchfiles.main: 1 change detected
2026-07-29 23:02:28,015 INFO watchfiles.main: 1 change detected
2026-07-29 23:02:28,380 INFO watchfiles.main: 1 change detected
2026-07-29 23:02:28,781 INFO watchfiles.main: 1 change detected
2026-07-29 23:02:29,187 INFO watchfiles.main: 1 change detected
2026-07-29 23:02:29,597 INFO watchfiles.main: 1 change detected
2026-07-29 23:02:30,014 INFO watchfiles.main: 1 change detected
2026-07-29 23:02:30,480 INFO watchfiles.main: 1 change detected
2026-07-29 23:02:30,896 INFO watchfiles.main: 1 change detected
2026-07-29 23:02:31,301 INFO watchfiles.main: 1 change detected
2026-07-29 23:02:31,714 INFO watchfiles.main: 1 change detected
2026-07-29 23:02:32,129 INFO watchfiles.main: 1 change detected
2026-07-29 23:02:32,530 INFO watchfiles.main: 1 change detected
2026-07-29 23:02:32,947 INFO watchfiles.main: 1 change detected
2026-07-29 23:02:33,340 INFO watchfiles.main: 1 change detected
2026-07-29 23:02:33,746 INFO watchfiles.main: 1 change detected
2026-07-29 23:02:34,147 INFO watchfiles.main: 1 change detected
2026-07-29 23:02:34,549 INFO watchfiles.main: 1 change detected
2026-07-29 23:02:35,006 INFO watchfiles.main: 1 change detected
2026-07-29 23:02:35,413 INFO watchfiles.main: 1 change detected
2026-07-29 23:02:35,778 INFO watchfiles.main: 1 change detected
2026-07-29 23:02:36,195 INFO watchfiles.main: 1 change detected
2026-07-29 23:02:36,600 INFO watchfiles.main: 1 change detected
2026-07-29 23:02:37,012 INFO watchfiles.main: 1 change detected
2026-07-29 23:02:37,429 INFO watchfiles.main: 1 change detected
2026-07-29 23:02:37,795 INFO watchfiles.main: 1 change detected
2026-07-29 23:02:38,200 INFO watchfiles.main: 1 change detected
2026-07-29 23:02:38,656 INFO watchfiles.main: 1 change detected
2026-07-29 23:02:39,063 INFO watchfiles.main: 1 change detected
2026-07-29 23:02:39,485 INFO watchfiles.main: 1 change detected
2026-07-29 23:02:39,897 INFO watchfiles.main: 1 change detected
2026-07-29 23:02:40,300 INFO watchfiles.main: 1 change detected
2026-07-29 23:02:40,711 INFO watchfiles.main: 1 change detected
2026-07-29 23:02:41,128 INFO watchfiles.main: 1 change detected
2026-07-29 23:02:41,544 INFO watchfiles.main: 1 change detected
2026-07-29 23:02:41,948 INFO watchfiles.main: 1 change detected
2026-07-29 23:02:42,354 INFO watchfiles.main: 1 change detected
2026-07-29 23:02:42,762 INFO watchfiles.main: 1 change detected
2026-07-29 23:02:43,177 INFO watchfiles.main: 1 change detected
2026-07-29 23:02:43,579 INFO watchfiles.main: 1 change detected
2026-07-29 23:02:43,985 INFO watchfiles.main: 1 change detected
2026-07-29 23:02:44,395 INFO watchfiles.main: 1 change detected
2026-07-29 23:02:44,803 INFO watchfiles.main: 1 change detected
2026-07-29 23:02:45,211 INFO watchfiles.main: 1 change detected
2026-07-29 23:02:45,615 INFO watchfiles.main: 1 change detected
2026-07-29 23:02:46,021 INFO watchfiles.main: 1 change detected
2026-07-29 23:02:46,428 INFO watchfiles.main: 1 change detected
2026-07-29 23:02:46,843 INFO watchfiles.main: 1 change detected
2026-07-29 23:02:47,248 INFO watchfiles.main: 1 change detected
2026-07-29 23:02:47,654 INFO watchfiles.main: 1 change detected
2026-07-29 23:02:48,061 INFO watchfiles.main: 1 change detected
2026-07-29 23:02:48,476 INFO watchfiles.main: 1 change detected
2026-07-29 23:02:48,878 INFO watchfiles.main: 1 change detected
2026-07-29 23:02:49,285 INFO watchfiles.main: 1 change detected
2026-07-29 23:02:49,693 INFO watchfiles.main: 1 change detected
2026-07-29 23:02:50,059 INFO watchfiles.main: 1 change detected
2026-07-29 23:02:50,475 INFO watchfiles.main: 1 change detected
2026-07-29 23:02:50,884 INFO watchfiles.main: 1 change detected
2026-07-29 23:02:51,336 INFO watchfiles.main: 1 change detected
2026-07-29 23:02:51,699 INFO watchfiles.main: 1 change detected
2026-07-29 23:02:52,104 INFO watchfiles.main: 1 change detected
2026-07-29 23:02:52,519 INFO watchfiles.main: 1 change detected
2026-07-29 23:02:52,939 INFO watchfiles.main: 1 change detected
2026-07-29 23:02:53,304 INFO watchfiles.main: 1 change detected
2026-07-29 23:02:53,721 INFO watchfiles.main: 1 change detected
2026-07-29 23:02:54,138 INFO watchfiles.main: 1 change detected
2026-07-29 23:02:54,550 INFO watchfiles.main: 1 change detected
2026-07-29 23:02:54,954 INFO watchfiles.main: 1 change detected
2026-07-29 23:02:55,370 INFO watchfiles.main: 1 change detected
2026-07-29 23:02:55,787 INFO watchfiles.main: 1 change detected
2026-07-29 23:02:56,252 INFO watchfiles.main: 1 change detected
2026-07-29 23:02:56,654 INFO watchfiles.main: 1 change detected
2026-07-29 23:02:57,068 INFO watchfiles.main: 1 change detected
2026-07-29 23:02:57,471 INFO watchfiles.main: 1 change detected
2026-07-29 23:02:57,885 INFO watchfiles.main: 1 change detected
2026-07-29 23:02:58,302 INFO watchfiles.main: 1 change detected
2026-07-29 23:02:58,787 INFO watchfiles.main: 1 change detected
2026-07-29 23:02:59,201 INFO watchfiles.main: 1 change detected
2026-07-29 23:02:59,619 INFO watchfiles.main: 1 change detected
2026-07-29 23:02:59,986 INFO watchfiles.main: 1 change detected
2026-07-29 23:03:00,402 INFO watchfiles.main: 1 change detected
2026-07-29 23:03:00,818 INFO watchfiles.main: 1 change detected
2026-07-29 23:03:01,221 INFO watchfiles.main: 1 change detected
2026-07-29 23:03:01,636 INFO watchfiles.main: 1 change detected
2026-07-29 23:03:02,054 INFO watchfiles.main: 1 change detected
2026-07-29 23:03:02,470 INFO watchfiles.main: 1 change detected
2026-07-29 23:03:02,885 INFO watchfiles.main: 1 change detected
2026-07-29 23:03:03,301 INFO watchfiles.main: 1 change detected
2026-07-29 23:03:03,719 INFO watchfiles.main: 1 change detected
2026-07-29 23:03:04,132 INFO watchfiles.main: 1 change detected
2026-07-29 23:03:04,547 INFO watchfiles.main: 1 change detected
2026-07-29 23:03:04,952 INFO watchfiles.main: 1 change detected
2026-07-29 23:03:05,367 INFO watchfiles.main: 1 change detected
2026-07-29 23:03:05,768 INFO watchfiles.main: 1 change detected
2026-07-29 23:03:06,236 INFO watchfiles.main: 1 change detected
2026-07-29 23:03:06,602 INFO watchfiles.main: 1 change detected
2026-07-29 23:03:07,065 INFO watchfiles.main: 1 change detected
2026-07-29 23:03:07,467 INFO watchfiles.main: 1 change detected
2026-07-29 23:03:07,882 INFO watchfiles.main: 1 change detected
2026-07-29 23:03:08,368 INFO watchfiles.main: 1 change detected
2026-07-29 23:03:08,782 INFO watchfiles.main: 1 change detected
2026-07-29 23:03:09,199 INFO watchfiles.main: 1 change detected
2026-07-29 23:03:09,616 INFO watchfiles.main: 1 change detected
2026-07-29 23:03:10,018 INFO watchfiles.main: 1 change detected
2026-07-29 23:03:10,432 INFO watchfiles.main: 1 change detected
2026-07-29 23:03:10,849 INFO watchfiles.main: 1 change detected
2026-07-29 23:03:11,265 INFO watchfiles.main: 1 change detected
2026-07-29 23:03:11,668 INFO watchfiles.main: 1 change detected
2026-07-29 23:03:12,071 INFO watchfiles.main: 1 change detected
2026-07-29 23:03:12,438 INFO watchfiles.main: 1 change detected
2026-07-29 23:03:12,855 INFO watchfiles.main: 1 change detected
2026-07-29 23:03:13,270 INFO watchfiles.main: 1 change detected
2026-07-29 23:03:13,672 INFO watchfiles.main: 1 change detected
2026-07-29 23:03:14,037 INFO watchfiles.main: 1 change detected
2026-07-29 23:03:14,439 INFO watchfiles.main: 1 change detected
2026-07-29 23:03:14,850 INFO watchfiles.main: 1 change detected
2026-07-29 23:03:15,255 INFO watchfiles.main: 1 change detected
2026-07-29 23:03:15,670 INFO watchfiles.main: 1 change detected
2026-07-29 23:03:16,072 INFO watchfiles.main: 1 change detected
2026-07-29 23:03:16,487 INFO watchfiles.main: 1 change detected
2026-07-29 23:03:16,853 INFO watchfiles.main: 1 change detected
2026-07-29 23:03:17,255 INFO watchfiles.main: 1 change detected
2026-07-29 23:03:17,737 INFO watchfiles.main: 1 change detected
2026-07-29 23:03:18,138 INFO watchfiles.main: 1 change detected
2026-07-29 23:03:18,553 INFO watchfiles.main: 1 change detected
2026-07-29 23:03:18,920 INFO watchfiles.main: 1 change detected
2026-07-29 23:03:19,321 INFO watchfiles.main: 1 change detected
2026-07-29 23:03:19,775 INFO watchfiles.main: 1 change detected
2026-07-29 23:03:20,136 INFO watchfiles.main: 1 change detected
2026-07-29 23:03:20,537 INFO watchfiles.main: 1 change detected
2026-07-29 23:03:20,953 INFO watchfiles.main: 1 change detected
2026-07-29 23:03:21,369 INFO watchfiles.main: 1 change detected
2026-07-29 23:03:21,736 INFO watchfiles.main: 1 change detected
2026-07-29 23:03:22,137 INFO watchfiles.main: 1 change detected
2026-07-29 23:03:22,552 INFO watchfiles.main: 1 change detected
2026-07-29 23:03:22,954 INFO watchfiles.main: 1 change detected
2026-07-29 23:03:23,369 INFO watchfiles.main: 1 change detected
2026-07-29 23:03:23,735 INFO watchfiles.main: 1 change detected
2026-07-29 23:03:24,137 INFO watchfiles.main: 1 change detected
2026-07-29 23:03:24,551 INFO watchfiles.main: 1 change detected
2026-07-29 23:03:24,953 INFO watchfiles.main: 1 change detected
2026-07-29 23:03:25,369 INFO watchfiles.main: 1 change detected
2026-07-29 23:03:25,735 INFO watchfiles.main: 1 change detected
2026-07-29 23:03:26,136 INFO watchfiles.main: 1 change detected
2026-07-29 23:03:26,552 INFO watchfiles.main: 1 change detected
2026-07-29 23:03:26,968 INFO watchfiles.main: 1 change detected
2026-07-29 23:03:27,335 INFO watchfiles.main: 1 change detected
2026-07-29 23:03:27,747 INFO watchfiles.main: 1 change detected
2026-07-29 23:03:28,152 INFO watchfiles.main: 1 change detected
2026-07-29 23:03:28,567 INFO watchfiles.main: 1 change detected
2026-07-29 23:03:28,969 INFO watchfiles.main: 1 change detected
2026-07-29 23:03:29,384 INFO watchfiles.main: 1 change detected
2026-07-29 23:03:29,787 INFO watchfiles.main: 1 change detected
2026-07-29 23:03:30,151 INFO watchfiles.main: 1 change detected
2026-07-29 23:03:30,552 INFO watchfiles.main: 1 change detected
2026-07-29 23:03:30,966 INFO watchfiles.main: 1 change detected
2026-07-29 23:03:31,368 INFO watchfiles.main: 1 change detected
2026-07-29 23:03:31,784 INFO watchfiles.main: 1 change detected
2026-07-29 23:03:32,149 INFO watchfiles.main: 1 change detected
2026-07-29 23:03:32,551 INFO watchfiles.main: 1 change detected
2026-07-29 23:03:32,967 INFO watchfiles.main: 1 change detected
2026-07-29 23:03:33,349 INFO watchfiles.main: 1 change detected
2026-07-29 23:03:33,751 INFO watchfiles.main: 1 change detected
2026-07-29 23:03:34,232 INFO watchfiles.main: 1 change detected
2026-07-29 23:03:34,634 INFO watchfiles.main: 1 change detected
2026-07-29 23:03:35,050 INFO watchfiles.main: 1 change detected
2026-07-29 23:03:35,451 INFO watchfiles.main: 1 change detected
2026-07-29 23:03:35,816 INFO watchfiles.main: 1 change detected
2026-07-29 23:03:36,217 INFO watchfiles.main: 1 change detected
2026-07-29 23:03:36,633 INFO watchfiles.main: 1 change detected
2026-07-29 23:03:37,050 INFO watchfiles.main: 1 change detected
2026-07-29 23:03:37,466 INFO watchfiles.main: 1 change detected
2026-07-29 23:03:37,832 INFO watchfiles.main: 1 change detected
2026-07-29 23:03:38,234 INFO watchfiles.main: 1 change detected
2026-07-29 23:03:38,649 INFO watchfiles.main: 1 change detected
2026-07-29 23:03:39,062 INFO watchfiles.main: 1 change detected
2026-07-29 23:03:39,477 INFO watchfiles.main: 1 change detected
2026-07-29 23:03:39,893 INFO watchfiles.main: 1 change detected
2026-07-29 23:03:40,295 INFO watchfiles.main: 1 change detected
2026-07-29 23:03:40,710 INFO watchfiles.main: 1 change detected
2026-07-29 23:03:41,113 INFO watchfiles.main: 1 change detected
2026-07-29 23:03:41,529 INFO watchfiles.main: 1 change detected
2026-07-29 23:03:41,945 INFO watchfiles.main: 1 change detected
2026-07-29 23:03:42,360 INFO watchfiles.main: 1 change detected
2026-07-29 23:03:42,777 INFO watchfiles.main: 1 change detected
2026-07-29 23:03:43,193 INFO watchfiles.main: 1 change detected
2026-07-29 23:03:43,594 INFO watchfiles.main: 1 change detected
2026-07-29 23:03:44,011 INFO watchfiles.main: 1 change detected
2026-07-29 23:03:44,427 INFO watchfiles.main: 1 change detected
2026-07-29 23:03:44,843 INFO watchfiles.main: 1 change detected
2026-07-29 23:03:45,259 INFO watchfiles.main: 1 change detected
2026-07-29 23:03:45,677 INFO watchfiles.main: 1 change detected
2026-07-29 23:03:46,093 INFO watchfiles.main: 1 change detected
2026-07-29 23:03:46,510 INFO watchfiles.main: 1 change detected
2026-07-29 23:03:46,928 INFO watchfiles.main: 1 change detected
2026-07-29 23:03:47,343 INFO watchfiles.main: 1 change detected
2026-07-29 23:03:47,758 INFO watchfiles.main: 1 change detected
2026-07-29 23:03:48,159 INFO watchfiles.main: 1 change detected
2026-07-29 23:03:48,576 INFO watchfiles.main: 1 change detected
2026-07-29 23:03:49,061 INFO watchfiles.main: 1 change detected
2026-07-29 23:03:49,476 INFO watchfiles.main: 1 change detected
2026-07-29 23:03:49,893 INFO watchfiles.main: 1 change detected
2026-07-29 23:03:50,309 INFO watchfiles.main: 1 change detected
2026-07-29 23:03:50,774 INFO watchfiles.main: 1 change detected
2026-07-29 23:03:51,192 INFO watchfiles.main: 1 change detected
2026-07-29 23:03:51,559 INFO watchfiles.main: 1 change detected
2026-07-29 23:03:51,988 INFO watchfiles.main: 1 change detected
2026-07-29 23:03:52,391 INFO watchfiles.main: 1 change detected
2026-07-29 23:03:52,842 INFO watchfiles.main: 1 change detected
2026-07-29 23:03:53,207 INFO watchfiles.main: 1 change detected
2026-07-29 23:03:53,659 INFO watchfiles.main: 1 change detected
2026-07-29 23:03:54,075 INFO watchfiles.main: 1 change detected
2026-07-29 23:03:54,491 INFO watchfiles.main: 1 change detected
2026-07-29 23:03:54,856 INFO watchfiles.main: 1 change detected
2026-07-29 23:03:55,260 INFO watchfiles.main: 1 change detected
2026-07-29 23:03:55,674 INFO watchfiles.main: 1 change detected
2026-07-29 23:03:56,091 INFO watchfiles.main: 1 change detected
2026-07-29 23:03:56,507 INFO watchfiles.main: 1 change detected
2026-07-29 23:03:56,923 INFO watchfiles.main: 1 change detected
2026-07-29 23:03:57,325 INFO watchfiles.main: 1 change detected
2026-07-29 23:03:57,740 INFO watchfiles.main: 1 change detected
2026-07-29 23:03:58,206 INFO watchfiles.main: 1 change detected
2026-07-29 23:03:58,689 INFO watchfiles.main: 1 change detected
2026-07-29 23:03:59,106 INFO watchfiles.main: 1 change detected
2026-07-29 23:03:59,508 INFO watchfiles.main: 1 change detected
2026-07-29 23:03:59,922 INFO watchfiles.main: 1 change detected
2026-07-29 23:04:00,324 INFO watchfiles.main: 1 change detected
2026-07-29 23:04:00,739 INFO watchfiles.main: 1 change detected
2026-07-29 23:04:01,155 INFO watchfiles.main: 1 change detected
2026-07-29 23:04:01,557 INFO watchfiles.main: 1 change detected
2026-07-29 23:04:01,977 INFO watchfiles.main: 1 change detected
2026-07-29 23:04:02,390 INFO watchfiles.main: 1 change detected
2026-07-29 23:04:02,796 INFO watchfiles.main: 1 change detected
2026-07-29 23:04:03,256 INFO watchfiles.main: 1 change detected
2026-07-29 23:04:03,622 INFO watchfiles.main: 1 change detected
2026-07-29 23:04:04,090 INFO watchfiles.main: 1 change detected
2026-07-29 23:04:04,455 INFO watchfiles.main: 1 change detected
2026-07-29 23:04:04,871 INFO watchfiles.main: 1 change detected
2026-07-29 23:04:05,288 INFO watchfiles.main: 1 change detected
2026-07-29 23:04:05,704 INFO watchfiles.main: 1 change detected
2026-07-29 23:04:06,125 INFO watchfiles.main: 1 change detected
2026-07-29 23:04:06,490 INFO watchfiles.main: 1 change detected
2026-07-29 23:04:06,895 INFO watchfiles.main: 1 change detected
2026-07-29 23:04:07,303 INFO watchfiles.main: 1 change detected
2026-07-29 23:04:07,671 INFO watchfiles.main: 1 change detected
2026-07-29 23:04:08,083 INFO watchfiles.main: 1 change detected
2026-07-29 23:04:08,527 INFO watchfiles.main: 1 change detected
2026-07-29 23:04:08,951 INFO watchfiles.main: 1 change detected
2026-07-29 23:04:09,354 INFO watchfiles.main: 1 change detected
2026-07-29 23:04:09,770 INFO watchfiles.main: 1 change detected
2026-07-29 23:04:10,187 INFO watchfiles.main: 1 change detected
2026-07-29 23:04:10,552 INFO watchfiles.main: 1 change detected
2026-07-29 23:04:10,963 INFO watchfiles.main: 1 change detected
2026-07-29 23:04:11,371 INFO watchfiles.main: 1 change detected
2026-07-29 23:04:11,875 INFO watchfiles.main: 1 change detected
2026-07-29 23:04:12,287 INFO watchfiles.main: 1 change detected
2026-07-29 23:04:12,702 INFO watchfiles.main: 1 change detected
2026-07-29 23:04:13,053 INFO watchfiles.main: 1 change detected
2026-07-29 23:04:13,470 INFO watchfiles.main: 1 change detected
2026-07-29 23:04:13,886 INFO watchfiles.main: 1 change detected
2026-07-29 23:04:14,300 INFO watchfiles.main: 1 change detected
2026-07-29 23:04:14,706 INFO watchfiles.main: 1 change detected
2026-07-29 23:04:15,119 INFO watchfiles.main: 1 change detected
2026-07-29 23:04:15,522 INFO watchfiles.main: 1 change detected
2026-07-29 23:04:15,927 INFO watchfiles.main: 1 change detected
2026-07-29 23:04:16,335 INFO watchfiles.main: 1 change detected
2026-07-29 23:04:16,754 INFO watchfiles.main: 1 change detected
2026-07-29 23:04:17,117 INFO watchfiles.main: 1 change detected
2026-07-29 23:04:17,531 INFO watchfiles.main: 1 change detected
2026-07-29 23:04:17,954 INFO watchfiles.main: 1 change detected
2026-07-29 23:04:18,317 INFO watchfiles.main: 1 change detected
2026-07-29 23:04:18,736 INFO watchfiles.main: 1 change detected
2026-07-29 23:04:19,152 INFO watchfiles.main: 1 change detected
2026-07-29 23:04:19,557 INFO watchfiles.main: 1 change detected
2026-07-29 23:04:19,960 INFO watchfiles.main: 1 change detected
2026-07-29 23:04:20,319 INFO watchfiles.main: 1 change detected
2026-07-29 23:04:20,733 INFO watchfiles.main: 1 change detected
2026-07-29 23:04:21,142 INFO watchfiles.main: 1 change detected
2026-07-29 23:04:21,555 INFO watchfiles.main: 1 change detected
2026-07-29 23:04:21,957 INFO watchfiles.main: 1 change detected
2026-07-29 23:04:22,323 INFO watchfiles.main: 1 change detected
2026-07-29 23:04:22,725 INFO watchfiles.main: 1 change detected
2026-07-29 23:04:23,135 INFO watchfiles.main: 1 change detected
2026-07-29 23:04:23,541 INFO watchfiles.main: 1 change detected
2026-07-29 23:04:23,948 INFO watchfiles.main: 1 change detected
2026-07-29 23:04:24,303 INFO watchfiles.main: 1 change detected
2026-07-29 23:04:24,716 INFO watchfiles.main: 1 change detected
2026-07-29 23:04:25,122 INFO watchfiles.main: 1 change detected
2026-07-29 23:04:25,539 INFO watchfiles.main: 1 change detected
2026-07-29 23:04:26,009 INFO watchfiles.main: 1 change detected
2026-07-29 23:04:26,427 INFO watchfiles.main: 1 change detected
2026-07-29 23:04:26,831 INFO watchfiles.main: 1 change detected
2026-07-29 23:04:27,240 INFO watchfiles.main: 1 change detected
2026-07-29 23:04:27,654 INFO watchfiles.main: 1 change detected
2026-07-29 23:04:28,056 INFO watchfiles.main: 1 change detected
2026-07-29 23:04:28,462 INFO watchfiles.main: 1 change detected
2026-07-29 23:04:28,869 INFO watchfiles.main: 1 change detected
2026-07-29 23:04:29,283 INFO watchfiles.main: 1 change detected
2026-07-29 23:04:29,688 INFO watchfiles.main: 1 change detected
2026-07-29 23:04:30,101 INFO watchfiles.main: 1 change detected
2026-07-29 23:04:30,515 INFO watchfiles.main: 1 change detected
2026-07-29 23:04:30,979 INFO watchfiles.main: 1 change detected
2026-07-29 23:04:31,386 INFO watchfiles.main: 1 change detected
2026-07-29 23:04:31,789 INFO watchfiles.main: 1 change detected
2026-07-29 23:04:32,196 INFO watchfiles.main: 1 change detected
2026-07-29 23:04:32,607 INFO watchfiles.main: 1 change detected
2026-07-29 23:04:33,017 INFO watchfiles.main: 1 change detected
2026-07-29 23:04:33,434 INFO watchfiles.main: 1 change detected
2026-07-29 23:04:33,850 INFO watchfiles.main: 1 change detected
2026-07-29 23:04:34,268 INFO watchfiles.main: 1 change detected
2026-07-29 23:04:34,666 INFO watchfiles.main: 1 change detected
2026-07-29 23:04:35,083 INFO watchfiles.main: 1 change detected
2026-07-29 23:04:35,490 INFO watchfiles.main: 1 change detected
2026-07-29 23:04:35,907 INFO watchfiles.main: 1 change detected
2026-07-29 23:04:36,321 INFO watchfiles.main: 1 change detected
2026-07-29 23:04:36,731 INFO watchfiles.main: 1 change detected
2026-07-29 23:04:37,143 INFO watchfiles.main: 1 change detected
2026-07-29 23:04:37,553 INFO watchfiles.main: 1 change detected
2026-07-29 23:04:37,955 INFO watchfiles.main: 1 change detected
2026-07-29 23:04:38,370 INFO watchfiles.main: 1 change detected
2026-07-29 23:04:38,736 INFO watchfiles.main: 1 change detected
2026-07-29 23:04:39,138 INFO watchfiles.main: 1 change detected
2026-07-29 23:04:39,554 INFO watchfiles.main: 1 change detected
2026-07-29 23:04:39,955 INFO watchfiles.main: 1 change detected
2026-07-29 23:04:40,363 INFO watchfiles.main: 1 change detected
2026-07-29 23:04:40,771 INFO watchfiles.main: 1 change detected
2026-07-29 23:04:41,187 INFO watchfiles.main: 1 change detected
2026-07-29 23:04:41,553 INFO watchfiles.main: 1 change detected
2026-07-29 23:04:41,954 INFO watchfiles.main: 1 change detected
2026-07-29 23:04:42,369 INFO watchfiles.main: 1 change detected
2026-07-29 23:04:42,786 INFO watchfiles.main: 1 change detected
2026-07-29 23:04:43,154 INFO watchfiles.main: 1 change detected
2026-07-29 23:04:43,557 INFO watchfiles.main: 1 change detected
2026-07-29 23:04:44,070 INFO watchfiles.main: 1 change detected
2026-07-29 23:04:44,435 INFO watchfiles.main: 1 change detected
2026-07-29 23:04:44,897 INFO watchfiles.main: 1 change detected
2026-07-29 23:04:45,313 INFO watchfiles.main: 1 change detected
2026-07-29 23:04:45,719 INFO watchfiles.main: 1 change detected
2026-07-29 23:04:46,101 INFO watchfiles.main: 1 change detected
2026-07-29 23:04:46,547 INFO watchfiles.main: 1 change detected
2026-07-29 23:04:46,962 INFO watchfiles.main: 1 change detected
2026-07-29 23:04:47,371 INFO watchfiles.main: 1 change detected
2026-07-29 23:04:47,785 INFO watchfiles.main: 1 change detected
2026-07-29 23:04:48,196 INFO watchfiles.main: 1 change detected
2026-07-29 23:04:48,600 INFO watchfiles.main: 1 change detected
2026-07-29 23:04:48,957 INFO watchfiles.main: 1 change detected
2026-07-29 23:04:49,368 INFO watchfiles.main: 1 change detected
2026-07-29 23:04:49,781 INFO watchfiles.main: 1 change detected
2026-07-29 23:04:50,184 INFO watchfiles.main: 1 change detected
2026-07-29 23:04:50,590 INFO watchfiles.main: 1 change detected
2026-07-29 23:04:51,002 INFO watchfiles.main: 1 change detected
2026-07-29 23:04:51,366 INFO watchfiles.main: 1 change detected
2026-07-29 23:04:51,782 INFO watchfiles.main: 1 change detected
2026-07-29 23:04:52,197 INFO watchfiles.main: 1 change detected
2026-07-29 23:04:52,644 INFO watchfiles.main: 1 change detected
2026-07-29 23:04:53,011 INFO watchfiles.main: 1 change detected
2026-07-29 23:04:53,516 INFO watchfiles.main: 1 change detected
2026-07-29 23:04:53,882 INFO watchfiles.main: 1 change detected
2026-07-29 23:04:54,353 INFO watchfiles.main: 1 change detected
2026-07-29 23:04:54,771 INFO watchfiles.main: 1 change detected
2026-07-29 23:04:55,177 INFO watchfiles.main: 1 change detected
2026-07-29 23:04:55,594 INFO watchfiles.main: 1 change detected
2026-07-29 23:04:56,011 INFO watchfiles.main: 1 change detected
2026-07-29 23:04:56,429 INFO watchfiles.main: 1 change detected
2026-07-29 23:04:56,844 INFO watchfiles.main: 1 change detected
2026-07-29 23:04:57,208 INFO watchfiles.main: 1 change detected
2026-07-29 23:04:57,660 INFO watchfiles.main: 1 change detected
2026-07-29 23:04:58,066 INFO watchfiles.main: 1 change detected
2026-07-29 23:04:58,432 INFO watchfiles.main: 1 change detected
2026-07-29 23:04:58,834 INFO watchfiles.main: 1 change detected
2026-07-29 23:04:59,248 INFO watchfiles.main: 1 change detected
2026-07-29 23:04:59,650 INFO watchfiles.main: 1 change detected
2026-07-29 23:05:00,072 INFO watchfiles.main: 1 change detected
2026-07-29 23:05:00,432 INFO watchfiles.main: 1 change detected
2026-07-29 23:05:00,849 INFO watchfiles.main: 1 change detected
2026-07-29 23:05:01,266 INFO watchfiles.main: 1 change detected
2026-07-29 23:05:01,632 INFO watchfiles.main: 1 change detected
2026-07-29 23:05:02,033 INFO watchfiles.main: 1 change detected
2026-07-29 23:05:02,449 INFO watchfiles.main: 1 change detected
2026-07-29 23:05:02,864 INFO watchfiles.main: 1 change detected
2026-07-29 23:05:03,266 INFO watchfiles.main: 1 change detected
2026-07-29 23:05:03,631 INFO watchfiles.main: 1 change detected
2026-07-29 23:05:04,068 INFO watchfiles.main: 1 change detected
2026-07-29 23:05:04,431 INFO watchfiles.main: 1 change detected
2026-07-29 23:05:04,834 INFO watchfiles.main: 1 change detected
2026-07-29 23:05:05,248 INFO watchfiles.main: 1 change detected
2026-07-29 23:05:05,665 INFO watchfiles.main: 1 change detected
2026-07-29 23:05:06,031 INFO watchfiles.main: 1 change detected
2026-07-29 23:05:06,447 INFO watchfiles.main: 1 change detected
2026-07-29 23:05:06,849 INFO watchfiles.main: 1 change detected
2026-07-29 23:05:07,264 INFO watchfiles.main: 1 change detected
2026-07-29 23:05:07,668 INFO watchfiles.main: 1 change detected
2026-07-29 23:05:08,030 INFO watchfiles.main: 1 change detected
2026-07-29 23:05:08,432 INFO watchfiles.main: 1 change detected
2026-07-29 23:05:08,847 INFO watchfiles.main: 1 change detected
2026-07-29 23:05:09,264 INFO watchfiles.main: 1 change detected
2026-07-29 23:05:09,630 INFO watchfiles.main: 1 change detected
2026-07-29 23:05:10,031 INFO watchfiles.main: 1 change detected
2026-07-29 23:05:10,446 INFO watchfiles.main: 1 change detected
2026-07-29 23:05:10,848 INFO watchfiles.main: 1 change detected
2026-07-29 23:05:11,263 INFO watchfiles.main: 1 change detected
2026-07-29 23:05:11,630 INFO watchfiles.main: 1 change detected
2026-07-29 23:05:12,031 INFO watchfiles.main: 1 change detected
2026-07-29 23:05:12,497 INFO watchfiles.main: 1 change detected
2026-07-29 23:05:12,912 INFO watchfiles.main: 1 change detected
2026-07-29 23:05:13,314 INFO watchfiles.main: 1 change detected
2026-07-29 23:05:13,730 INFO watchfiles.main: 1 change detected
2026-07-29 23:05:14,096 INFO watchfiles.main: 1 change detected
2026-07-29 23:05:14,497 INFO watchfiles.main: 1 change detected
2026-07-29 23:05:14,912 INFO watchfiles.main: 1 change detected
2026-07-29 23:05:15,314 INFO watchfiles.main: 1 change detected
2026-07-29 23:05:15,729 INFO watchfiles.main: 1 change detected
2026-07-29 23:05:16,095 INFO watchfiles.main: 1 change detected
2026-07-29 23:05:16,511 INFO watchfiles.main: 1 change detected
2026-07-29 23:05:16,913 INFO watchfiles.main: 1 change detected
2026-07-29 23:05:17,329 INFO watchfiles.main: 1 change detected
2026-07-29 23:05:17,695 INFO watchfiles.main: 1 change detected
2026-07-29 23:05:18,096 INFO watchfiles.main: 1 change detected
2026-07-29 23:05:18,512 INFO watchfiles.main: 1 change detected
2026-07-29 23:05:18,930 INFO watchfiles.main: 1 change detected
2026-07-29 23:05:19,295 INFO watchfiles.main: 1 change detected
2026-07-29 23:05:19,759 INFO watchfiles.main: 1 change detected
2026-07-29 23:05:20,163 INFO watchfiles.main: 1 change detected
2026-07-29 23:05:20,528 INFO watchfiles.main: 1 change detected
2026-07-29 23:05:20,929 INFO watchfiles.main: 1 change detected
2026-07-29 23:05:21,345 INFO watchfiles.main: 1 change detected
2026-07-29 23:05:21,812 INFO watchfiles.main: 1 change detected
2026-07-29 23:05:22,177 INFO watchfiles.main: 1 change detected
2026-07-29 23:05:22,579 INFO watchfiles.main: 1 change detected
2026-07-29 23:05:22,994 INFO watchfiles.main: 1 change detected
2026-07-29 23:05:23,411 INFO watchfiles.main: 1 change detected
2026-07-29 23:05:23,776 INFO watchfiles.main: 1 change detected
2026-07-29 23:05:24,178 INFO watchfiles.main: 1 change detected
2026-07-29 23:05:24,593 INFO watchfiles.main: 1 change detected
2026-07-29 23:05:24,995 INFO watchfiles.main: 1 change detected
2026-07-29 23:05:25,411 INFO watchfiles.main: 1 change detected
2026-07-29 23:05:25,777 INFO watchfiles.main: 1 change detected
2026-07-29 23:05:26,178 INFO watchfiles.main: 1 change detected
2026-07-29 23:05:26,594 INFO watchfiles.main: 1 change detected
2026-07-29 23:05:27,010 INFO watchfiles.main: 1 change detected
2026-07-29 23:05:27,375 INFO watchfiles.main: 1 change detected
2026-07-29 23:05:27,777 INFO watchfiles.main: 1 change detected
2026-07-29 23:05:28,192 INFO watchfiles.main: 1 change detected
2026-07-29 23:05:28,594 INFO watchfiles.main: 1 change detected
2026-07-29 23:05:29,010 INFO watchfiles.main: 1 change detected
2026-07-29 23:05:29,376 INFO watchfiles.main: 1 change detected
2026-07-29 23:05:29,787 INFO watchfiles.main: 1 change detected
2026-07-29 23:05:30,194 INFO watchfiles.main: 1 change detected
2026-07-29 23:05:30,608 INFO watchfiles.main: 1 change detected
2026-07-29 23:05:31,061 INFO watchfiles.main: 1 change detected
2026-07-29 23:05:31,476 INFO watchfiles.main: 1 change detected
2026-07-29 23:05:31,893 INFO watchfiles.main: 1 change detected
2026-07-29 23:05:32,259 INFO watchfiles.main: 1 change detected
2026-07-29 23:05:32,660 INFO watchfiles.main: 1 change detected
2026-07-29 23:05:33,076 INFO watchfiles.main: 1 change detected
2026-07-29 23:05:33,492 INFO watchfiles.main: 1 change detected
2026-07-29 23:05:33,857 INFO watchfiles.main: 1 change detected
2026-07-29 23:05:34,261 INFO watchfiles.main: 1 change detected
2026-07-29 23:05:34,675 INFO watchfiles.main: 1 change detected
2026-07-29 23:05:35,042 INFO watchfiles.main: 1 change detected
2026-07-29 23:05:35,443 INFO watchfiles.main: 1 change detected
2026-07-29 23:05:35,858 INFO watchfiles.main: 1 change detected
2026-07-29 23:05:36,275 INFO watchfiles.main: 1 change detected
2026-07-29 23:05:36,641 INFO watchfiles.main: 1 change detected
2026-07-29 23:05:37,057 INFO watchfiles.main: 1 change detected
2026-07-29 23:05:37,459 INFO watchfiles.main: 1 change detected
2026-07-29 23:05:37,875 INFO watchfiles.main: 1 change detected
2026-07-29 23:05:38,241 INFO watchfiles.main: 1 change detected
2026-07-29 23:05:38,642 INFO watchfiles.main: 1 change detected
2026-07-29 23:05:39,058 INFO watchfiles.main: 1 change detected
2026-07-29 23:05:39,474 INFO watchfiles.main: 1 change detected
2026-07-29 23:05:39,881 INFO watchfiles.main: 1 change detected
2026-07-29 23:05:40,292 INFO watchfiles.main: 1 change detected
2026-07-29 23:05:40,707 INFO watchfiles.main: 1 change detected
2026-07-29 23:05:41,073 INFO watchfiles.main: 1 change detected
2026-07-29 23:05:41,475 INFO watchfiles.main: 1 change detected
2026-07-29 23:05:41,891 INFO watchfiles.main: 1 change detected
2026-07-29 23:05:42,307 INFO watchfiles.main: 1 change detected
2026-07-29 23:05:42,708 INFO watchfiles.main: 1 change detected
2026-07-29 23:05:43,073 INFO watchfiles.main: 1 change detected
2026-07-29 23:05:43,475 INFO watchfiles.main: 1 change detected
2026-07-29 23:05:43,889 INFO watchfiles.main: 1 change detected
2026-07-29 23:05:44,291 INFO watchfiles.main: 1 change detected
2026-07-29 23:05:44,707 INFO watchfiles.main: 1 change detected
2026-07-29 23:05:45,072 INFO watchfiles.main: 1 change detected
2026-07-29 23:05:45,474 INFO watchfiles.main: 1 change detected
2026-07-29 23:05:45,890 INFO watchfiles.main: 1 change detected
2026-07-29 23:05:46,306 INFO watchfiles.main: 1 change detected
2026-07-29 23:05:46,723 INFO watchfiles.main: 1 change detected
2026-07-29 23:05:47,139 INFO watchfiles.main: 1 change detected
2026-07-29 23:05:47,540 INFO watchfiles.main: 1 change detected
2026-07-29 23:05:47,906 INFO watchfiles.main: 1 change detected
2026-07-29 23:05:48,322 INFO watchfiles.main: 1 change detected
2026-07-29 23:05:48,724 INFO watchfiles.main: 1 change detected
2026-07-29 23:05:49,190 INFO watchfiles.main: 1 change detected
2026-07-29 23:05:49,606 INFO watchfiles.main: 1 change detected
2026-07-29 23:05:49,971 INFO watchfiles.main: 1 change detected
2026-07-29 23:05:50,372 INFO watchfiles.main: 1 change detected
2026-07-29 23:05:50,789 INFO watchfiles.main: 1 change detected
2026-07-29 23:05:51,204 INFO watchfiles.main: 1 change detected
2026-07-29 23:05:51,570 INFO watchfiles.main: 1 change detected
2026-07-29 23:05:51,973 INFO watchfiles.main: 1 change detected
2026-07-29 23:05:52,387 INFO watchfiles.main: 1 change detected
2026-07-29 23:05:52,789 INFO watchfiles.main: 1 change detected
2026-07-29 23:05:53,205 INFO watchfiles.main: 1 change detected
2026-07-29 23:05:53,571 INFO watchfiles.main: 1 change detected
2026-07-29 23:05:53,972 INFO watchfiles.main: 1 change detected
2026-07-29 23:05:54,387 INFO watchfiles.main: 1 change detected
2026-07-29 23:05:54,803 INFO watchfiles.main: 1 change detected
2026-07-29 23:05:55,205 INFO watchfiles.main: 1 change detected
2026-07-29 23:05:55,571 INFO watchfiles.main: 1 change detected
2026-07-29 23:05:55,972 INFO watchfiles.main: 1 change detected
2026-07-29 23:05:56,387 INFO watchfiles.main: 1 change detected
2026-07-29 23:05:56,789 INFO watchfiles.main: 1 change detected
2026-07-29 23:05:57,204 INFO watchfiles.main: 1 change detected
2026-07-29 23:05:57,570 INFO watchfiles.main: 1 change detected
2026-07-29 23:05:57,972 INFO watchfiles.main: 1 change detected
2026-07-29 23:05:58,387 INFO watchfiles.main: 1 change detected
2026-07-29 23:05:58,804 INFO watchfiles.main: 1 change detected
2026-07-29 23:05:59,170 INFO watchfiles.main: 1 change detected
2026-07-29 23:05:59,571 INFO watchfiles.main: 1 change detected
2026-07-29 23:05:59,987 INFO watchfiles.main: 1 change detected
2026-07-29 23:06:00,403 INFO watchfiles.main: 1 change detected
2026-07-29 23:06:00,820 INFO watchfiles.main: 1 change detected
2026-07-29 23:06:01,237 INFO watchfiles.main: 1 change detected
2026-07-29 23:06:01,654 INFO watchfiles.main: 1 change detected
2026-07-29 23:06:02,019 INFO watchfiles.main: 1 change detected
2026-07-29 23:06:02,421 INFO watchfiles.main: 1 change detected
2026-07-29 23:06:02,836 INFO watchfiles.main: 1 change detected
2026-07-29 23:06:03,253 INFO watchfiles.main: 1 change detected
2026-07-29 23:06:03,619 INFO watchfiles.main: 1 change detected
2026-07-29 23:06:04,020 INFO watchfiles.main: 1 change detected
2026-07-29 23:06:04,435 INFO watchfiles.main: 1 change detected
2026-07-29 23:06:04,850 INFO watchfiles.main: 1 change detected
2026-07-29 23:06:05,254 INFO watchfiles.main: 1 change detected
2026-07-29 23:06:05,618 INFO watchfiles.main: 1 change detected
2026-07-29 23:06:06,020 INFO watchfiles.main: 1 change detected
2026-07-29 23:06:06,458 INFO watchfiles.main: 1 change detected
2026-07-29 23:06:06,869 INFO watchfiles.main: 1 change detected
2026-07-29 23:06:07,235 INFO watchfiles.main: 1 change detected
2026-07-29 23:06:07,636 INFO watchfiles.main: 1 change detected
2026-07-29 23:06:08,052 INFO watchfiles.main: 1 change detected
2026-07-29 23:06:08,468 INFO watchfiles.main: 1 change detected
2026-07-29 23:06:08,835 INFO watchfiles.main: 1 change detected
2026-07-29 23:06:09,236 INFO watchfiles.main: 1 change detected
2026-07-29 23:06:09,650 INFO watchfiles.main: 1 change detected
2026-07-29 23:06:10,052 INFO watchfiles.main: 1 change detected
2026-07-29 23:06:10,468 INFO watchfiles.main: 1 change detected
2026-07-29 23:06:10,834 INFO watchfiles.main: 1 change detected
2026-07-29 23:06:11,250 INFO watchfiles.main: 1 change detected
2026-07-29 23:06:11,652 INFO watchfiles.main: 1 change detected
2026-07-29 23:06:12,068 INFO watchfiles.main: 1 change detected
2026-07-29 23:06:12,434 INFO watchfiles.main: 1 change detected
2026-07-29 23:06:12,850 INFO watchfiles.main: 1 change detected
2026-07-29 23:06:13,252 INFO watchfiles.main: 1 change detected
2026-07-29 23:06:13,667 INFO watchfiles.main: 1 change detected
2026-07-29 23:06:14,034 INFO watchfiles.main: 1 change detected
2026-07-29 23:06:14,435 INFO watchfiles.main: 1 change detected
2026-07-29 23:06:14,850 INFO watchfiles.main: 1 change detected
2026-07-29 23:06:15,251 INFO watchfiles.main: 1 change detected
2026-07-29 23:06:15,698 INFO watchfiles.main: 1 change detected
2026-07-29 23:06:16,101 INFO watchfiles.main: 1 change detected
2026-07-29 23:06:16,516 INFO watchfiles.main: 1 change detected
2026-07-29 23:06:16,918 INFO watchfiles.main: 1 change detected
2026-07-29 23:06:17,408 INFO watchfiles.main: 1 change detected
2026-07-29 23:06:17,940 INFO watchfiles.main: 1 change detected
2026-07-29 23:06:18,519 INFO watchfiles.main: 1 change detected
2026-07-29 23:06:18,933 INFO watchfiles.main: 1 change detected
2026-07-29 23:06:19,342 INFO watchfiles.main: 1 change detected
2026-07-29 23:06:19,749 INFO watchfiles.main: 1 change detected
2026-07-29 23:06:20,141 INFO watchfiles.main: 1 change detected
2026-07-29 23:06:20,557 INFO watchfiles.main: 1 change detected
2026-07-29 23:06:20,962 INFO watchfiles.main: 1 change detected
2026-07-29 23:06:21,393 INFO watchfiles.main: 1 change detected
2026-07-29 23:06:21,975 INFO watchfiles.main: 1 change detected
2026-07-29 23:06:22,379 INFO watchfiles.main: 1 change detected
2026-07-29 23:06:22,793 INFO watchfiles.main: 1 change detected
2026-07-29 23:06:23,231 INFO watchfiles.main: 1 change detected
2026-07-29 23:06:23,641 INFO watchfiles.main: 1 change detected
2026-07-29 23:06:24,050 INFO watchfiles.main: 1 change detected
2026-07-29 23:06:24,415 INFO watchfiles.main: 1 change detected
2026-07-29 23:06:24,824 INFO watchfiles.main: 1 change detected
2026-07-29 23:06:25,237 INFO watchfiles.main: 1 change detected
2026-07-29 23:06:25,693 INFO watchfiles.main: 1 change detected
2026-07-29 23:06:26,065 INFO watchfiles.main: 1 change detected
2026-07-29 23:06:26,478 INFO watchfiles.main: 1 change detected
2026-07-29 23:06:26,894 INFO watchfiles.main: 1 change detected
2026-07-29 23:06:27,309 INFO watchfiles.main: 1 change detected
2026-07-29 23:06:27,729 INFO watchfiles.main: 1 change detected
2026-07-29 23:06:28,143 INFO watchfiles.main: 1 change detected
2026-07-29 23:06:28,506 INFO watchfiles.main: 1 change detected
2026-07-29 23:06:28,911 INFO watchfiles.main: 1 change detected
2026-07-29 23:06:29,326 INFO watchfiles.main: 1 change detected
2026-07-29 23:06:29,731 INFO watchfiles.main: 1 change detected
2026-07-29 23:06:30,144 INFO watchfiles.main: 1 change detected
2026-07-29 23:06:30,557 INFO watchfiles.main: 1 change detected
2026-07-29 23:06:30,968 INFO watchfiles.main: 1 change detected
2026-07-29 23:06:31,380 INFO watchfiles.main: 1 change detected
2026-07-29 23:06:31,797 INFO watchfiles.main: 1 change detected
2026-07-29 23:06:32,163 INFO watchfiles.main: 1 change detected
2026-07-29 23:06:32,565 INFO watchfiles.main: 1 change detected
2026-07-29 23:06:32,979 INFO watchfiles.main: 1 change detected
2026-07-29 23:06:33,381 INFO watchfiles.main: 1 change detected
2026-07-29 23:06:33,797 INFO watchfiles.main: 1 change detected
2026-07-29 23:06:34,163 INFO watchfiles.main: 1 change detected
2026-07-29 23:06:34,564 INFO watchfiles.main: 1 change detected
2026-07-29 23:06:35,011 INFO watchfiles.main: 1 change detected
2026-07-29 23:06:35,414 INFO watchfiles.main: 1 change detected
2026-07-29 23:06:35,829 INFO watchfiles.main: 1 change detected
2026-07-29 23:06:36,196 INFO watchfiles.main: 1 change detected
2026-07-29 23:06:36,597 INFO watchfiles.main: 1 change detected
2026-07-29 23:06:37,013 INFO watchfiles.main: 1 change detected
2026-07-29 23:06:37,429 INFO watchfiles.main: 1 change detected
2026-07-29 23:06:37,794 INFO watchfiles.main: 1 change detected
2026-07-29 23:06:38,197 INFO watchfiles.main: 1 change detected
2026-07-29 23:06:38,612 INFO watchfiles.main: 1 change detected
2026-07-29 23:06:39,029 INFO watchfiles.main: 1 change detected
2026-07-29 23:06:39,395 INFO watchfiles.main: 1 change detected
2026-07-29 23:06:39,803 INFO watchfiles.main: 1 change detected
2026-07-29 23:06:40,213 INFO watchfiles.main: 1 change detected
2026-07-29 23:06:40,628 INFO watchfiles.main: 1 change detected
2026-07-29 23:06:41,045 INFO watchfiles.main: 1 change detected
2026-07-29 23:06:41,411 INFO watchfiles.main: 1 change detected
2026-07-29 23:06:41,813 INFO watchfiles.main: 1 change detected
2026-07-29 23:06:42,228 INFO watchfiles.main: 1 change detected
2026-07-29 23:06:42,644 INFO watchfiles.main: 1 change detected
2026-07-29 23:06:43,046 INFO watchfiles.main: 1 change detected
2026-07-29 23:06:43,411 INFO watchfiles.main: 1 change detected
2026-07-29 23:06:43,878 INFO watchfiles.main: 1 change detected
2026-07-29 23:06:44,294 INFO watchfiles.main: 1 change detected
2026-07-29 23:06:44,660 INFO watchfiles.main: 1 change detected
2026-07-29 23:06:45,062 INFO watchfiles.main: 1 change detected
2026-07-29 23:06:45,477 INFO watchfiles.main: 1 change detected
2026-07-29 23:06:45,843 INFO watchfiles.main: 1 change detected
2026-07-29 23:06:46,247 INFO watchfiles.main: 1 change detected
2026-07-29 23:06:46,660 INFO watchfiles.main: 1 change detected
2026-07-29 23:06:47,072 INFO watchfiles.main: 1 change detected
2026-07-29 23:06:47,487 INFO watchfiles.main: 1 change detected
2026-07-29 23:06:47,895 INFO watchfiles.main: 1 change detected
2026-07-29 23:06:48,305 INFO watchfiles.main: 1 change detected
2026-07-29 23:06:48,722 INFO watchfiles.main: 1 change detected
2026-07-29 23:06:49,139 INFO watchfiles.main: 1 change detected
2026-07-29 23:06:49,557 INFO watchfiles.main: 1 change detected
2026-07-29 23:06:49,973 INFO watchfiles.main: 1 change detected
2026-07-29 23:06:50,390 INFO watchfiles.main: 1 change detected
2026-07-29 23:06:50,804 INFO watchfiles.main: 1 change detected
2026-07-29 23:06:51,207 INFO watchfiles.main: 1 change detected
2026-07-29 23:06:51,611 INFO watchfiles.main: 1 change detected
2026-07-29 23:06:52,026 INFO watchfiles.main: 1 change detected
2026-07-29 23:06:52,443 INFO watchfiles.main: 1 change detected
2026-07-29 23:06:52,809 INFO watchfiles.main: 1 change detected
2026-07-29 23:06:53,327 INFO watchfiles.main: 1 change detected
2026-07-29 23:06:53,692 INFO watchfiles.main: 1 change detected
2026-07-29 23:06:54,108 INFO watchfiles.main: 1 change detected
2026-07-29 23:06:54,510 INFO watchfiles.main: 1 change detected
2026-07-29 23:06:54,913 INFO watchfiles.main: 1 change detected
2026-07-29 23:06:55,324 INFO watchfiles.main: 1 change detected
2026-07-29 23:06:55,726 INFO watchfiles.main: 1 change detected
2026-07-29 23:06:56,142 INFO watchfiles.main: 1 change detected
2026-07-29 23:06:56,508 INFO watchfiles.main: 1 change detected
2026-07-29 23:06:56,924 INFO watchfiles.main: 1 change detected
2026-07-29 23:06:57,326 INFO watchfiles.main: 1 change detected
2026-07-29 23:06:57,742 INFO watchfiles.main: 1 change detected
2026-07-29 23:06:58,108 INFO watchfiles.main: 1 change detected
2026-07-29 23:06:58,509 INFO watchfiles.main: 1 change detected
2026-07-29 23:06:58,925 INFO watchfiles.main: 1 change detected
2026-07-29 23:06:59,341 INFO watchfiles.main: 1 change detected
2026-07-29 23:06:59,705 INFO watchfiles.main: 1 change detected
2026-07-29 23:07:00,115 INFO watchfiles.main: 1 change detected
2026-07-29 23:07:00,525 INFO watchfiles.main: 1 change detected
2026-07-29 23:07:00,941 INFO watchfiles.main: 1 change detected
2026-07-29 23:07:01,307 INFO watchfiles.main: 1 change detected
2026-07-29 23:07:01,709 INFO watchfiles.main: 1 change detected
2026-07-29 23:07:02,123 INFO watchfiles.main: 1 change detected
2026-07-29 23:07:02,525 INFO watchfiles.main: 1 change detected
2026-07-29 23:07:02,940 INFO watchfiles.main: 1 change detected
2026-07-29 23:07:03,311 INFO watchfiles.main: 1 change detected
2026-07-29 23:07:03,724 INFO watchfiles.main: 1 change detected
2026-07-29 23:07:04,140 INFO watchfiles.main: 1 change detected
2026-07-29 23:07:04,507 INFO watchfiles.main: 1 change detected
2026-07-29 23:07:04,912 INFO watchfiles.main: 1 change detected
2026-07-29 23:07:05,323 INFO watchfiles.main: 1 change detected
2026-07-29 23:07:05,740 INFO watchfiles.main: 1 change detected
2026-07-29 23:07:06,157 INFO watchfiles.main: 1 change detected
2026-07-29 23:07:06,522 INFO watchfiles.main: 1 change detected
2026-07-29 23:07:06,924 INFO watchfiles.main: 1 change detected
2026-07-29 23:07:07,340 INFO watchfiles.main: 1 change detected
2026-07-29 23:07:07,756 INFO watchfiles.main: 1 change detected
2026-07-29 23:07:08,122 INFO watchfiles.main: 1 change detected
2026-07-29 23:07:08,574 INFO watchfiles.main: 1 change detected
2026-07-29 23:07:08,941 INFO watchfiles.main: 1 change detected
2026-07-29 23:07:09,356 INFO watchfiles.main: 1 change detected
2026-07-29 23:07:09,772 INFO watchfiles.main: 1 change detected
2026-07-29 23:07:10,173 INFO watchfiles.main: 1 change detected
2026-07-29 23:07:10,539 INFO watchfiles.main: 1 change detected
2026-07-29 23:07:10,940 INFO watchfiles.main: 1 change detected
2026-07-29 23:07:11,355 INFO watchfiles.main: 1 change detected
2026-07-29 23:07:11,940 INFO watchfiles.main: 1 change detected
2026-07-29 23:07:12,304 INFO watchfiles.main: 1 change detected
2026-07-29 23:07:12,656 INFO watchfiles.main: 1 change detected
2026-07-29 23:07:13,021 INFO watchfiles.main: 1 change detected
2026-07-29 23:07:13,372 INFO watchfiles.main: 1 change detected
2026-07-29 23:07:13,738 INFO watchfiles.main: 1 change detected
2026-07-29 23:07:14,139 INFO watchfiles.main: 1 change detected
2026-07-29 23:07:14,555 INFO watchfiles.main: 1 change detected
2026-07-29 23:07:14,971 INFO watchfiles.main: 1 change detected
2026-07-29 23:07:15,338 INFO watchfiles.main: 1 change detected
2026-07-29 23:07:15,753 INFO watchfiles.main: 1 change detected
2026-07-29 23:07:16,156 INFO watchfiles.main: 1 change detected
2026-07-29 23:07:16,571 INFO watchfiles.main: 1 change detected
2026-07-29 23:07:16,937 INFO watchfiles.main: 1 change detected
2026-07-29 23:07:17,353 INFO watchfiles.main: 1 change detected
2026-07-29 23:07:17,755 INFO watchfiles.main: 1 change detected
2026-07-29 23:07:18,171 INFO watchfiles.main: 1 change detected
2026-07-29 23:07:18,536 INFO watchfiles.main: 1 change detected
2026-07-29 23:07:18,937 INFO watchfiles.main: 1 change detected
2026-07-29 23:07:19,353 INFO watchfiles.main: 1 change detected
2026-07-29 23:07:19,756 INFO watchfiles.main: 1 change detected
2026-07-29 23:07:20,170 INFO watchfiles.main: 1 change detected
2026-07-29 23:07:20,537 INFO watchfiles.main: 1 change detected
2026-07-29 23:07:20,988 INFO watchfiles.main: 1 change detected
2026-07-29 23:07:21,403 INFO watchfiles.main: 1 change detected
2026-07-29 23:07:21,820 INFO watchfiles.main: 1 change detected
2026-07-29 23:07:22,186 INFO watchfiles.main: 1 change detected
2026-07-29 23:07:22,588 INFO watchfiles.main: 1 change detected
2026-07-29 23:07:23,003 INFO watchfiles.main: 1 change detected
2026-07-29 23:07:23,420 INFO watchfiles.main: 1 change detected
2026-07-29 23:07:23,786 INFO watchfiles.main: 1 change detected
2026-07-29 23:07:24,187 INFO watchfiles.main: 1 change detected
2026-07-29 23:07:24,603 INFO watchfiles.main: 1 change detected
2026-07-29 23:07:25,020 INFO watchfiles.main: 1 change detected
2026-07-29 23:07:25,385 INFO watchfiles.main: 1 change detected
2026-07-29 23:07:25,787 INFO watchfiles.main: 1 change detected
2026-07-29 23:07:26,201 INFO watchfiles.main: 1 change detected
2026-07-29 23:07:26,603 INFO watchfiles.main: 1 change detected
2026-07-29 23:07:27,019 INFO watchfiles.main: 1 change detected
2026-07-29 23:07:27,385 INFO watchfiles.main: 1 change detected
2026-07-29 23:07:27,786 INFO watchfiles.main: 1 change detected
2026-07-29 23:07:28,202 INFO watchfiles.main: 1 change detected
2026-07-29 23:07:28,619 INFO watchfiles.main: 1 change detected
2026-07-29 23:07:28,985 INFO watchfiles.main: 1 change detected
2026-07-29 23:07:29,386 INFO watchfiles.main: 1 change detected
2026-07-29 23:07:29,803 INFO watchfiles.main: 1 change detected
2026-07-29 23:07:30,276 INFO watchfiles.main: 1 change detected
2026-07-29 23:07:30,692 INFO watchfiles.main: 1 change detected
2026-07-29 23:07:31,101 INFO watchfiles.main: 1 change detected
2026-07-29 23:07:31,517 INFO watchfiles.main: 1 change detected
2026-07-29 23:07:31,919 INFO watchfiles.main: 1 change detected
2026-07-29 23:07:32,334 INFO watchfiles.main: 1 change detected
2026-07-29 23:07:32,700 INFO watchfiles.main: 1 change detected
2026-07-29 23:07:33,101 INFO watchfiles.main: 1 change detected
2026-07-29 23:07:33,517 INFO watchfiles.main: 1 change detected
2026-07-29 23:07:33,919 INFO watchfiles.main: 1 change detected
2026-07-29 23:07:34,334 INFO watchfiles.main: 1 change detected
2026-07-29 23:07:34,736 INFO watchfiles.main: 1 change detected
2026-07-29 23:07:35,150 INFO watchfiles.main: 1 change detected
2026-07-29 23:07:35,517 INFO watchfiles.main: 1 change detected
2026-07-29 23:07:35,918 INFO watchfiles.main: 1 change detected
2026-07-29 23:07:36,333 INFO watchfiles.main: 1 change detected
2026-07-29 23:07:36,735 INFO watchfiles.main: 1 change detected
2026-07-29 23:07:37,150 INFO watchfiles.main: 1 change detected
2026-07-29 23:07:37,516 INFO watchfiles.main: 1 change detected
2026-07-29 23:07:37,932 INFO watchfiles.main: 1 change detected
2026-07-29 23:07:38,349 INFO watchfiles.main: 1 change detected
2026-07-29 23:07:38,751 INFO watchfiles.main: 1 change detected
2026-07-29 23:07:39,116 INFO watchfiles.main: 1 change detected
2026-07-29 23:07:39,532 INFO watchfiles.main: 1 change detected
2026-07-29 23:07:39,934 INFO watchfiles.main: 1 change detected
2026-07-29 23:07:40,349 INFO watchfiles.main: 1 change detected
2026-07-29 23:07:40,716 INFO watchfiles.main: 1 change detected
2026-07-29 23:07:41,117 INFO watchfiles.main: 1 change detected
2026-07-29 23:07:41,533 INFO watchfiles.main: 1 change detected
2026-07-29 23:07:41,949 INFO watchfiles.main: 1 change detected
2026-07-29 23:07:42,365 INFO watchfiles.main: 1 change detected
2026-07-29 23:07:42,767 INFO watchfiles.main: 1 change detected
2026-07-29 23:07:43,132 INFO watchfiles.main: 1 change detected
2026-07-29 23:07:43,533 INFO watchfiles.main: 1 change detected
2026-07-29 23:07:43,949 INFO watchfiles.main: 1 change detected
2026-07-29 23:07:44,365 INFO watchfiles.main: 1 change detected
2026-07-29 23:07:44,772 INFO watchfiles.main: 1 change detected
2026-07-29 23:07:45,182 INFO watchfiles.main: 1 change detected
2026-07-29 23:07:45,548 INFO watchfiles.main: 1 change detected
2026-07-29 23:07:45,949 INFO watchfiles.main: 1 change detected
2026-07-29 23:07:46,365 INFO watchfiles.main: 1 change detected
2026-07-29 23:07:46,781 INFO watchfiles.main: 1 change detected
2026-07-29 23:07:47,148 INFO watchfiles.main: 1 change detected
2026-07-29 23:07:47,549 INFO watchfiles.main: 1 change detected
2026-07-29 23:07:47,965 INFO watchfiles.main: 1 change detected
2026-07-29 23:07:48,330 INFO watchfiles.main: 1 change detected
2026-07-29 23:07:48,810 INFO watchfiles.main: 1 change detected
2026-07-29 23:07:49,215 INFO watchfiles.main: 1 change detected
2026-07-29 23:07:49,631 INFO watchfiles.main: 1 change detected
2026-07-29 23:07:49,997 INFO watchfiles.main: 1 change detected
2026-07-29 23:07:50,398 INFO watchfiles.main: 1 change detected
2026-07-29 23:07:50,813 INFO watchfiles.main: 1 change detected
2026-07-29 23:07:51,215 INFO watchfiles.main: 1 change detected
2026-07-29 23:07:51,630 INFO watchfiles.main: 1 change detected
2026-07-29 23:07:51,996 INFO watchfiles.main: 1 change detected
2026-07-29 23:07:52,397 INFO watchfiles.main: 1 change detected
2026-07-29 23:07:52,814 INFO watchfiles.main: 1 change detected
2026-07-29 23:07:53,230 INFO watchfiles.main: 1 change detected
2026-07-29 23:07:53,596 INFO watchfiles.main: 1 change detected
2026-07-29 23:07:53,998 INFO watchfiles.main: 1 change detected
2026-07-29 23:07:54,413 INFO watchfiles.main: 1 change detected
2026-07-29 23:07:54,819 INFO watchfiles.main: 1 change detected
2026-07-29 23:07:55,229 INFO watchfiles.main: 1 change detected
2026-07-29 23:07:55,631 INFO watchfiles.main: 1 change detected
2026-07-29 23:07:56,046 INFO watchfiles.main: 1 change detected
2026-07-29 23:07:56,411 INFO watchfiles.main: 1 change detected
2026-07-29 23:07:56,813 INFO watchfiles.main: 1 change detected
2026-07-29 23:07:57,229 INFO watchfiles.main: 1 change detected
2026-07-29 23:07:57,646 INFO watchfiles.main: 1 change detected
2026-07-29 23:07:58,074 INFO watchfiles.main: 1 change detected
2026-07-29 23:07:58,480 INFO watchfiles.main: 1 change detected
2026-07-29 23:07:58,896 INFO watchfiles.main: 1 change detected
2026-07-29 23:07:59,309 INFO watchfiles.main: 1 change detected
2026-07-29 23:07:59,722 INFO watchfiles.main: 1 change detected
2026-07-29 23:08:00,146 INFO watchfiles.main: 1 change detected
2026-07-29 23:08:00,500 INFO watchfiles.main: 1 change detected
2026-07-29 23:08:00,912 INFO watchfiles.main: 1 change detected
2026-07-29 23:08:01,379 INFO watchfiles.main: 1 change detected
2026-07-29 23:08:01,795 INFO watchfiles.main: 1 change detected
2026-07-29 23:08:02,207 INFO watchfiles.main: 1 change detected
2026-07-29 23:08:02,624 INFO watchfiles.main: 1 change detected
2026-07-29 23:08:03,026 INFO watchfiles.main: 1 change detected
2026-07-29 23:08:03,441 INFO watchfiles.main: 1 change detected
2026-07-29 23:08:03,846 INFO watchfiles.main: 1 change detected
2026-07-29 23:08:04,211 INFO watchfiles.main: 1 change detected
2026-07-29 23:08:04,612 INFO watchfiles.main: 1 change detected
2026-07-29 23:08:05,028 INFO watchfiles.main: 1 change detected
2026-07-29 23:08:05,444 INFO watchfiles.main: 1 change detected
2026-07-29 23:08:05,810 INFO watchfiles.main: 1 change detected
2026-07-29 23:08:06,212 INFO watchfiles.main: 1 change detected
2026-07-29 23:08:06,627 INFO watchfiles.main: 1 change detected
2026-07-29 23:08:07,094 INFO watchfiles.main: 1 change detected
2026-07-29 23:08:07,510 INFO watchfiles.main: 1 change detected
2026-07-29 23:08:07,927 INFO watchfiles.main: 1 change detected
2026-07-29 23:08:08,293 INFO watchfiles.main: 1 change detected
2026-07-29 23:08:08,695 INFO watchfiles.main: 1 change detected
2026-07-29 23:08:09,110 INFO watchfiles.main: 1 change detected
2026-07-29 23:08:09,527 INFO watchfiles.main: 1 change detected
2026-07-29 23:08:09,893 INFO watchfiles.main: 1 change detected
2026-07-29 23:08:10,294 INFO watchfiles.main: 1 change detected
2026-07-29 23:08:10,704 INFO watchfiles.main: 1 change detected
2026-07-29 23:08:11,111 INFO watchfiles.main: 1 change detected
2026-07-29 23:08:11,526 INFO watchfiles.main: 1 change detected
2026-07-29 23:08:11,943 INFO watchfiles.main: 1 change detected
2026-07-29 23:08:12,308 INFO watchfiles.main: 1 change detected
2026-07-29 23:08:12,709 INFO watchfiles.main: 1 change detected
2026-07-29 23:08:13,126 INFO watchfiles.main: 1 change detected
2026-07-29 23:08:13,543 INFO watchfiles.main: 1 change detected
2026-07-29 23:08:13,908 INFO watchfiles.main: 1 change detected
2026-07-29 23:08:14,310 INFO watchfiles.main: 1 change detected
2026-07-29 23:08:14,725 INFO watchfiles.main: 1 change detected
2026-07-29 23:08:15,127 INFO watchfiles.main: 1 change detected
2026-07-29 23:08:15,542 INFO watchfiles.main: 1 change detected
2026-07-29 23:08:15,909 INFO watchfiles.main: 1 change detected
2026-07-29 23:08:16,325 INFO watchfiles.main: 1 change detected
2026-07-29 23:08:16,741 INFO watchfiles.main: 1 change detected
2026-07-29 23:08:17,143 INFO watchfiles.main: 1 change detected
2026-07-29 23:08:17,557 INFO watchfiles.main: 1 change detected
2026-07-29 23:08:17,959 INFO watchfiles.main: 1 change detected
2026-07-29 23:08:18,325 INFO watchfiles.main: 1 change detected
2026-07-29 23:08:18,726 INFO watchfiles.main: 1 change detected
2026-07-29 23:08:19,142 INFO watchfiles.main: 1 change detected
2026-07-29 23:08:19,558 INFO watchfiles.main: 1 change detected
2026-07-29 23:08:19,971 INFO watchfiles.main: 1 change detected
2026-07-29 23:08:20,375 INFO watchfiles.main: 1 change detected
2026-07-29 23:08:20,741 INFO watchfiles.main: 1 change detected
2026-07-29 23:08:21,142 INFO watchfiles.main: 1 change detected
2026-07-29 23:08:21,580 INFO watchfiles.main: 1 change detected
2026-07-29 23:08:21,991 INFO watchfiles.main: 1 change detected
2026-07-29 23:08:22,357 INFO watchfiles.main: 1 change detected
2026-07-29 23:08:22,759 INFO watchfiles.main: 1 change detected
2026-07-29 23:08:23,174 INFO watchfiles.main: 1 change detected
2026-07-29 23:08:23,591 INFO watchfiles.main: 1 change detected
2026-07-29 23:08:23,957 INFO watchfiles.main: 1 change detected
2026-07-29 23:08:24,358 INFO watchfiles.main: 1 change detected
2026-07-29 23:08:24,772 INFO watchfiles.main: 1 change detected
2026-07-29 23:08:25,175 INFO watchfiles.main: 1 change detected
2026-07-29 23:08:25,590 INFO watchfiles.main: 1 change detected
2026-07-29 23:08:26,007 INFO watchfiles.main: 1 change detected
2026-07-29 23:08:26,372 INFO watchfiles.main: 1 change detected
2026-07-29 23:08:26,774 INFO watchfiles.main: 1 change detected
2026-07-29 23:08:27,190 INFO watchfiles.main: 1 change detected
2026-07-29 23:08:27,607 INFO watchfiles.main: 1 change detected
2026-07-29 23:08:27,973 INFO watchfiles.main: 1 change detected
2026-07-29 23:08:28,389 INFO watchfiles.main: 1 change detected
2026-07-29 23:08:28,791 INFO watchfiles.main: 1 change detected
2026-07-29 23:08:29,206 INFO watchfiles.main: 1 change detected
2026-07-29 23:08:29,571 INFO watchfiles.main: 1 change detected
2026-07-29 23:08:29,974 INFO watchfiles.main: 1 change detected
2026-07-29 23:08:30,389 INFO watchfiles.main: 1 change detected
2026-07-29 23:08:30,806 INFO watchfiles.main: 1 change detected
2026-07-29 23:08:31,172 INFO watchfiles.main: 1 change detected
2026-07-29 23:08:31,588 INFO watchfiles.main: 1 change detected
2026-07-29 23:08:32,056 INFO watchfiles.main: 1 change detected
2026-07-29 23:08:32,472 INFO watchfiles.main: 1 change detected
2026-07-29 23:08:32,889 INFO watchfiles.main: 1 change detected
2026-07-29 23:08:33,255 INFO watchfiles.main: 1 change detected
2026-07-29 23:08:33,656 INFO watchfiles.main: 1 change detected
2026-07-29 23:08:34,071 INFO watchfiles.main: 1 change detected
2026-07-29 23:08:34,473 INFO watchfiles.main: 1 change detected
2026-07-29 23:08:34,881 INFO watchfiles.main: 1 change detected
2026-07-29 23:08:35,289 INFO watchfiles.main: 1 change detected
2026-07-29 23:08:35,705 INFO watchfiles.main: 2 changes detected
2026-07-29 23:08:36,071 INFO watchfiles.main: 1 change detected
2026-07-29 23:08:36,437 INFO watchfiles.main: 2 changes detected
2026-07-29 23:08:36,788 INFO watchfiles.main: 1 change detected
2026-07-29 23:08:37,154 INFO watchfiles.main: 1 change detected
2026-07-29 23:08:37,520 INFO watchfiles.main: 1 change detected
2026-07-29 23:08:37,934 INFO watchfiles.main: 1 change detected
2026-07-29 23:08:38,288 INFO watchfiles.main: 1 change detected
2026-07-29 23:08:38,653 INFO watchfiles.main: 1 change detected
2026-07-29 23:08:39,019 INFO watchfiles.main: 1 change detected
2026-07-29 23:08:39,371 INFO watchfiles.main: 1 change detected
2026-07-29 23:08:39,737 INFO watchfiles.main: 1 change detected
2026-07-29 23:08:40,170 INFO watchfiles.main: 1 change detected
2026-07-29 23:08:40,554 INFO watchfiles.main: 1 change detected
2026-07-29 23:08:40,919 INFO watchfiles.main: 1 change detected
2026-07-29 23:08:41,336 INFO watchfiles.main: 1 change detected
2026-07-29 23:08:41,702 INFO watchfiles.main: 1 change detected
2026-07-29 23:08:42,163 INFO watchfiles.main: 1 change detected
2026-07-29 23:08:42,521 INFO watchfiles.main: 2 changes detected
2026-07-29 23:08:43,189 INFO watchfiles.main: 1 change detected
2026-07-29 23:08:43,552 INFO watchfiles.main: 1 change detected
2026-07-29 23:08:43,919 INFO watchfiles.main: 1 change detected
2026-07-29 23:08:44,270 INFO watchfiles.main: 1 change detected
2026-07-29 23:08:44,636 INFO watchfiles.main: 1 change detected
2026-07-29 23:08:45,002 INFO watchfiles.main: 1 change detected
2026-07-29 23:08:45,353 INFO watchfiles.main: 1 change detected
2026-07-29 23:08:45,719 INFO watchfiles.main: 1 change detected
2026-07-29 23:08:46,198 INFO watchfiles.main: 2 changes detected
2026-07-29 23:08:46,552 INFO watchfiles.main: 1 change detected
2026-07-29 23:08:46,918 INFO watchfiles.main: 1 change detected
2026-07-29 23:08:47,285 INFO watchfiles.main: 1 change detected
2026-07-29 23:08:47,636 INFO watchfiles.main: 1 change detected
2026-07-29 23:08:48,001 INFO watchfiles.main: 1 change detected
2026-07-29 23:08:48,352 INFO watchfiles.main: 2 changes detected
2026-07-29 23:08:48,718 INFO watchfiles.main: 1 change detected
2026-07-29 23:08:49,068 INFO watchfiles.main: 2 changes detected
2026-07-29 23:08:49,434 INFO watchfiles.main: 1 change detected
2026-07-29 23:08:49,847 INFO watchfiles.main: 2 changes detected
2026-07-29 23:08:50,237 INFO watchfiles.main: 1 change detected
2026-07-29 23:08:50,601 INFO watchfiles.main: 1 change detected
2026-07-29 23:08:50,967 INFO watchfiles.main: 1 change detected
2026-07-29 23:08:51,318 INFO watchfiles.main: 1 change detected
2026-07-29 23:08:51,684 INFO watchfiles.main: 1 change detected
2026-07-29 23:08:52,035 INFO watchfiles.main: 1 change detected
2026-07-29 23:08:52,400 INFO watchfiles.main: 1 change detected
2026-07-29 23:08:52,767 INFO watchfiles.main: 2 changes detected
2026-07-29 23:08:53,118 INFO watchfiles.main: 1 change detected
2026-07-29 23:08:53,483 INFO watchfiles.main: 1 change detected
2026-07-29 23:08:53,850 INFO watchfiles.main: 1 change detected
2026-07-29 23:08:54,202 INFO watchfiles.main: 1 change detected
2026-07-29 23:08:54,567 INFO watchfiles.main: 1 change detected
2026-07-29 23:08:54,933 INFO watchfiles.main: 2 changes detected
2026-07-29 23:08:55,639 INFO watchfiles.main: 1 change detected
2026-07-29 23:08:56,001 INFO watchfiles.main: 1 change detected
2026-07-29 23:08:56,366 INFO watchfiles.main: 1 change detected
2026-07-29 23:08:56,733 INFO watchfiles.main: 1 change detected
2026-07-29 23:08:57,099 INFO watchfiles.main: 1 change detected
2026-07-29 23:08:57,466 INFO watchfiles.main: 1 change detected
2026-07-29 23:08:57,867 INFO watchfiles.main: 1 change detected
2026-07-29 23:08:58,232 INFO watchfiles.main: 1 change detected
2026-07-29 23:08:58,584 INFO watchfiles.main: 1 change detected
2026-07-29 23:08:58,999 INFO watchfiles.main: 2 changes detected
2026-07-29 23:08:59,366 INFO watchfiles.main: 1 change detected
2026-07-29 23:08:59,722 INFO watchfiles.main: 1 change detected
2026-07-29 23:09:00,082 INFO watchfiles.main: 1 change detected
2026-07-29 23:09:00,433 INFO watchfiles.main: 1 change detected
2026-07-29 23:09:00,798 INFO watchfiles.main: 1 change detected
2026-07-29 23:09:01,150 INFO watchfiles.main: 1 change detected
2026-07-29 23:09:01,576 INFO watchfiles.main: 1 change detected
2026-07-29 23:09:01,933 INFO watchfiles.main: 1 change detected
2026-07-29 23:09:02,349 INFO watchfiles.main: 2 changes detected
2026-07-29 23:09:06,049 INFO watchfiles.main: 1 change detected
2026-07-29 23:09:06,415 INFO watchfiles.main: 1 change detected
2026-07-29 23:09:06,781 INFO watchfiles.main: 1 change detected
2026-07-29 23:09:07,148 INFO watchfiles.main: 1 change detected
2026-07-29 23:09:07,565 INFO watchfiles.main: 1 change detected
2026-07-29 23:09:07,981 INFO watchfiles.main: 1 change detected
2026-07-29 23:09:08,383 INFO watchfiles.main: 1 change detected
2026-07-29 23:09:08,748 INFO watchfiles.main: 1 change detected
2026-07-29 23:09:09,165 INFO watchfiles.main: 1 change detected
2026-07-29 23:09:09,581 INFO watchfiles.main: 1 change detected
2026-07-29 23:09:09,984 INFO watchfiles.main: 1 change detected
2026-07-29 23:09:10,347 INFO watchfiles.main: 1 change detected
2026-07-29 23:09:10,764 INFO watchfiles.main: 1 change detected
2026-07-29 23:09:11,181 INFO watchfiles.main: 1 change detected
2026-07-29 23:09:11,547 INFO watchfiles.main: 1 change detected
2026-07-29 23:09:11,963 INFO watchfiles.main: 1 change detected
2026-07-29 23:09:12,381 INFO watchfiles.main: 1 change detected
2026-07-29 23:09:12,746 INFO watchfiles.main: 1 change detected
2026-07-29 23:09:13,165 INFO watchfiles.main: 1 change detected
2026-07-29 23:09:13,580 INFO watchfiles.main: 1 change detected
2026-07-29 23:09:13,982 INFO watchfiles.main: 1 change detected
2026-07-29 23:09:14,347 INFO watchfiles.main: 1 change detected
2026-07-29 23:09:14,756 INFO watchfiles.main: 1 change detected
2026-07-29 23:09:15,164 INFO watchfiles.main: 1 change detected
2026-07-29 23:09:15,580 INFO watchfiles.main: 1 change detected
2026-07-29 23:09:15,996 INFO watchfiles.main: 1 change detected
2026-07-29 23:09:16,362 INFO watchfiles.main: 1 change detected
2026-07-29 23:09:16,764 INFO watchfiles.main: 1 change detected
2026-07-29 23:09:17,180 INFO watchfiles.main: 1 change detected
2026-07-29 23:09:17,596 INFO watchfiles.main: 1 change detected
2026-07-29 23:09:17,962 INFO watchfiles.main: 1 change detected
2026-07-29 23:09:18,363 INFO watchfiles.main: 1 change detected
2026-07-29 23:09:18,779 INFO watchfiles.main: 1 change detected
2026-07-29 23:09:19,195 INFO watchfiles.main: 1 change detected
2026-07-29 23:09:19,562 INFO watchfiles.main: 1 change detected
2026-07-29 23:09:19,972 INFO watchfiles.main: 1 change detected
2026-07-29 23:09:20,380 INFO watchfiles.main: 1 change detected
2026-07-29 23:09:20,795 INFO watchfiles.main: 1 change detected
2026-07-29 23:09:21,212 INFO watchfiles.main: 1 change detected
2026-07-29 23:09:21,578 INFO watchfiles.main: 1 change detected
2026-07-29 23:09:21,979 INFO watchfiles.main: 1 change detected
2026-07-29 23:09:22,395 INFO watchfiles.main: 1 change detected
2026-07-29 23:09:22,811 INFO watchfiles.main: 1 change detected
2026-07-29 23:09:23,178 INFO watchfiles.main: 1 change detected
2026-07-29 23:09:23,595 INFO watchfiles.main: 1 change detected
2026-07-29 23:09:24,011 INFO watchfiles.main: 1 change detected
2026-07-29 23:09:24,413 INFO watchfiles.main: 1 change detected
2026-07-29 23:09:24,778 INFO watchfiles.main: 1 change detected
2026-07-29 23:09:25,194 INFO watchfiles.main: 1 change detected
2026-07-29 23:09:25,611 INFO watchfiles.main: 1 change detected
2026-07-29 23:09:25,977 INFO watchfiles.main: 1 change detected
2026-07-29 23:09:26,378 INFO watchfiles.main: 1 change detected
2026-07-29 23:09:26,794 INFO watchfiles.main: 1 change detected
2026-07-29 23:09:27,211 INFO watchfiles.main: 1 change detected
2026-07-29 23:09:27,623 INFO watchfiles.main: 1 change detected
2026-07-29 23:09:28,028 INFO watchfiles.main: 1 change detected
2026-07-29 23:09:28,393 INFO watchfiles.main: 1 change detected
2026-07-29 23:09:28,795 INFO watchfiles.main: 1 change detected
2026-07-29 23:09:29,210 INFO watchfiles.main: 1 change detected
2026-07-29 23:09:29,627 INFO watchfiles.main: 1 change detected
2026-07-29 23:09:29,993 INFO watchfiles.main: 1 change detected
2026-07-29 23:09:30,395 INFO watchfiles.main: 1 change detected
2026-07-29 23:09:30,810 INFO watchfiles.main: 1 change detected
2026-07-29 23:09:31,226 INFO watchfiles.main: 1 change detected
2026-07-29 23:09:31,628 INFO watchfiles.main: 1 change detected
2026-07-29 23:09:31,992 INFO watchfiles.main: 1 change detected
2026-07-29 23:09:32,394 INFO watchfiles.main: 1 change detected
2026-07-29 23:09:32,861 INFO watchfiles.main: 1 change detected
2026-07-29 23:09:33,225 INFO watchfiles.main: 1 change detected
2026-07-29 23:09:33,627 INFO watchfiles.main: 1 change detected
2026-07-29 23:09:34,042 INFO watchfiles.main: 1 change detected
2026-07-29 23:09:34,459 INFO watchfiles.main: 1 change detected
2026-07-29 23:09:34,866 INFO watchfiles.main: 1 change detected
2026-07-29 23:09:35,276 INFO watchfiles.main: 1 change detected
2026-07-29 23:09:35,642 INFO watchfiles.main: 1 change detected
2026-07-29 23:09:36,058 INFO watchfiles.main: 1 change detected
2026-07-29 23:09:36,475 INFO watchfiles.main: 1 change detected
2026-07-29 23:09:36,841 INFO watchfiles.main: 1 change detected
2026-07-29 23:09:37,243 INFO watchfiles.main: 1 change detected
2026-07-29 23:09:37,659 INFO watchfiles.main: 1 change detected
2026-07-29 23:09:38,075 INFO watchfiles.main: 1 change detected
2026-07-29 23:09:38,442 INFO watchfiles.main: 1 change detected
2026-07-29 23:09:38,858 INFO watchfiles.main: 1 change detected
2026-07-29 23:09:39,275 INFO watchfiles.main: 1 change detected
2026-07-29 23:09:39,641 INFO watchfiles.main: 1 change detected
2026-07-29 23:09:40,058 INFO watchfiles.main: 1 change detected
2026-07-29 23:09:40,424 INFO watchfiles.main: 1 change detected
2026-07-29 23:09:40,841 INFO watchfiles.main: 1 change detected
2026-07-29 23:09:41,257 INFO watchfiles.main: 1 change detected
2026-07-29 23:09:41,623 INFO watchfiles.main: 1 change detected
2026-07-29 23:09:42,025 INFO watchfiles.main: 1 change detected
2026-07-29 23:09:42,441 INFO watchfiles.main: 1 change detected
2026-07-29 23:09:42,857 INFO watchfiles.main: 1 change detected
2026-07-29 23:09:43,259 INFO watchfiles.main: 1 change detected
2026-07-29 23:09:43,623 INFO watchfiles.main: 1 change detected
2026-07-29 23:09:44,025 INFO watchfiles.main: 1 change detected
2026-07-29 23:09:44,440 INFO watchfiles.main: 1 change detected
2026-07-29 23:09:44,850 INFO watchfiles.main: 1 change detected
2026-07-29 23:09:45,258 INFO watchfiles.main: 1 change detected
2026-07-29 23:09:45,673 INFO watchfiles.main: 1 change detected
2026-07-29 23:09:46,039 INFO watchfiles.main: 1 change detected
2026-07-29 23:09:46,441 INFO watchfiles.main: 1 change detected
2026-07-29 23:09:46,849 INFO watchfiles.main: 1 change detected
2026-07-29 23:09:47,258 INFO watchfiles.main: 1 change detected
2026-07-29 23:09:47,673 INFO watchfiles.main: 1 change detected
2026-07-29 23:09:48,089 INFO watchfiles.main: 1 change detected
2026-07-29 23:09:48,492 INFO watchfiles.main: 1 change detected
2026-07-29 23:09:48,856 INFO watchfiles.main: 1 change detected
2026-07-29 23:09:49,273 INFO watchfiles.main: 1 change detected
2026-07-29 23:09:49,693 INFO watchfiles.main: 1 change detected
2026-07-29 23:09:50,111 INFO watchfiles.main: 1 change detected
2026-07-29 23:09:50,522 INFO watchfiles.main: 1 change detected
2026-07-29 23:09:50,888 INFO watchfiles.main: 1 change detected
2026-07-29 23:09:51,305 INFO watchfiles.main: 1 change detected
2026-07-29 23:09:51,722 INFO watchfiles.main: 1 change detected
2026-07-29 23:09:52,088 INFO watchfiles.main: 1 change detected
2026-07-29 23:09:52,490 INFO watchfiles.main: 1 change detected
2026-07-29 23:09:52,905 INFO watchfiles.main: 1 change detected
2026-07-29 23:09:53,307 INFO watchfiles.main: 1 change detected
2026-07-29 23:09:53,722 INFO watchfiles.main: 1 change detected
2026-07-29 23:09:54,123 INFO watchfiles.main: 1 change detected
2026-07-29 23:09:54,488 INFO watchfiles.main: 1 change detected
2026-07-29 23:09:54,897 INFO watchfiles.main: 1 change detected
2026-07-29 23:09:55,307 INFO watchfiles.main: 1 change detected
2026-07-29 23:09:55,721 INFO watchfiles.main: 1 change detected
2026-07-29 23:09:56,138 INFO watchfiles.main: 1 change detected
2026-07-29 23:09:56,540 INFO watchfiles.main: 1 change detected
2026-07-29 23:09:56,904 INFO watchfiles.main: 1 change detected
2026-07-29 23:09:57,305 INFO watchfiles.main: 1 change detected
2026-07-29 23:09:57,721 INFO watchfiles.main: 1 change detected
2026-07-29 23:09:58,138 INFO watchfiles.main: 1 change detected
2026-07-29 23:09:58,504 INFO watchfiles.main: 1 change detected
2026-07-29 23:09:58,906 INFO watchfiles.main: 1 change detected
2026-07-29 23:09:59,321 INFO watchfiles.main: 1 change detected
2026-07-29 23:09:59,737 INFO watchfiles.main: 1 change detected
2026-07-29 23:10:00,139 INFO watchfiles.main: 1 change detected
2026-07-29 23:10:00,554 INFO watchfiles.main: 1 change detected
2026-07-29 23:10:00,971 INFO watchfiles.main: 1 change detected
2026-07-29 23:10:01,336 INFO watchfiles.main: 1 change detected
2026-07-29 23:10:01,738 INFO watchfiles.main: 1 change detected
2026-07-29 23:10:02,153 INFO watchfiles.main: 1 change detected
2026-07-29 23:10:02,555 INFO watchfiles.main: 1 change detected
2026-07-29 23:10:02,970 INFO watchfiles.main: 1 change detected
2026-07-29 23:10:03,336 INFO watchfiles.main: 1 change detected
2026-07-29 23:10:03,752 INFO watchfiles.main: 1 change detected
2026-07-29 23:10:04,154 INFO watchfiles.main: 1 change detected
2026-07-29 23:10:04,570 INFO watchfiles.main: 1 change detected
2026-07-29 23:10:04,935 INFO watchfiles.main: 1 change detected
2026-07-29 23:10:05,336 INFO watchfiles.main: 1 change detected
2026-07-29 23:10:05,753 INFO watchfiles.main: 1 change detected
2026-07-29 23:10:06,169 INFO watchfiles.main: 1 change detected
2026-07-29 23:10:06,536 INFO watchfiles.main: 1 change detected
2026-07-29 23:10:06,937 INFO watchfiles.main: 1 change detected
2026-07-29 23:10:07,353 INFO watchfiles.main: 1 change detected
2026-07-29 23:10:07,769 INFO watchfiles.main: 1 change detected
2026-07-29 23:10:08,186 INFO watchfiles.main: 1 change detected
2026-07-29 23:10:08,552 INFO watchfiles.main: 1 change detected
2026-07-29 23:10:09,004 INFO watchfiles.main: 1 change detected
2026-07-29 23:10:09,419 INFO watchfiles.main: 1 change detected
2026-07-29 23:10:09,834 INFO watchfiles.main: 1 change detected
2026-07-29 23:10:10,246 INFO watchfiles.main: 1 change detected
2026-07-29 23:10:10,662 INFO watchfiles.main: 1 change detected
2026-07-29 23:10:11,065 INFO watchfiles.main: 1 change detected
2026-07-29 23:10:11,431 INFO watchfiles.main: 1 change detected
2026-07-29 23:10:11,843 INFO watchfiles.main: 1 change detected
2026-07-29 23:10:12,246 INFO watchfiles.main: 1 change detected
2026-07-29 23:10:12,651 INFO watchfiles.main: 1 change detected
2026-07-29 23:10:13,064 INFO watchfiles.main: 1 change detected
2026-07-29 23:10:13,479 INFO watchfiles.main: 1 change detected
2026-07-29 23:10:13,893 INFO watchfiles.main: 1 change detected
2026-07-29 23:10:14,296 INFO watchfiles.main: 1 change detected
2026-07-29 23:10:14,699 INFO watchfiles.main: 1 change detected
2026-07-29 23:10:15,107 INFO watchfiles.main: 1 change detected
2026-07-29 23:10:15,519 INFO watchfiles.main: 1 change detected
2026-07-29 23:10:15,924 INFO watchfiles.main: 1 change detected
2026-07-29 23:10:16,335 INFO watchfiles.main: 1 change detected
2026-07-29 23:10:16,743 INFO watchfiles.main: 1 change detected
2026-07-29 23:10:17,156 INFO watchfiles.main: 1 change detected
2026-07-29 23:10:17,573 INFO watchfiles.main: 1 change detected
2026-07-29 23:10:17,976 INFO watchfiles.main: 1 change detected
2026-07-29 23:10:18,436 INFO watchfiles.main: 1 change detected
2026-07-29 23:10:18,800 INFO watchfiles.main: 1 change detected
2026-07-29 23:10:19,259 INFO watchfiles.main: 1 change detected
2026-07-29 23:10:19,669 INFO watchfiles.main: 1 change detected
2026-07-29 23:10:20,074 INFO watchfiles.main: 1 change detected
2026-07-29 23:10:20,484 INFO watchfiles.main: 1 change detected
2026-07-29 23:10:20,848 INFO watchfiles.main: 1 change detected
2026-07-29 23:10:21,250 INFO watchfiles.main: 1 change detected
2026-07-29 23:10:21,702 INFO watchfiles.main: 1 change detected
2026-07-29 23:10:22,106 INFO watchfiles.main: 1 change detected
2026-07-29 23:10:22,516 INFO watchfiles.main: 1 change detected
2026-07-29 23:10:22,933 INFO watchfiles.main: 1 change detected
2026-07-29 23:10:23,299 INFO watchfiles.main: 1 change detected
2026-07-29 23:10:23,704 INFO watchfiles.main: 1 change detected
2026-07-29 23:10:24,109 INFO watchfiles.main: 1 change detected
2026-07-29 23:10:24,516 INFO watchfiles.main: 1 change detected
2026-07-29 23:10:24,925 INFO watchfiles.main: 1 change detected
2026-07-29 23:10:25,334 INFO watchfiles.main: 1 change detected
2026-07-29 23:10:25,748 INFO watchfiles.main: 1 change detected
2026-07-29 23:10:26,158 INFO watchfiles.main: 1 change detected
2026-07-29 23:10:26,566 INFO watchfiles.main: 1 change detected
2026-07-29 23:10:26,974 INFO watchfiles.main: 1 change detected
2026-07-29 23:10:27,389 INFO watchfiles.main: 1 change detected
2026-07-29 23:10:27,806 INFO watchfiles.main: 1 change detected
2026-07-29 23:10:28,217 INFO watchfiles.main: 1 change detected
2026-07-29 23:10:28,622 INFO watchfiles.main: 1 change detected
2026-07-29 23:10:29,082 INFO watchfiles.main: 1 change detected
2026-07-29 23:10:29,447 INFO watchfiles.main: 1 change detected
2026-07-29 23:10:29,850 INFO watchfiles.main: 1 change detected
2026-07-29 23:10:30,252 INFO watchfiles.main: 1 change detected
2026-07-29 23:10:30,665 INFO watchfiles.main: 1 change detected
2026-07-29 23:10:31,117 INFO watchfiles.main: 1 change detected
2026-07-29 23:10:31,531 INFO watchfiles.main: 1 change detected
2026-07-29 23:10:31,897 INFO watchfiles.main: 1 change detected
2026-07-29 23:10:32,299 INFO watchfiles.main: 1 change detected
2026-07-29 23:10:32,706 INFO watchfiles.main: 1 change detected
2026-07-29 23:10:33,108 INFO watchfiles.main: 1 change detected
2026-07-29 23:10:33,565 INFO watchfiles.main: 1 change detected
2026-07-29 23:10:33,968 INFO watchfiles.main: 1 change detected
2026-07-29 23:10:34,380 INFO watchfiles.main: 1 change detected
2026-07-29 23:10:34,791 INFO watchfiles.main: 1 change detected
2026-07-29 23:10:35,205 INFO watchfiles.main: 1 change detected
2026-07-29 23:10:35,609 INFO watchfiles.main: 1 change detected
2026-07-29 23:10:36,021 INFO watchfiles.main: 1 change detected
2026-07-29 23:10:36,438 INFO watchfiles.main: 1 change detected
2026-07-29 23:10:36,850 INFO watchfiles.main: 1 change detected
2026-07-29 23:10:37,251 INFO watchfiles.main: 1 change detected
2026-07-29 23:10:37,657 INFO watchfiles.main: 1 change detected
2026-07-29 23:10:38,061 INFO watchfiles.main: 1 change detected
2026-07-29 23:10:38,463 INFO watchfiles.main: 1 change detected
2026-07-29 23:10:38,870 INFO watchfiles.main: 1 change detected
2026-07-29 23:10:39,275 INFO watchfiles.main: 1 change detected
2026-07-29 23:10:39,680 INFO watchfiles.main: 1 change detected
2026-07-29 23:10:40,084 INFO watchfiles.main: 1 change detected
2026-07-29 23:10:40,488 INFO watchfiles.main: 1 change detected
2026-07-29 23:10:40,843 INFO watchfiles.main: 1 change detected
2026-07-29 23:10:41,259 INFO watchfiles.main: 1 change detected
2026-07-29 23:10:41,666 INFO watchfiles.main: 1 change detected
2026-07-29 23:10:42,125 INFO watchfiles.main: 1 change detected
2026-07-29 23:10:42,486 INFO watchfiles.main: 1 change detected
2026-07-29 23:10:42,897 INFO watchfiles.main: 1 change detected
2026-07-29 23:10:43,305 INFO watchfiles.main: 1 change detected
2026-07-29 23:10:43,707 INFO watchfiles.main: 1 change detected
2026-07-29 23:10:44,111 INFO watchfiles.main: 1 change detected
2026-07-29 23:10:44,514 INFO watchfiles.main: 1 change detected
2026-07-29 23:10:44,931 INFO watchfiles.main: 1 change detected
2026-07-29 23:10:45,344 INFO watchfiles.main: 1 change detected
2026-07-29 23:10:45,708 INFO watchfiles.main: 1 change detected
2026-07-29 23:10:46,114 INFO watchfiles.main: 1 change detected
2026-07-29 23:10:46,520 INFO watchfiles.main: 1 change detected
2026-07-29 23:10:46,929 INFO watchfiles.main: 1 change detected
2026-07-29 23:10:47,333 INFO watchfiles.main: 1 change detected
2026-07-29 23:10:47,737 INFO watchfiles.main: 1 change detected
2026-07-29 23:10:48,141 INFO watchfiles.main: 1 change detected
2026-07-29 23:10:48,546 INFO watchfiles.main: 1 change detected
2026-07-29 23:10:48,953 INFO watchfiles.main: 1 change detected
2026-07-29 23:10:49,357 INFO watchfiles.main: 1 change detected
2026-07-29 23:10:49,773 INFO watchfiles.main: 1 change detected
2026-07-29 23:10:50,177 INFO watchfiles.main: 1 change detected
2026-07-29 23:10:50,636 INFO watchfiles.main: 1 change detected
2026-07-29 23:10:51,001 INFO watchfiles.main: 1 change detected
2026-07-29 23:10:51,409 INFO watchfiles.main: 1 change detected
2026-07-29 23:10:51,813 INFO watchfiles.main: 1 change detected
2026-07-29 23:10:52,222 INFO watchfiles.main: 1 change detected
2026-07-29 23:10:52,634 INFO watchfiles.main: 1 change detected
2026-07-29 23:10:53,043 INFO watchfiles.main: 1 change detected
2026-07-29 23:10:53,447 INFO watchfiles.main: 1 change detected
2026-07-29 23:10:53,862 INFO watchfiles.main: 1 change detected
2026-07-29 23:10:54,218 INFO watchfiles.main: 1 change detected
2026-07-29 23:10:54,628 INFO watchfiles.main: 1 change detected
2026-07-29 23:10:55,041 INFO watchfiles.main: 1 change detected
2026-07-29 23:10:55,448 INFO watchfiles.main: 1 change detected
2026-07-29 23:10:55,850 INFO watchfiles.main: 1 change detected
2026-07-29 23:10:56,259 INFO watchfiles.main: 1 change detected
2026-07-29 23:10:56,671 INFO watchfiles.main: 1 change detected
2026-07-29 23:10:57,076 INFO watchfiles.main: 1 change detected
2026-07-29 23:10:57,484 INFO watchfiles.main: 1 change detected
2026-07-29 23:10:57,898 INFO watchfiles.main: 1 change detected
2026-07-29 23:10:58,353 INFO watchfiles.main: 1 change detected
2026-07-29 23:10:58,765 INFO watchfiles.main: 1 change detected
2026-07-29 23:10:59,174 INFO watchfiles.main: 1 change detected
2026-07-29 23:10:59,585 INFO watchfiles.main: 1 change detected
2026-07-29 23:11:00,044 INFO watchfiles.main: 1 change detected
2026-07-29 23:11:00,408 INFO watchfiles.main: 1 change detected
2026-07-29 23:11:00,818 INFO watchfiles.main: 1 change detected
2026-07-29 23:11:01,279 INFO watchfiles.main: 1 change detected
2026-07-29 23:11:01,685 INFO watchfiles.main: 1 change detected
2026-07-29 23:11:02,099 INFO watchfiles.main: 1 change detected
2026-07-29 23:11:02,500 INFO watchfiles.main: 1 change detected
2026-07-29 23:11:02,909 INFO watchfiles.main: 1 change detected
2026-07-29 23:11:03,317 INFO watchfiles.main: 1 change detected
2026-07-29 23:11:03,727 INFO watchfiles.main: 1 change detected
2026-07-29 23:11:04,140 INFO watchfiles.main: 1 change detected
2026-07-29 23:11:04,546 INFO watchfiles.main: 1 change detected
2026-07-29 23:11:04,957 INFO watchfiles.main: 1 change detected
2026-07-29 23:11:05,362 INFO watchfiles.main: 1 change detected
2026-07-29 23:11:05,825 INFO watchfiles.main: 1 change detected
2026-07-29 23:11:06,240 INFO watchfiles.main: 1 change detected
2026-07-29 23:11:06,598 INFO watchfiles.main: 1 change detected
2026-07-29 23:11:07,058 INFO watchfiles.main: 1 change detected
2026-07-29 23:11:07,467 INFO watchfiles.main: 1 change detected
2026-07-29 23:11:07,874 INFO watchfiles.main: 1 change detected
2026-07-29 23:11:08,283 INFO watchfiles.main: 1 change detected
2026-07-29 23:11:08,690 INFO watchfiles.main: 1 change detected
2026-07-29 23:11:09,107 INFO watchfiles.main: 1 change detected
2026-07-29 23:11:09,514 INFO watchfiles.main: 1 change detected
2026-07-29 23:11:09,930 INFO watchfiles.main: 1 change detected
2026-07-29 23:11:10,341 INFO watchfiles.main: 1 change detected
2026-07-29 23:11:10,756 INFO watchfiles.main: 1 change detected
2026-07-29 23:11:11,172 INFO watchfiles.main: 1 change detected
2026-07-29 23:11:11,576 INFO watchfiles.main: 1 change detected
2026-07-29 23:11:11,983 INFO watchfiles.main: 1 change detected
2026-07-29 23:11:12,389 INFO watchfiles.main: 1 change detected
2026-07-29 23:11:12,755 INFO watchfiles.main: 1 change detected
2026-07-29 23:11:13,161 INFO watchfiles.main: 1 change detected
2026-07-29 23:11:13,617 INFO watchfiles.main: 1 change detected
2026-07-29 23:11:14,023 INFO watchfiles.main: 1 change detected
2026-07-29 23:11:14,388 INFO watchfiles.main: 1 change detected
2026-07-29 23:11:14,804 INFO watchfiles.main: 1 change detected
2026-07-29 23:11:15,212 INFO watchfiles.main: 1 change detected
2026-07-29 23:11:15,621 INFO watchfiles.main: 1 change detected
2026-07-29 23:11:16,038 INFO watchfiles.main: 1 change detected
2026-07-29 23:11:16,455 INFO watchfiles.main: 1 change detected
2026-07-29 23:11:16,821 INFO watchfiles.main: 1 change detected
2026-07-29 23:11:17,238 INFO watchfiles.main: 1 change detected
2026-07-29 23:11:17,654 INFO watchfiles.main: 1 change detected
2026-07-29 23:11:18,020 INFO watchfiles.main: 1 change detected
2026-07-29 23:11:18,479 INFO watchfiles.main: 1 change detected
2026-07-29 23:11:18,882 INFO watchfiles.main: 1 change detected
2026-07-29 23:11:19,338 INFO watchfiles.main: 1 change detected
2026-07-29 23:11:19,705 INFO watchfiles.main: 1 change detected
2026-07-29 23:11:20,121 INFO watchfiles.main: 1 change detected
2026-07-29 23:11:20,526 INFO watchfiles.main: 1 change detected
2026-07-29 23:11:20,936 INFO watchfiles.main: 1 change detected
2026-07-29 23:11:21,339 INFO watchfiles.main: 1 change detected
2026-07-29 23:11:21,753 INFO watchfiles.main: 1 change detected
2026-07-29 23:11:22,156 INFO watchfiles.main: 1 change detected
2026-07-29 23:11:22,564 INFO watchfiles.main: 1 change detected
2026-07-29 23:11:22,971 INFO watchfiles.main: 1 change detected
2026-07-29 23:11:23,336 INFO watchfiles.main: 1 change detected
2026-07-29 23:11:23,842 INFO watchfiles.main: 1 change detected
2026-07-29 23:11:24,258 INFO watchfiles.main: 1 change detected
2026-07-29 23:11:24,664 INFO watchfiles.main: 1 change detected
2026-07-29 23:11:25,071 INFO watchfiles.main: 1 change detected
2026-07-29 23:11:25,486 INFO watchfiles.main: 1 change detected
2026-07-29 23:11:25,912 INFO watchfiles.main: 1 change detected
2026-07-29 23:11:26,327 INFO watchfiles.main: 1 change detected
2026-07-29 23:11:26,736 INFO watchfiles.main: 1 change detected
2026-07-29 23:11:27,102 INFO watchfiles.main: 1 change detected
2026-07-29 23:11:27,554 INFO watchfiles.main: 1 change detected
2026-07-29 23:11:27,908 INFO watchfiles.main: 1 change detected
2026-07-29 23:11:28,370 INFO watchfiles.main: 1 change detected
2026-07-29 23:11:28,736 INFO watchfiles.main: 1 change detected
2026-07-29 23:11:29,152 INFO watchfiles.main: 1 change detected
2026-07-29 23:11:29,559 INFO watchfiles.main: 1 change detected
2026-07-29 23:11:29,964 INFO watchfiles.main: 1 change detected
2026-07-29 23:11:30,370 INFO watchfiles.main: 1 change detected
2026-07-29 23:11:30,785 INFO watchfiles.main: 1 change detected
2026-07-29 23:11:31,188 INFO watchfiles.main: 1 change detected
2026-07-29 23:11:31,595 INFO watchfiles.main: 1 change detected
2026-07-29 23:11:32,002 INFO watchfiles.main: 1 change detected
2026-07-29 23:11:32,418 INFO watchfiles.main: 1 change detected
2026-07-29 23:11:32,834 INFO watchfiles.main: 1 change detected
2026-07-29 23:11:33,240 INFO watchfiles.main: 1 change detected
2026-07-29 23:11:33,653 INFO watchfiles.main: 1 change detected
2026-07-29 23:11:34,017 INFO watchfiles.main: 1 change detected
2026-07-29 23:11:34,419 INFO watchfiles.main: 1 change detected
2026-07-29 23:11:34,875 INFO watchfiles.main: 1 change detected
2026-07-29 23:11:35,276 INFO watchfiles.main: 1 change detected
2026-07-29 23:11:35,687 INFO watchfiles.main: 1 change detected
2026-07-29 23:11:36,101 INFO watchfiles.main: 1 change detected
2026-07-29 23:11:36,516 INFO watchfiles.main: 1 change detected
2026-07-29 23:11:36,925 INFO watchfiles.main: 1 change detected
2026-07-29 23:11:37,335 INFO watchfiles.main: 1 change detected
2026-07-29 23:11:37,700 INFO watchfiles.main: 1 change detected
2026-07-29 23:11:38,102 INFO watchfiles.main: 1 change detected
2026-07-29 23:11:38,509 INFO watchfiles.main: 1 change detected
2026-07-29 23:11:38,969 INFO watchfiles.main: 1 change detected
2026-07-29 23:11:39,332 INFO watchfiles.main: 1 change detected
2026-07-29 23:11:39,734 INFO watchfiles.main: 1 change detected
2026-07-29 23:11:40,139 INFO watchfiles.main: 1 change detected
2026-07-29 23:11:40,595 INFO watchfiles.main: 1 change detected
2026-07-29 23:11:41,000 INFO watchfiles.main: 1 change detected
2026-07-29 23:11:41,366 INFO watchfiles.main: 1 change detected
2026-07-29 23:11:41,771 INFO watchfiles.main: 1 change detected
2026-07-29 23:11:42,228 INFO watchfiles.main: 1 change detected
2026-07-29 23:11:42,640 INFO watchfiles.main: 1 change detected
2026-07-29 23:11:43,056 INFO watchfiles.main: 1 change detected
2026-07-29 23:11:43,467 INFO watchfiles.main: 1 change detected
2026-07-29 23:11:43,921 INFO watchfiles.main: 1 change detected
2026-07-29 23:11:44,287 INFO watchfiles.main: 1 change detected
2026-07-29 23:11:44,699 INFO watchfiles.main: 1 change detected
2026-07-29 23:11:45,115 INFO watchfiles.main: 1 change detected
2026-07-29 23:11:45,574 INFO watchfiles.main: 1 change detected
2026-07-29 23:11:45,933 INFO watchfiles.main: 1 change detected
2026-07-29 23:11:46,342 INFO watchfiles.main: 1 change detected
2026-07-29 23:11:46,803 INFO watchfiles.main: 1 change detected
2026-07-29 23:11:47,210 INFO watchfiles.main: 1 change detected
2026-07-29 23:11:47,620 INFO watchfiles.main: 1 change detected
2026-07-29 23:11:48,024 INFO watchfiles.main: 1 change detected
2026-07-29 23:11:48,436 INFO watchfiles.main: 1 change detected
2026-07-29 23:11:48,842 INFO watchfiles.main: 1 change detected
2026-07-29 23:11:49,258 INFO watchfiles.main: 1 change detected
2026-07-29 23:11:49,665 INFO watchfiles.main: 1 change detected
2026-07-29 23:11:50,067 INFO watchfiles.main: 1 change detected
2026-07-29 23:11:50,474 INFO watchfiles.main: 1 change detected
2026-07-29 23:11:50,882 INFO watchfiles.main: 1 change detected
2026-07-29 23:11:51,248 INFO watchfiles.main: 1 change detected
2026-07-29 23:11:51,651 INFO watchfiles.main: 1 change detected
2026-07-29 23:11:52,109 INFO watchfiles.main: 1 change detected
2026-07-29 23:11:52,515 INFO watchfiles.main: 1 change detected
2026-07-29 23:11:52,880 INFO watchfiles.main: 1 change detected
2026-07-29 23:11:53,296 INFO watchfiles.main: 1 change detected
2026-07-29 23:11:53,702 INFO watchfiles.main: 1 change detected
2026-07-29 23:11:54,113 INFO watchfiles.main: 1 change detected
2026-07-29 23:11:54,530 INFO watchfiles.main: 1 change detected
2026-07-29 23:11:54,896 INFO watchfiles.main: 1 change detected
2026-07-29 23:11:55,310 INFO watchfiles.main: 1 change detected
2026-07-29 23:11:55,724 INFO watchfiles.main: 1 change detected
2026-07-29 23:11:56,131 INFO watchfiles.main: 1 change detected
2026-07-29 23:11:56,546 INFO watchfiles.main: 1 change detected
2026-07-29 23:11:56,963 INFO watchfiles.main: 1 change detected
2026-07-29 23:11:57,365 INFO watchfiles.main: 1 change detected
2026-07-29 23:11:57,778 INFO watchfiles.main: 1 change detected
2026-07-29 23:11:58,193 INFO watchfiles.main: 1 change detected
2026-07-29 23:11:58,602 INFO watchfiles.main: 2 changes detected
2026-07-29 23:11:58,960 INFO watchfiles.main: 2 changes detected
2026-07-29 23:11:59,322 INFO watchfiles.main: 2 changes detected
2026-07-29 23:11:59,737 INFO watchfiles.main: 2 changes detected
2026-07-29 23:12:00,099 INFO watchfiles.main: 1 change detected
2026-07-29 23:12:00,456 INFO watchfiles.main: 1 change detected
2026-07-29 23:12:00,850 INFO watchfiles.main: 1 change detected
2026-07-29 23:12:01,204 INFO watchfiles.main: 1 change detected
2026-07-29 23:12:01,563 INFO watchfiles.main: 1 change detected
2026-07-29 23:12:01,927 INFO watchfiles.main: 1 change detected
2026-07-29 23:12:02,338 INFO watchfiles.main: 1 change detected
2026-07-29 23:12:02,802 INFO watchfiles.main: 1 change detected
2026-07-29 23:12:03,163 INFO watchfiles.main: 1 change detected
2026-07-29 23:12:03,572 INFO watchfiles.main: 1 change detected
2026-07-29 23:12:03,984 INFO watchfiles.main: 1 change detected
2026-07-29 23:12:04,441 INFO watchfiles.main: 1 change detected
2026-07-29 23:12:04,851 INFO watchfiles.main: 1 change detected
2026-07-29 23:12:05,262 INFO watchfiles.main: 1 change detected
2026-07-29 23:12:05,667 INFO watchfiles.main: 1 change detected
2026-07-29 23:12:06,070 INFO watchfiles.main: 1 change detected
2026-07-29 23:12:06,480 INFO watchfiles.main: 1 change detected
2026-07-29 23:12:06,894 INFO watchfiles.main: 1 change detected
2026-07-29 23:12:07,303 INFO watchfiles.main: 1 change detected
2026-07-29 23:12:07,712 INFO watchfiles.main: 1 change detected
2026-07-29 23:12:08,077 INFO watchfiles.main: 1 change detected
2026-07-29 23:12:08,532 INFO watchfiles.main: 1 change detected
2026-07-29 23:12:08,934 INFO watchfiles.main: 1 change detected
2026-07-29 23:12:09,363 INFO watchfiles.main: 1 change detected
2026-07-29 23:12:09,773 INFO watchfiles.main: 1 change detected
2026-07-29 23:12:10,127 INFO watchfiles.main: 1 change detected
2026-07-29 23:12:10,580 INFO watchfiles.main: 1 change detected
2026-07-29 23:12:10,985 INFO watchfiles.main: 1 change detected
2026-07-29 23:12:11,395 INFO watchfiles.main: 1 change detected
2026-07-29 23:12:11,759 INFO watchfiles.main: 1 change detected
2026-07-29 23:12:12,176 INFO watchfiles.main: 1 change detected
2026-07-29 23:12:12,582 INFO watchfiles.main: 1 change detected
2026-07-29 23:12:12,994 INFO watchfiles.main: 1 change detected
2026-07-29 23:12:13,409 INFO watchfiles.main: 1 change detected
2026-07-29 23:12:13,776 INFO watchfiles.main: 1 change detected
2026-07-29 23:12:14,183 INFO watchfiles.main: 1 change detected
2026-07-29 23:12:14,638 INFO watchfiles.main: 1 change detected
2026-07-29 23:12:14,993 INFO watchfiles.main: 1 change detected
2026-07-29 23:12:15,409 INFO watchfiles.main: 1 change detected
2026-07-29 23:12:15,817 INFO watchfiles.main: 1 change detected
2026-07-29 23:12:16,220 INFO watchfiles.main: 1 change detected
2026-07-29 23:12:16,677 INFO watchfiles.main: 1 change detected
2026-07-29 23:12:17,037 INFO watchfiles.main: 1 change detected
2026-07-29 23:12:17,454 INFO watchfiles.main: 1 change detected
2026-07-29 23:12:17,870 INFO watchfiles.main: 1 change detected
2026-07-29 23:12:18,286 INFO watchfiles.main: 1 change detected
2026-07-29 23:12:18,699 INFO watchfiles.main: 1 change detected
2026-07-29 23:12:19,107 INFO watchfiles.main: 1 change detected
2026-07-29 23:12:19,510 INFO watchfiles.main: 1 change detected
2026-07-29 23:12:19,918 INFO watchfiles.main: 1 change detected
2026-07-29 23:12:20,321 INFO watchfiles.main: 4 changes detected
2026-07-29 23:12:20,684 INFO watchfiles.main: 1 change detected
2026-07-29 23:12:21,093 INFO watchfiles.main: 1 change detected
2026-07-29 23:12:21,457 INFO watchfiles.main: 1 change detected
2026-07-29 23:12:21,862 INFO watchfiles.main: 1 change detected
2026-07-29 23:12:22,269 INFO watchfiles.main: 1 change detected
2026-07-29 23:12:22,680 INFO watchfiles.main: 1 change detected
2026-07-29 23:12:23,096 INFO watchfiles.main: 1 change detected
2026-07-29 23:12:23,503 INFO watchfiles.main: 1 change detected
2026-07-29 23:12:23,911 INFO watchfiles.main: 1 change detected
2026-07-29 23:12:24,317 INFO watchfiles.main: 1 change detected
2026-07-29 23:12:24,775 INFO watchfiles.main: 1 change detected
2026-07-29 23:12:25,140 INFO watchfiles.main: 1 change detected
2026-07-29 23:12:25,543 INFO watchfiles.main: 1 change detected
2026-07-29 23:12:25,949 INFO watchfiles.main: 1 change detected
2026-07-29 23:12:26,360 INFO watchfiles.main: 1 change detected
2026-07-29 23:12:26,773 INFO watchfiles.main: 1 change detected
2026-07-29 23:12:27,180 INFO watchfiles.main: 1 change detected
2026-07-29 23:12:27,589 INFO watchfiles.main: 1 change detected
2026-07-29 23:12:27,991 INFO watchfiles.main: 1 change detected
2026-07-29 23:12:28,407 INFO watchfiles.main: 1 change detected
2026-07-29 23:12:28,811 INFO watchfiles.main: 1 change detected
2026-07-29 23:12:29,217 INFO watchfiles.main: 1 change detected
2026-07-29 23:12:29,624 INFO watchfiles.main: 1 change detected
2026-07-29 23:12:30,040 INFO watchfiles.main: 1 change detected
2026-07-29 23:12:30,442 INFO watchfiles.main: 1 change detected
2026-07-29 23:12:30,850 INFO watchfiles.main: 1 change detected
2026-07-29 23:12:31,260 INFO watchfiles.main: 1 change detected
2026-07-29 23:12:31,672 INFO watchfiles.main: 1 change detected
2026-07-29 23:12:32,074 INFO watchfiles.main: 1 change detected
2026-07-29 23:12:32,489 INFO watchfiles.main: 1 change detected
2026-07-29 23:12:32,855 INFO watchfiles.main: 1 change detected
2026-07-29 23:12:33,263 INFO watchfiles.main: 1 change detected
2026-07-29 23:12:33,722 INFO watchfiles.main: 1 change detected
2026-07-29 23:12:34,088 INFO watchfiles.main: 1 change detected
2026-07-29 23:12:34,490 INFO watchfiles.main: 1 change detected
2026-07-29 23:12:34,894 INFO watchfiles.main: 1 change detected
2026-07-29 23:12:35,314 INFO watchfiles.main: 1 change detected
2026-07-29 23:12:35,723 INFO watchfiles.main: 1 change detected
2026-07-29 23:12:36,139 INFO watchfiles.main: 1 change detected
2026-07-29 23:12:36,547 INFO watchfiles.main: 1 change detected
2026-07-29 23:12:36,963 INFO watchfiles.main: 1 change detected
2026-07-29 23:12:37,373 INFO watchfiles.main: 1 change detected
2026-07-29 23:12:37,788 INFO watchfiles.main: 1 change detected
2026-07-29 23:12:38,191 INFO watchfiles.main: 1 change detected
2026-07-29 23:12:38,594 INFO watchfiles.main: 1 change detected
2026-07-29 23:12:38,999 INFO watchfiles.main: 1 change detected
2026-07-29 23:12:39,411 INFO watchfiles.main: 1 change detected
2026-07-29 23:12:39,819 INFO watchfiles.main: 1 change detected
2026-07-29 23:12:40,197 INFO watchfiles.main: 1 change detected
2026-07-29 23:12:40,599 INFO watchfiles.main: 1 change detected
2026-07-29 23:12:41,012 INFO watchfiles.main: 1 change detected
2026-07-29 23:12:41,377 INFO watchfiles.main: 1 change detected
2026-07-29 23:12:41,781 INFO watchfiles.main: 1 change detected
2026-07-29 23:12:42,193 INFO watchfiles.main: 1 change detected
2026-07-29 23:12:42,599 INFO watchfiles.main: 1 change detected
2026-07-29 23:12:43,004 INFO watchfiles.main: 1 change detected
2026-07-29 23:12:43,420 INFO watchfiles.main: 1 change detected
2026-07-29 23:12:43,826 INFO watchfiles.main: 1 change detected
2026-07-29 23:12:44,236 INFO watchfiles.main: 1 change detected
2026-07-29 23:12:44,647 INFO watchfiles.main: 1 change detected
2026-07-29 23:12:45,004 INFO watchfiles.main: 3 changes detected
2026-07-29 23:12:45,359 INFO watchfiles.main: 2 changes detected
2026-07-29 23:12:45,772 INFO watchfiles.main: 1 change detected
2026-07-29 23:12:46,136 INFO watchfiles.main: 1 change detected
2026-07-29 23:12:46,494 INFO watchfiles.main: 1 change detected
2026-07-29 23:12:46,902 INFO watchfiles.main: 1 change detected
2026-07-29 23:12:47,303 INFO watchfiles.main: 1 change detected
2026-07-29 23:12:47,706 INFO watchfiles.main: 1 change detected
2026-07-29 23:12:48,112 INFO watchfiles.main: 1 change detected
2026-07-29 23:12:48,570 INFO watchfiles.main: 1 change detected
2026-07-29 23:12:48,935 INFO watchfiles.main: 1 change detected
2026-07-29 23:12:49,352 INFO watchfiles.main: 1 change detected
2026-07-29 23:12:49,770 INFO watchfiles.main: 1 change detected
2026-07-29 23:12:50,180 INFO watchfiles.main: 1 change detected
2026-07-29 23:12:50,545 INFO watchfiles.main: 1 change detected
2026-07-29 23:12:50,952 INFO watchfiles.main: 1 change detected
2026-07-29 23:12:51,368 INFO watchfiles.main: 1 change detected
2026-07-29 23:12:51,773 INFO watchfiles.main: 1 change detected
2026-07-29 23:12:52,180 INFO watchfiles.main: 1 change detected
2026-07-29 23:12:52,635 INFO watchfiles.main: 1 change detected
2026-07-29 23:12:52,991 INFO watchfiles.main: 1 change detected
2026-07-29 23:12:53,442 INFO watchfiles.main: 1 change detected
2026-07-29 23:12:53,853 INFO watchfiles.main: 1 change detected
2026-07-29 23:12:54,256 INFO watchfiles.main: 1 change detected
2026-07-29 23:12:54,667 INFO watchfiles.main: 1 change detected
2026-07-29 23:12:55,034 INFO watchfiles.main: 1 change detected
2026-07-29 23:12:55,440 INFO watchfiles.main: 1 change detected
2026-07-29 23:12:55,896 INFO watchfiles.main: 1 change detected
2026-07-29 23:12:56,302 INFO watchfiles.main: 1 change detected
2026-07-29 23:12:56,705 INFO watchfiles.main: 1 change detected
2026-07-29 23:12:57,112 INFO watchfiles.main: 1 change detected
2026-07-29 23:12:57,518 INFO watchfiles.main: 1 change detected
2026-07-29 23:12:57,931 INFO watchfiles.main: 1 change detected
2026-07-29 23:12:58,336 INFO watchfiles.main: 1 change detected
2026-07-29 23:12:58,747 INFO watchfiles.main: 1 change detected
2026-07-29 23:12:59,292 INFO watchfiles.main: 1 change detected
2026-07-29 23:12:59,696 INFO watchfiles.main: 1 change detected
2026-07-29 23:13:00,109 INFO watchfiles.main: 1 change detected
2026-07-29 23:13:00,522 INFO watchfiles.main: 1 change detected
2026-07-29 23:13:00,938 INFO watchfiles.main: 1 change detected
2026-07-29 23:13:01,349 INFO watchfiles.main: 1 change detected
2026-07-29 23:13:01,753 INFO watchfiles.main: 1 change detected
2026-07-29 23:13:02,163 INFO watchfiles.main: 1 change detected
2026-07-29 23:13:02,577 INFO watchfiles.main: 1 change detected
2026-07-29 23:13:02,945 INFO watchfiles.main: 1 change detected
2026-07-29 23:13:03,359 INFO watchfiles.main: 1 change detected
2026-07-29 23:13:03,713 INFO watchfiles.main: 1 change detected
2026-07-29 23:13:04,127 INFO watchfiles.main: 1 change detected
2026-07-29 23:13:04,534 INFO watchfiles.main: 1 change detected
2026-07-29 23:13:04,941 INFO watchfiles.main: 1 change detected
2026-07-29 23:13:05,351 INFO watchfiles.main: 1 change detected
2026-07-29 23:13:05,765 INFO watchfiles.main: 1 change detected
2026-07-29 23:13:06,175 INFO watchfiles.main: 1 change detected
2026-07-29 23:13:06,543 INFO watchfiles.main: 1 change detected
2026-07-29 23:13:07,000 INFO watchfiles.main: 1 change detected
2026-07-29 23:13:07,403 INFO watchfiles.main: 1 change detected
2026-07-29 23:13:07,809 INFO watchfiles.main: 1 change detected
2026-07-29 23:13:08,267 INFO watchfiles.main: 1 change detected
2026-07-29 23:13:08,625 INFO watchfiles.main: 1 change detected
2026-07-29 23:13:09,041 INFO watchfiles.main: 1 change detected
2026-07-29 23:13:09,456 INFO watchfiles.main: 1 change detected
2026-07-29 23:13:09,859 INFO watchfiles.main: 1 change detected
2026-07-29 23:13:10,225 INFO watchfiles.main: 1 change detected
2026-07-29 23:13:10,633 INFO watchfiles.main: 1 change detected
2026-07-29 23:13:11,049 INFO watchfiles.main: 1 change detected
2026-07-29 23:13:11,457 INFO watchfiles.main: 1 change detected
2026-07-29 23:13:11,865 INFO watchfiles.main: 1 change detected
2026-07-29 23:13:12,271 INFO watchfiles.main: 1 change detected
2026-07-29 23:13:12,681 INFO watchfiles.main: 1 change detected
2026-07-29 23:13:13,092 INFO watchfiles.main: 1 change detected
2026-07-29 23:13:13,499 INFO watchfiles.main: 1 change detected
2026-07-29 23:13:13,909 INFO watchfiles.main: 1 change detected
2026-07-29 23:13:14,315 INFO watchfiles.main: 1 change detected
2026-07-29 23:13:14,736 INFO watchfiles.main: 1 change detected
2026-07-29 23:13:15,177 INFO watchfiles.main: 1 change detected
2026-07-29 23:13:15,591 INFO watchfiles.main: 1 change detected
2026-07-29 23:13:15,994 INFO watchfiles.main: 1 change detected
2026-07-29 23:13:16,408 INFO watchfiles.main: 1 change detected
2026-07-29 23:13:16,810 INFO watchfiles.main: 1 change detected
2026-07-29 23:13:17,223 INFO watchfiles.main: 1 change detected
2026-07-29 23:13:17,627 INFO watchfiles.main: 1 change detected
2026-07-29 23:13:18,041 INFO watchfiles.main: 1 change detected
2026-07-29 23:13:18,443 INFO watchfiles.main: 1 change detected
2026-07-29 23:13:18,859 INFO watchfiles.main: 1 change detected
2026-07-29 23:13:19,275 INFO watchfiles.main: 1 change detected
2026-07-29 23:13:19,693 INFO watchfiles.main: 1 change detected
2026-07-29 23:13:20,071 INFO watchfiles.main: 1 change detected
2026-07-29 23:13:20,484 INFO watchfiles.main: 1 change detected
2026-07-29 23:13:20,890 INFO watchfiles.main: 1 change detected
2026-07-29 23:13:21,292 INFO watchfiles.main: 1 change detected
2026-07-29 23:13:21,754 INFO watchfiles.main: 1 change detected
2026-07-29 23:13:22,157 INFO watchfiles.main: 1 change detected
2026-07-29 23:13:22,522 INFO watchfiles.main: 1 change detected
2026-07-29 23:13:22,938 INFO watchfiles.main: 1 change detected
2026-07-29 23:13:23,347 INFO watchfiles.main: 1 change detected
2026-07-29 23:13:23,763 INFO watchfiles.main: 1 change detected
2026-07-29 23:13:24,170 INFO watchfiles.main: 1 change detected
2026-07-29 23:13:24,530 INFO watchfiles.main: 1 change detected
2026-07-29 23:13:24,935 INFO watchfiles.main: 1 change detected
2026-07-29 23:13:25,389 INFO watchfiles.main: 1 change detected
2026-07-29 23:13:25,803 INFO watchfiles.main: 1 change detected
2026-07-29 23:13:26,167 INFO watchfiles.main: 1 change detected
2026-07-29 23:13:26,577 INFO watchfiles.main: 1 change detected
2026-07-29 23:13:27,090 INFO watchfiles.main: 1 change detected
2026-07-29 23:13:27,455 INFO watchfiles.main: 1 change detected
2026-07-29 23:13:27,873 INFO watchfiles.main: 1 change detected
2026-07-29 23:13:28,289 INFO watchfiles.main: 1 change detected
2026-07-29 23:13:28,705 INFO watchfiles.main: 1 change detected
2026-07-29 23:13:29,112 INFO watchfiles.main: 1 change detected
2026-07-29 23:13:29,479 INFO watchfiles.main: 1 change detected
2026-07-29 23:13:29,938 INFO watchfiles.main: 1 change detected
2026-07-29 23:13:30,305 INFO watchfiles.main: 1 change detected
2026-07-29 23:13:30,757 INFO watchfiles.main: 1 change detected
2026-07-29 23:13:31,172 INFO watchfiles.main: 1 change detected
2026-07-29 23:13:31,582 INFO watchfiles.main: 1 change detected
2026-07-29 23:13:31,986 INFO watchfiles.main: 1 change detected
2026-07-29 23:13:32,389 INFO watchfiles.main: 1 change detected
2026-07-29 23:13:32,855 INFO watchfiles.main: 1 change detected
2026-07-29 23:13:33,220 INFO watchfiles.main: 1 change detected
2026-07-29 23:13:33,634 INFO watchfiles.main: 1 change detected
2026-07-29 23:13:34,037 INFO watchfiles.main: 1 change detected
2026-07-29 23:13:34,454 INFO watchfiles.main: 1 change detected
2026-07-29 23:13:34,870 INFO watchfiles.main: 1 change detected
2026-07-29 23:13:35,280 INFO watchfiles.main: 1 change detected
2026-07-29 23:13:35,745 INFO watchfiles.main: 1 change detected
2026-07-29 23:13:36,104 INFO watchfiles.main: 1 change detected
2026-07-29 23:13:36,513 INFO watchfiles.main: 1 change detected
2026-07-29 23:13:36,926 INFO watchfiles.main: 1 change detected
2026-07-29 23:13:37,332 INFO watchfiles.main: 1 change detected
2026-07-29 23:13:37,743 INFO watchfiles.main: 1 change detected
2026-07-29 23:13:38,158 INFO watchfiles.main: 1 change detected
2026-07-29 23:13:38,575 INFO watchfiles.main: 1 change detected
2026-07-29 23:13:38,980 INFO watchfiles.main: 1 change detected
2026-07-29 23:13:39,386 INFO watchfiles.main: 1 change detected
2026-07-29 23:13:39,788 INFO watchfiles.main: 1 change detected
2026-07-29 23:13:40,193 INFO watchfiles.main: 1 change detected
2026-07-29 23:13:40,558 INFO watchfiles.main: 1 change detected
2026-07-29 23:13:40,970 INFO watchfiles.main: 1 change detected
2026-07-29 23:13:41,426 INFO watchfiles.main: 1 change detected
2026-07-29 23:13:41,791 INFO watchfiles.main: 1 change detected
2026-07-29 23:13:42,193 INFO watchfiles.main: 1 change detected
2026-07-29 23:13:42,599 INFO watchfiles.main: 1 change detected
2026-07-29 23:13:43,013 INFO watchfiles.main: 1 change detected
2026-07-29 23:13:43,425 INFO watchfiles.main: 1 change detected
2026-07-29 23:13:43,841 INFO watchfiles.main: 1 change detected
2026-07-29 23:13:44,248 INFO watchfiles.main: 1 change detected
2026-07-29 23:13:44,651 INFO watchfiles.main: 1 change detected
2026-07-29 23:13:45,059 INFO watchfiles.main: 1 change detected
2026-07-29 23:13:45,461 INFO watchfiles.main: 1 change detected
2026-07-29 23:13:45,877 INFO watchfiles.main: 1 change detected
2026-07-29 23:13:46,335 INFO watchfiles.main: 1 change detected
2026-07-29 23:13:46,742 INFO watchfiles.main: 1 change detected
2026-07-29 23:13:47,107 INFO watchfiles.main: 1 change detected
2026-07-29 23:13:47,523 INFO watchfiles.main: 1 change detected
2026-07-29 23:13:47,930 INFO watchfiles.main: 1 change detected
2026-07-29 23:13:48,340 INFO watchfiles.main: 1 change detected
2026-07-29 23:13:48,757 INFO watchfiles.main: 1 change detected
2026-07-29 23:13:49,159 INFO watchfiles.main: 1 change detected
2026-07-29 23:13:49,562 INFO watchfiles.main: 1 change detected
2026-07-29 23:13:49,967 INFO watchfiles.main: 1 change detected
2026-07-29 23:13:50,373 INFO watchfiles.main: 1 change detected
2026-07-29 23:13:50,739 INFO watchfiles.main: 1 change detected
2026-07-29 23:13:51,144 INFO watchfiles.main: 1 change detected
2026-07-29 23:13:51,600 INFO watchfiles.main: 1 change detected
2026-07-29 23:13:52,013 INFO watchfiles.main: 1 change detected
2026-07-29 23:13:52,423 INFO watchfiles.main: 1 change detected
2026-07-29 23:13:52,789 INFO watchfiles.main: 1 change detected
2026-07-29 23:13:53,198 INFO watchfiles.main: 1 change detected
2026-07-29 23:13:53,607 INFO watchfiles.main: 1 change detected
2026-07-29 23:13:54,022 INFO watchfiles.main: 1 change detected
2026-07-29 23:13:54,424 INFO watchfiles.main: 1 change detected
2026-07-29 23:13:54,829 INFO watchfiles.main: 1 change detected
2026-07-29 23:13:55,284 INFO watchfiles.main: 1 change detected
2026-07-29 23:13:55,690 INFO watchfiles.main: 1 change detected
2026-07-29 23:13:56,055 INFO watchfiles.main: 1 change detected
2026-07-29 23:13:56,490 INFO watchfiles.main: 1 change detected
2026-07-29 23:13:56,898 INFO watchfiles.main: 1 change detected
2026-07-29 23:13:57,307 INFO watchfiles.main: 1 change detected
2026-07-29 23:13:57,671 INFO watchfiles.main: 1 change detected
2026-07-29 23:13:58,125 INFO watchfiles.main: 1 change detected
2026-07-29 23:13:58,527 INFO watchfiles.main: 1 change detected
2026-07-29 23:13:58,939 INFO watchfiles.main: 1 change detected
2026-07-29 23:13:59,305 INFO watchfiles.main: 1 change detected
2026-07-29 23:13:59,721 INFO watchfiles.main: 1 change detected
2026-07-29 23:14:00,127 INFO watchfiles.main: 1 change detected
2026-07-29 23:14:00,537 INFO watchfiles.main: 1 change detected
2026-07-29 23:14:00,939 INFO watchfiles.main: 1 change detected
2026-07-29 23:14:01,355 INFO watchfiles.main: 1 change detected
2026-07-29 23:14:01,758 INFO watchfiles.main: 1 change detected
2026-07-29 23:14:02,165 INFO watchfiles.main: 1 change detected
2026-07-29 23:14:02,571 INFO watchfiles.main: 1 change detected
2026-07-29 23:14:02,936 INFO watchfiles.main: 1 change detected
2026-07-29 23:14:03,343 INFO watchfiles.main: 1 change detected
2026-07-29 23:14:03,797 INFO watchfiles.main: 1 change detected
2026-07-29 23:14:04,255 INFO watchfiles.main: 1 change detected
2026-07-29 23:14:04,619 INFO watchfiles.main: 1 change detected
2026-07-29 23:14:05,021 INFO watchfiles.main: 1 change detected
2026-07-29 23:14:05,427 INFO watchfiles.main: 1 change detected
2026-07-29 23:14:05,882 INFO watchfiles.main: 1 change detected
2026-07-29 23:14:06,287 INFO watchfiles.main: 1 change detected
2026-07-29 23:14:06,652 INFO watchfiles.main: 1 change detected
2026-07-29 23:14:07,055 INFO watchfiles.main: 1 change detected
2026-07-29 23:14:07,464 INFO watchfiles.main: 1 change detected
2026-07-29 23:14:07,871 INFO watchfiles.main: 1 change detected
2026-07-29 23:14:08,286 INFO watchfiles.main: 1 change detected
2026-07-29 23:14:08,703 INFO watchfiles.main: 1 change detected
2026-07-29 23:14:09,112 INFO watchfiles.main: 1 change detected
2026-07-29 23:14:09,521 INFO watchfiles.main: 1 change detected
2026-07-29 23:14:09,885 INFO watchfiles.main: 1 change detected
2026-07-29 23:14:10,287 INFO watchfiles.main: 1 change detected
2026-07-29 23:14:10,693 INFO watchfiles.main: 1 change detected
2026-07-29 23:14:11,102 INFO watchfiles.main: 1 change detected
2026-07-29 23:14:11,519 INFO watchfiles.main: 1 change detected
2026-07-29 23:14:11,885 INFO watchfiles.main: 1 change detected
2026-07-29 23:14:12,343 INFO watchfiles.main: 1 change detected
2026-07-29 23:14:12,751 INFO watchfiles.main: 1 change detected
2026-07-29 23:14:13,153 INFO watchfiles.main: 1 change detected
2026-07-29 23:14:13,569 INFO watchfiles.main: 1 change detected
2026-07-29 23:14:13,971 INFO watchfiles.main: 1 change detected
2026-07-29 23:14:14,378 INFO watchfiles.main: 1 change detected
2026-07-29 23:14:14,788 INFO watchfiles.main: 1 change detected
2026-07-29 23:14:15,153 INFO watchfiles.main: 1 change detected
2026-07-29 23:14:15,570 INFO watchfiles.main: 1 change detected
2026-07-29 23:14:15,977 INFO watchfiles.main: 1 change detected
2026-07-29 23:14:16,386 INFO watchfiles.main: 1 change detected
2026-07-29 23:14:16,792 INFO watchfiles.main: 1 change detected
2026-07-29 23:14:17,203 INFO watchfiles.main: 1 change detected
2026-07-29 23:14:17,608 INFO watchfiles.main: 1 change detected
2026-07-29 23:14:18,017 INFO watchfiles.main: 1 change detected
2026-07-29 23:14:18,419 INFO watchfiles.main: 1 change detected
2026-07-29 23:14:18,822 INFO watchfiles.main: 1 change detected
2026-07-29 23:14:19,239 INFO watchfiles.main: 1 change detected
2026-07-29 23:14:19,643 INFO watchfiles.main: 1 change detected
2026-07-29 23:14:20,051 INFO watchfiles.main: 1 change detected
2026-07-29 23:14:20,468 INFO watchfiles.main: 1 change detected
2026-07-29 23:14:20,834 INFO watchfiles.main: 1 change detected
2026-07-29 23:14:21,245 INFO watchfiles.main: 1 change detected
2026-07-29 23:14:21,650 INFO watchfiles.main: 1 change detected
2026-07-29 23:14:22,066 INFO watchfiles.main: 1 change detected
2026-07-29 23:14:22,468 INFO watchfiles.main: 1 change detected
2026-07-29 23:14:22,875 INFO watchfiles.main: 1 change detected
2026-07-29 23:14:23,286 INFO watchfiles.main: 1 change detected
2026-07-29 23:14:23,699 INFO watchfiles.main: 1 change detected
2026-07-29 23:14:24,116 INFO watchfiles.main: 1 change detected
2026-07-29 23:14:24,523 INFO watchfiles.main: 1 change detected
2026-07-29 23:14:24,926 INFO watchfiles.main: 1 change detected
2026-07-29 23:14:25,333 INFO watchfiles.main: 1 change detected
2026-07-29 23:14:25,749 INFO watchfiles.main: 1 change detected
2026-07-29 23:14:26,152 INFO watchfiles.main: 1 change detected
2026-07-29 23:14:26,559 INFO watchfiles.main: 1 change detected
2026-07-29 23:14:26,966 INFO watchfiles.main: 1 change detected
2026-07-29 23:14:27,382 INFO watchfiles.main: 1 change detected
2026-07-29 23:14:27,748 INFO watchfiles.main: 1 change detected
2026-07-29 23:14:28,159 INFO watchfiles.main: 1 change detected
2026-07-29 23:14:28,617 INFO watchfiles.main: 1 change detected
2026-07-29 23:14:28,981 INFO watchfiles.main: 1 change detected
2026-07-29 23:14:29,383 INFO watchfiles.main: 1 change detected
2026-07-29 23:14:29,788 INFO watchfiles.main: 1 change detected
2026-07-29 23:14:30,198 INFO watchfiles.main: 1 change detected
2026-07-29 23:14:30,614 INFO watchfiles.main: 1 change detected
2026-07-29 23:14:31,031 INFO watchfiles.main: 1 change detected
2026-07-29 23:14:31,437 INFO watchfiles.main: 1 change detected
2026-07-29 23:14:31,859 INFO watchfiles.main: 1 change detected
2026-07-29 23:14:32,316 INFO watchfiles.main: 1 change detected
2026-07-29 23:14:32,681 INFO watchfiles.main: 1 change detected
2026-07-29 23:14:33,098 INFO watchfiles.main: 1 change detected
2026-07-29 23:14:33,505 INFO watchfiles.main: 1 change detected
2026-07-29 23:14:33,914 INFO watchfiles.main: 1 change detected
2026-07-29 23:14:34,280 INFO watchfiles.main: 1 change detected
2026-07-29 23:14:34,697 INFO watchfiles.main: 1 change detected
2026-07-29 23:14:35,103 INFO watchfiles.main: 1 change detected
2026-07-29 23:14:35,509 INFO watchfiles.main: 1 change detected
2026-07-29 23:14:35,914 INFO watchfiles.main: 1 change detected
2026-07-29 23:14:36,316 INFO watchfiles.main: 1 change detected
2026-07-29 23:14:36,719 INFO watchfiles.main: 1 change detected
2026-07-29 23:14:37,175 INFO watchfiles.main: 1 change detected
2026-07-29 23:14:37,581 INFO watchfiles.main: 1 change detected
2026-07-29 23:14:37,946 INFO watchfiles.main: 1 change detected
2026-07-29 23:14:38,400 INFO watchfiles.main: 1 change detected
2026-07-29 23:14:38,804 INFO watchfiles.main: 1 change detected
2026-07-29 23:14:39,213 INFO watchfiles.main: 1 change detected
2026-07-29 23:14:39,579 INFO watchfiles.main: 1 change detected
2026-07-29 23:14:40,039 INFO watchfiles.main: 1 change detected
2026-07-29 23:14:40,446 INFO watchfiles.main: 1 change detected
2026-07-29 23:14:40,857 INFO watchfiles.main: 1 change detected
2026-07-29 23:14:41,263 INFO watchfiles.main: 1 change detected
2026-07-29 23:14:41,679 INFO watchfiles.main: 1 change detected
2026-07-29 23:14:42,096 INFO watchfiles.main: 1 change detected
2026-07-29 23:14:42,503 INFO watchfiles.main: 1 change detected
2026-07-29 23:14:42,912 INFO watchfiles.main: 1 change detected
2026-07-29 23:14:43,263 INFO watchfiles.main: 1 change detected
2026-07-29 23:14:43,679 INFO watchfiles.main: 1 change detected
2026-07-29 23:14:44,087 INFO watchfiles.main: 1 change detected
2026-07-29 23:14:44,497 INFO watchfiles.main: 1 change detected
2026-07-29 23:14:44,913 INFO watchfiles.main: 1 change detected
2026-07-29 23:14:45,279 INFO watchfiles.main: 1 change detected
2026-07-29 23:14:45,685 INFO watchfiles.main: 1 change detected
2026-07-29 23:14:46,146 INFO watchfiles.main: 1 change detected
2026-07-29 23:14:46,511 INFO watchfiles.main: 1 change detected
2026-07-29 23:14:46,913 INFO watchfiles.main: 1 change detected
2026-07-29 23:14:47,319 INFO watchfiles.main: 1 change detected
2026-07-29 23:14:47,772 INFO watchfiles.main: 1 change detected
2026-07-29 23:14:48,183 INFO watchfiles.main: 1 change detected
2026-07-29 23:14:48,548 INFO watchfiles.main: 1 change detected
2026-07-29 23:14:49,002 INFO watchfiles.main: 1 change detected
2026-07-29 23:14:49,417 INFO watchfiles.main: 1 change detected
2026-07-29 23:14:49,883 INFO watchfiles.main: 1 change detected
2026-07-29 23:14:50,294 INFO watchfiles.main: 1 change detected
2026-07-29 23:14:50,710 INFO watchfiles.main: 1 change detected
2026-07-29 23:14:51,127 INFO watchfiles.main: 1 change detected
2026-07-29 23:14:51,533 INFO watchfiles.main: 1 change detected
2026-07-29 23:14:51,943 INFO watchfiles.main: 1 change detected
2026-07-29 23:14:52,345 INFO watchfiles.main: 1 change detected
2026-07-29 23:14:52,709 INFO watchfiles.main: 1 change detected
2026-07-29 23:14:53,118 INFO watchfiles.main: 1 change detected
2026-07-29 23:14:53,528 INFO watchfiles.main: 1 change detected
2026-07-29 23:14:53,943 INFO watchfiles.main: 1 change detected
2026-07-29 23:14:54,345 INFO watchfiles.main: 1 change detected
2026-07-29 23:14:54,757 INFO watchfiles.main: 1 change detected
2026-07-29 23:14:55,171 INFO watchfiles.main: 1 change detected
2026-07-29 23:14:55,577 INFO watchfiles.main: 1 change detected
2026-07-29 23:14:55,943 INFO watchfiles.main: 1 change detected
2026-07-29 23:14:56,397 INFO watchfiles.main: 1 change detected
2026-07-29 23:14:56,801 INFO watchfiles.main: 1 change detected
2026-07-29 23:14:57,210 INFO watchfiles.main: 1 change detected
2026-07-29 23:14:57,575 INFO watchfiles.main: 1 change detected
2026-07-29 23:14:57,978 INFO watchfiles.main: 1 change detected
2026-07-29 23:14:58,435 INFO watchfiles.main: 1 change detected
2026-07-29 23:14:58,843 INFO watchfiles.main: 1 change detected
2026-07-29 23:14:59,208 INFO watchfiles.main: 1 change detected
2026-07-29 23:14:59,610 INFO watchfiles.main: 1 change detected
2026-07-29 23:15:00,015 INFO watchfiles.main: 1 change detected
2026-07-29 23:15:00,425 INFO watchfiles.main: 1 change detected
2026-07-29 23:15:00,827 INFO watchfiles.main: 1 change detected
2026-07-29 23:15:01,242 INFO watchfiles.main: 1 change detected
2026-07-29 23:15:01,647 INFO watchfiles.main: 1 change detected
2026-07-29 23:15:02,103 INFO watchfiles.main: 1 change detected
2026-07-29 23:15:02,560 INFO watchfiles.main: 1 change detected
2026-07-29 23:15:02,924 INFO watchfiles.main: 1 change detected
2026-07-29 23:15:03,326 INFO watchfiles.main: 1 change detected
2026-07-29 23:15:03,731 INFO watchfiles.main: 1 change detected
2026-07-29 23:15:04,186 INFO watchfiles.main: 1 change detected
2026-07-29 23:15:04,591 INFO watchfiles.main: 1 change detected
2026-07-29 23:15:04,957 INFO watchfiles.main: 1 change detected
2026-07-29 23:15:05,410 INFO watchfiles.main: 1 change detected
2026-07-29 23:15:05,816 INFO watchfiles.main: 1 change detected
2026-07-29 23:15:06,225 INFO watchfiles.main: 1 change detected
2026-07-29 23:15:06,590 INFO watchfiles.main: 1 change detected
2026-07-29 23:15:06,992 INFO watchfiles.main: 1 change detected
2026-07-29 23:15:07,399 INFO watchfiles.main: 1 change detected
2026-07-29 23:15:07,865 INFO watchfiles.main: 1 change detected
2026-07-29 23:15:08,273 INFO watchfiles.main: 1 change detected
2026-07-29 23:15:08,675 INFO watchfiles.main: 1 change detected
2026-07-29 23:15:09,079 INFO watchfiles.main: 1 change detected
2026-07-29 23:15:09,485 INFO watchfiles.main: 1 change detected
2026-07-29 23:15:09,897 INFO watchfiles.main: 1 change detected
2026-07-29 23:15:10,257 INFO watchfiles.main: 1 change detected
2026-07-29 23:15:10,660 INFO watchfiles.main: 1 change detected
2026-07-29 23:15:11,119 INFO watchfiles.main: 1 change detected
2026-07-29 23:15:11,524 INFO watchfiles.main: 1 change detected
2026-07-29 23:15:11,925 INFO watchfiles.main: 1 change detected
2026-07-29 23:15:12,339 INFO watchfiles.main: 1 change detected
2026-07-29 23:15:12,745 INFO watchfiles.main: 1 change detected
2026-07-29 23:15:13,151 INFO watchfiles.main: 1 change detected
2026-07-29 23:15:13,557 INFO watchfiles.main: 1 change detected
2026-07-29 23:15:13,922 INFO watchfiles.main: 1 change detected
2026-07-29 23:15:14,328 INFO watchfiles.main: 1 change detected
2026-07-29 23:15:14,784 INFO watchfiles.main: 1 change detected
2026-07-29 23:15:15,189 INFO watchfiles.main: 1 change detected
2026-07-29 23:15:15,555 INFO watchfiles.main: 1 change detected
2026-07-29 23:15:16,009 INFO watchfiles.main: 1 change detected
2026-07-29 23:15:16,413 INFO watchfiles.main: 1 change detected
2026-07-29 23:15:16,822 INFO watchfiles.main: 1 change detected
2026-07-29 23:15:17,188 INFO watchfiles.main: 1 change detected
2026-07-29 23:15:17,590 INFO watchfiles.main: 1 change detected
2026-07-29 23:15:17,998 INFO watchfiles.main: 1 change detected
2026-07-29 23:15:18,407 INFO watchfiles.main: 1 change detected
2026-07-29 23:15:18,821 INFO watchfiles.main: 1 change detected
2026-07-29 23:15:19,187 INFO watchfiles.main: 1 change detected
2026-07-29 23:15:19,596 INFO watchfiles.main: 1 change detected
2026-07-29 23:15:20,006 INFO watchfiles.main: 1 change detected
2026-07-29 23:15:20,421 INFO watchfiles.main: 1 change detected
2026-07-29 23:15:20,787 INFO watchfiles.main: 1 change detected
2026-07-29 23:15:21,195 INFO watchfiles.main: 1 change detected
2026-07-29 23:15:21,654 INFO watchfiles.main: 1 change detected
2026-07-29 23:15:22,070 INFO watchfiles.main: 1 change detected
2026-07-29 23:15:22,472 INFO watchfiles.main: 1 change detected
2026-07-29 23:15:22,873 INFO watchfiles.main: 1 change detected
2026-07-29 23:15:23,281 INFO watchfiles.main: 1 change detected
2026-07-29 23:15:23,688 INFO watchfiles.main: 1 change detected
2026-07-29 23:15:24,054 INFO watchfiles.main: 1 change detected
2026-07-29 23:15:24,508 INFO watchfiles.main: 1 change detected
2026-07-29 23:15:24,911 INFO watchfiles.main: 1 change detected
2026-07-29 23:15:25,320 INFO watchfiles.main: 1 change detected
2026-07-29 23:15:25,736 INFO watchfiles.main: 1 change detected
2026-07-29 23:15:26,139 INFO watchfiles.main: 1 change detected
2026-07-29 23:15:26,542 INFO watchfiles.main: 1 change detected
2026-07-29 23:15:26,952 INFO watchfiles.main: 1 change detected
2026-07-29 23:15:27,354 INFO watchfiles.main: 1 change detected
2026-07-29 23:15:27,763 INFO watchfiles.main: 1 change detected
2026-07-29 23:15:28,173 INFO watchfiles.main: 1 change detected
2026-07-29 23:15:28,630 INFO watchfiles.main: 1 change detected
2026-07-29 23:15:29,037 INFO watchfiles.main: 1 change detected
2026-07-29 23:15:29,403 INFO watchfiles.main: 1 change detected
2026-07-29 23:15:29,819 INFO watchfiles.main: 1 change detected
2026-07-29 23:15:30,226 INFO watchfiles.main: 1 change detected
2026-07-29 23:15:30,637 INFO watchfiles.main: 1 change detected
2026-07-29 23:15:31,053 INFO watchfiles.main: 1 change detected
2026-07-29 23:15:31,419 INFO watchfiles.main: 1 change detected
2026-07-29 23:15:31,826 INFO watchfiles.main: 1 change detected
2026-07-29 23:15:32,280 INFO watchfiles.main: 1 change detected
2026-07-29 23:15:32,687 INFO watchfiles.main: 1 change detected
2026-07-29 23:15:33,052 INFO watchfiles.main: 1 change detected
2026-07-29 23:15:33,458 INFO watchfiles.main: 1 change detected
2026-07-29 23:15:33,913 INFO watchfiles.main: 1 change detected
2026-07-29 23:15:34,319 INFO watchfiles.main: 1 change detected
2026-07-29 23:15:34,723 INFO watchfiles.main: 1 change detected
2026-07-29 23:15:35,085 INFO watchfiles.main: 1 change detected
2026-07-29 23:15:35,494 INFO watchfiles.main: 1 change detected
2026-07-29 23:15:35,952 INFO watchfiles.main: 1 change detected
2026-07-29 23:15:36,317 INFO watchfiles.main: 1 change detected
2026-07-29 23:15:36,734 INFO watchfiles.main: 1 change detected
2026-07-29 23:15:37,140 INFO watchfiles.main: 1 change detected
2026-07-29 23:15:37,545 INFO watchfiles.main: 1 change detected
2026-07-29 23:15:37,951 INFO watchfiles.main: 1 change detected
2026-07-29 23:15:38,368 INFO watchfiles.main: 1 change detected
2026-07-29 23:15:38,770 INFO watchfiles.main: 1 change detected
2026-07-29 23:15:39,177 INFO watchfiles.main: 1 change detected
2026-07-29 23:15:39,584 INFO watchfiles.main: 1 change detected
2026-07-29 23:15:39,950 INFO watchfiles.main: 1 change detected
2026-07-29 23:15:40,367 INFO watchfiles.main: 1 change detected
2026-07-29 23:15:40,776 INFO watchfiles.main: 1 change detected
2026-07-29 23:15:41,236 INFO watchfiles.main: 1 change detected
2026-07-29 23:15:41,650 INFO watchfiles.main: 1 change detected
2026-07-29 23:15:42,052 INFO watchfiles.main: 1 change detected
2026-07-29 23:15:42,455 INFO watchfiles.main: 1 change detected
2026-07-29 23:15:42,860 INFO watchfiles.main: 1 change detected
2026-07-29 23:15:43,267 INFO watchfiles.main: 1 change detected
2026-07-29 23:15:43,683 INFO watchfiles.main: 1 change detected
2026-07-29 23:15:44,085 INFO watchfiles.main: 1 change detected
2026-07-29 23:15:44,492 INFO watchfiles.main: 1 change detected
2026-07-29 23:15:44,901 INFO watchfiles.main: 1 change detected
2026-07-29 23:15:45,265 INFO watchfiles.main: 1 change detected
2026-07-29 23:15:45,667 INFO watchfiles.main: 1 change detected
2026-07-29 23:15:46,075 INFO watchfiles.main: 1 change detected
2026-07-29 23:15:46,485 INFO watchfiles.main: 1 change detected
2026-07-29 23:15:46,848 INFO watchfiles.main: 1 change detected
2026-07-29 23:15:47,250 INFO watchfiles.main: 1 change detected
2026-07-29 23:15:47,659 INFO watchfiles.main: 1 change detected
2026-07-29 23:15:48,118 INFO watchfiles.main: 1 change detected
2026-07-29 23:15:48,481 INFO watchfiles.main: 1 change detected
2026-07-29 23:15:48,883 INFO watchfiles.main: 1 change detected
2026-07-29 23:15:49,288 INFO watchfiles.main: 1 change detected
2026-07-29 23:15:49,743 INFO watchfiles.main: 1 change detected
2026-07-29 23:15:50,149 INFO watchfiles.main: 1 change detected
2026-07-29 23:15:50,514 INFO watchfiles.main: 1 change detected
2026-07-29 23:15:50,920 INFO watchfiles.main: 1 change detected
2026-07-29 23:15:51,376 INFO watchfiles.main: 1 change detected
2026-07-29 23:15:51,782 INFO watchfiles.main: 1 change detected
2026-07-29 23:15:52,147 INFO watchfiles.main: 1 change detected
2026-07-29 23:15:52,601 INFO watchfiles.main: 1 change detected
2026-07-29 23:15:53,005 INFO watchfiles.main: 1 change detected
2026-07-29 23:15:53,415 INFO watchfiles.main: 1 change detected
2026-07-29 23:15:53,780 INFO watchfiles.main: 1 change detected
2026-07-29 23:15:54,197 INFO watchfiles.main: 1 change detected
2026-07-29 23:15:54,604 INFO watchfiles.main: 1 change detected
2026-07-29 23:15:55,014 INFO watchfiles.main: 1 change detected
2026-07-29 23:15:55,430 INFO watchfiles.main: 1 change detected
2026-07-29 23:15:55,797 INFO watchfiles.main: 1 change detected
2026-07-29 23:15:56,203 INFO watchfiles.main: 1 change detected
2026-07-29 23:15:56,612 INFO watchfiles.main: 1 change detected
2026-07-29 23:15:57,014 INFO watchfiles.main: 1 change detected
2026-07-29 23:15:57,458 INFO watchfiles.main: 1 change detected
2026-07-29 23:15:57,815 INFO watchfiles.main: 1 change detected
2026-07-29 23:15:58,224 INFO watchfiles.main: 1 change detected
2026-07-29 23:15:58,681 INFO watchfiles.main: 1 change detected
2026-07-29 23:15:59,046 INFO watchfiles.main: 1 change detected
2026-07-29 23:15:59,448 INFO watchfiles.main: 1 change detected
2026-07-29 23:15:59,855 INFO watchfiles.main: 1 change detected
2026-07-29 23:16:00,263 INFO watchfiles.main: 1 change detected
2026-07-29 23:16:00,680 INFO watchfiles.main: 1 change detected
2026-07-29 23:16:01,081 INFO watchfiles.main: 1 change detected
2026-07-29 23:16:01,487 INFO watchfiles.main: 1 change detected
2026-07-29 23:16:01,897 INFO watchfiles.main: 1 change detected
2026-07-29 23:16:02,262 INFO watchfiles.main: 1 change detected
2026-07-29 23:16:02,679 INFO watchfiles.main: 1 change detected
2026-07-29 23:16:03,084 INFO watchfiles.main: 1 change detected
2026-07-29 23:16:03,490 INFO watchfiles.main: 1 change detected
2026-07-29 23:16:03,897 INFO watchfiles.main: 1 change detected
2026-07-29 23:16:04,312 INFO watchfiles.main: 1 change detected
2026-07-29 23:16:04,714 INFO watchfiles.main: 1 change detected
2026-07-29 23:16:05,122 INFO watchfiles.main: 1 change detected
2026-07-29 23:16:05,529 INFO watchfiles.main: 1 change detected
2026-07-29 23:16:05,946 INFO watchfiles.main: 1 change detected
2026-07-29 23:16:06,312 INFO watchfiles.main: 1 change detected
2026-07-29 23:16:06,724 INFO watchfiles.main: 1 change detected
2026-07-29 23:16:07,179 INFO watchfiles.main: 1 change detected
2026-07-29 23:16:07,545 INFO watchfiles.main: 1 change detected
2026-07-29 23:16:07,961 INFO watchfiles.main: 1 change detected
2026-07-29 23:16:08,368 INFO watchfiles.main: 1 change detected
2026-07-29 23:16:08,778 INFO watchfiles.main: 1 change detected
2026-07-29 23:16:09,179 INFO watchfiles.main: 1 change detected
2026-07-29 23:16:09,544 INFO watchfiles.main: 1 change detected
2026-07-29 23:16:09,952 INFO watchfiles.main: 1 change detected
2026-07-29 23:16:10,412 INFO watchfiles.main: 1 change detected
2026-07-29 23:16:10,777 INFO watchfiles.main: 1 change detected
2026-07-29 23:16:11,194 INFO watchfiles.main: 1 change detected
2026-07-29 23:16:11,599 INFO watchfiles.main: 1 change detected
2026-07-29 23:16:12,022 INFO watchfiles.main: 1 change detected
2026-07-29 23:16:12,428 INFO watchfiles.main: 1 change detected
2026-07-29 23:16:12,844 INFO watchfiles.main: 1 change detected
2026-07-29 23:16:13,210 INFO watchfiles.main: 1 change detected
2026-07-29 23:16:13,620 INFO watchfiles.main: 1 change detected
2026-07-29 23:16:14,028 INFO watchfiles.main: 1 change detected
2026-07-29 23:16:14,443 INFO watchfiles.main: 1 change detected
2026-07-29 23:16:14,851 INFO watchfiles.main: 1 change detected
2026-07-29 23:16:15,266 INFO watchfiles.main: 1 change detected
2026-07-29 23:16:15,676 INFO watchfiles.main: 1 change detected
2026-07-29 23:16:16,077 INFO watchfiles.main: 1 change detected
2026-07-29 23:16:16,493 INFO watchfiles.main: 1 change detected
2026-07-29 23:16:16,898 INFO watchfiles.main: 1 change detected
2026-07-29 23:16:17,303 INFO watchfiles.main: 1 change detected
2026-07-29 23:16:17,710 INFO watchfiles.main: 1 change detected
2026-07-29 23:16:18,114 INFO watchfiles.main: 1 change detected
2026-07-29 23:16:18,529 INFO watchfiles.main: 1 change detected
2026-07-29 23:16:18,986 INFO watchfiles.main: 1 change detected
2026-07-29 23:16:19,387 INFO watchfiles.main: 1 change detected
2026-07-29 23:16:19,790 INFO watchfiles.main: 1 change detected
2026-07-29 23:16:20,394 INFO watchfiles.main: 1 change detected
2026-07-29 23:16:20,754 INFO watchfiles.main: 1 change detected
2026-07-29 23:16:21,161 INFO watchfiles.main: 1 change detected
2026-07-29 23:16:22,273 INFO watchfiles.main: 1 change detected
2026-07-29 23:16:22,625 INFO watchfiles.main: 1 change detected
2026-07-29 23:16:23,066 INFO watchfiles.main: 1 change detected
2026-07-29 23:16:23,425 INFO watchfiles.main: 1 change detected
2026-07-29 23:16:23,843 INFO watchfiles.main: 1 change detected
2026-07-29 23:16:24,208 INFO watchfiles.main: 1 change detected
2026-07-29 23:16:24,609 INFO watchfiles.main: 1 change detected
2026-07-29 23:16:25,028 INFO watchfiles.main: 1 change detected
2026-07-29 23:16:25,443 INFO watchfiles.main: 1 change detected
2026-07-29 23:16:25,807 INFO watchfiles.main: 1 change detected
2026-07-29 23:16:26,223 INFO watchfiles.main: 1 change detected
2026-07-29 23:16:26,839 INFO watchfiles.main: 1 change detected
2026-07-29 23:16:27,402 INFO watchfiles.main: 1 change detected
2026-07-29 23:16:27,761 INFO watchfiles.main: 1 change detected
2026-07-29 23:16:28,123 INFO watchfiles.main: 1 change detected
2026-07-29 23:16:28,538 INFO watchfiles.main: 1 change detected
2026-07-29 23:16:28,998 INFO watchfiles.main: 1 change detected
2026-07-29 23:16:29,410 INFO watchfiles.main: 1 change detected
2026-07-29 23:16:29,870 INFO watchfiles.main: 1 change detected
2026-07-29 23:16:30,281 INFO watchfiles.main: 1 change detected
2026-07-29 23:16:30,691 INFO watchfiles.main: 1 change detected
2026-07-29 23:16:32,086 INFO watchfiles.main: 1 change detected
2026-07-29 23:16:32,513 INFO watchfiles.main: 1 change detected
2026-07-29 23:16:33,788 INFO watchfiles.main: 1 change detected
2026-07-29 23:16:34,147 INFO watchfiles.main: 1 change detected
2026-07-29 23:16:34,554 INFO watchfiles.main: 1 change detected
2026-07-29 23:16:34,970 INFO watchfiles.main: 1 change detected
2026-07-29 23:16:35,379 INFO watchfiles.main: 1 change detected
2026-07-29 23:16:35,787 INFO watchfiles.main: 1 change detected
2026-07-29 23:16:36,397 INFO watchfiles.main: 1 change detected
2026-07-29 23:16:36,756 INFO watchfiles.main: 1 change detected
2026-07-29 23:16:37,110 INFO watchfiles.main: 1 change detected
2026-07-29 23:16:37,519 INFO watchfiles.main: 1 change detected
2026-07-29 23:16:37,927 INFO watchfiles.main: 1 change detected
2026-07-29 23:16:38,336 INFO watchfiles.main: 1 change detected
2026-07-29 23:16:38,744 INFO watchfiles.main: 1 change detected
2026-07-29 23:16:39,152 INFO watchfiles.main: 1 change detected
2026-07-29 23:16:39,561 INFO watchfiles.main: 1 change detected
2026-07-29 23:16:39,975 INFO watchfiles.main: 1 change detected
2026-07-29 23:16:40,384 INFO watchfiles.main: 1 change detected
2026-07-29 23:16:40,792 INFO watchfiles.main: 1 change detected
2026-07-29 23:16:41,200 INFO watchfiles.main: 1 change detected
2026-07-29 23:16:41,608 INFO watchfiles.main: 1 change detected
2026-07-29 23:16:42,016 INFO watchfiles.main: 1 change detected
2026-07-29 23:16:42,424 INFO watchfiles.main: 1 change detected
2026-07-29 23:16:42,832 INFO watchfiles.main: 1 change detected
2026-07-29 23:16:43,241 INFO watchfiles.main: 1 change detected
2026-07-29 23:16:43,650 INFO watchfiles.main: 1 change detected
2026-07-29 23:16:44,059 INFO watchfiles.main: 1 change detected
2026-07-29 23:16:44,468 INFO watchfiles.main: 1 change detected
2026-07-29 23:16:44,883 INFO watchfiles.main: 1 change detected
2026-07-29 23:16:45,293 INFO watchfiles.main: 1 change detected
2026-07-29 23:16:45,702 INFO watchfiles.main: 1 change detected
2026-07-29 23:16:46,111 INFO watchfiles.main: 1 change detected
2026-07-29 23:16:46,520 INFO watchfiles.main: 1 change detected
2026-07-29 23:16:46,929 INFO watchfiles.main: 1 change detected
2026-07-29 23:16:47,334 INFO watchfiles.main: 1 change detected
2026-07-29 23:16:47,742 INFO watchfiles.main: 1 change detected
2026-07-29 23:16:48,149 INFO watchfiles.main: 1 change detected
2026-07-29 23:16:48,557 INFO watchfiles.main: 1 change detected
2026-07-29 23:16:48,966 INFO watchfiles.main: 1 change detected
2026-07-29 23:16:49,374 INFO watchfiles.main: 1 change detected
2026-07-29 23:16:49,788 INFO watchfiles.main: 1 change detected
2026-07-29 23:16:50,197 INFO watchfiles.main: 1 change detected
2026-07-29 23:16:50,700 INFO watchfiles.main: 1 change detected
2026-07-29 23:16:51,209 INFO watchfiles.main: 1 change detected
2026-07-29 23:16:51,718 INFO watchfiles.main: 1 change detected
2026-07-29 23:16:52,133 INFO watchfiles.main: 1 change detected
2026-07-29 23:16:52,543 INFO watchfiles.main: 1 change detected
2026-07-29 23:16:52,951 INFO watchfiles.main: 1 change detected
2026-07-29 23:16:53,358 INFO watchfiles.main: 1 change detected
2026-07-29 23:16:53,817 INFO watchfiles.main: 1 change detected
2026-07-29 23:16:54,373 INFO watchfiles.main: 1 change detected
2026-07-29 23:16:54,788 INFO watchfiles.main: 1 change detected
2026-07-29 23:16:55,192 INFO watchfiles.main: 1 change detected
2026-07-29 23:51:34,176 INFO watchfiles.main: 1 change detected
2026-07-29 23:51:35,756 INFO watchfiles.main: 1 change detected
2026-07-29 23:51:37,435 INFO watchfiles.main: 1 change detected
2026-07-29 23:51:42,416 INFO watchfiles.main: 1 change detected
2026-07-29 23:51:42,779 INFO watchfiles.main: 1 change detected
2026-07-29 23:51:43,398 INFO watchfiles.main: 1 change detected
2026-07-29 23:51:43,765 INFO watchfiles.main: 1 change detected
2026-07-29 23:51:44,279 INFO watchfiles.main: 1 change detected
2026-07-29 23:51:45,501 INFO watchfiles.main: 1 change detected
2026-07-29 23:51:45,861 INFO watchfiles.main: 1 change detected
2026-07-29 23:51:46,212 INFO watchfiles.main: 1 change detected
2026-07-29 23:51:46,727 INFO watchfiles.main: 1 change detected
2026-07-29 23:51:47,497 INFO watchfiles.main: 1 change detected
2026-07-29 23:51:47,859 INFO watchfiles.main: 1 change detected
2026-07-29 23:51:48,225 INFO watchfiles.main: 1 change detected
2026-07-29 23:51:48,628 INFO watchfiles.main: 1 change detected
2026-07-29 23:51:49,043 INFO watchfiles.main: 1 change detected
2026-07-29 23:51:49,459 INFO watchfiles.main: 1 change detected
2026-07-29 23:51:49,866 INFO watchfiles.main: 1 change detected
2026-07-29 23:51:50,819 INFO watchfiles.main: 1 change detected
2026-07-29 23:51:51,176 INFO watchfiles.main: 1 change detected
2026-07-29 23:51:51,542 INFO watchfiles.main: 1 change detected
2026-07-29 23:51:51,959 INFO watchfiles.main: 1 change detected
2026-07-29 23:51:52,360 INFO watchfiles.main: 1 change detected
2026-07-29 23:51:52,775 INFO watchfiles.main: 1 change detected
2026-07-29 23:51:53,497 INFO watchfiles.main: 1 change detected
2026-07-29 23:51:53,953 INFO watchfiles.main: 1 change detected
2026-07-29 23:51:54,409 INFO watchfiles.main: 1 change detected
2026-07-29 23:51:54,920 INFO watchfiles.main: 1 change detected
2026-07-29 23:51:55,326 INFO watchfiles.main: 1 change detected
2026-07-29 23:51:55,742 INFO watchfiles.main: 1 change detected
2026-07-29 23:51:56,158 INFO watchfiles.main: 1 change detected
2026-07-29 23:51:56,576 INFO watchfiles.main: 1 change detected
2026-07-29 23:51:56,940 INFO watchfiles.main: 1 change detected
2026-07-29 23:51:57,342 INFO watchfiles.main: 1 change detected
2026-07-29 23:51:57,762 INFO watchfiles.main: 1 change detected
2026-07-29 23:51:58,181 INFO watchfiles.main: 1 change detected
2026-07-29 23:51:58,562 INFO watchfiles.main: 1 change detected
2026-07-29 23:51:58,974 INFO watchfiles.main: 1 change detected
2026-07-29 23:51:59,375 INFO watchfiles.main: 1 change detected
2026-07-29 23:51:59,788 INFO watchfiles.main: 1 change detected
2026-07-29 23:52:00,191 INFO watchfiles.main: 1 change detected
2026-07-29 23:52:00,606 INFO watchfiles.main: 1 change detected
2026-07-29 23:52:01,008 INFO watchfiles.main: 1 change detected
2026-07-29 23:52:01,424 INFO watchfiles.main: 1 change detected
2026-07-29 23:52:01,830 INFO watchfiles.main: 1 change detected
2026-07-29 23:52:02,242 INFO watchfiles.main: 1 change detected
2026-07-29 23:52:02,707 INFO watchfiles.main: 1 change detected
2026-07-29 23:52:03,073 INFO watchfiles.main: 1 change detected
2026-07-29 23:52:03,508 INFO watchfiles.main: 1 change detected
2026-07-29 23:52:03,920 INFO watchfiles.main: 1 change detected
2026-07-29 23:52:04,323 INFO watchfiles.main: 1 change detected
2026-07-29 23:52:04,991 INFO watchfiles.main: 1 change detected
2026-07-29 23:52:05,357 INFO watchfiles.main: 1 change detected
2026-07-29 23:52:05,828 INFO watchfiles.main: 1 change detected
2026-07-29 23:52:06,240 INFO watchfiles.main: 1 change detected
2026-07-29 23:52:06,689 INFO watchfiles.main: 1 change detected
2026-07-29 23:52:07,100 INFO watchfiles.main: 1 change detected
2026-07-29 23:52:07,511 INFO watchfiles.main: 1 change detected
2026-07-29 23:52:07,915 INFO watchfiles.main: 1 change detected
2026-07-29 23:52:08,409 INFO watchfiles.main: 1 change detected
2026-07-29 23:52:08,935 INFO watchfiles.main: 1 change detected
2026-07-29 23:52:09,346 INFO watchfiles.main: 1 change detected
2026-07-29 23:52:09,765 INFO watchfiles.main: 1 change detected
2026-07-29 23:52:10,184 INFO watchfiles.main: 1 change detected
2026-07-29 23:52:10,699 INFO watchfiles.main: 1 change detected
2026-07-29 23:52:11,163 INFO watchfiles.main: 1 change detected
2026-07-29 23:52:11,624 INFO watchfiles.main: 1 change detected
2026-07-29 23:52:12,029 INFO watchfiles.main: 1 change detected
2026-07-29 23:52:12,481 INFO watchfiles.main: 1 change detected
2026-07-29 23:52:13,105 INFO watchfiles.main: 1 change detected
2026-07-29 23:52:13,817 INFO watchfiles.main: 1 change detected
2026-07-29 23:52:14,919 INFO watchfiles.main: 1 change detected
2026-07-29 23:52:15,387 INFO watchfiles.main: 1 change detected
2026-07-29 23:52:15,788 INFO watchfiles.main: 1 change detected
2026-07-29 23:52:16,262 INFO watchfiles.main: 1 change detected
2026-07-29 23:52:16,852 INFO watchfiles.main: 1 change detected
2026-07-29 23:52:17,222 INFO watchfiles.main: 1 change detected
2026-07-29 23:52:17,579 INFO watchfiles.main: 1 change detected
2026-07-29 23:52:17,990 INFO watchfiles.main: 1 change detected
2026-07-29 23:52:18,505 INFO watchfiles.main: 1 change detected
2026-07-29 23:52:18,973 INFO watchfiles.main: 1 change detected
2026-07-29 23:52:19,538 INFO watchfiles.main: 1 change detected
2026-07-29 23:52:19,960 INFO watchfiles.main: 1 change detected
2026-07-29 23:52:22,976 INFO watchfiles.main: 1 change detected
2026-07-29 23:52:23,337 INFO watchfiles.main: 1 change detected
2026-07-29 23:52:23,747 INFO watchfiles.main: 1 change detected
2026-07-29 23:52:24,159 INFO watchfiles.main: 1 change detected
2026-07-29 23:52:24,575 INFO watchfiles.main: 1 change detected
2026-07-29 23:52:25,143 INFO watchfiles.main: 1 change detected
2026-07-29 23:52:25,511 INFO watchfiles.main: 1 change detected
2026-07-29 23:52:25,924 INFO watchfiles.main: 1 change detected
2026-07-29 23:52:26,341 INFO watchfiles.main: 1 change detected
2026-07-30 02:52:29,570 INFO watchfiles.main: 1 change detected
2026-07-30 02:52:30,125 INFO watchfiles.main: 1 change detected
2026-07-30 02:52:30,539 INFO watchfiles.main: 1 change detected
2026-07-30 02:52:30,986 INFO watchfiles.main: 1 change detected
2026-07-30 02:52:31,397 INFO watchfiles.main: 1 change detected
2026-07-30 02:52:31,859 INFO watchfiles.main: 1 change detected
2026-07-30 02:52:32,272 INFO watchfiles.main: 1 change detected
2026-07-30 02:52:32,707 INFO watchfiles.main: 1 change detected
2026-07-30 02:52:33,310 INFO watchfiles.main: 1 change detected
2026-07-30 02:52:33,951 INFO watchfiles.main: 1 change detected
2026-07-30 02:52:34,378 INFO watchfiles.main: 1 change detected
2026-07-30 02:52:34,742 INFO watchfiles.main: 1 change detected
2026-07-30 02:52:35,144 INFO watchfiles.main: 1 change detected
2026-07-30 02:52:35,708 INFO watchfiles.main: 1 change detected
2026-07-30 02:52:36,195 INFO watchfiles.main: 1 change detected
2026-07-30 02:52:38,548 INFO watchfiles.main: 1 change detected
2026-07-30 02:52:38,950 INFO watchfiles.main: 1 change detected
2026-07-30 02:52:39,363 INFO watchfiles.main: 1 change detected
2026-07-30 02:52:39,772 INFO watchfiles.main: 1 change detected
2026-07-30 02:52:40,189 INFO watchfiles.main: 1 change detected
2026-07-30 02:52:40,551 INFO watchfiles.main: 1 change detected
2026-07-30 02:52:40,963 INFO watchfiles.main: 1 change detected
2026-07-30 02:52:41,407 INFO watchfiles.main: 1 change detected
2026-07-30 02:52:41,921 INFO watchfiles.main: 1 change detected
2026-07-30 02:52:42,332 INFO watchfiles.main: 1 change detected
2026-07-30 02:52:42,745 INFO watchfiles.main: 1 change detected
2026-07-30 02:52:43,657 INFO watchfiles.main: 1 change detected
2026-07-30 02:52:44,022 INFO watchfiles.main: 1 change detected
2026-07-30 02:52:44,434 INFO watchfiles.main: 1 change detected
2026-07-30 02:52:44,800 INFO watchfiles.main: 1 change detected
2026-07-30 02:52:45,212 INFO watchfiles.main: 1 change detected
2026-07-30 02:52:45,624 INFO watchfiles.main: 1 change detected
2026-07-30 02:52:46,036 INFO watchfiles.main: 1 change detected
2026-07-30 02:52:46,448 INFO watchfiles.main: 1 change detected
2026-07-30 02:52:46,859 INFO watchfiles.main: 1 change detected
2026-07-30 02:52:47,271 INFO watchfiles.main: 1 change detected
2026-07-30 02:52:47,682 INFO watchfiles.main: 1 change detected
2026-07-30 02:52:48,094 INFO watchfiles.main: 1 change detected
2026-07-30 02:52:48,505 INFO watchfiles.main: 1 change detected
2026-07-30 02:52:48,917 INFO watchfiles.main: 1 change detected
2026-07-30 02:52:49,329 INFO watchfiles.main: 1 change detected
2026-07-30 02:52:49,741 INFO watchfiles.main: 1 change detected
2026-07-30 02:52:50,152 INFO watchfiles.main: 1 change detected
2026-07-30 02:52:51,022 INFO watchfiles.main: 1 change detected
2026-07-30 02:52:51,385 INFO watchfiles.main: 1 change detected
2026-07-30 02:52:51,746 INFO watchfiles.main: 1 change detected
2026-07-30 10:41:59,144 INFO watchfiles.main: 1 change detected
2026-07-30 10:42:01,138 INFO watchfiles.main: 1 change detected
2026-07-30 10:42:01,568 INFO watchfiles.main: 1 change detected
2026-07-30 10:42:01,928 INFO watchfiles.main: 1 change detected
2026-07-30 10:42:02,289 INFO watchfiles.main: 1 change detected
2026-07-30 10:42:04,276 INFO watchfiles.main: 1 change detected
2026-07-30 10:42:04,637 INFO watchfiles.main: 1 change detected
2026-07-30 10:42:05,048 INFO watchfiles.main: 1 change detected
2026-07-30 10:42:05,420 INFO watchfiles.main: 1 change detected
2026-07-30 10:42:05,826 INFO watchfiles.main: 1 change detected
2026-07-30 10:42:06,243 INFO watchfiles.main: 1 change detected
2026-07-30 10:42:06,645 INFO watchfiles.main: 1 change detected
2026-07-30 10:42:07,050 INFO watchfiles.main: 1 change detected
2026-07-30 10:42:07,495 INFO watchfiles.main: 1 change detected
2026-07-30 10:42:07,902 INFO watchfiles.main: 1 change detected
2026-07-30 10:42:08,320 INFO watchfiles.main: 1 change detected
2026-07-30 10:42:08,827 INFO watchfiles.main: 1 change detected
2026-07-30 10:42:09,800 INFO watchfiles.main: 1 change detected
2026-07-30 10:49:25,572 INFO watchfiles.main: 1 change detected
2026-07-30 10:49:41,798 INFO watchfiles.main: 1 change detected
2026-07-30 10:49:42,156 INFO watchfiles.main: 1 change detected
2026-07-30 10:49:42,525 INFO watchfiles.main: 2 changes detected
2026-07-30 10:49:46,400 INFO watchfiles.main: 1 change detected
