Date,Open,High,Low,Close,Volume
2020-01-01,18.0,18.05276691757566,17.94723308242434,18.0,3023103.35
2020-01-02,18.0,18.276992650350486,17.80924179865836,18.085330147593556,3627170.59
2020-01-03,18.085330147593556,18.410034650307228,17.484271634376476,17.80392375924335,3295891.44
2020-01-04,17.80392375924335,18.261431690297638,17.55513437463527,18.009765898231414,1484225.73
2020-01-05,18.009765898231414,18.532525916345428,17.751616378508015,18.270637104452646,3346361.84
2020-01-06,18.270637104452646,18.393775919795452,17.61976621480111,17.739324134231243,3757256.54
2020-01-07,17.739324134231243,17.908456992670526,17.22809697312434,17.393936789025968,3577387.9
2020-01-08,17.393936789025968,17.57940220952591,17.2443757342099,17.429535064393534,3118974.69
2020-01-09,17.429535064393534,17.62798736340202,17.15034900977386,17.34787148912871,4824423.44
2020-01-10,17.34787148912871,17.526903305261698,17.166246393693957,17.345251167842047,3459050.37
2020-01-11,17.345251167842047,17.48200408253161,16.98887493977245,17.123882546545154,3570012.63
2020-01-12,17.123882546545154,17.485945045039845,16.99547652717523,17.355799957935822,4154839.43
2020-01-13,17.355799957935822,17.678182741490456,17.242720811104103,17.56374873516675,3503628.2
2020-01-14,17.56374873516675,17.733892659261315,17.413212471522947,17.583189769420446,2556518.5
2020-01-15,17.583189769420446,17.97255654227358,17.50056729958681,17.888499438607113,1739445.63
2020-01-16,17.888499438607113,18.3366455150957,17.571910968027538,18.017769243355506,2840188.96
2020-01-17,18.017769243355506,18.249084050504294,17.55778955552867,17.786130550613596,3870513.52
2020-01-18,17.786130550613596,17.966677429762637,17.707726518545147,17.88782511223671,2929631.73
2020-01-19,17.88782511223671,18.14701018207201,17.37571716931898,17.631183640761822,3909640.41
2020-01-20,17.631183640761822,18.178110100935818,17.326904736539312,17.869714629758203,3321222.22
2020-01-21,17.869714629758203,17.981858563149032,17.74596339384413,17.858034023933325,4415704.22
2020-01-22,17.858034023933325,17.94215984165978,17.72594602389179,17.80984483145479,2972331.41
2020-01-23,17.80984483145479,17.848227017341344,17.59055115391077,17.628542613460375,3596835.81
2020-01-24,17.628542613460375,18.011799405575843,17.57829234521688,17.96060259832013,3631413.9
2020-01-25,17.96060259832013,18.242952687361203,17.638667982867,17.920385843436893,4657837.47
2020-01-26,17.920385843436893,18.274660294575746,17.454086691764086,17.80610182162179,2088594.77
2020-01-27,17.80610182162179,17.85609860991743,17.66328579231493,17.713021224646866,2853506.93
2020-01-28,17.713021224646866,18.13476819249358,17.439084440234538,17.858580296674145,3956183.65
2020-01-29,17.858580296674145,18.01893851051745,17.799762723419448,17.959787609057983,4709703.38
2020-01-30,17.959787609057983,18.303332413245965,17.732445597950683,18.07453784875465,3397937.7
2020-01-31,18.07453784875465,18.47902883362569,17.792405969499516,18.195016362470014,2974199.03
2020-02-01,18.195016362470014,18.957325888735138,18.040983191801434,18.798186473433777,3866812.03
2020-02-02,18.798186473433777,18.839482799057162,18.64347164838651,18.684518264849846,3976199.56
2020-02-03,18.684518264849846,18.922062175154515,18.305999637477587,18.541728199373203,2924827.17
2020-02-04,18.541728199373203,18.90964064830505,17.9525710820787,18.31600463297019,3475462.76
2020-02-05,18.31600463297019,18.61270734224925,18.194439229319865,18.48998719655804,4298570.93
2020-02-06,18.48998719655804,18.913322815237937,18.389940778962004,18.81153654460628,5133386.4
2020-02-07,18.81153654460628,18.891121873981895,18.70152399565544,18.78098005070912,3852807.29
2020-02-08,18.78098005070912,19.006250415777505,18.322476533997314,18.54491539770537,3235506.66
2020-02-09,18.54491539770537,18.781103658827003,18.082900516848525,18.316175544503277,3157030.96
2020-02-10,18.316175544503277,18.800701323973342,18.018338502231003,18.49987713311861,3678481.2
2020-02-11,18.49987713311861,19.002788123357384,18.212105644236505,18.711721330423753,3108786.94
2020-02-12,18.711721330423753,19.209468486953238,18.373680108686887,18.86859325669957,3355366.27
2020-02-13,18.86859325669957,19.179998794655702,18.372577457531992,18.680885076850018,2456362.86
2020-02-14,18.680885076850018,18.869727536049556,18.560378283375005,18.748782747770054,4425640.92
2020-02-15,18.748782747770054,19.009489586604005,18.523688737703136,18.7839730885796,2406334.48
2020-02-16,18.7839730885796,18.986990473799533,18.6458467341574,18.848390431901702,2872328.05
2020-02-17,18.848390431901702,19.252943908534707,18.698807026372545,19.101352957786776,3279034.85
2020-02-18,19.101352957786776,19.52817094650875,18.742725081864887,19.16828639538655,5264033.35
2020-02-19,19.16828639538655,19.645332421631338,18.89467585459277,19.3688588838073,2879106.67
2020-02-20,19.3688588838073,19.769699980455556,18.990340490731786,19.390753705045746,2709182.3
2020-02-21,19.390753705045746,19.66319241899836,19.20645572794659,19.47806460197,2788340.4
2020-02-22,19.47806460197,19.8972530507744,19.250680084846397,19.667655275575623,4844650.48
2020-02-23,19.667655275575623,19.879438112976775,19.032238904518476,19.239410367535825,1584175.47
2020-02-24,19.239410367535825,19.315043703353737,19.072995253054952,19.148270302051824,2490457.2
2020-02-25,19.148270302051824,19.268150650556073,18.89497700739088,19.01401684387497,6334259.95
2020-02-26,19.01401684387497,19.23262963722626,18.615947998553697,18.832473505635456,3709404.41
2020-02-27,18.832473505635456,18.892977299341528,18.695676464230782,18.7559343577468,2426996.71
2020-02-28,18.7559343577468,19.548503325000052,18.40395459057987,19.188407628326168,3166640.71
2020-02-29,19.188407628326168,19.269558978506616,18.85973904175036,18.939839149531903,3254421.23
2020-03-01,18.939839149531903,19.329213082747955,18.83446444837971,19.222267050633516,3953819.69
2020-03-02,19.222267050633516,19.525513345763972,18.443776622728254,18.73940539767049,5068405.7
2020-03-03,18.73940539767049,18.809581130627123,18.576500175034475,18.646327347283368,3526439.53
2020-03-04,18.646327347283368,19.034724751361395,18.306870849906456,18.69439321459169,2796038.89
2020-03-05,18.69439321459169,19.147580577895916,18.412806720710343,18.863447681251174,3895889.1
2020-03-06,18.863447681251174,19.13187720846167,18.802421118826192,19.07018182481531,2687436.15
2020-03-07,19.07018182481531,19.582223140568725,18.794555774599413,19.303228804764974,2471478.21
2020-03-08,19.303228804764974,19.56129972721926,18.946580413828464,19.203315564829364,2060963.5
2020-03-09,19.203315564829364,19.50350735865451,18.77287457573657,19.07099794213959,2163806.01
2020-03-10,19.07099794213959,19.649706635748966,18.748553874526156,19.323001797492037,2557523.79
2020-03-11,19.323001797492037,19.61150020710866,18.98128337514387,19.26897515016016,2383817.91
2020-03-12,19.26897515016016,19.51082339686989,18.66417008822115,18.901404896977795,3460662.14
2020-03-13,18.901404896977795,19.048917882252624,18.43595386793871,18.5809660395057,2370972.84
2020-03-14,18.5809660395057,18.85133629973738,18.05869403636737,18.325344770451267,1458245.84
2020-03-15,18.325344770451267,18.82110030803438,17.97303106488045,18.4660808819668,2464953.31
2020-03-16,18.4660808819668,18.740715502686584,18.233862675257924,18.50797051738946,2843927.15
2020-03-17,18.50797051738946,18.966006016173424,18.2496324220642,18.70491887478292,2750515.75
2020-03-18,18.70491887478292,18.889504714742806,18.402523292497378,18.585934962953846,4678754.68
2020-03-19,18.585934962953846,18.923512417018458,18.295805273535564,18.63265344395584,2744956.34
2020-03-20,18.63265344395584,19.187846019467685,18.26078270313987,18.81238813141176,3988366.21
2020-03-21,18.81238813141176,18.90432441957153,18.634690388699457,18.726205501672606,3184849.9
2020-03-22,18.726205501672606,18.96487977862088,18.620527999214264,18.85845594787662,3166334.56
2020-03-23,18.85845594787662,19.07928619752346,18.45321903554511,18.67186431968097,2596867.05
2020-03-24,18.67186431968097,18.870995218201372,18.373122212522755,18.571179330080344,3153317.73
2020-03-25,18.571179330080344,18.799386738159637,18.238886955053005,18.46579942790434,2642899.94
2020-03-26,18.46579942790434,18.519042474163204,18.08322685011095,18.135517583876183,3338951.68
2020-03-27,18.135517583876183,18.44147848826524,17.967274818622926,18.2719698585059,3016473.4
2020-03-28,18.2719698585059,18.500252700410183,17.91744197489618,18.14412760571659,2526901.44
2020-03-29,18.14412760571659,18.376931143991143,17.916719192572057,18.149455948360742,4100563.46
2020-03-30,18.149455948360742,18.537193521809996,17.898412468379444,18.284285083703473,3560357.39
2020-03-31,18.284285083703473,18.686044967885696,18.01068108000559,18.410551527203207,2860896.75
2020-04-01,18.410551527203207,18.851356978286017,18.16112814295248,18.599375436105248,3318537.16
2020-04-02,18.599375436105248,18.90113871136967,18.272178469867402,18.573522294013134,3133639.72
2020-04-03,18.573522294013134,18.81954143898241,18.21201314254757,18.456482008004155,2576039.33
2020-04-04,18.456482008004155,18.671963981070245,18.220834936966558,18.436078698580992,3256896.89
2020-04-05,18.436078698580992,18.67411678723409,17.739705166791605,17.971748033476327,2739835.47
2020-04-06,17.971748033476327,18.04042671996238,17.51591677106646,17.583110285939267,2526708.21
2020-04-07,17.583110285939267,17.704729454967392,17.116181032307946,17.23539511890266,2132849.71
2020-04-08,17.23539511890266,17.433484894035242,16.783090167373956,16.97822422702739,2925598.2
2020-04-09,16.97822422702739,17.385952762781844,16.677475870145802,17.083342367352614,3687296.28
2020-04-10,17.083342367352614,17.326317516068045,16.61221478080399,16.85189811457307,2689851.46
2020-04-11,16.85189811457307,16.913025769890787,16.69639937900296,16.75718347159497,6009418.47
2020-04-12,16.75718347159497,17.309125367878572,16.5450216244677,17.09271536848072,3993117.38
2020-04-13,17.09271536848072,17.195122676780777,16.90043235104714,17.002297942892064,4433695.09
2020-04-14,17.002297942892064,17.457078260677935,16.743653918604476,17.195495261196776,3903843.43
2020-04-15,17.195495261196776,17.485994846367394,16.66884646256478,16.955288001826155,5085366.26
2020-04-16,16.955288001826155,17.170318574158365,16.68987116936659,16.90425452427108,2628465.76
2020-04-17,16.90425452427108,17.118000826604465,16.45325774234962,16.663965706241513,1687024.73
2020-04-18,16.663965706241513,16.79885460921965,16.445941845454623,16.58015230865107,2862282.57
2020-04-19,16.58015230865107,16.963230698971827,16.41381192429909,16.794737488719075,3679237.22
2020-04-20,16.794737488719075,17.089551477050996,16.074597212514668,16.36181164202032,3323538.58
2020-04-21,16.36181164202032,16.719176665744666,16.116061060517968,16.471774468327173,3428143.85
2020-04-22,16.471774468327173,16.72078379702198,16.28472814828176,16.53304175229749,4452110.75
2020-04-23,16.53304175229749,16.675691861297146,16.244923884214387,16.386307947097468,3520718.91
2020-04-24,16.386307947097468,16.433940245297688,15.985608874496753,16.03221187373516,3907426.77
2020-04-25,16.03221187373516,16.124865019280804,15.958878400751308,16.051443577919887,2530103.28
2020-04-26,16.051443577919887,16.139316457977877,15.837427092520365,15.924605603999295,2433431.47
2020-04-27,15.924605603999295,16.121993002460353,15.785728650813768,15.982610196802272,4790713.18
2020-04-28,15.982610196802272,16.29329025134603,15.679027138550534,15.989574901415999,3281747.96
2020-04-29,15.989574901415999,16.56656444024786,15.812206366824793,16.38481163894634,2738317.04
2020-04-30,16.38481163894634,16.486841875348944,16.225416248545486,16.32708702669099,2739573.32
2020-05-01,16.32708702669099,16.39081985129791,16.014304784405883,16.077061634274866,2720647.84
2020-05-02,16.077061634274866,16.252970918717036,15.947006253141682,16.122547579058864,2680252.63
2020-05-03,16.122547579058864,16.44806179470688,15.853572676200125,16.178159116152994,2321849.02
2020-05-04,16.178159116152994,16.664128366905288,16.034170745179825,16.51712315823829,2199094.55
2020-05-05,16.51712315823829,16.995658434042625,16.25441658822834,16.72957282980365,3047738.12
2020-05-06,16.72957282980365,17.098895657517875,16.45439327968276,16.822192633006043,2759140.84
2020-05-07,16.822192633006043,17.27053201993765,16.754991777699058,17.20181466048069,4220445.25
2020-05-08,17.20181466048069,17.42467923040929,16.6770535533527,16.895955449407648,3443264.39
2020-05-09,16.895955449407648,17.221434558758034,16.412045949381046,16.734413151662913,3419451.75
2020-05-10,16.734413151662913,16.889013782376345,16.34995338555308,16.50241066468985,2657459.81
2020-05-11,16.50241066468985,16.550548091017223,16.358900951227923,16.40675936332118,3104627.39
2020-05-12,16.40675936332118,16.712244173102047,15.769935057044686,16.069133458707782,3502234.12
2020-05-13,16.069133458707782,16.51704602269484,15.781399666382498,16.22649452422125,3827453.67
2020-05-14,16.22649452422125,16.411452969281797,15.989178543572262,16.173533307768217,3125761.25
2020-05-15,16.173533307768217,16.366654290635406,15.629214923769966,15.818091736592732,4190968.09
2020-05-16,15.818091736592732,15.910016043452078,15.487205626274122,15.577733127570575,3206397.83
2020-05-17,15.577733127570575,15.915871197787974,15.316804328056346,15.653670439669623,3901505.83
2020-05-18,15.653670439669623,16.029753337521882,15.481874526510738,15.85573975391339,2831163.5
2020-05-19,15.85573975391339,16.3880252821965,15.814359439347662,16.34536713793092,2033998.82
2020-05-20,16.34536713793092,17.33056868142351,16.111722059625638,17.086332051168736,3422052.64
2020-05-21,17.086332051168736,17.524535262508603,16.759830479239966,17.195939214652242,3836198.21
2020-05-22,17.195939214652242,17.48697547885367,16.654612049880665,16.94133928439532,3695026.19
2020-05-23,16.94133928439532,17.059751902325694,16.288896093395707,16.40354979592059,3556217.48
2020-05-24,16.40354979592059,16.520811442842213,16.354997723979384,16.47205660092947,2932936.29
2020-05-25,16.47205660092947,16.783812104589,15.963770102512633,16.27173423997877,2615523.44
2020-05-26,16.27173423997877,16.57873514971652,15.866044591232937,16.171147722158498,3673272.22
2020-05-27,16.171147722158498,16.35846581972592,15.837655090478982,16.023260135775093,3560007.54
2020-05-28,16.023260135775093,16.240562997631756,15.773854296664773,15.99071580158807,2781321.12
2020-05-29,15.99071580158807,16.42109740195183,15.825582860173663,16.253253288134456,4222835.65
2020-05-30,16.253253288134456,16.44943876478951,16.097940830563417,16.29373943068455,2566221.11
2020-05-31,16.29373943068455,16.36135961997357,16.188777423561255,16.256241995801442,2765634.17
2020-06-01,16.256241995801442,16.317065573325003,15.944466938069484,16.004348041220545,4817509.59
2020-06-02,16.004348041220545,16.103401810267137,15.507681706612072,15.604259254686875,3976079.54
2020-06-03,15.604259254686875,15.870460637175574,15.226835192947878,15.491106237761024,2926035.64
2020-06-04,15.491106237761024,15.562752316181228,15.408479116276565,15.480074171595806,3438364.72
2020-06-05,15.480074171595806,15.99947202615276,15.385946408220287,15.902774004430741,3326261.07
2020-06-06,15.902774004430741,16.1251490399069,15.7139277192029,15.935909271622737,1610826.41
2020-06-07,15.935909271622737,16.27209143852641,15.842327844769288,16.177093689480532,2551119.6
2020-06-08,16.177093689480532,16.25697165378922,15.977337928418155,16.056621032439573,3159580.15
2020-06-09,16.056621032439573,16.25154347196297,15.580570741585468,15.772038435939029,2927058.34
2020-06-10,15.772038435939029,15.908082974737951,15.410201719008931,15.544281701353027,3403915.72
2020-06-11,15.544281701353027,15.750567798678135,15.171651837540477,15.375700719046195,4244064.37
2020-06-12,15.375700719046195,16.17477833528086,15.092484984056192,15.882232439913611,2952838.36
2020-06-13,15.882232439913611,15.95716284897852,15.61306228782515,15.68707195384529,2456498.87
2020-06-14,15.68707195384529,16.182693928574807,15.397774018099668,15.889659905158128,3470725.76
2020-06-15,15.889659905158128,16.179563880671456,15.389007322747712,15.67499477166608,2949085.07
2020-06-16,15.67499477166608,16.168959342452077,15.409717798509964,15.899876565061959,3077553.41
2020-06-17,15.899876565061959,16.208458726950948,15.68740418500812,15.994718954156138,2974890.94
2020-06-18,15.994718954156138,16.205251679001822,15.748338808059948,15.958393392622384,5604726.5
2020-06-19,15.958393392622384,16.173924707006233,15.734760151510054,15.95018054458187,1827547.21
2020-06-20,15.95018054458187,16.18032442239982,15.56618412786399,15.794075579643426,2903936.8
2020-06-21,15.794075579643426,15.939558673721988,15.757801648289316,15.903034498640212,3197050.14
2020-06-22,15.903034498640212,16.209098995744586,15.491233904963147,15.795223507698928,2632318.95
2020-06-23,15.795223507698928,15.993309316101692,15.3112455133952,15.505700451451617,4007258.2
2020-06-24,15.505700451451617,15.75482100629321,14.965037713112691,15.209397754719683,3921464.69
2020-06-25,15.209397754719683,15.384952203051778,15.075690827203749,15.250880596838256,3162023.45
2020-06-26,15.250880596838256,15.657208068369183,15.216975603919641,15.622476961049031,2990624.93
2020-06-27,15.622476961049031,15.837118909271025,15.44789228348391,15.662091530028734,3111676.35
2020-06-28,15.662091530028734,15.836401558382132,15.461522982214001,15.635537479327414,3117259.18
2020-06-29,15.635537479327414,15.860098652425272,15.481280281250509,15.705154625011954,3137911.82
2020-06-30,15.705154625011954,16.151279836732787,15.577708756203288,16.02126873135767,3053080.36
2020-07-01,16.02126873135767,16.18082719959093,15.917180637894694,16.07638104859061,3408468.73
2020-07-02,16.07638104859061,16.261192034295448,15.794395649124468,15.978076545157773,3863037.63
2020-07-03,15.978076545157773,16.39261820904088,15.83818838091601,16.250346321136725,2352752.16
2020-07-04,16.250346321136725,16.676462361415304,15.93413450635996,16.358152765414918,2460795.9
2020-07-05,16.358152765414918,16.83132516220211,16.274518576164347,16.74570951483757,2066840.89
2020-07-06,16.74570951483757,16.924317476914034,16.615863614535076,16.794096385771542,3973908.66
2020-07-07,16.794096385771542,16.916546987224738,16.366340491202276,16.486548673565448,3406657.59
2020-07-08,16.486548673565448,16.680753048131137,15.959138386985765,16.149370954636705,3630853.3
2020-07-09,16.149370954636705,16.742863653153286,15.971937095283797,16.56090821554966,2238433.41
2020-07-10,16.56090821554966,17.232701705351253,16.335889717393083,17.00169410457624,4999749.65
2020-07-11,17.00169410457624,17.326427003823348,16.633308084601605,16.957190972609823,2748177.82
2020-07-12,16.957190972609823,17.078163226045465,16.740315327902497,16.860598492561866,3337434.04
2020-07-13,16.860598492561866,17.490070379618206,16.616627516603874,17.240600812556448,3961992.18
2020-07-14,17.240600812556448,17.28285276077856,16.913518001615575,16.95507019319485,2500287.86
2020-07-15,16.95507019319485,17.069059003096747,16.615630857892683,16.728093706575272,2791473.86
2020-07-16,16.728093706575272,17.068805787921335,16.55500887201886,16.894004284068334,3346596.15
2020-07-17,16.894004284068334,16.937217562245383,16.751901013792317,16.79486069196115,6537266.28
2020-07-18,16.79486069196115,17.015622769821437,16.57454486479104,16.795301164510274,3450199.29
2020-07-19,16.795301164510274,17.033955523960696,16.517338802350174,16.75542655998089,4781436.85
2020-07-20,16.75542655998089,17.103334842727648,16.496703155517334,16.8432552602955,4325678.89
2020-07-21,16.8432552602955,17.403195523855274,16.65295441734634,17.208765026892408,3508376.23
2020-07-22,17.208765026892408,17.456057318373187,16.9872709439191,17.234235406048647,2498903.08
2020-07-23,17.234235406048647,17.564223900756343,17.076901063256145,17.405327627217257,4170722.21
2020-07-24,17.405327627217257,17.453062688306765,16.82748952789986,16.873766754280023,2200364.93
2020-07-25,16.873766754280023,16.937872445206523,16.798981273476684,16.863046235723026,4774883.57
2020-07-26,16.863046235723026,17.09558640616682,16.42070529041789,16.650311869559413,3364071.97
2020-07-27,16.650311869559413,16.981986005285457,16.021172440106586,16.346800633406886,1649702.42
2020-07-28,16.346800633406886,16.384144217873057,16.095172245321773,16.132025184229377,2938867.45
2020-07-29,16.132025184229377,16.326198352833885,15.85887252839231,16.05208347841958,3768351.98
2020-07-30,16.05208347841958,16.53111498091309,15.802984717965437,16.27850261266103,3015889.59
2020-07-31,16.27850261266103,16.553315429448663,15.686329111575425,15.955692261148688,3826315.24
2020-08-01,15.955692261148688,16.153375474464458,15.767196687409179,15.964772628100835,2587377.38
2020-08-02,15.964772628100835,16.17484489145602,15.640964142426146,15.849519853571827,2308632.17
2020-08-03,15.849519853571827,16.079988498625912,15.543173311965154,15.772522332288222,3143351.1
2020-08-04,15.772522332288222,16.295763327680454,15.497112129216159,16.016099920733684,3225352.44
2020-08-05,16.016099920733684,16.21698350307155,15.948812894844405,16.149137557908467,2933084.86
2020-08-06,16.149137557908467,16.78978202477932,15.847612496348736,16.48204122577923,4349120.31
2020-08-07,16.48204122577923,16.522724066753433,16.404549395700727,16.44514115574262,2587258.88
2020-08-08,16.44514115574262,16.725557050954258,15.996524347328533,16.274022394640447,3460600.79
2020-08-09,16.274022394640447,16.32905019699705,16.16565637328609,16.220503209741487,3254840.6
2020-08-10,16.220503209741487,16.371617491959235,16.131236787763214,16.282012565065486,2168361.52
2020-08-11,16.282012565065486,16.3612079052446,16.248307258209813,16.327408624250367,2301113.79
2020-08-12,16.327408624250367,16.490921428630408,15.901665139703873,16.062525237435324,3209543.01
2020-08-13,16.062525237435324,16.21526311780154,15.933728423645139,16.086275860446342,5251169.48
2020-08-14,16.086275860446342,16.224302445402493,16.00603956895439,16.1437793339219,3698651.39
2020-08-15,16.1437793339219,16.944122318076477,15.980410374971065,16.774371999153484,2078698.76
2020-08-16,16.774371999153484,17.420464180536467,16.61933191538793,17.260927026348444,1470391.65
2020-08-17,17.260927026348444,17.533958619596056,16.771036793661946,17.040583007565857,3843618.37
2020-08-18,17.040583007565857,17.34861447368985,16.66145074442204,16.968173307794753,3123947.54
2020-08-19,16.968173307794753,17.2014213904239,16.368975788364935,16.597123340019216,4256585.45
2020-08-20,16.597123340019216,16.66748496889578,16.380939711335174,16.450680512392484,2567599.28
2020-08-21,16.450680512392484,16.652358752876605,16.330310318746378,16.531397946992538,3492800.79
2020-08-22,16.531397946992538,17.149023556737504,16.226563443188883,16.83852570028934,3953867.35
2020-08-23,16.83852570028934,16.899097596428195,16.59502158591648,16.654933058772937,2861325.27
2020-08-24,16.654933058772937,16.810213746743734,16.33832873953162,16.492091186760934,2876658.61
2020-08-25,16.492091186760934,16.804865067372614,15.662093382884803,15.964868440272763,3220274.22
2020-08-26,15.964868440272763,16.269988481400667,15.62275402325104,15.927153252958062,3664969.07
2020-08-27,15.927153252958062,16.076894887805274,15.526628922321876,15.673990406877788,3188553.32
2020-08-28,15.673990406877788,15.893632291281074,15.332241174229065,15.55014763199634,4082256.48
2020-08-29,15.55014763199634,15.709092233984377,15.189280664928972,15.346140019266945,2850992.02
2020-08-30,15.346140019266945,15.584961096174766,15.087286841384925,15.325791244768764,2295732.6
2020-08-31,15.325791244768764,15.365154987124093,14.885509758881208,14.923841106796464,5245626.34
2020-09-01,14.923841106796464,14.992413599938457,14.52962767952174,14.596697001546246,2751076.74
2020-09-02,14.596697001546246,15.274592075303097,14.406128678530466,15.077743413116345,2776081.19
2020-09-03,15.077743413116345,15.171013440121188,14.696014939337948,14.787489472672306,3147787.99
2020-09-04,14.787489472672306,14.9943507961641,14.341384099581418,14.544851170080047,3254198.76
2020-09-05,14.544851170080047,15.082145965224097,14.423808734005888,14.957668061737145,2905135.11
2020-09-06,14.957668061737145,15.914412959858636,14.689034026569658,15.633638748003369,3186083.23
2020-09-07,15.633638748003369,15.895450120444984,15.102448174379717,15.359671508155166,3168347.8
2020-09-08,15.359671508155166,15.52664773205693,15.109579587678232,15.275642323558188,3342956.66
2020-09-09,15.275642323558188,15.60099884157565,15.032574598637336,15.356642236995214,1774961.88
2020-09-10,15.356642236995214,15.875061215664925,15.250981137236689,15.766579549625304,5121103.21
2020-09-11,15.766579549625304,15.93838285833167,15.364508102926525,15.533774611656696,3084312.35
2020-09-12,15.533774611656696,15.62005971118286,15.391683439387045,15.477656822725471,3699902.49
2020-09-13,15.477656822725471,15.937033560182478,15.206860496843639,15.66299457407834,2267381.12
2020-09-14,15.66299457407834,16.033490929816878,15.399617919906792,15.768342821985849,2844538.23
2020-09-15,15.768342821985849,16.05593680209767,15.394209479548472,15.68019577259672,2704918.66
2020-09-16,15.68019577259672,15.959218359469698,15.371518083359373,15.650003409643437,4620864.23
2020-09-17,15.650003409643437,15.951621742378745,15.032947420394926,15.328366939407308,2764051.14
2020-09-18,15.328366939407308,15.422024061078405,15.181309431463145,15.274638268149868,3867741.74
2020-09-19,15.274638268149868,15.561386566170896,14.928959815284761,15.214580661633983,2719765.59
2020-09-20,15.214580661633983,15.4574238691524,15.027717655164057,15.269881664751676,2857639.9
2020-09-21,15.269881664751676,15.416547526917832,14.997830107099665,15.143279971202194,3009467.85
2020-09-22,15.143279971202194,15.438011239163867,14.960247232946283,15.253644553980292,4411047.07
2020-09-23,15.253644553980292,15.61806753431843,15.129070442581744,15.4915504826894,1995086.97
2020-09-24,15.4915504826894,15.64147791096368,15.380104979187207,15.529757547589334,2303051.36
2020-09-25,15.529757547589334,15.713575706394394,15.43124207558629,15.614522514424282,1966636.1
2020-09-26,15.614522514424282,15.683197159707966,15.560126142845887,15.628751219535362,2438237.1
2020-09-27,15.628751219535362,15.801364191749107,15.457801310742676,15.630396288910974,2612351.56
2020-09-28,15.630396288910974,15.91142628391608,15.183744588728963,15.461742232685342,2137272.53
2020-09-29,15.461742232685342,15.745134026216858,15.25544029652586,15.537817043976148,2663427.62
2020-09-30,15.537817043976148,15.71459951125442,15.339961888015322,15.516501840254723,1933771.4
2020-10-01,15.516501840254723,16.17470609983597,15.365764106088523,16.01908592586007,2480979.96
2020-10-02,16.01908592586007,16.577945218843915,15.853140541998835,16.40797128241296,4320002.19
2020-10-03,16.40797128241296,16.60125920374316,16.313346639085772,16.506068832603663,3539720.71
2020-10-04,16.506068832603663,16.783582822476703,16.043337242039975,16.317683945863177,3353544.1
2020-10-05,16.317683945863177,16.408588022666194,15.956739957431482,16.046131243091423,2490431.95
2020-10-06,16.046131243091423,16.58405621043222,15.807056570093057,16.34059427105457,2179574.27
2020-10-07,16.34059427105457,16.664869008138268,16.084378161463516,16.407602231800993,2406953.38
2020-10-08,16.407602231800993,16.733438466973027,16.205007020951975,16.529340080656397,3165618.18
2020-10-09,16.529340080656397,16.819143624109245,15.816776577292064,16.099035734602385,3975676.83
2020-10-10,16.099035734602385,16.44718014750931,15.98249632268909,16.328976217972183,4009805.21
2020-10-11,16.328976217972183,16.73754330471605,16.03719194603371,16.44370886253334,3746431.93
2020-10-12,16.44370886253334,16.692492118559283,15.925894637406387,16.170545092696408,2661158.61
2020-10-13,16.170545092696408,16.435378144818692,15.793916773882005,16.056888414102993,3219700.26
2020-10-14,16.056888414102993,16.348085792929698,15.83269515698796,16.12296987768973,2952981.03
2020-10-15,16.12296987768973,16.415609610908458,15.845103804490149,16.137493239558914,3043028.9
2020-10-16,16.137493239558914,16.458238497337785,15.748394094581066,16.067753215007613,5325106.89
2020-10-17,16.067753215007613,16.2214080364567,15.890771017383724,16.044200606857213,2059886.22
2020-10-18,16.044200606857213,16.311344285187996,15.718461693292724,15.984613212772592,3017659.73
2020-10-19,15.984613212772592,16.270137484536445,15.738411236031856,16.023339035797743,4332254.33
2020-10-20,16.023339035797743,16.55332539070017,15.86067549804692,16.386970389991586,2218159.81
2020-10-21,16.386970389991586,16.69316227538125,15.467925961944234,15.762448606603513,2724306.64
2020-10-22,15.762448606603513,15.905881635808717,15.564580811862676,15.707513954037474,2803563.22
2020-10-23,15.707513954037474,15.943119019798317,15.51622177826145,15.751293677627853,3026262.56
2020-10-24,15.751293677627853,15.885691565831106,15.689753965071032,15.823868306924556,2147193.24
2020-10-25,15.823868306924556,15.919823508420153,15.640999042546358,15.73642398574508,3713490.7
2020-10-26,15.73642398574508,16.006028758605378,15.061400459365196,15.323938308545095,3779994.79
2020-10-27,15.323938308545095,15.542766662371466,15.183908941635138,15.402023754636629,3633675.39
2020-10-28,15.402023754636629,15.956643436659567,15.261965242010389,15.812849078360921,2574247.84
2020-10-29,15.812849078360921,15.91448866941986,15.35122810130542,15.450538886240865,3269962.47
2020-10-30,15.450538886240865,15.825945474333949,15.282916205903451,15.656092743077897,2555609.51
2020-10-31,15.656092743077897,15.914491940019364,15.322692816930266,15.579833375482883,2944684.39
2020-11-01,15.579833375482883,15.862030182609118,15.284992369884247,15.566955928402328,5482262.01
2020-11-02,15.566955928402328,15.617736269183515,15.271751014316443,15.321731418086243,3277479.41
2020-11-03,15.321731418086243,15.510905360359377,15.05749254842846,15.245728094910765,2378022.28
2020-11-04,15.245728094910765,15.713090747425207,15.087006029889109,15.55118855777153,3347569.78
2020-11-05,15.55118855777153,15.895847355792556,15.34813554873858,15.69096922040055,2282341.36
2020-11-06,15.69096922040055,16.272643169427617,15.533259879306147,16.110714979505854,2371204.87
2020-11-07,16.110714979505854,16.553450962853162,15.962889393983984,16.402943998762247,2466672.38
2020-11-08,16.402943998762247,16.68765131470181,16.230813918563335,16.514352133929094,2863582.45
2020-11-09,16.514352133929094,17.17069749057764,16.308319335690616,16.959115827473457,4044642.07
2020-11-10,16.959115827473457,17.26239644770135,16.772265414355378,17.07427722114968,3697845.52
2020-11-11,17.07427722114968,17.473565495513693,16.895021212294605,17.292023456011528,3646980.78
2020-11-12,17.292023456011528,17.581163995456645,16.928272412814497,17.21614417205281,2431284.38
2020-11-13,17.21614417205281,17.501132759041898,16.95064258397116,17.235335213175272,2794972.37
2020-11-14,17.235335213175272,17.375713793673697,16.91669590729867,17.055610664979355,3425169.93
2020-11-15,17.055610664979355,17.59969498698994,16.775721474424007,17.31554025104462,2734834.2
2020-11-16,17.31554025104462,17.616236936897323,16.714962389254183,17.010359392191283,2984878.97
2020-11-17,17.010359392191283,17.29735476248663,16.929341437015232,17.21536041619556,3573303.37
2020-11-18,17.21536041619556,17.430350731591986,16.953005583213972,17.16739691679331,2932800.12
2020-11-19,17.16739691679331,17.601867618024922,17.04489696665342,17.477157336513592,3386055.61
2020-11-20,17.477157336513592,17.949917647014058,17.209667664396594,17.67933364590141,4765168.62
2020-11-21,17.67933364590141,18.291104482181154,17.56798679947499,18.17662562328504,3065424.66
2020-11-22,18.17662562328504,18.64019119433683,17.920603063019616,18.381285939601376,4297292.88
2020-11-23,18.381285939601376,18.502459858038858,17.831392395939808,17.949721335286295,3680296.53
2020-11-24,17.949721335286295,18.15076876404193,17.73248865596795,17.933352746913307,2217411.03
2020-11-25,17.933352746913307,18.275442863749717,17.282873990593995,17.618966999210816,2429332.56
2020-11-26,17.618966999210816,17.775133342068294,17.327759178195265,17.48271787205113,2598025.77
2020-11-27,17.48271787205113,18.208045647920425,17.17216723647077,17.890255796875767,2584267.44
2020-11-28,17.890255796875767,18.42318069966275,17.53665484701061,18.066104107505126,3128577.33
2020-11-29,18.066104107505126,18.386728952955096,17.560033506739586,17.877307723234466,3731505.69
2020-11-30,17.877307723234466,17.96643662365645,17.51837945752451,17.606156509564364,4379525.63
2020-12-01,17.606156509564364,17.91189960781667,17.31118564039047,17.616751236203577,3456285.93
2020-12-02,17.616751236203577,17.66217936080184,17.251613118912502,17.296214679381755,2862601.77
2020-12-03,17.296214679381755,17.45325451739735,16.96722101110166,17.12268530059168,1901400.08
2020-12-04,17.12268530059168,17.50984180658199,16.8200726464137,17.205760939954626,3256972.89
2020-12-05,17.205760939954626,17.764106611115356,16.958040311521703,17.51197722157136,3220682.71
2020-12-06,17.51197722157136,17.881243014093435,17.3090251790143,17.676385589089882,3349740.9
2020-12-07,17.676385589089882,17.835146973411003,16.920591084435042,17.07394158634644,5417914.07
2020-12-08,17.07394158634644,17.43992615559208,16.790149712107322,17.154790464257395,4363611.09
2020-12-09,17.154790464257395,17.42905882374411,16.901379019974957,17.175343765048595,3893918.74
2020-12-10,17.175343765048595,17.465694686114706,16.99618267457452,17.28538571551012,2515902.35
2020-12-11,17.28538571551012,18.036577370255117,16.973130095832133,17.71653319295067,2814830.71
2020-12-12,17.71653319295067,17.825296129762638,17.06664150660066,17.172061899119,3125016.8
2020-12-13,17.172061899119,17.25907354667965,16.93420035889903,17.020443750147795,2636095.98
2020-12-14,17.020443750147795,17.408662409188,16.789468367009484,17.17558173108139,3626496.17
2020-12-15,17.17558173108139,17.51043512349757,16.442948866844336,16.769892992933418,3498652.95
2020-12-16,16.769892992933418,17.26226549241313,16.66171681397678,17.151626893762618,2437746.05
2020-12-17,17.151626893762618,17.361610380336163,17.04024308262894,17.249590387726684,4316111.96
2020-12-18,17.249590387726684,17.55333135085422,17.171777843186895,17.47450422465999,3282903.99
2020-12-19,17.47450422465999,17.780135819789226,17.02249091183987,17.325516693597372,2076913.76
2020-12-20,17.325516693597372,17.64925327793343,17.22026148162603,17.54267877251458,3159188.2
2020-12-21,17.54267877251458,18.028536155727117,17.348705628297438,17.831370881233575,3433061.48
2020-12-22,17.831370881233575,18.251362814723915,17.47767307574835,17.896375594939748,4081027.93
2020-12-23,17.896375594939748,18.001881912462014,17.856671837536556,17.962032492852934,2941094.26
2020-12-24,17.962032492852934,18.254523968906458,17.746187245554868,18.037768619536156,3935883.49
2020-12-25,18.037768619536156,18.24017407871067,17.604986434351364,17.80477745239608,3353271.06
2020-12-26,17.80477745239608,18.099162582447942,17.473040375508543,17.766797543746385,2303401.99
2020-12-27,17.766797543746385,17.915951012150643,17.578730772885915,17.727554795763655,2246467.8
2020-12-28,17.727554795763655,18.000259711478638,17.561161405524814,17.83287774482493,4236725.9
2020-12-29,17.83287774482493,18.198419096713526,17.7433052747541,18.107467394779267,4315213.73
2020-12-30,18.107467394779267,18.385139507312044,17.547422843889265,17.82069743248873,3469040.76
2020-12-31,17.82069743248873,18.10805190813167,17.501923755166878,17.7887633005854,4650977.86
2021-01-01,17.7887633005854,18.276360118818133,17.70942648761051,18.195210575475915,4167445.56
2021-01-02,18.195210575475915,18.360463614272174,17.829448680568845,17.992863961416397,3796418.01
2021-01-03,17.992863961416397,18.318036215355765,17.45036285524224,17.771535191484535,2548036.18
2021-01-04,17.771535191484535,17.864571461899413,17.735126097732326,17.828046591494324,4933299.32
2021-01-05,17.828046591494324,18.193139879946507,17.69651726695888,18.059900018895423,3659132.76
2021-01-06,18.059900018895423,18.281522777516834,17.843348071720083,18.064910747887065,2905748.79
2021-01-07,18.064910747887065,18.582677510897,17.920144162780158,18.43494558153869,2707655.98
2021-01-08,18.43494558153869,18.807029680101838,18.307803201727836,18.678209554064267,3412164.21
2021-01-09,18.678209554064267,19.114896922256992,18.486184957132696,18.920382622778032,2107254.76
2021-01-10,18.920382622778032,19.182692649407556,18.820721097646874,19.082178876111588,3811676.54
2021-01-11,19.082178876111588,19.998518833365214,18.8620992538241,19.77050062132431,2521258.31
2021-01-12,19.77050062132431,20.061532801292348,19.420918794253076,19.71107621567808,3510655.73
2021-01-13,19.71107621567808,19.95461265594903,18.88636760034773,19.122633650814354,2808767.36
2021-01-14,19.122633650814354,19.668085373910696,19.05233946229008,19.596050918680188,2995305.21
2021-01-15,19.596050918680188,19.933090356106042,19.127660833433644,19.462401588578214,2648314.35
2021-01-16,19.462401588578214,19.59672360916339,19.362177984439974,19.49632531138572,3073581.37
2021-01-17,19.49632531138572,20.203414878204725,19.18893423657556,19.889819728024936,5132001.28
2021-01-18,19.889819728024936,20.058687718444833,19.249102089084186,19.413929691241577,4524086.67
2021-01-19,19.413929691241577,19.72629407859535,18.74402690579983,19.050544533430124,3496528.25
2021-01-20,19.050544533430124,19.159378622879526,18.48878064773271,18.59501232162387,3179828.43
2021-01-21,18.59501232162387,18.69468006039466,18.275632237950628,18.374115990529738,3951918.3
2021-01-22,18.374115990529738,18.701566056989865,18.172984368672235,18.499066666897797,4244582.26
2021-01-23,18.499066666897797,18.69713954884966,18.451101393994357,18.648786076235545,2600480.44
2021-01-24,18.648786076235545,18.84251524637216,18.53586111034213,18.729103927608918,3138644.73
2021-01-25,18.729103927608918,19.01064394835255,18.05804891122784,18.333644295568234,2029239.82
2021-01-26,18.333644295568234,18.646652819103643,17.40148882052531,17.70374310233504,4237300.27
2021-01-27,17.70374310233504,17.781405888345134,17.642591956197865,17.720197905072386,5362374.47
2021-01-28,17.720197905072386,18.03698894930266,17.28101896045777,17.595582200036123,3264711.72
2021-01-29,17.595582200036123,18.010375087912553,17.30780100427856,17.720550005005563,1881178.19
2021-01-30,17.720550005005563,18.228465419638876,17.407705792083974,17.912237101882354,3726142.21
2021-01-31,17.912237101882354,18.213317603251735,17.65122510604845,17.95173012636083,2552641.02
2021-02-01,17.95173012636083,18.418664825982564,17.697986815405553,18.16195010705959,2710988.83
2021-02-02,18.16195010705959,18.435876861749154,17.953965298945317,18.227145457461923,3742653.71
2021-02-03,18.227145457461923,18.62898062385527,17.97651910806263,18.376303328368085,3410262.75
2021-02-04,18.376303328368085,18.71707301881081,17.845501025699992,18.182680173398484,2832397.75
2021-02-05,18.182680173398484,18.25194520298398,18.065976719653,18.13506034645902,2720319.68
2021-02-06,18.13506034645902,18.33097745760134,17.995714884267976,18.191200626935032,3302269.05
2021-02-07,18.191200626935032,18.481971680353553,18.13109345238133,18.42110485864574,2888636.01
2021-02-08,18.42110485864574,18.77122546094373,17.965169075254995,18.313239536043756,2425024.26
2021-02-09,18.313239536043756,18.645487439593133,18.129836500524117,18.460608536195718,2944709.04
2021-02-10,18.460608536195718,18.721940611472384,18.127870595565632,18.38817732002575,3483539.82
2021-02-11,18.38817732002575,18.703353642749466,18.04265961525806,18.357306812507794,3060642.75
2021-02-12,18.357306812507794,18.960672545546895,17.993134477988974,18.591847393926578,2247399.25
2021-02-13,18.591847393926578,18.68317211450762,17.951069728431655,18.039682166903013,4097663.63
2021-02-14,18.039682166903013,18.335374690557426,17.400018774620914,17.689979238222712,1613568.12
2021-02-15,17.689979238222712,18.00793206428328,16.987311450609308,17.29822300201651,2862111.16
2021-02-16,17.29822300201651,17.348037677045877,16.64984981605041,16.69793580996653,2740392.6
2021-02-17,16.69793580996653,16.95798328542631,16.271210708156783,16.52862134273616,3320766.17
2021-02-18,16.52862134273616,16.859654354045883,16.390027930785397,16.719460743077942,3682405.7
2021-02-19,16.719460743077942,16.94809505923947,16.42137575508268,16.649047183972787,4241182.03
2021-02-20,16.649047183972787,16.88877668731871,16.461697661532472,16.7008442988068,2677944.68
2021-02-21,16.7008442988068,17.094383835398983,16.58936014183062,16.98102934224065,3705419.19
2021-02-22,16.98102934224065,17.405361547930973,16.905735721070194,17.32852712696369,3360552.54
2021-02-23,17.32852712696369,17.39966160063579,17.241083630625493,17.312150878977594,2086036.73
2021-02-24,17.312150878977594,17.74158732114537,17.2453292409855,17.673371439900315,5146340.47
2021-02-25,17.673371439900315,17.93854284394546,17.435130491981102,17.69994369614695,2233248.0
2021-02-26,17.69994369614695,17.847302724651005,17.332685817812308,17.47819873182703,3553827.27
2021-02-27,17.47819873182703,17.581309650419268,17.22081523968946,17.32301064136789,3527681.29
2021-02-28,17.32301064136789,17.573396253474492,16.694958359786384,16.939805145845636,3428284.55
2021-03-01,16.939805145845636,17.183116516691996,16.474627526553437,16.714705728700945,2827821.39
2021-03-02,16.714705728700945,16.910351848368226,16.431239561379908,16.62584557029276,3935208.92
2021-03-03,16.62584557029276,17.148563979328593,16.312793522149082,16.8316370341767,2166382.97
2021-03-04,16.8316370341767,17.433298235372963,16.68120501598264,17.278869100192875,3147767.94
2021-03-05,17.278869100192875,17.573396641985948,16.633442349646977,16.921884905394773,2779252.87
2021-03-06,16.921884905394773,17.08193491476408,16.865154128151996,17.024858916188055,2701551.73
2021-03-07,17.024858916188055,17.28562799398109,16.503101608942124,16.759810957840525,3562055.47
2021-03-08,16.759810957840525,17.21691089069354,16.428099883568233,16.882766278149848,4189244.66
2021-03-09,16.882766278149848,17.17380436741369,16.560468491709297,16.850958249754495,2936847.92
2021-03-10,16.850958249754495,17.060482473965095,16.186988270612005,16.39079078874236,3889657.4
2021-03-11,16.39079078874236,16.845926294994797,16.173091761355217,16.625115022539774,3240040.97
2021-03-12,16.625115022539774,16.764087881706562,16.337133541620716,16.474850306183914,2559898.88
2021-03-13,16.474850306183914,16.709299517405487,16.110992072324933,16.343573112735644,3000151.5
2021-03-14,16.343573112735644,16.6028984978344,15.826824878189248,16.081999849746964,2969160.75
2021-03-15,16.081999849746964,16.403127034546767,15.606739958714666,15.924726695451074,2688506.49
2021-03-16,15.924726695451074,16.204319237040632,15.751715169564395,16.030162224508327,3561819.61
2021-03-17,16.030162224508327,16.079911403106006,15.936230499987346,15.985842132367559,3393332.09
2021-03-18,15.985842132367559,16.271928553723033,15.782415207696195,16.067462967754107,2150044.17
2021-03-19,16.067462967754107,16.224587891150165,16.000904551620675,16.157655856863222,2117570.22
2021-03-20,16.157655856863222,16.592155261659798,16.05415361703724,16.486546225519138,3558438.85
2021-03-21,16.486546225519138,16.617087331673932,16.272813573406857,16.40269070835641,2609945.14
2021-03-22,16.40269070835641,16.651331514113927,15.797585314553933,16.04073946879496,3450989.83
2021-03-23,16.04073946879496,16.390958366043314,15.955586461764476,16.304405674769175,3889900.99
2021-03-24,16.304405674769175,16.385659545286625,16.14340427128782,16.224258725231,2328938.54
2021-03-25,16.224258725231,16.54916571503212,16.178679000714208,16.502803459094316,2248507.13
2021-03-26,16.502803459094316,16.894984771630725,16.210401525415087,16.60084569436576,4863501.88
2021-03-27,16.60084569436576,16.841277363437424,16.329577524703446,16.569556022400967,3493987.05
2021-03-28,16.569556022400967,16.704539817855114,16.524502796757098,16.659242730788236,2881585.45
2021-03-29,16.659242730788236,17.2048318401142,16.617440334359955,17.161768475182008,2533662.02
2021-03-30,17.161768475182008,17.926844065382987,16.954863837507123,17.713290205977536,2816628.49
2021-03-31,17.713290205977536,17.859453579576318,17.587780576388635,17.73379863506802,2376212.24
2021-04-01,17.73379863506802,18.00534194464653,17.507850988899506,17.77882066939319,3990848.45
2021-04-02,17.77882066939319,18.251064028888408,17.60418153342558,18.07352999995751,2635210.39
2021-04-03,18.07352999995751,18.41005237125396,17.512601695874253,17.8448664371231,4206094.13
2021-04-04,17.8448664371231,18.06597839285926,17.71673026248391,17.937179359532454,2895024.52
2021-04-05,17.937179359532454,18.192328859379433,17.676927435532782,17.932003308031494,2465299.41
2021-04-06,17.932003308031494,18.073096573756633,17.878691863709786,18.019524929613645,2876503.27
2021-04-07,18.019524929613645,18.365598728523793,17.45310552952083,17.79486461713263,1660483.98
2021-04-08,17.79486461713263,18.144598380912974,17.0310140223234,17.37244571951691,3104829.08
2021-04-09,17.37244571951691,17.638302220710617,16.578410419999184,16.83605840191795,3066758.11
2021-04-10,16.83605840191795,17.010712716851593,16.3828946772148,16.554629498094286,3932740.44
2021-04-11,16.554629498094286,16.65329313493181,16.34349050009788,16.441479777965526,1996857.27
2021-04-12,16.441479777965526,16.71482421511562,16.098013549429236,16.370172481807483,4278563.83
2021-04-13,16.370172481807483,17.117646610073002,16.120455752440186,16.86045098911432,3928668.77
2021-04-14,16.86045098911432,17.250483038179787,16.759369673430733,17.14767973654746,4376116.56
2021-04-15,17.14767973654746,17.32124641243649,16.72976605382054,16.900834189869006,3158099.64
2021-04-16,16.900834189869006,17.167572928319114,16.726242135486064,16.992038696643164,4123181.27
2021-04-17,16.992038696643164,17.27878597483656,16.604111295675832,16.889121811301848,2215193.59
2021-04-18,16.889121811301848,17.130791706051582,16.577472527473617,16.81812653632814,3824442.49
2021-04-19,16.81812653632814,17.09626509685019,16.589786566891796,16.8672580678351,2638894.61
2021-04-20,16.8672580678351,17.261538910270687,16.63622902865267,17.028304041520986,2117635.96
2021-04-21,17.028304041520986,17.145262291029493,16.8262305952379,16.942600191155865,2416005.8
2021-04-22,16.942600191155865,17.369866840830138,16.795355396060387,17.22020939888895,3204427.97
2021-04-23,17.22020939888895,17.26880347179006,16.878285358054104,16.926049334451466,2604071.05
2021-04-24,16.926049334451466,17.20310154569964,16.65244075499739,16.92943818566748,3515455.81
2021-04-25,16.92943818566748,17.7846398336997,16.763631811968153,17.61214703149766,2036212.41
2021-04-26,17.61214703149766,17.848486647430285,17.437993006597036,17.67372373420967,1880196.75
2021-04-27,17.67372373420967,18.18021788615559,17.560321827569148,18.064309817979847,4509776.83
2021-04-28,18.064309817979847,18.1956845404745,17.960084331004722,18.09130330939312,4011241.69
2021-04-29,18.09130330939312,18.483037424046046,17.863700336018905,18.253395205795435,2461637.06
2021-04-30,18.253395205795435,18.366309873877643,18.12673605780013,18.239565173937663,3197601.18
2021-05-01,18.239565173937663,18.297124851877236,18.136921126191876,18.194338078302508,4128968.32
2021-05-02,18.194338078302508,18.482083963730407,17.69781002114766,17.982200929245533,3553563.71
2021-05-03,17.982200929245533,18.26079177488972,17.824381045149178,18.10192117208969,3320802.88
2021-05-04,18.10192117208969,18.262018916632105,17.71324617683153,17.871304290204847,4207797.41
2021-05-05,17.871304290204847,18.23093310476845,17.696813717036292,18.054652370617738,2665716.0
2021-05-06,18.054652370617738,18.662471536811594,17.75366674872062,18.35645462778696,3225040.22
2021-05-07,18.35645462778696,18.604321976731107,18.213732015913077,18.460788164915463,3185752.9
2021-05-08,18.460788164915463,18.74960076775788,18.09506993834942,18.382660257280826,2989064.01
2021-05-09,18.382660257280826,18.861784566826422,18.0350109318847,18.5116949619814,2902868.63
2021-05-10,18.5116949619814,18.768926580059993,18.17102242062027,18.427078236194806,3258828.81
2021-05-11,18.427078236194806,18.87520172360819,18.2470409007156,18.69257046021538,3227644.72
2021-05-12,18.69257046021538,18.981561618744003,17.90087679535987,18.181974023185276,2462172.03
2021-05-13,18.181974023185276,18.36819657670953,17.9061707907005,18.091466350827975,3910244.04
2021-05-14,18.091466350827975,18.262606030071762,17.38869859802002,17.554761212562134,2506919.0
2021-05-15,17.554761212562134,17.755852704086216,16.966045112992283,17.16264487384289,3030090.38
2021-05-16,17.16264487384289,17.658742973630286,17.03016638328044,17.52347920215633,2972284.03
2021-05-17,17.52347920215633,17.833931530069204,17.455549366809564,17.765065185716665,3499698.12
2021-05-18,17.765065185716665,17.933253028658857,17.407553711843374,17.57393203298894,1883957.89
2021-05-19,17.57393203298894,17.648259640449037,17.106787382246097,17.17944654336382,3998335.96
2021-05-20,17.17944654336382,17.340726268824803,16.271025158053007,16.425224285287964,2701759.49
2021-05-21,16.425224285287964,16.622734436952015,16.09606165229082,16.29196944016285,4341160.17
2021-05-22,16.29196944016285,17.220415237485724,15.986449375089757,16.90342860030288,2839447.75
2021-05-23,16.90342860030288,17.06227997161274,16.85860067454418,17.0171504552719,3161162.73
2021-05-24,17.0171504552719,17.241542877874913,16.65245718944891,16.87497484877348,5163410.55
2021-05-25,16.87497484877348,17.170322810112733,16.702188043357797,16.996293791729173,2985646.35
2021-05-26,16.996293791729173,17.036484932887802,16.560784725386092,16.60003884234399,4361706.07
2021-05-27,16.60003884234399,16.707804089473818,16.419716169525486,16.527007305619907,3231389.02
2021-05-28,16.527007305619907,16.62211500315492,16.4587055716457,16.553702943197166,3550205.6
2021-05-29,16.553702943197166,16.651407775072286,16.43621386784527,16.533801233969022,3256459.16
2021-05-30,16.533801233969022,16.851387101031378,16.419019214558467,16.73520687044433,3955526.51
2021-05-31,16.73520687044433,16.97991843123462,16.580849454964703,16.82473524949413,2695996.53
2021-06-01,16.82473524949413,17.19391698651871,16.630868719819077,16.998053362647017,2502120.77
2021-06-02,16.998053362647017,17.032352372824917,16.789168368520354,16.82311438334617,2727830.93
2021-06-03,16.82311438334617,17.139531674984525,16.74045151273718,17.05572583347455,3280770.83
2021-06-04,17.05572583347455,17.54893884339265,16.99288921464449,17.484522454221732,3028132.56
2021-06-05,17.484522454221732,17.69248548318434,17.025775885045892,17.23072015874867,3821792.41
2021-06-06,17.23072015874867,17.367245145123064,16.867156382737445,17.00186809464357,4434140.22
2021-06-07,17.00186809464357,17.557912642798293,16.800036210967942,17.351925175766546,2507261.76
2021-06-08,17.351925175766546,17.455912130266455,17.199703046800426,17.30339919385262,2663560.1
2021-06-09,17.30339919385262,17.72097777999892,17.261245892117156,17.67791211670582,2234664.17
2021-06-10,17.67791211670582,18.01281316524339,17.22869311022364,17.56138662952469,5316121.83
2021-06-11,17.56138662952469,18.02635501153336,17.49202712202193,17.955439175303148,3453258.18
2021-06-12,17.955439175303148,18.07025526885036,17.87852781536067,17.99318223810384,3607811.62
2021-06-13,17.99318223810384,18.149513330164496,17.909732686023005,18.06572732536742,2288962.63
2021-06-14,18.06572732536742,18.865673821938323,17.71050133667824,18.501871931697835,3199064.15
2021-06-15,18.501871931697835,18.744577347457916,18.161060717662764,18.402462086573937,3634468.22
2021-06-16,18.402462086573937,18.641422089311934,17.90773252949726,18.143327614328843,3004050.03
2021-06-17,18.143327614328843,18.501850066636656,17.66595842404968,18.022085054555788,4187388.27
2021-06-18,18.022085054555788,18.213325530646443,17.957351566050892,18.148139268282662,5703662.95
2021-06-19,18.148139268282662,18.502772349287845,17.377398506991874,17.72373836309037,2525363.73
2021-06-20,17.72373836309037,17.999454147037575,17.623205124985404,17.897932836657514,2478439.18
2021-06-21,17.897932836657514,18.134459156948225,17.519379017939563,17.75400326765894,2569501.2
2021-06-22,17.75400326765894,18.240676397467855,17.584248291284265,18.067919905846406,4781243.22
2021-06-23,18.067919905846406,18.22892553670308,17.269599522987036,17.42487489445202,4152620.74
2021-06-24,17.42487489445202,17.751807017151787,16.89677220956414,17.219857722189296,3093393.95
2021-06-25,17.219857722189296,17.300551682168717,16.707716865319615,16.78637950340294,3229381.8
2021-06-26,16.78637950340294,17.121221481007897,16.248186983110156,16.578890119725095,2609124.97
2021-06-27,16.578890119725095,16.789926904354378,16.43259383035517,16.64306432567701,3997453.76
2021-06-28,16.64306432567701,16.870707298577802,16.37252554579052,16.599573655555158,2910064.81
2021-06-29,16.599573655555158,16.92197590632365,16.216374103332488,16.537572140767963,2998558.51
2021-06-30,16.537572140767963,16.58779375251797,16.44927019144757,16.499375807851607,3726048.37
2021-07-01,16.499375807851607,16.86017438585838,16.19229670925153,16.552113751925283,3053083.54
2021-07-02,16.552113751925283,16.754390594949555,16.103119807190033,16.30234431662026,3017441.57
2021-07-03,16.30234431662026,16.721826123023646,16.063039859767443,16.479915079405398,3208471.36
2021-07-04,16.479915079405398,16.726252965488673,16.402701480977115,16.648250661779084,3903953.13
2021-07-05,16.648250661779084,16.94186742100196,16.455114742785813,16.747579194309683,4829650.37
2021-07-06,16.747579194309683,17.12997618943525,16.511048998956397,16.891414571541397,3704403.95
2021-07-07,16.891414571541397,17.14265024522006,16.718911818906086,16.969351564818286,3911728.57
2021-07-08,16.969351564818286,17.587389065571703,16.88807289814553,17.503551722664312,3044045.22
2021-07-09,17.503551722664312,17.61547194154013,17.370460429438815,17.48224440627923,2681030.79
2021-07-10,17.48224440627923,17.78606955973179,17.100309583660778,17.402753254808644,3768388.17
2021-07-11,17.402753254808644,17.448356784607164,17.161533682664537,17.20662325814697,3339967.3
2021-07-12,17.20662325814697,17.46058471372619,16.690835799658412,16.94087493828341,2242280.99
2021-07-13,16.94087493828341,17.279506437376842,16.29326126390319,16.62559053657802,2948018.95
2021-07-14,16.62559053657802,16.66108108377782,16.369482666817355,16.404501256072088,3134364.85
2021-07-15,16.404501256072088,16.484863992494116,16.308329629128824,16.38861453934884,2816616.5
2021-07-16,16.38861453934884,16.706549535969135,16.156968070627887,16.47370041268281,4634761.35
2021-07-17,16.47370041268281,16.53898911062386,16.42296413320106,16.488208149705528,3607844.74
2021-07-18,16.488208149705528,16.696227006336624,16.09377700096154,16.299413988981083,4510664.76
2021-07-19,16.299413988981083,16.76188981391707,16.066136745587066,16.52537856508858,3417834.37
2021-07-20,16.52537856508858,16.92400638125226,16.317379668981737,16.713637933330197,3265777.18
2021-07-21,16.713637933330197,16.856929377488385,16.53195816168107,16.674917644230092,2531979.37
2021-07-22,16.674917644230092,16.917555727004974,16.271918536296347,16.512188737515245,3209557.87
2021-07-23,16.512188737515245,16.86338840838566,16.30252852834189,16.651953563330817,3210460.2
2021-07-24,16.651953563330817,16.79709394678724,16.55641349434503,16.701270920985923,2273617.87
2021-07-25,16.701270920985923,16.903964889843625,16.14154778008095,16.33985545186041,2796221.22
2021-07-26,16.33985545186041,16.631919418864175,16.0329073301573,16.32470041096024,2951549.13
2021-07-27,16.32470041096024,16.62099536977784,16.09610564510517,16.391465689780702,3548484.8
2021-07-28,16.391465689780702,16.563448998671436,16.001146516085374,16.170814700263936,3591206.93
2021-07-29,16.170814700263936,16.345490631399834,16.04486808597846,16.219167421276985,2767159.08
2021-07-30,16.219167421276985,16.276679806700383,15.81030998891709,15.86657208829545,3597964.29
2021-07-31,15.86657208829545,16.29704364829342,15.764973851458725,16.19335293942668,3057602.39
2021-08-01,16.19335293942668,16.54107629591821,16.15770551481015,16.504743388338674,1561654.45
2021-08-02,16.504743388338674,16.830865011717957,16.118403027693596,16.443310787949045,2834811.1
2021-08-03,16.443310787949045,16.635291498708526,16.34457395967514,16.535998112659783,4190826.5
2021-08-04,16.535998112659783,16.81161627579045,15.677938454043414,15.94368406464978,2101600.86
2021-08-05,15.94368406464978,16.023970205642218,15.58900518466439,15.667902598333962,3291434.9
2021-08-06,15.667902598333962,15.779220236928952,15.488977394995661,15.599811256818445,4756281.25
2021-08-07,15.599811256818445,15.74846172952555,15.203320876481895,15.349586963967749,2645863.75
2021-08-08,15.349586963967749,15.640212261503462,15.2292569168796,15.518557602557951,3201719.73
2021-08-09,15.518557602557951,16.259800935691974,15.264513932005304,15.99791011371319,2309767.21
2021-08-10,15.99791011371319,16.30568560898329,15.413996167776185,15.716354969660035,4806449.18
2021-08-11,15.716354969660035,15.99540357814411,15.243892644131169,15.519445057920372,3134023.53
2021-08-12,15.519445057920372,15.650842632253894,15.44550418897678,15.57662931454625,3237519.73
2021-08-13,15.57662931454625,16.219030935224612,15.327708607039785,15.963921150740694,4489430.81
2021-08-14,15.963921150740694,16.03836162449503,15.598995036899524,15.672074617298911,3775453.12
2021-08-15,15.672074617298911,16.023197180010023,15.383068084655012,15.73306591538195,2570868.11
2021-08-16,15.73306591538195,16.358911783442966,15.554939063742344,16.175772687908005,2721903.17
2021-08-17,16.175772687908005,16.306066265588317,15.649806767771281,15.77688738030835,3621483.09
2021-08-18,15.77688738030835,15.85303387963998,15.3999790326647,15.474666877143346,2737706.55
2021-08-19,15.474666877143346,15.508905561600105,15.343059169206585,15.3770819407865,1884834.43
2021-08-20,15.3770819407865,15.47646472640741,15.159024053265794,15.257634846841903,3157689.57
2021-08-21,15.257634846841903,15.733668265568657,14.976095458520016,15.448605026524472,2210232.35
2021-08-22,15.448605026524472,15.760540698320382,15.19600921967352,15.506990251042671,4793310.25
2021-08-23,15.506990251042671,15.808698699833789,14.802619473743587,15.096338157655584,3344602.05
2021-08-24,15.096338157655584,15.274521829504634,15.038765141409968,15.21649058705228,2551948.14
2021-08-25,15.21649058705228,15.409119449201704,14.894277205204245,15.085244595819995,2687181.05
2021-08-26,15.085244595819995,15.48347155257883,14.98524890625202,15.38151199278865,1995313.96
2021-08-27,15.38151199278865,15.562597775231247,15.057874916960655,15.23726245672613,2430957.8
2021-08-28,15.23726245672613,15.355628375183251,14.975057594335203,15.092297396963334,4125683.12
2021-08-29,15.092297396963334,15.32644476761055,14.985106167220207,15.218358206109814,5590659.99
2021-08-30,15.218358206109814,15.58705813553748,15.03072778919773,15.397222462672358,3837226.88
2021-08-31,15.397222462672358,15.586087210564989,15.31562138839145,15.503920664949835,3127206.69
2021-09-01,15.503920664949835,15.665849842865372,14.955982790314424,15.113837785880106,2872437.48
2021-09-02,15.113837785880106,15.448364122934414,14.906557232255484,15.239362051607806,2519415.31
2021-09-03,15.239362051607806,15.305002210102675,14.938906970428334,15.003531340651179,5355329.78
2021-09-04,15.003531340651179,15.341137773210972,14.7222046724163,15.058775243303229,3052508.26
2021-09-05,15.058775243303229,15.225973496303038,14.57471881576967,14.738359478242614,5430646.93
2021-09-06,14.738359478242614,15.08868545624812,14.491469797948211,14.840091609796549,4533665.11
2021-09-07,14.840091609796549,15.044444089918223,14.45914077296902,14.661027486800483,2070834.57
2021-09-08,14.661027486800483,14.877717721442608,14.167306296063062,14.379840583510692,2709225.26
2021-09-09,14.379840583510692,14.754485058454414,14.165719624512533,14.538008916521456,2707131.34
2021-09-10,14.538008916521456,14.852000431305363,14.279933116774533,14.59294934024636,3136756.23
2021-09-11,14.59294934024636,14.783312873440565,14.270464742684753,14.45908198997174,3152110.56
2021-09-12,14.45908198997174,14.88625105019596,14.35775406305219,14.782655549304842,6768033.58
2021-09-13,14.782655549304842,14.838699162341111,14.629958420461078,14.685634208755175,2444507.92
2021-09-14,14.685634208755175,14.884061629102073,14.496005793288298,14.694321044768316,3388520.16
2021-09-15,14.694321044768316,14.80309445698859,14.647382233463922,14.755958753241298,3733244.69
2021-09-16,14.755958753241298,14.849559962717823,14.526598954505932,14.619333511528135,3198742.64
2021-09-17,14.619333511528135,14.771332532180681,14.574119870096736,14.72578965072599,3289369.66
2021-09-18,14.72578965072599,14.90073168722433,14.434999665107695,14.608548884041003,2464400.53
2021-09-19,14.608548884041003,14.679927513860747,14.448121827134951,14.519063222293347,3286333.02
2021-09-20,14.519063222293347,15.016568166451165,14.330499331529067,14.824043396981102,3636423.19
2021-09-21,14.824043396981102,15.064720226154435,14.356319295592527,14.593249046387552,3473111.77
2021-09-22,14.593249046387552,14.838325925283996,13.833625103951125,14.069913156862931,3690275.2
2021-09-23,14.069913156862931,14.528886185347677,13.963378825549396,14.419703318781327,4555351.91
2021-09-24,14.419703318781327,15.168299370640762,14.248380205198576,14.990198104908739,4044639.59
2021-09-25,14.990198104908739,15.172092072038572,14.719017794844513,14.89981503631449,3257547.02
2021-09-26,14.89981503631449,15.056441434235657,14.317539554208764,14.469644007490313,2387415.07
2021-09-27,14.469644007490313,14.6692100617843,14.204459141032668,14.403107520771972,2754261.89
2021-09-28,14.403107520771972,14.486380069610396,14.259237574421316,14.34215773793172,3029031.77
2021-09-29,14.34215773793172,14.62364235151481,14.021653638611054,14.302357110013546,3408380.55
2021-09-30,14.302357110013546,14.356211733055744,14.011176618465555,14.0641342282814,2839328.61
2021-10-01,14.0641342282814,14.430059825536185,13.826084965998268,14.189882156270752,2532526.73
2021-10-02,14.189882156270752,14.48637638812606,14.009759655159899,14.304795211969507,2377622.73
2021-10-03,14.304795211969507,14.39645154866857,13.895801726114522,13.985411649220824,2117754.59
2021-10-04,13.985411649220824,14.354112461450942,13.769726532788571,14.13610335492773,3017453.11
2021-10-05,14.13610335492773,14.636359367294768,14.08633499610733,14.585010560572522,2216067.99
2021-10-06,14.585010560572522,14.857761033176258,14.352532478164216,14.624651099563458,2491835.0
2021-10-07,14.624651099563458,14.809210306288229,14.367836213367111,14.551471918289844,2899897.36
2021-10-08,14.551471918289844,14.60958330479199,14.463657361280987,14.521649652393357,2291419.47
2021-10-09,14.521649652393357,14.709727042275832,14.471824418300985,14.65942907319406,3518690.34
2021-10-10,14.65942907319406,14.886870906901047,14.059251924765753,14.280819612240434,3850513.73
2021-10-11,14.280819612240434,14.422120664538301,14.176957405918824,14.31798813724649,2789309.45
2021-10-12,14.31798813724649,14.575818353815876,13.97852360876177,14.234856844113779,2868800.46
2021-10-13,14.234856844113779,14.871422107503147,14.011123123961285,14.641300189513933,3660165.09
2021-10-14,14.641300189513933,14.854586223214403,14.391415711622773,14.604160718892526,2676880.26
2021-10-15,14.604160718892526,15.085261633333914,14.501713861196269,14.980177055275197,2631271.87
2021-10-16,14.980177055275197,15.201299468897341,14.515350386134658,14.732821585332937,4315768.59
2021-10-17,14.732821585332937,15.149735685785403,14.451915910057208,14.86628530339902,3991622.32
2021-10-18,14.86628530339902,14.99459195482608,14.812051949630694,14.940089358181618,3719310.53
2021-10-19,14.940089358181618,15.05768171920099,14.629770722209773,14.745834114276988,4033207.5
2021-10-20,14.745834114276988,14.879168409189411,14.654054556689506,14.78713181057824,1951954.4
2021-10-21,14.78713181057824,15.200130647668903,14.652886798662697,15.063377736447066,4488909.04
2021-10-22,15.063377736447066,15.294781161270922,14.760789694426393,14.99108252103399,3529535.72
2021-10-23,14.99108252103399,15.149034060192509,14.458528286030269,14.612490844544446,4119971.13
2021-10-24,14.612490844544446,14.791832149852935,14.430802630058572,14.61011477348842,3525214.39
2021-10-25,14.61011477348842,14.72195210452198,14.302518957868402,14.412846240102706,3239380.2
2021-10-26,14.412846240102706,14.478326781257167,14.274487162075975,14.339635089834147,2987161.21
2021-10-27,14.339635089834147,14.437213520155185,14.225908604790355,14.323376397871964,3507617.05
2021-10-28,14.323376397871964,14.573666592325157,13.714827817829098,13.958746377823607,2960072.71
2021-10-29,13.958746377823607,14.138025611170427,13.447040116463423,13.62199427235252,3975377.99
2021-10-30,13.62199427235252,13.844283278119596,13.502069012064291,13.723464692936583,2152299.16
2021-10-31,13.723464692936583,13.946036065642035,13.395587036546102,13.616422363824164,2794789.65
2021-11-01,13.616422363824164,13.659453441798098,13.056476810705812,13.097869139260581,5335361.39
2021-11-02,13.097869139260581,13.343314295655382,13.011815620567885,13.25622040289267,2736365.81
2021-11-03,13.25622040289267,13.394287796260004,13.174802595826357,13.31252417946222,3014638.37
2021-11-04,13.31252417946222,13.575267639891239,12.910477453859887,13.17041619114997,2566403.69
2021-11-05,13.17041619114997,13.364150043169957,12.721195008379283,12.911114592357938,3480278.18
2021-11-06,12.911114592357938,13.24889703228321,12.741718872844547,13.077320664692596,2662018.28
2021-11-07,13.077320664692596,13.175695733781305,13.049992603549365,13.148219513231604,3054903.72
2021-11-08,13.148219513231604,13.706361051549232,13.078302803617833,13.633861899675882,3956530.26
2021-11-09,13.633861899675882,13.906952759414299,13.450626295917676,13.722525539104476,2687093.04
2021-11-10,13.722525539104476,13.926922859134784,13.601287741230216,13.804956785495252,3897376.33
2021-11-11,13.804956785495252,14.06224041264491,13.51479396182282,13.77145318071873,3930270.05
2021-11-12,13.77145318071873,14.164544152965453,13.55434572631599,13.944705371546835,4165722.93
2021-11-13,13.944705371546835,14.220647195095552,13.804520457306571,14.079111111602083,3314431.31
2021-11-14,14.079111111602083,14.572978067191379,13.861007805704595,14.350668000320194,7195570.15
2021-11-15,14.350668000320194,14.631328001432358,13.960558427931078,14.239035195259861,4165283.06
2021-11-16,14.239035195259861,14.385663865021137,14.001030060993319,14.146707976927443,3470748.29
2021-11-17,14.146707976927443,14.338614662745652,13.85512433731156,14.045660263814982,2570678.07
2021-11-18,14.045660263814982,14.480277051679666,13.785310423855645,14.216755791340486,3123287.17
2021-11-19,14.216755791340486,14.639520517517775,14.124686034807882,14.5453229130189,4571002.54
2021-11-20,14.5453229130189,14.80652843928157,14.18645088006723,14.445870434499284,4906370.5
2021-11-21,14.445870434499284,14.50012630288933,14.300606122807546,14.354518892645343,4630815.96
2021-11-22,14.354518892645343,14.621831041208397,14.158262947579221,14.424616714026847,3894046.65
2021-11-23,14.424616714026847,14.65672447349922,14.14113284503735,14.372400387060603,2337859.48
2021-11-24,14.372400387060603,14.77362550132474,14.184654986343961,14.583127392293974,3614455.65
2021-11-25,14.583127392293974,14.742369696251458,13.940650978006978,14.094558289858767,2346207.55
2021-11-26,14.094558289858767,14.279369630768086,13.737715238955808,13.920240886881672,2206225.22
2021-11-27,13.920240886881672,13.986082885135573,13.692253524188585,13.757324938681466,3397162.35
2021-11-28,13.757324938681466,13.838221762125782,13.204482859265084,13.282588100599945,3647166.89
2021-11-29,13.282588100599945,13.373682589460241,13.001293078491479,13.091074128489797,4010817.49
2021-11-30,13.091074128489797,13.258116602638793,12.747064965443295,12.911820153833016,3623479.93
2021-12-01,12.911820153833016,13.04034724356036,12.745655073552395,12.873803739553964,3654821.69
2021-12-02,12.873803739553964,13.178315401479919,12.79140411980081,13.094503180572701,2501742.94
2021-12-03,13.094503180572701,13.328771279870761,12.813818048296172,13.047240593059485,3117111.09
2021-12-04,13.047240593059485,13.1611507420851,12.733861216745579,12.846014543001933,2195416.14
2021-12-05,12.846014543001933,12.97484171122155,12.707518904695469,12.836248129746867,1939264.02
2021-12-06,12.836248129746867,13.165946576803808,12.715913189290442,13.043667161869505,3850917.71
2021-12-07,13.043667161869505,13.112472156512627,12.785393839586316,12.853194093901543,2650821.82
2021-12-08,12.853194093901543,13.048167874695347,12.485761564183775,12.678078973585949,3979974.59
2021-12-09,12.678078973585949,12.916152372807776,12.550382208861546,12.787354953237115,4221699.21
2021-12-10,12.787354953237115,12.816671600968403,12.716530218164204,12.745751484619356,2740996.33
2021-12-11,12.745751484619356,13.122098342394136,12.499092558245293,12.87297731045913,3708874.95
2021-12-12,12.87297731045913,13.087746781409834,12.656901882885768,12.871649195912028,2712475.34
2021-12-13,12.871649195912028,13.206302954489558,12.678264658310976,13.010827394122472,2017140.86
2021-12-14,13.010827394122472,13.240385926615847,12.583330310713464,12.80933375929741,3300183.79
2021-12-15,12.80933375929741,13.04403316861814,12.573635160674481,12.808315920614842,2844628.1
2021-12-16,12.808315920614842,12.911740698483966,12.66564101974905,12.768746280102702,2866605.44
2021-12-17,12.768746280102702,12.934704947004843,12.37360575348225,12.536546459828015,5243486.24
2021-12-18,12.536546459828015,12.699001805681487,12.085136897468848,12.243798659070688,2185154.56
2021-12-19,12.243798659070688,12.457477398066304,12.160401321874588,12.373198666431474,3521435.06
2021-12-20,12.373198666431474,12.44737773119343,12.234946391542497,12.308739011615572,2495399.91
2021-12-21,12.308739011615572,12.358593473718546,12.071380745220138,12.12047266638658,4015718.01
2021-12-22,12.12047266638658,12.28855520614234,11.936194197667989,12.104048979390008,3447876.79
2021-12-23,12.104048979390008,12.512091843974236,11.909699810536525,12.314365715645714,3518331.59
2021-12-24,12.314365715645714,12.507666206156292,11.709832219168769,11.89657457800602,2526736.14
2021-12-25,11.89657457800602,11.988094412175656,11.541091748026343,11.630565183417858,2642575.03
2021-12-26,11.630565183417858,11.696797499051428,11.404646006074623,11.469963748360279,4034827.04
2021-12-27,11.469963748360279,11.84764537052563,11.353370933576455,11.728425280002439,4982093.78
2021-12-28,11.728425280002439,11.91957392931531,11.589529734852887,11.780066811975585,3608267.59
2021-12-29,11.780066811975585,12.14034117909768,11.5616223384287,11.91931455550751,2556900.11
2021-12-30,11.91931455550751,12.130844447030732,11.508099726949004,11.716021819534838,3482970.22
2021-12-31,11.716021819534838,11.932639932328888,11.306812171560017,11.519802373207117,5870963.86
2022-01-01,11.519802373207117,11.800308438612646,11.320455384902214,11.599580904920487,3282996.3
2022-01-02,11.599580904920487,11.835871747407532,11.374984464146603,11.61105317523922,4611766.74
2022-01-03,11.61105317523922,11.83092010980024,11.490542054925077,11.709388368520045,2659314.73
2022-01-04,11.709388368520045,11.742813086392895,11.643960101174509,11.677293202659703,3166507.66
2022-01-05,11.677293202659703,11.76901456648939,11.636374605954243,11.72791857258587,3736099.35
2022-01-06,11.72791857258587,11.86343285289835,11.622074452833175,11.75732335584268,3534185.59
2022-01-07,11.75732335584268,11.977174024542697,11.679273920909978,11.898189468565311,2642046.06
2022-01-08,11.898189468565311,12.10702918933658,11.837997353248728,12.04608886125004,2613712.03
2022-01-09,12.04608886125004,12.27686383164352,11.52953423093062,11.754727395104846,4096864.44
2022-01-10,11.754727395104846,11.819584721704805,11.299005169224758,11.361693912916564,4310433.65
2022-01-11,11.361693912916564,11.759281084908782,11.14276739959877,11.536977070763655,4670129.02
2022-01-12,11.536977070763655,11.93247028952673,11.355903072026148,11.74808296288632,5023532.8
2022-01-13,11.74808296288632,11.907117021567034,11.412077543089536,11.568683061338573,3309528.29
2022-01-14,11.568683061338573,11.732592111130383,11.088461080396927,11.247824090790752,2960478.76
2022-01-15,11.247824090790752,11.355667057413639,11.1582178747128,11.26591670583358,4485717.88
2022-01-16,11.26591670583358,11.583236733761705,11.112298195412974,11.42741606863017,3824463.25
2022-01-17,11.42741606863017,11.807698292661653,11.366159883270898,11.74474109975971,2503117.6
2022-01-18,11.74474109975971,12.061870590143583,11.52301568196667,11.838377440178032,2471293.98
2022-01-19,11.838377440178032,11.926363577471328,11.685492534176944,11.772992713868785,3618767.0
2022-01-20,11.772992713868785,11.850616260394892,11.539083590152735,11.615669850843844,3061276.99
2022-01-21,11.615669850843844,11.790867562072041,11.443747130209696,11.618897075510324,3178925.74
2022-01-22,11.618897075510324,11.779424651291455,11.407622466856424,11.567439095223497,4184068.72
2022-01-23,11.567439095223497,11.68454068294412,11.276435167639882,11.391758271530403,3868667.36
2022-01-24,11.391758271530403,11.910114880763455,11.239290611731276,11.752814828372708,4462098.28
2022-01-25,11.752814828372708,12.135722681677272,11.695568333017317,12.076897619462297,1974404.4
2022-01-26,12.076897619462297,12.461749108388712,11.906372917633346,12.288240267489108,3409277.15
2022-01-27,12.288240267489108,12.372672674371282,12.035662730777387,12.11893182058843,3806929.43
2022-01-28,12.11893182058843,12.363377571335485,12.035177306155433,12.278520134471998,2184756.42
2022-01-29,12.278520134471998,12.46059959647371,12.21811916146399,12.399602987991148,2716724.43
2022-01-30,12.399602987991148,12.584136995346098,12.300619580713947,12.484476064257604,2593554.99
2022-01-31,12.484476064257604,12.826199974349692,12.385068185322188,12.724877891278409,3217405.7
2022-02-01,12.724877891278409,12.980279282129736,12.59539943113138,12.849532434307818,4807197.63
2022-02-02,12.849532434307818,13.066571374458782,12.779790940615172,12.996034732061156,5305787.26
2022-02-03,12.996034732061156,13.195492018609551,12.924892675014595,13.123651370771382,2610596.98
2022-02-04,13.123651370771382,13.348123057537151,12.969431481354897,13.193087207172846,3650229.79
2022-02-05,13.193087207172846,13.250078616686523,12.786550301030262,12.842025195222423,3679770.08
2022-02-06,12.842025195222423,13.044854196735935,12.657098155628871,12.859673025802904,3525623.33
2022-02-07,12.859673025802904,13.103891696914818,12.510696144066124,12.752886833444876,3535644.91
2022-02-08,12.752886833444876,12.876364379865485,12.387712518500578,12.508826999216621,3452457.98
2022-02-09,12.508826999216621,13.067434490697574,12.280917476753206,12.833607501379905,4879502.85
2022-02-10,12.833607501379905,13.225923802650774,12.785228668632252,13.176253298507596,4215496.75
2022-02-11,13.176253298507596,13.489634790747452,13.139712421481303,13.452328292252904,2454964.58
2022-02-12,13.452328292252904,13.708329071136617,13.250749998386055,13.50594731551994,3904310.03
2022-02-13,13.50594731551994,14.003566981827326,13.29392571001698,13.7871312418611,3999799.17
2022-02-14,13.7871312418611,14.027950369013906,13.550336596348286,13.791087769940086,3462159.86
2022-02-15,13.791087769940086,13.876864386285485,13.749401197785634,13.835044943980549,4246125.43
2022-02-16,13.835044943980549,14.056188826275731,13.391193066786103,13.608719285754141,3354052.51
2022-02-17,13.608719285754141,13.812584938621033,13.489266068715471,13.692397221996517,3364460.89
2022-02-18,13.692397221996517,13.808629301992305,13.590250879089359,13.706378656501737,3298477.33
2022-02-19,13.706378656501737,13.776478978700892,13.37068199623303,13.43941696137382,1932065.79
2022-02-20,13.43941696137382,13.707241473889136,13.162728798619716,13.430373082144989,3136323.37
2022-02-21,13.430373082144989,13.472624291922694,13.373319239436558,13.415523733987499,2707669.13
2022-02-22,13.415523733987499,14.020876028960926,13.188987264852436,13.788049043704387,2378663.59
2022-02-23,13.788049043704387,14.16678509015041,13.601760094102028,13.977930668928416,4579800.24
2022-02-24,13.977930668928416,14.194776224278158,13.765026544842964,13.981812967168949,3629891.25
2022-02-25,13.981812967168949,14.244061703953138,13.774729619421594,14.03617323132588,3176223.9
2022-02-26,14.03617323132588,14.292203394785384,13.791216452339066,14.047056679806744,2778607.69
2022-02-27,14.047056679806744,14.121622070372576,13.930969318904872,14.00531312393731,3445927.87
2022-02-28,14.00531312393731,14.033531632490769,13.750750205823099,13.77851174518282,4100093.72
2022-03-01,13.77851174518282,13.954511741363152,13.572769933905867,13.7483851070888,2602335.6
2022-03-02,13.7483851070888,13.863451604546956,13.481190564553772,13.594973086934884,3196139.63
2022-03-03,13.594973086934884,13.652454970939491,13.284368300465637,13.340775392908036,3975567.22
2022-03-04,13.340775392908036,13.518043619151136,13.269395606534653,13.446100292159837,1972201.69
2022-03-05,13.446100292159837,13.635437466628726,13.338914870086246,13.527602351894606,3154274.03
2022-03-06,13.527602351894606,13.571759160635787,13.124040372752095,13.167020168887767,2874354.04
2022-03-07,13.167020168887767,13.206843000270966,13.104136151217936,13.143889023895603,3094707.35
2022-03-08,13.143889023895603,13.592179527756858,12.90087859199095,13.345442676668114,2822840.57
2022-03-09,13.345442676668114,13.666480761326133,13.243779103001632,13.563158660066907,3312015.65
2022-03-10,13.563158660066907,14.0485845720034,13.296233628515571,13.777442403687651,5176129.7
2022-03-11,13.777442403687651,14.05391361234357,13.510730322441079,13.787016195825638,2951077.01
2022-03-12,13.787016195825638,13.849971614630352,13.550552682095395,13.612712179418887,3442089.03
2022-03-13,13.612712179418887,13.81511466155488,13.192889118423752,13.392010060772677,5268983.26
2022-03-14,13.392010060772677,13.636174809350104,13.220398308495612,13.46364509083956,2788899.06
2022-03-15,13.46364509083956,13.738234356160877,13.269342513302211,13.542789593080201,5037045.23
2022-03-16,13.542789593080201,13.8630013162323,13.492255513363048,13.81146469204116,3204261.24
2022-03-17,13.81146469204116,14.121232197216491,13.736964527026062,14.04546978965325,4995936.42
2022-03-18,14.04546978965325,14.09293639730686,13.97138800659634,14.018764363371156,3860130.89
2022-03-19,14.018764363371156,14.19924776330013,13.580793347440883,13.75791850941398,3455364.33
2022-03-20,13.75791850941398,14.02975625965845,13.422310142472881,13.69286247397457,3147923.85
2022-03-21,13.69286247397457,13.933184922125925,13.499851695568445,13.739516521254199,2737761.05
2022-03-22,13.739516521254199,13.942774911652613,13.496202698584357,13.698859622712588,3261211.32
2022-03-23,13.698859622712588,13.969035802831046,13.312785947009841,13.580630346594779,4004790.12
2022-03-24,13.580630346594779,13.82794296228584,13.387728248718895,13.634278830191402,3189528.03
2022-03-25,13.634278830191402,13.671408629622723,13.494934471288056,13.53178515293641,2956467.4
2022-03-26,13.53178515293641,13.770027126551593,13.16877918932168,13.404785188764095,3005533.76
2022-03-27,13.404785188764095,13.585065956294818,13.289983803766964,13.469708554013977,4101160.42
2022-03-28,13.469708554013977,13.497705951902784,13.361329201587726,13.389159173950263,4346805.35
2022-03-29,13.389159173950263,13.589852814053417,13.24013495104943,13.440259829855695,2708413.89
2022-03-30,13.440259829855695,13.752163997211811,13.186692258823493,13.497516211817395,2707440.83
2022-03-31,13.497516211817395,13.587031096440853,13.179464358981113,13.267453478515312,3518344.41
2022-04-01,13.267453478515312,13.41136869230835,13.029376047961271,13.17225866099657,4688130.21
2022-04-02,13.17225866099657,13.533340307622153,13.10471152960147,13.464295615403262,4261615.81
2022-04-03,13.464295615403262,13.505206447984937,13.190049839970321,13.230249530992927,2340086.18
2022-04-04,13.230249530992927,13.275891365437465,12.769055674164711,12.813258970804768,2995561.87
2022-04-05,12.813258970804768,13.006562310974656,12.269565167268926,12.457501480096191,2535776.55
2022-04-06,12.457501480096191,12.683093308705123,12.238830715168692,12.464303151719827,2992989.38
2022-04-07,12.464303151719827,12.528562174907178,12.4072243822892,12.47145067426116,4779105.09
2022-04-08,12.47145067426116,12.561117089954276,12.36098453792929,12.450500326187932,2242296.69
2022-04-09,12.450500326187932,12.753308506252413,12.38189146542605,12.683416155727112,2134931.34
2022-04-10,12.683416155727112,12.714914201947545,12.150144545598593,12.180393383061004,2601302.47
2022-04-11,12.180393383061004,12.401684579922863,12.034694383971384,12.255092052924079,3438304.46
2022-04-12,12.255092052924079,12.733548128469211,12.076184877569684,12.550330879852806,3737210.64
2022-04-13,12.550330879852806,12.721790923197348,12.170026828741454,12.338594168615957,3569811.95
2022-04-14,12.338594168615957,12.449455991198567,12.158704015258294,12.268939997632515,4293370.81
2022-04-15,12.268939997632515,12.416046850926923,11.98533505585584,12.130785410167114,2059327.37
2022-04-16,12.130785410167114,12.17559395391634,11.924251590604632,11.968460540777208,4306971.31
2022-04-17,11.968460540777208,12.025639465297662,11.853670089011057,11.910572455116217,2959815.63
2022-04-18,11.910572455116217,12.401245564866757,11.686983578275466,12.172735287854664,3842120.34
2022-04-19,12.172735287854664,12.714942823420808,11.981536437069439,12.518315889923947,2298586.69
2022-04-20,12.518315889923947,12.751273032443194,12.224142136762037,12.455938479097648,3203967.82
2022-04-21,12.455938479097648,13.059947893055616,12.225500564022388,12.822724349471525,3394710.56
2022-04-22,12.822724349471525,13.006629035289416,12.647193215345,12.830984822986602,4272027.63
2022-04-23,12.830984822986602,13.425047074790914,12.590938965231967,13.178499804022685,2152946.04
2022-04-24,13.178499804022685,13.303704432565269,13.036177418306579,13.161217856704102,3224696.85
2022-04-25,13.161217856704102,13.216033674630125,13.134038725652813,13.18879758888335,2439619.26
2022-04-26,13.18879758888335,13.305012210636434,13.147565713633083,13.263546648888482,3631060.74
2022-04-27,13.263546648888482,13.97596480112662,13.2108801310566,13.920688921249909,3886289.88
2022-04-28,13.920688921249909,14.155616980988691,13.86895459973955,14.103204365986391,4414715.4
2022-04-29,14.103204365986391,14.220693127213375,13.83780987076062,13.95405613128496,2799367.35
2022-04-30,13.95405613128496,14.369384908164006,13.750007719320951,14.16229149658099,4034802.81
2022-05-01,14.16229149658099,14.392169259243154,13.857542357548928,14.086184780461924,4496845.75
2022-05-02,14.086184780461924,14.264006508384243,13.806786247820513,13.983309292147666,2121957.62
2022-05-03,13.983309292147666,14.24470791282008,13.918484751796367,14.178976289396129,3729361.5
2022-05-04,14.178976289396129,14.406508175229,13.959737713311451,14.187143318668774,4066483.51
2022-05-05,14.187143318668774,14.368239442701384,14.068163769853648,14.248743289760752,2999570.8
2022-05-06,14.248743289760752,14.285090341762102,14.216913303166653,14.253250287075595,2364241.89
2022-05-07,14.253250287075595,14.428766589814348,14.15275638945059,14.327747442902323,4050700.17
2022-05-08,14.327747442902323,14.536635677737166,14.21383024562064,14.421969340055776,2370909.42
2022-05-09,14.421969340055776,14.522006171346016,13.908418255292307,14.005566743435734,3060453.02
2022-05-10,14.005566743435734,14.384541394224158,13.772882980834364,14.14946692257583,3168061.21
2022-05-11,14.14946692257583,14.371311818095275,13.722978297555105,13.941563543530522,3826824.41
2022-05-12,13.941563543530522,14.143994161554515,13.443007323934328,13.64107486541892,2735988.84
2022-05-13,13.64107486541892,13.702488231437625,13.569037279836737,13.630402598333436,2696635.51
2022-05-14,13.630402598333436,13.874980105809662,13.404941967542886,13.649208407927514,3280118.93
2022-05-15,13.649208407927514,13.842879309675835,13.316019320356421,13.507682081378578,4115451.01
2022-05-16,13.507682081378578,13.755915995534144,13.433294217739505,13.68057599158418,5669003.26
2022-05-17,13.68057599158418,13.867530512299563,13.222868485441227,13.406071715612988,2195216.14
2022-05-18,13.406071715612988,13.54955971026754,13.182282200581874,13.324901412473654,3462484.22
2022-05-19,13.324901412473654,13.456928547974972,13.07762628175043,13.208500077777575,2438826.68
2022-05-20,13.208500077777575,13.261574696575153,13.147492640381703,13.20053525479262,4128250.13
2022-05-21,13.20053525479262,13.40811462858949,13.050980094694964,13.257909448881506,2530747.4
2022-05-22,13.257909448881506,13.308273231518802,13.008372350106498,13.05797663345039,2703341.92
2022-05-23,13.05797663345039,13.269147095017553,12.993253976114326,13.203702140321713,2761663.17
2022-05-24,13.203702140321713,13.275680179224816,13.145792899078403,13.217709504014378,3139617.81
2022-05-25,13.217709504014378,13.47114519224861,12.598565659790365,12.844852201105676,3469290.86
2022-05-26,12.844852201105676,12.936404712737065,12.381011584168,12.469891539526019,3611330.12
2022-05-27,12.469891539526019,12.574559791618105,12.364196700419892,12.468856262732109,3195389.29
2022-05-28,12.468856262732109,12.566081557386115,12.331486520237373,12.428396330556279,2294874.26
2022-05-29,12.428396330556279,12.654201748879297,12.184716583712012,12.410191242751367,3838560.2
2022-05-30,12.410191242751367,12.560768888447555,12.255681572656197,12.406210923602135,3157912.3
2022-05-31,12.406210923602135,12.680939743707649,12.176139253338627,12.450054990563395,4278423.1
2022-06-01,12.450054990563395,12.725210146802446,12.357941412311524,12.631752254397503,2681070.39
2022-06-02,12.631752254397503,12.683125895743796,12.371266081850735,12.421785784495393,2143804.66
2022-06-03,12.421785784495393,12.5709954325086,12.057434760896763,12.204028725897116,3172894.65
2022-06-04,12.204028725897116,12.304341764074888,11.905739272833076,12.004411524315492,4424419.05
2022-06-05,12.004411524315492,12.256598853870726,11.807127147865955,12.05842677337113,3331379.04
2022-06-06,12.05842677337113,12.508865907130057,11.843429589799694,12.289744417548947,3044185.45
2022-06-07,12.289744417548947,12.418864444399977,12.08251985112197,12.210810573496254,2574265.0
2022-06-08,12.210810573496254,12.448731653398603,11.52795345166872,11.757032917887177,4965889.46
2022-06-09,11.757032917887177,11.897579241875949,11.321050983833643,11.458022871728131,2473786.97
2022-06-10,11.458022871728131,11.53681473462067,11.237415900885388,11.315225810205403,2669262.58
2022-06-11,11.315225810205403,11.437447892517891,11.099798532702088,11.221002860235295,3690121.41
2022-06-12,11.221002860235295,11.250980726115616,11.123022271832724,11.152817975981096,2012032.97
2022-06-13,11.152817975981096,11.344347869233367,10.969108525357084,11.160511687630386,4400853.4
2022-06-14,11.160511687630386,11.203209918276377,11.066477806066946,11.108978880907822,3740424.43
2022-06-15,11.108978880907822,11.373828317605035,11.02502307525675,11.288515667573385,4006662.41
2022-06-16,11.288515667573385,11.4259612234726,11.038376509963612,11.174433030139953,3679143.8
2022-06-17,11.174433030139953,11.205425904143288,10.999673526575071,11.030266547303885,3073662.76
2022-06-18,11.030266547303885,11.149981143193541,10.99245805649509,11.11189286152586,2453127.23
2022-06-19,11.11189286152586,11.273349714178035,10.69924613328243,10.856999359275523,3089879.06
2022-06-20,10.856999359275523,10.958503964931424,10.821258251196285,10.92254707458127,2507639.15
2022-06-21,10.92254707458127,11.056535330938942,10.806904699260972,10.940700753693667,3613546.27
2022-06-22,10.940700753693667,11.02928237149416,10.828984320371767,10.91737709769228,3915119.17
2022-06-23,10.91737709769228,11.253233368290099,10.85072182320908,11.18494448005931,4629056.04
2022-06-24,11.18494448005931,11.245321035868443,11.021140500273757,11.08095572267395,3511673.55
2022-06-25,11.08095572267395,11.614154506721281,10.906525929835883,11.434164708788131,4032129.5
2022-06-26,11.434164708788131,11.652874661154861,11.17830446672259,11.396289960004342,2970899.07
2022-06-27,11.396289960004342,11.447838061720372,11.128107657459571,11.178671419297357,2839368.09
2022-06-28,11.178671419297357,11.407417409794435,10.963210778163234,11.191705545497701,3602286.5
2022-06-29,11.191705545497701,11.333904279139833,10.871591745171703,11.011500847465658,2905288.19
2022-06-30,11.011500847465658,11.160705442914558,10.740166407762244,10.887693426612103,3422760.05
2022-07-01,10.887693426612103,11.11654234183814,10.726787746066611,10.954647173638268,2454327.43
2022-07-02,10.954647173638268,11.210699094616103,10.793897147072686,11.048570819321968,2567015.37
2022-07-03,11.048570819321968,11.23370730053123,10.762441220447622,10.945856559902907,3750927.47
2022-07-04,10.945856559902907,11.231233963304055,10.828709233623593,11.11230523082283,3994120.2
2022-07-05,11.11230523082283,11.441657727607549,10.983397438766195,11.310451350490444,2501115.34
2022-07-06,11.310451350490444,11.65146140640307,11.221903115757385,11.560952030393027,3784086.03
2022-07-07,11.560952030393027,11.700837048783804,11.51592632246614,11.655443331568652,2800973.1
2022-07-08,11.655443331568652,12.066585441437612,11.49269227544349,11.900413735338125,3213231.42
2022-07-09,11.900413735338125,11.93141406850987,11.536542079086919,11.566673024567029,4560293.17
2022-07-10,11.566673024567029,11.647193619796003,11.432046966431495,11.512188269804021,3915811.62
2022-07-11,11.512188269804021,11.554738901266177,11.320857079530905,11.362855757485347,3904457.33
2022-07-12,11.362855757485347,11.446475758697426,11.301120352771898,11.384622095535807,5156965.88
2022-07-13,11.384622095535807,11.538282120880197,11.135121495337723,11.287470246984544,2683658.5
2022-07-14,11.287470246984544,11.43773559023705,11.110305606614258,11.260208019297595,2500978.53
2022-07-15,11.260208019297595,11.698756516876486,11.152346616917178,11.58775752160196,2671446.92
2022-07-16,11.58775752160196,11.629741074623633,11.517265137262118,11.559145024471997,3002741.02
2022-07-17,11.559145024471997,11.74720057509838,11.445856959319853,11.633186846007913,1776265.55
2022-07-18,11.633186846007913,11.730317065759305,11.496651021087835,11.593449457179222,3038286.64
2022-07-19,11.593449457179222,11.781739457303235,11.419915636322106,11.607988019397729,2792697.93
2022-07-20,11.607988019397729,11.75448345101769,11.463788032602965,11.610255298989925,3892652.3
2022-07-21,11.610255298989925,11.817574226426542,11.484305115401469,11.690750812709213,3494728.38
2022-07-22,11.690750812709213,12.028738462192289,11.56489195994312,11.90062022304133,2753785.89
2022-07-23,11.90062022304133,12.439892650691194,11.669827401591368,12.203231190656961,3708550.21
2022-07-24,12.203231190656961,12.453444080986404,12.012698530034754,12.261993940162936,3834222.11
2022-07-25,12.261993940162936,12.508940083288099,12.127778665825167,12.373504258036833,2640621.65
2022-07-26,12.373504258036833,12.504985201293236,12.031271627101031,12.160489069465752,2828919.24
2022-07-27,12.160489069465752,12.190606026400472,12.11546172326362,12.14554166109066,1834569.8
2022-07-28,12.14554166109066,12.555095931316236,11.915199438343414,12.321418181042498,2436312.96
2022-07-29,12.321418181042498,12.582451693280174,12.225987177064722,12.485747933759585,2657892.25
2022-07-30,12.485747933759585,12.609986267639368,12.403255802362372,12.527220133422135,3259886.42
2022-07-31,12.527220133422135,12.952060543749157,12.276809012145803,12.69823102410274,2526424.7
2022-08-01,12.69823102410274,12.985613921458828,12.508564987353315,12.794509824676233,2814508.97
2022-08-02,12.794509824676233,13.06828653531376,12.758012872296273,13.031114656313596,2355653.4
2022-08-03,13.031114656313596,13.130598546166148,12.990536565560712,13.089837595786129,3339861.32
2022-08-04,13.089837595786129,13.122025874929896,12.98868819677784,13.020706480563145,3559355.39
2022-08-05,13.020706480563145,13.256058609316758,12.854130757168422,13.088614133794195,3538638.85
2022-08-06,13.088614133794195,13.13165160434758,12.47926844454193,12.520437659370366,3209904.2
2022-08-07,12.520437659370366,12.831520280734168,12.285041030842162,12.594726940149489,2176858.02
2022-08-08,12.594726940149489,12.832317870750254,11.69261391722397,11.917428066684007,2740560.31
2022-08-09,11.917428066684007,12.058399003915204,11.4735615760101,11.610906679972208,2890195.49
2022-08-10,11.610906679972208,11.845177617071174,11.458809599034092,11.69201801809723,2893095.34
2022-08-11,11.69201801809723,11.863741711276294,11.607202959224766,11.778300748912878,3260550.72
2022-08-12,11.778300748912878,11.815420131605533,11.537026529571358,11.573500483045798,4570104.87
2022-08-13,11.573500483045798,11.750277462747674,11.275369637079013,11.450264271390376,3920326.19
2022-08-14,11.450264271390376,11.73699067828122,11.406385166382178,11.692184499204835,2499951.58
2022-08-15,11.692184499204835,11.733575271237111,11.566708856660332,11.607800907610748,3791461.36
2022-08-16,11.607800907610748,12.102360900023513,11.519558219784702,12.011052685741927,3755518.66
2022-08-17,12.011052685741927,12.038670680754304,11.984335517823087,12.01195151349929,2615967.32
2022-08-18,12.01195151349929,12.206451176852894,11.89408254458355,12.08783756534712,3956529.65
2022-08-19,12.08783756534712,12.572067336834342,11.909683916211817,12.3894681783915,3074236.72
2022-08-20,12.3894681783915,12.61933932250684,12.185980074493195,12.41542489815538,2249397.58
2022-08-21,12.41542489815538,12.575304922974691,12.071744736768169,12.229226992194118,3585692.03
2022-08-22,12.229226992194118,12.44010454972535,11.999596075072361,12.210144580541373,3378362.98
2022-08-23,12.210144580541373,12.323906981947948,12.091102375177908,12.204815121806037,3022944.64
2022-08-24,12.204815121806037,12.415688666866481,11.749254736039077,11.955826277358778,3170177.37
2022-08-25,11.955826277358778,12.088733454373369,11.778320156411617,11.910725975031923,2673475.84
2022-08-26,11.910725975031923,11.982364826638143,11.70767425726133,11.778517923671247,3727297.48
2022-08-27,11.778517923671247,12.173103709942191,11.554789432232468,11.94619034431386,3165427.61
2022-08-28,11.94619034431386,12.036783147455395,11.863170584461223,11.953711122139794,3335968.43
2022-08-29,11.953711122139794,11.983256233897214,11.87432410641357,11.903745722354033,3498856.82
2022-08-30,11.903745722354033,11.979550355612284,11.810120427465401,11.885810849069303,2397686.72
2022-08-31,11.885810849069303,12.029954332913512,11.783588405482543,11.927374426925022,2558906.59
2022-09-01,11.927374426925022,12.141055736258727,11.828087451978465,12.040824370592851,1841655.13
2022-09-02,12.040824370592851,12.178619747349034,11.72498402711846,11.860718266891677,3685242.66
2022-09-03,11.860718266891677,12.072981047976898,11.46692727418175,11.675882176115797,2363393.01
2022-09-04,11.675882176115797,11.960785586313508,11.591090891248031,11.874551546974187,3307832.82
2022-09-05,11.874551546974187,12.00961116377862,11.667457155831382,11.801688032424858,3510989.36
2022-09-06,11.801688032424858,11.89754725723363,11.457954634685635,11.551784013811737,3720057.11
2022-09-07,11.551784013811737,11.82638569135611,11.357807437759641,11.631077623740595,2368238.86
2022-09-08,11.631077623740595,11.771053065547813,11.574820110668922,11.71439257246273,3148293.01
2022-09-09,11.71439257246273,11.759647436136426,11.402314374036246,11.446534452283585,4858457.08
2022-09-10,11.446534452283585,11.614654570185312,11.320005438459669,11.487670838265517,4912237.2
2022-09-11,11.487670838265517,11.781606493588866,11.32576387492835,11.617864582671888,4095879.97
2022-09-12,11.617864582671888,11.87598840785155,11.428267380455788,11.685290845860596,3481711.89
2022-09-13,11.685290845860596,11.947979999446794,11.537901382038239,11.799154347118671,2488983.05
2022-09-14,11.799154347118671,11.987106565768018,11.367500972921889,11.55150836550019,3829775.62
2022-09-15,11.55150836550019,11.716204198135983,11.446750265288903,11.610907420896488,3076047.53
2022-09-16,11.610907420896488,11.640998458317164,11.52893990205404,11.55889614611542,3681362.32
2022-09-17,11.55889614611542,11.606169575575711,11.428757365414405,11.475690501465765,2731743.22
2022-09-18,11.475690501465765,11.660915532350414,11.444740485894751,11.629550555164922,3064601.46
2022-09-19,11.629550555164922,11.989094139031437,11.537433051420289,11.894875004118505,3334049.56
2022-09-20,11.894875004118505,12.358060746115077,11.764996717850016,12.22458243578746,3403214.18
2022-09-21,12.22458243578746,12.577244918678947,12.121728286774905,12.472306490147238,3620389.04
2022-09-22,12.472306490147238,12.623106535609919,12.302278783985994,12.452843506590996,2768628.48
2022-09-23,12.452843506590996,12.654357841201186,12.320208710325515,12.520997142962386,2287203.05
2022-09-24,12.520997142962386,12.848844202398565,12.343161790742316,12.668908075575787,4803510.81
2022-09-25,12.668908075575787,12.87132961798968,12.49147597730334,12.693552368534197,5962347.93
2022-09-26,12.693552368534197,12.818360101159405,12.59549271345534,12.720095397080204,3578722.84
2022-09-27,12.720095397080204,12.987523739054511,12.615385350085301,12.881485154142325,2298261.08
2022-09-28,12.881485154142325,13.042924438044732,12.70992606308423,12.871236909209202,2637554.15
2022-09-29,12.871236909209202,13.035162207729831,12.568723387017998,12.730860886778935,3634349.72
2022-09-30,12.730860886778935,12.828437823341215,12.555357647226833,12.65233269674586,4474657.05
2022-10-01,12.65233269674586,12.877507777792513,12.551800779195073,12.7759932875716,2362990.91
2022-10-02,12.7759932875716,12.963089986965949,12.59083324126116,12.777902274076348,3102063.72
2022-10-03,12.777902274076348,13.02077867384836,12.60344052946218,12.845395418683779,3360648.05
2022-10-04,12.845395418683779,13.035570889529895,12.788478570067396,12.978066188079758,3972101.99
2022-10-05,12.978066188079758,13.10705199316648,12.777507353708693,12.905774671204897,2936594.38
2022-10-06,12.905774671204897,13.29204260940106,12.67258397887232,13.056135098205228,2164516.77
2022-10-07,13.056135098205228,13.167644803849482,13.021490615391887,13.132796898781963,3737624.31
2022-10-08,13.132796898781963,13.361214992217613,12.666073969334896,12.890273871634086,4239094.99
2022-10-09,12.890273871634086,13.24202206853936,12.826631923471162,13.176964668616293,3134604.29
2022-10-10,13.176964668616293,13.32363054950026,12.932976180491423,13.078546621727119,3541182.93
2022-10-11,13.078546621727119,13.204598382811975,12.632454004312516,12.755391175197298,2842056.76
2022-10-12,12.755391175197298,12.783227623430138,12.528552679694496,12.555953890341963,2590128.82
2022-10-13,12.555953890341963,12.787952069324884,12.135684142414856,12.364138113501198,4136116.19
2022-10-14,12.364138113501198,12.50130727946642,12.238164187116805,12.375220439099966,3525508.82
2022-10-15,12.375220439099966,12.612537925071315,12.088808985668171,12.325166597682784,3617354.51
2022-10-16,12.325166597682784,12.41343192518604,12.175761120573462,12.263585441386427,4658435.2
2022-10-17,12.263585441386427,12.598590568810765,12.047832625168036,12.380776022919523,2458226.68
2022-10-18,12.380776022919523,12.67764342822776,12.150456293886394,12.446108321635938,2787497.51
2022-10-19,12.446108321635938,12.657635464060753,12.296468966711984,12.50726087302084,3328874.13
2022-10-20,12.50726087302084,12.657710226405294,12.436617359886288,12.586618485589023,2778948.17
2022-10-21,12.586618485589023,12.888344466823828,12.406196184687248,12.706207916748768,3892045.85
2022-10-22,12.706207916748768,12.857178062773311,12.161128303683444,12.307359490169718,3053538.26
2022-10-23,12.307359490169718,12.541218199792064,12.008144047081815,12.240736823845815,2496819.22
2022-10-24,12.240736823845815,12.362004544141932,11.726170044511678,11.843502404283614,3253052.31
2022-10-25,11.843502404283614,11.932201317264386,11.762572842909753,11.851219026316528,3339214.18
2022-10-26,11.851219026316528,11.904821675185463,11.798016936486308,11.85161779521545,4042330.27
2022-10-27,11.85161779521545,12.217984421988197,11.678875674995345,12.042460689439144,3530487.75
2022-10-28,12.042460689439144,12.50234032689531,11.807223585772258,12.26279913789423,3591024.03
2022-10-29,12.26279913789423,12.332760986002334,12.232017208242546,12.30188095365079,3466771.41
2022-10-30,12.30188095365079,12.490444386487047,12.022913816442728,12.210069969001871,3052909.83
2022-10-31,12.210069969001871,12.531453017251714,11.981927906565444,12.301600725824711,2675392.32
2022-11-01,12.301600725824711,12.342762713639491,12.163847973994772,12.204685677504855,3439617.93
2022-11-02,12.204685677504855,12.254312703877067,12.156073672261103,12.205696671781627,2944295.64
2022-11-03,12.205696671781627,12.57018016591017,12.029260546273925,12.391064506135265,4882251.4
2022-11-04,12.391064506135265,12.560367842937618,12.119981602922598,12.287875026704002,4475850.47
2022-11-05,12.287875026704002,12.4806603087841,12.248075908449888,12.440367284351597,3748518.12
2022-11-06,12.440367284351597,12.784192629671466,12.228637090653656,12.570251851357972,3517559.92
2022-11-07,12.570251851357972,12.713824607724197,12.249150754419954,12.390672421110958,3130400.8
2022-11-08,12.390672421110958,12.80703404182763,12.163556937731224,12.576512198451644,2334668.42
2022-11-09,12.576512198451644,12.93822209289499,12.352602039605927,12.711901485407399,3031652.21
2022-11-10,12.711901485407399,12.94459427016425,12.500564345543294,12.732907895789939,3282156.97
2022-11-11,12.732907895789939,12.876613787911078,12.445659201460392,12.58772655076977,3388932.34
2022-11-12,12.58772655076977,12.66993436898,12.344762419485539,12.42591347019624,3598564.09
2022-11-13,12.42591347019624,12.56393503807013,12.189281667741357,12.326195613633097,4028859.6
2022-11-14,12.326195613633097,12.476841468025421,12.279176048674268,12.429428111883208,2691536.69
2022-11-15,12.429428111883208,12.601690423213322,12.081906304782775,12.251705517684167,2697652.39
2022-11-16,12.251705517684167,12.389039125192559,12.197656016799503,12.33462382274693,4599119.99
2022-11-17,12.33462382274693,12.472785342006924,11.969969065397366,12.105564869362391,3880236.89
2022-11-18,12.105564869362391,12.141625840389123,12.033426124696845,12.06937930342649,2902168.09
2022-11-19,12.06937930342649,12.180106434460667,11.980171807497344,12.090741049066839,3115370.29
2022-11-20,12.090741049066839,12.626751832540778,12.016051121423589,12.549229615485972,3118874.89
2022-11-21,12.549229615485972,12.714384602286932,12.129113496370733,12.290868301591345,3225359.25
2022-11-22,12.290868301591345,12.773051880574142,12.09222131152777,12.569895212701107,3601396.13
2022-11-23,12.569895212701107,12.638023761101158,12.531790163864558,12.599827972504665,6030916.54
2022-11-24,12.599827972504665,12.89946078806317,12.381786609665523,12.680031494743421,3355463.62
2022-11-25,12.680031494743421,12.926395793252896,12.458209325083656,12.704151669631235,3776510.17
2022-11-26,12.704151669631235,12.89592253059579,12.600475078123546,12.791532835086201,2099148.18
2022-11-27,12.791532835086201,12.96884999942604,12.586131675129069,12.763054064669095,2834670.8
2022-11-28,12.763054064669095,13.16990847173293,12.64503366250587,13.049241682771417,4350777.48
2022-11-29,13.049241682771417,13.11155749970246,12.898592692211647,12.960484655650827,3538594.65
2022-11-30,12.960484655650827,13.338381419633535,12.81123270539101,13.18652639004491,1068090.17
2022-12-01,13.18652639004491,13.233397557108319,13.01311517829165,13.059534957592273,3787312.29
2022-12-02,13.059534957592273,13.292157908315433,12.8165186240572,13.048953085190941,5169065.45
2022-12-03,13.048953085190941,13.292149238099176,12.600382470210386,12.839678324265087,1942884.87
2022-12-04,12.839678324265087,13.147094913412685,12.624112496664656,12.930012462668454,4678594.43
2022-12-05,12.930012462668454,13.378429910191773,12.773229516727545,13.218153113016204,1600253.26
2022-12-06,13.218153113016204,13.377257043198005,13.045080347926442,13.204014089873038,4045683.64
2022-12-07,13.204014089873038,13.464435972178151,12.90630874996165,13.165980498296769,3193088.57
2022-12-08,13.165980498296769,13.25106209794198,12.862780919320983,12.946443822381456,1778300.27
2022-12-09,12.946443822381456,12.990035412572901,12.859358860718123,12.902803510900403,3577575.25
2022-12-10,12.902803510900403,13.059120157717482,12.443298118114969,12.595896607244537,4266785.56
2022-12-11,12.595896607244537,12.695632689586436,12.325478819143466,12.423852633080926,3504761.81
2022-12-12,12.423852633080926,12.565267597909065,12.32692051841145,12.467991110517008,3703794.07
2022-12-13,12.467991110517008,12.748525102699626,12.44146500590547,12.721459734370903,2887040.07
2022-12-14,12.721459734370903,13.44608593088387,12.559486173371198,13.277038568290244,2009334.09
2022-12-15,13.277038568290244,13.366693187098777,13.07184442222623,13.160713543902572,3804242.21
2022-12-16,13.160713543902572,13.524380045090128,13.089889771103095,13.451988788001795,4955952.06
2022-12-17,13.451988788001795,13.540090950614104,13.415294792445826,13.503257106632326,4244168.93
2022-12-18,13.503257106632326,13.618824845690295,13.35837756408947,13.473692272264854,1946789.98
2022-12-19,13.473692272264854,13.80559595851236,13.233571677858498,13.563868297509456,2191151.51
2022-12-20,13.563868297509456,13.687473906934843,13.454542508024833,13.578033941305362,2590002.59
2022-12-21,13.578033941305362,13.79568925478608,13.38490900529671,13.602220307963105,2148794.41
2022-12-22,13.602220307963105,13.814657681030269,13.308430574044948,13.51957724046541,3235547.93
2022-12-23,13.51957724046541,13.62646051113145,13.132410059081106,13.237059799245364,3530730.4
2022-12-24,13.237059799245364,13.459303854615161,12.714730628779687,12.931850360129268,2238010.92
2022-12-25,12.931850360129268,13.250872907237234,12.744935543340466,13.062075833096008,3886204.31
2022-12-26,13.062075833096008,13.219687543968707,12.851713749178355,13.008681180949957,3718895.8
2022-12-27,13.008681180949957,13.034930934983384,12.8668312458637,12.892847262762759,2790193.72
2022-12-28,12.892847262762759,12.929789865434755,12.858918010300462,12.895852703752407,3064916.46
2022-12-29,12.895852703752407,13.312689391312745,12.640055918799023,13.053760414509856,1965409.29
2022-12-30,13.053760414509856,13.301425311523113,12.843841449237148,13.09090895643817,2944930.66
2022-12-31,13.09090895643817,13.338015240330737,12.717855293744334,12.962538433219699,3205913.44
2023-01-01,12.962538433219699,13.448382658982709,12.72608283685425,13.207459348111229,3337886.12
2023-01-02,13.207459348111229,13.561322941666639,13.17618443177639,13.529285948407441,3517920.46
2023-01-03,13.529285948407441,13.85422499374839,13.309391065111638,13.632650106819165,3401482.09
2023-01-04,13.632650106819165,13.977108840597547,13.494679189250403,13.837069075631215,2995361.38
2023-01-05,13.837069075631215,14.330487197836751,13.61274185213616,14.101867056846778,3437345.6
2023-01-06,14.101867056846778,14.377779497082583,14.071958631014903,14.347350429465239,4110969.17
2023-01-07,14.347350429465239,14.587321052087654,14.24422759398498,14.483221630472082,3124506.31
2023-01-08,14.483221630472082,14.843794137911438,14.258386589512623,14.616884143100666,3464434.9
2023-01-09,14.616884143100666,14.97396052904666,14.37900350099339,14.73417111487259,3054475.96
2023-01-10,14.73417111487259,14.927997114682597,14.301642189189707,14.492286226474151,2722256.36
2023-01-11,14.492286226474151,14.75751106802261,14.384715617372065,14.64877887480345,3646875.33
2023-01-12,14.64877887480345,14.759912226027222,14.242994931207662,14.35187581949187,2785268.63
2023-01-13,14.35187581949187,14.630327345483957,13.90614364150984,14.181285414889901,3524320.09
2023-01-14,14.181285414889901,14.609491420060655,14.040808165174633,14.466191937832747,3222684.32
2023-01-15,14.466191937832747,14.800639208620465,14.320831881414625,14.65339805646662,2965860.3
2023-01-16,14.65339805646662,15.168564063996612,14.47840733067349,14.989558908832755,2947965.0
2023-01-17,14.989558908832755,15.130026695881623,14.789519777379363,14.929424038024399,2818262.5
2023-01-18,14.929424038024399,15.107802112649845,14.496795746503867,14.672099282260994,2120603.07
2023-01-19,14.672099282260994,14.815622309255028,14.4771535845125,14.62016862385288,3521456.15
2023-01-20,14.62016862385288,14.891561255360521,14.373367479093274,14.644351876295254,3390703.82
2023-01-21,14.644351876295254,14.932709049093383,14.375438838408902,14.663445398419135,3957325.32
2023-01-22,14.663445398419135,15.199674081757626,14.388095445420339,14.919515645581463,2801868.69
2023-01-23,14.919515645581463,15.100897146161675,14.65905798633143,14.839466300470363,5139710.3
2023-01-24,14.839466300470363,15.069115135991806,14.691684892740096,14.920526476392363,2910185.49
2023-01-25,14.920526476392363,15.139773482794638,14.483815294773992,14.69981915696469,2571201.76
2023-01-26,14.69981915696469,15.055149597658392,14.448601825283555,14.80218288776799,2496100.16
2023-01-27,14.80218288776799,14.9840526347541,14.622577932019077,14.804420528191532,2074396.38
2023-01-28,14.804420528191532,15.020560010606495,14.424683541929063,14.638399169217092,4694106.49
2023-01-29,14.638399169217092,14.865223042640768,14.361571206075139,14.587608064819008,4508288.8
2023-01-30,14.587608064819008,14.794388692568868,14.342170826375234,14.548395614187443,3718562.25
2023-01-31,14.548395614187443,14.772883236111687,14.266772574289254,14.490364756636842,2557751.64
2023-02-01,14.490364756636842,14.97249313092755,14.406963781600457,14.88681036719744,5032755.92
2023-02-02,14.88681036719744,15.050129720652162,14.703034164831951,14.866126602038705,2930640.56
2023-02-03,14.866126602038705,15.053273801800419,14.626256437211143,14.812731454322769,2991857.26
2023-02-04,14.812731454322769,14.843017605869669,14.320706500644636,14.350046645556638,4583512.29
2023-02-05,14.350046645556638,14.599842573557583,13.911601261222984,14.158055130493524,3773030.24
2023-02-06,14.158055130493524,14.341832931941788,13.920032780459868,14.103097203774519,5547939.48
2023-02-07,14.103097203774519,14.164085398474683,13.898123277256929,13.958486107929478,3405294.32
2023-02-08,13.958486107929478,14.49380869419979,13.725457176293745,14.255816010125832,2897629.85
2023-02-09,14.255816010125832,14.468327821428481,14.009645355564802,14.221647820801458,2746149.06
2023-02-10,14.221647820801458,14.731015179670749,13.999087682263196,14.50403584037947,2016577.5
2023-02-11,14.50403584037947,14.650633072477515,14.3726762061784,14.51913667358913,2984707.84
2023-02-12,14.51913667358913,14.781302382336731,14.266857307292666,14.528854168300699,4260127.73
2023-02-13,14.528854168300699,14.666188111161492,14.373629818020285,14.510793038111572,3716786.14
2023-02-14,14.510793038111572,14.691202211299634,14.332757727629996,14.513138128517507,3216287.72
2023-02-15,14.513138128517507,14.928287825876277,14.483944059098771,14.89831894157632,2495320.55
2023-02-16,14.89831894157632,15.101051035567204,14.188633044854662,14.384371487822952,3386744.26
2023-02-17,14.384371487822952,14.599089363774134,13.747053771814974,13.955367839845383,4122064.94
2023-02-18,13.955367839845383,14.12573453193979,13.67323333732281,13.84221870837551,3563811.52
2023-02-19,13.84221870837551,13.998167315900789,13.69081170751114,13.846711176160053,3336207.23
2023-02-20,13.846711176160053,14.22598102108415,13.617148538202308,13.993976886050808,2621931.86
2023-02-21,13.993976886050808,14.297376258751147,13.794356879292378,14.096296689776938,3974688.04
2023-02-22,14.096296689776938,14.195045938137621,13.917590205933703,14.01577537569862,1462539.93
2023-02-23,14.01577537569862,14.509969648193556,13.745785008390913,14.235741993518669,3521412.67
2023-02-24,14.235741993518669,14.674639799170295,14.026037990184827,14.461608597915681,6084419.39
2023-02-25,14.461608597915681,14.790499632274829,14.17551603076549,14.503576812109824,2194726.56
2023-02-26,14.503576812109824,15.005354075677046,14.221007922593149,14.718596030441352,3012614.92
2023-02-27,14.718596030441352,15.055221327260071,14.445707740407713,14.78117283971552,3193677.46
2023-02-28,14.78117283971552,15.011710176957914,14.428648748958457,14.65725335265603,2850530.47
2023-03-01,14.65725335265603,15.007018679810754,14.467152754167751,14.814873787061234,4146416.1
2023-03-02,14.814873787061234,14.916989214081832,14.739331679745764,14.841312294912674,3601187.18
2023-03-03,14.841312294912674,15.01801456611692,14.666476805029198,14.843157340990064,3324189.56
2023-03-04,14.843157340990064,15.419839495601542,14.608980151662106,15.180342609351047,3905824.69
2023-03-05,15.180342609351047,15.353025516724056,14.46109850201232,14.627492502324426,3213428.67
2023-03-06,14.627492502324426,14.885350391466687,14.065173829004651,14.317568279635916,7085971.13
2023-03-07,14.317568279635916,14.374463521026145,14.007469084652422,14.063354128275547,3323397.3
2023-03-08,14.063354128275547,14.187912218826515,13.863589829384914,13.987475871813288,3360102.01
2023-03-09,13.987475871813288,14.14283979530426,13.780189842773417,13.9349705710109,2086595.51
2023-03-10,13.9349705710109,14.071280437103635,13.48793215062494,13.621172489280726,2793480.27
2023-03-11,13.621172489280726,13.67503820402136,13.367320431036996,13.42039214830192,4263094.18
2023-03-12,13.42039214830192,13.484320311013422,13.184441566715826,13.247546376989458,2291683.26
2023-03-13,13.247546376989458,13.987320315113918,13.021316553436593,13.752467890688294,1865933.6
2023-03-14,13.752467890688294,14.286761084862082,13.605056333421308,14.135246554991054,3225957.09
2023-03-15,14.135246554991054,14.175913711369368,14.008218469184957,14.048636447966501,4507924.9
2023-03-16,14.048636447966501,14.080903955497467,13.94067591617474,13.972769168501612,3234085.24
2023-03-17,13.972769168501612,14.119798431821158,13.588066344726817,13.732568078326876,2942088.37
2023-03-18,13.732568078326876,13.800665371282479,13.275749053647045,13.341909140393991,2010792.3
2023-03-19,13.341909140393991,13.537932032147788,13.123948497569412,13.319644267870752,3583049.81
2023-03-20,13.319644267870752,13.53696521718419,12.906703806018866,13.120780123282286,3775261.26
2023-03-21,13.120780123282286,13.200939439990476,13.025189867451422,13.105254331809054,2049749.69
2023-03-22,13.105254331809054,13.271156170970642,12.63015522620169,12.792092694256128,4249426.03
2023-03-23,12.792092694256128,12.853238943165376,12.58585413915402,12.646303515265368,3875112.49
2023-03-24,12.646303515265368,12.7708056009719,12.551905337862266,12.676184378233849,4247071.96
2023-03-25,12.676184378233849,12.977616030695595,12.44803436941921,12.748170394602356,3702588.18
2023-03-26,12.748170394602356,12.981865553178377,12.597821460544452,12.830545111019834,3768102.23
2023-03-27,12.830545111019834,13.060802028836898,12.351525387244791,12.577236428325614,3644907.67
2023-03-28,12.577236428325614,12.81994615746682,12.501088047482678,12.742795406335208,3975970.58
2023-03-29,12.742795406335208,12.84397878548018,12.490286204633675,12.590258372894684,2030864.1
2023-03-30,12.590258372894684,12.846306169122528,12.458348492269,12.713109163747204,2198743.26
2023-03-31,12.713109163747204,12.848394969333887,12.577099965518475,12.712377990366507,2662189.31
2023-04-01,12.712377990366507,12.966087351430119,12.202343683603988,12.450833222218437,3097811.1
2023-04-02,12.450833222218437,12.501383801095189,12.342191315200319,12.392505080905169,3526073.89
2023-04-03,12.392505080905169,12.67876598438613,12.177676412159325,12.462720112050821,3470578.25
2023-04-04,12.462720112050821,12.8012685227198,12.244045776410559,12.580527112845271,4230953.0
2023-04-05,12.580527112845271,12.730959713962262,12.404811045494789,12.554937658786251,4264285.47
2023-04-06,12.554937658786251,12.956901917774816,12.452079209872297,12.851612906745336,2572953.68
2023-04-07,12.851612906745336,13.199101802989004,12.705797608670816,13.051023973022222,3396667.61
2023-04-08,13.051023973022222,13.14583207545004,12.907180796299514,13.001630080813774,2588796.05
2023-04-09,13.001630080813774,13.367363788192847,12.788612230742242,13.15188418478777,3052891.12
2023-04-10,13.15188418478777,13.693645947525399,13.007620840251263,13.545069740851103,3468071.42
2023-04-11,13.545069740851103,14.216147570944013,13.2922488574949,13.95566290088129,1364752.09
2023-04-12,13.95566290088129,14.139995495559385,13.518413496210831,13.69936073807355,5847193.6
2023-04-13,13.69936073807355,13.853584688969958,13.35735846056591,13.50944438097376,3686778.27
2023-04-14,13.50944438097376,14.02335036940058,13.309514758217443,13.818841895974217,2757225.69
2023-04-15,13.818841895974217,13.971827439075524,13.449480740950364,13.600044017956588,5180974.93
2023-04-16,13.600044017956588,13.848667977236564,13.08742025373809,13.331128130948557,2933783.88
2023-04-17,13.331128130948557,13.402050096491184,13.164073594147993,13.23448139642489,3307791.2
2023-04-18,13.23448139642489,13.580576416895015,12.976140662781184,13.320555493101274,2833100.96
2023-04-19,13.320555493101274,13.541935531791792,13.080191004700612,13.301250200432275,4836294.21
2023-04-20,13.301250200432275,13.53393163726957,12.941495994544953,13.171914943804584,3117104.83
2023-04-21,13.171914943804584,13.312753549778591,12.89973664328234,13.039155742608571,3321849.93
2023-04-22,13.039155742608571,13.26172927910958,12.680064254814226,12.900267012372252,4323634.41
2023-04-23,12.900267012372252,12.997301963028187,12.63475413314988,12.730512199390517,3704082.81
2023-04-24,12.730512199390517,13.387642230343577,12.530451344506472,13.1805096355048,3156815.59
2023-04-25,13.1805096355048,13.301503288460067,13.120826932246606,13.241544214351388,4223856.41
2023-04-26,13.241544214351388,13.523410212414776,13.141875978538947,13.422380831234147,6036181.54
2023-04-27,13.422380831234147,13.556915876914239,13.190935494581247,13.324489355603319,3464275.16
2023-04-28,13.324489355603319,13.428443756077582,13.184640858225443,13.288313019793575,3294784.72
2023-04-29,13.288313019793575,13.407460128208934,13.028651689569312,13.146527505380991,3339454.87
2023-04-30,13.146527505380991,13.366888092914413,12.417498074458273,12.629187060742726,4440460.93
2023-05-01,12.629187060742726,12.712794376269448,12.287164205879016,12.369049366672904,2754817.99
2023-05-02,12.369049366672904,12.55971901839402,11.849459857354693,12.034979806392851,2984915.45
2023-05-03,12.034979806392851,12.075017984744068,11.59343365570349,11.632131631800757,2178834.44
2023-05-04,11.632131631800757,11.815725100760549,11.243850062560298,11.424161068916499,2380198.4
2023-05-05,11.424161068916499,11.846969142961996,11.238445127043233,11.657460586524753,2811451.25
2023-05-06,11.657460586524753,11.76506568527316,11.543267746865453,11.650811470429383,3155561.85
2023-05-07,11.650811470429383,12.060827401906385,11.475995695121297,11.8825347118606,4979958.92
2023-05-08,11.8825347118606,12.179034573510124,11.663034693161038,11.95813797420708,3658850.44
2023-05-09,11.95813797420708,12.300923124811005,11.761871046379618,12.102290249684037,2547547.63
2023-05-10,12.102290249684037,12.211550176107808,11.831372231074258,11.939159406176476,2667537.3
2023-05-11,11.939159406176476,12.164717061352306,11.81122124535906,12.035743916065858,4512439.79
2023-05-12,12.035743916065858,12.36596027669794,11.842829767328002,12.170880106211253,4241018.26
2023-05-13,12.170880106211253,12.25932227253371,11.978386038942599,12.066066556368085,3222599.36
2023-05-14,12.066066556368085,12.370693254210869,11.867339775589866,12.170250574189636,2864859.17
2023-05-15,12.170250574189636,12.373622594163104,12.074041328840964,12.276572841461228,4239240.05
2023-05-16,12.276572841461228,12.479232424839529,11.974858753236141,12.175855715370204,2496323.45
2023-05-17,12.175855715370204,12.219231080937778,11.928700742283974,11.971347566389582,3529507.73
2023-05-18,11.971347566389582,12.004857180024208,11.726400541808946,11.759316648815593,5648079.4
2023-05-19,11.759316648815593,12.011019297952963,11.524622348547293,11.775992184703792,3368574.74
2023-05-20,11.775992184703792,12.044726408099987,11.568143235147744,11.83582145821238,2635962.63
2023-05-21,11.83582145821238,12.047579158794186,11.486258426693672,11.695505702297126,3545726.18
2023-05-22,11.695505702297126,11.925210053427062,11.471852089961677,11.701442903756224,2845243.44
2023-05-23,11.701442903756224,11.92119122683058,11.585719219117534,11.804448844997182,2258321.52
2023-05-24,11.804448844997182,12.002340344799864,11.71989310592852,11.916978550948059,3812975.35
2023-05-25,11.916978550948059,12.255264826085027,11.865253502465285,12.202301348292107,4231723.72
2023-05-26,12.202301348292107,12.579565053572585,12.067810457648372,12.442427548522756,2960695.31
2023-05-27,12.442427548522756,12.516595238744479,12.182963945657082,12.256020487665088,2912005.13
2023-05-28,12.256020487665088,12.81147878445788,12.025118098275662,12.57457485768028,2516224.24
2023-05-29,12.57457485768028,12.600630092580117,12.44908124417384,12.474930009275601,3082271.76
2023-05-30,12.474930009275601,12.733706480966722,12.417825502200813,12.675683018704314,2780299.66
2023-05-31,12.675683018704314,12.771770884515407,12.594095156528802,12.690090289003022,2485298.16
2023-06-01,12.690090289003022,12.760916484988,12.541866637258906,12.612258436489057,5135581.18
2023-06-02,12.612258436489057,12.688739321209571,12.197745884352672,12.272164435015267,3595827.03
2023-06-03,12.272164435015267,12.441628997442454,12.072477827878336,12.241519214845807,3692300.06
2023-06-04,12.241519214845807,12.33816867047126,11.862005475008267,11.956403883102789,3990835.88
2023-06-05,11.956403883102789,12.293118991605514,11.80012843699272,12.134515547868336,3880289.89
2023-06-06,12.134515547868336,12.642268661365456,11.915795239498607,12.418430880537326,2886005.37
2023-06-07,12.418430880537326,12.57795831409546,12.112765682991588,12.270391398134555,3425642.23
2023-06-08,12.270391398134555,12.506822307326388,12.092451209955675,12.328046035224807,2991853.78
2023-06-09,12.328046035224807,12.433809074052245,12.089699420371513,12.194315174202913,3570718.07
2023-06-10,12.194315174202913,12.25376602650476,12.020898499098426,12.079791012623737,3485367.64
2023-06-11,12.079791012623737,12.318899471212331,11.985924838023779,12.223913391773712,2908058.7
2023-06-12,12.223913391773712,12.460532755050345,11.98152939481119,12.218034968941662,2295214.1
2023-06-13,12.218034968941662,12.711792144189362,12.056847260695758,12.546274106679943,3319154.47
2023-06-14,12.546274106679943,12.634037805190578,12.368933678389817,12.456066355626769,3040686.88
2023-06-15,12.456066355626769,12.77572134515801,12.330054874121862,12.647770493570825,1994827.83
2023-06-16,12.647770493570825,12.88365287330043,12.432262164031041,12.667803201744917,3633027.24
2023-06-17,12.667803201744917,13.003016403824759,12.490048786448323,12.82308310339041,4073433.84
2023-06-18,12.82308310339041,12.978136633035987,12.583644288173668,12.737664962922452,6020919.14
2023-06-19,12.737664962922452,12.966088639731511,12.501134228814529,12.72940986756165,2901858.62
2023-06-20,12.72940986756165,12.90894434796325,12.529194954518328,12.708433587302778,2796791.41
2023-06-21,12.708433587302778,12.88087604024757,12.37919218979527,12.549477749493269,2424912.77
2023-06-22,12.549477749493269,12.746212484702646,12.481511955715476,12.677553057282797,3371343.35
2023-06-23,12.677553057282797,12.854765514416743,12.627920484043715,12.804635414221186,3366017.7
2023-06-24,12.804635414221186,13.172196200721764,12.55657687061981,12.921866589367903,2612549.92
2023-06-25,12.921866589367903,13.397303684116604,12.756732232830633,13.228253866487972,3063072.02
2023-06-26,13.228253866487972,13.652144508833885,13.102819576798025,13.523906749408761,1951277.71
2023-06-27,13.523906749408761,13.694340090705678,13.279069959181976,13.448553672766494,4033945.77
2023-06-28,13.448553672766494,13.568432989793918,13.406693498851306,13.52633072583342,2639213.6
2023-06-29,13.52633072583342,13.753549964585073,13.175188241011227,13.400290214585945,3172394.68
2023-06-30,13.400290214585945,13.485528390026248,13.321233599252157,13.406435519729541,2240003.56
2023-07-01,13.406435519729541,13.627398085583437,13.067338717900954,13.286321586554187,2766443.08
2023-07-02,13.286321586554187,13.776749900654787,13.131950314150872,13.6185188902401,2983965.2
2023-07-03,13.6185188902401,13.790904268604717,13.52348483099465,13.695334169583802,3190980.06
2023-07-04,13.695334169583802,13.730172073978549,13.616776895033896,13.651503303388665,3607748.66
2023-07-05,13.651503303388665,14.134508831971571,13.423727965367283,13.902544865388833,4585593.68
2023-07-06,13.902544865388833,13.974508365726747,13.383702628158739,13.453340921964513,3843289.13
2023-07-07,13.453340921964513,13.49279273768813,13.011349151849688,13.049617050517167,4070199.22
2023-07-08,13.049617050517167,13.415735523218753,12.845967347778883,13.209589325290017,4593658.83
2023-07-09,13.209589325290017,13.33285629374943,13.099939456793768,13.223094323263082,3689820.38
2023-07-10,13.223094323263082,13.394418942384183,13.103980529591094,13.274839031751984,3170768.57
2023-07-11,13.274839031751984,13.360424793935556,12.927703518937799,13.01159207095343,4118251.94
2023-07-12,13.01159207095343,13.238842292952372,12.781162794839554,13.008356507026578,4184566.57
2023-07-13,13.008356507026578,13.510036145364673,12.912719961450662,13.41143618561486,3763285.09
2023-07-14,13.41143618561486,13.660238812855697,13.33387159699732,13.58168956953735,2224414.89
2023-07-15,13.58168956953735,13.72117885864535,13.478923782312158,13.618137289923396,2592922.9
2023-07-16,13.618137289923396,13.69517090299359,13.452557286660307,13.529087170601496,2987501.1
2023-07-17,13.529087170601496,13.633501878047165,13.345895413973878,13.4496974075849,3888626.71
2023-07-18,13.4496974075849,13.496675210230759,12.977821918889683,13.023310414870307,3182968.35
2023-07-19,13.023310414870307,13.13916458332682,12.960101250013146,13.075701137971995,4251908.62
2023-07-20,13.075701137971995,13.37189995872538,12.951391076179736,13.245971148136286,4445800.61
2023-07-21,13.245971148136286,13.4821521571405,12.703649897111037,12.934273206069049,4318652.48
2023-07-22,12.934273206069049,12.973480007546332,12.767577125112293,12.806396301841147,4325535.51
2023-07-23,12.806396301841147,12.881033832851472,12.511322564773307,12.584667830161768,2469220.06
2023-07-24,12.584667830161768,12.81559928065188,12.175298442773784,12.402894308763477,3610367.92
2023-07-25,12.402894308763477,12.637966113869084,12.179390877282577,12.414257907340307,2749086.16
2023-07-26,12.414257907340307,12.590914224993064,11.857700992821488,12.028873242372779,2118872.75
2023-07-27,12.028873242372779,12.219665867342545,11.952748229681651,12.142819741499972,2978092.59
2023-07-28,12.142819741499972,12.401236708922928,12.026775790584361,12.28384503706402,4456372.31
2023-07-29,12.28384503706402,12.355115634494659,12.167379087835679,12.238385932546556,3590661.02
2023-07-30,12.238385932546556,12.29118958883262,11.736481195483812,11.78733876675158,5299450.59
2023-07-31,11.78733876675158,11.89153850081031,11.50895854098287,11.611604791781353,3344972.08
2023-08-01,11.611604791781353,11.978489907247637,11.46802974984216,11.832187407827945,5900880.03
2023-08-02,11.832187407827945,11.93251001830901,11.248610480204347,11.34480064154289,3345215.5
2023-08-03,11.34480064154289,11.492224532361911,11.139622475421367,11.286285977430934,3218034.87
2023-08-04,11.286285977430934,11.369043631367658,11.005786189514556,11.08708317190031,2324031.26
2023-08-05,11.08708317190031,11.316809650637532,10.995888481362579,11.224484789271166,4224037.8
2023-08-06,11.224484789271166,11.406682025498187,10.930843202157325,11.111201611725727,2822490.15
2023-08-07,11.111201611725727,11.379828909534728,10.91331483153909,11.180704309572004,2722059.87
2023-08-08,11.180704309572004,11.36618935339875,11.093532679775201,11.278257141875809,4408164.77
2023-08-09,11.278257141875809,11.740750251380426,11.139677988564147,11.598239385233924,4274668.16
2023-08-10,11.598239385233924,11.679507333621858,11.482741647208481,11.563768057723994,4246791.05
2023-08-11,11.563768057723994,11.665601615376413,11.52953903193791,11.631173069169014,2922978.19
2023-08-12,11.631173069169014,11.808914017688531,11.199300408859026,11.3730975952794,3159478.06
2023-08-13,11.3730975952794,11.640489900276895,11.315344292617247,11.581677416206483,3152472.96
2023-08-14,11.581677416206483,11.693589143236263,11.339299094929316,11.44993784548533,3891444.23
2023-08-15,11.44993784548533,11.57321725246437,11.231824493195829,11.354071727040772,4718740.77
2023-08-16,11.354071727040772,11.41448093526552,11.291023123284377,11.351418213520919,3508495.98
2023-08-17,11.351418213520919,11.393441121882674,11.045402910647176,11.086444888737823,5242893.71
2023-08-18,11.086444888737823,11.21811624517754,10.99482391102149,11.126166994672301,4004622.88
2023-08-19,11.126166994672301,11.508080116953012,10.913199404069555,11.291939451495745,3017567.25
2023-08-20,11.291939451495745,11.491726976723458,11.144326243533785,11.343440524048694,3936644.31
2023-08-21,11.343440524048694,11.44400448143753,10.976101997911636,11.074279741576168,4901963.7
2023-08-22,11.074279741576168,11.104184668715424,11.024784412644818,11.054636294722851,5273651.76
2023-08-23,11.054636294722851,11.324188245955563,10.913082571675478,11.181016237963547,4305415.49
2023-08-24,11.181016237963547,11.221945885704217,10.828130641503586,10.867914135936713,3220605.62
2023-08-25,10.867914135936713,10.995783767032496,10.567349551724032,10.693163098234951,3031257.34
2023-08-26,10.693163098234951,11.005878450264435,10.527043642356974,10.837516449321322,3695693.36
2023-08-27,10.837516449321322,10.98791690574327,10.733210379185627,10.883171427613131,4862946.03
2023-08-28,10.883171427613131,11.033513685746321,10.802751245499154,10.952580610933726,3566529.84
2023-08-29,10.952580610933726,11.299446538422908,10.921333816181516,11.267301870288657,3585090.71
2023-08-30,11.267301870288657,11.376663310869677,11.239742030163379,11.348903872104916,3241383.59
2023-08-31,11.348903872104916,11.575661619618058,11.238360120736262,11.463996808010073,2948150.56
2023-09-01,11.463996808010073,12.160639673898432,11.25878880184728,11.946789573494504,3072885.99
2023-09-02,11.946789573494504,12.023166952538855,11.833180641098961,11.90931846245853,3310195.68
2023-09-03,11.90931846245853,12.05619607638615,11.622049953552924,11.7671745061953,4916887.99
2023-09-04,11.7671745061953,12.014658314280082,11.598697929258927,11.845066518093047,3013862.16
2023-09-05,11.845066518093047,11.962409098202347,11.808406776173733,11.925500418379514,3242367.68
2023-09-06,11.925500418379514,11.982215793938824,11.775494715150565,11.831764299843265,2577465.1
2023-09-07,11.831764299843265,11.925980429322417,11.556243613036376,11.649004428901442,3827870.24
2023-09-08,11.649004428901442,12.235606029593379,11.485199889681839,12.065938695332836,4503345.68
2023-09-09,12.065938695332836,12.247301746598323,11.9464541444558,12.127210444139626,4803165.94
2023-09-10,12.127210444139626,12.311732150815883,11.811902005810293,11.994402979009713,3366898.32
2023-09-11,11.994402979009713,12.377875627906276,11.78310044143025,12.163592518546901,3694108.97
2023-09-12,12.163592518546901,12.35396126788233,11.954646488950637,12.14471986807688,3079487.63
2023-09-13,12.14471986807688,12.385919466521653,11.859148418801503,12.099448915773756,3651563.67
2023-09-14,12.099448915773756,12.394554032760011,11.9109576600692,12.20442737028198,3461292.58
2023-09-15,12.20442737028198,12.416042688677353,11.761148353362021,11.968675924270663,3246952.64
2023-09-16,11.968675924270663,12.23853406651957,11.765416754916929,12.034162760779438,3312122.53
2023-09-17,12.034162760779438,12.577657475704921,11.851907968503628,12.390013402424406,3582752.57
2023-09-18,12.390013402424406,12.684361781979042,12.186415341039373,12.479296580774546,2973122.36
2023-09-19,12.479296580774546,12.71421057970949,12.17592456401844,12.40952516502433,3011765.98
2023-09-20,12.40952516502433,12.54049197795807,12.18567388932329,12.315649968515261,4903706.33
2023-09-21,12.315649968515261,12.481777820639431,12.075337369321149,12.240450847993175,6301498.75
2023-09-22,12.240450847993175,12.378387448017795,12.057202733895647,12.194622902700678,2368031.63
2023-09-23,12.194622902700678,12.40581750093712,11.916140873502174,12.126149605591856,2335633.15
2023-09-24,12.126149605591856,12.41734501520203,12.007744146972557,12.297268669132384,2519001.53
2023-09-25,12.297268669132384,12.5033104125915,11.778492803329371,11.979205370171174,3118426.99
2023-09-26,11.979205370171174,12.33716593975908,11.782885572303316,12.138239824447552,4003207.59
2023-09-27,12.138239824447552,12.372677179376314,11.836624354760383,12.069738682062184,3709748.35
2023-09-28,12.069738682062184,12.21893530144117,11.99151986443138,12.140259468733479,3340627.27
2023-09-29,12.140259468733479,12.319609357204575,11.759258521001364,11.935584718444126,3652400.77
2023-09-30,11.935584718444126,12.370314973362031,11.74909656680139,12.180007820505905,2691582.39
2023-10-01,12.180007820505905,12.647824616660435,11.950377976303312,12.413787324460921,3010541.96
2023-10-02,12.413787324460921,12.828073260076124,12.186314062459948,12.59723839596597,3183964.67
2023-10-03,12.59723839596597,12.752480028869378,12.1604471835478,12.312175858097378,2153504.95
2023-10-04,12.312175858097378,12.624335350985932,12.159200060664759,12.469406007104496,2393659.24
2023-10-05,12.469406007104496,12.610455095079566,12.406918794619095,12.54757615306687,2417561.28
2023-10-06,12.54757615306687,12.792872842964123,12.007382346844052,12.246799046231297,3873575.05
2023-10-07,12.246799046231297,12.327509301465915,12.162867095657086,12.24355597805302,3402428.86
2023-10-08,12.24355597805302,12.498020844768314,12.059348593818159,12.312772086740488,3728164.83
2023-10-09,12.312772086740488,12.621155428446057,12.111774577172188,12.418433076123032,2020281.91
2023-10-10,12.418433076123032,12.576995180955272,12.294970516079829,12.453187100603042,2208379.83
2023-10-11,12.453187100603042,12.582235839081457,12.38094009802194,12.509661202733241,3777093.01
2023-10-12,12.509661202733241,12.863069125767055,12.442092933355896,12.79396524866626,1597569.48
2023-10-13,12.79396524866626,13.262690770661614,12.571133676888108,13.035649796511017,4346227.16
2023-10-14,13.035649796511017,13.181565864569938,12.34208865126853,12.481805195114001,2028550.55
2023-10-15,12.481805195114001,12.527020106016417,12.378095719990707,12.423097965970578,3951072.39
2023-10-16,12.423097965970578,12.608281018668075,12.208636347555823,12.393376359570608,2562554.61
2023-10-17,12.393376359570608,12.473971464500039,11.990878106540167,12.069366147479604,4159424.56
2023-10-18,12.069366147479604,12.302753507121606,11.8548318907269,12.087889987163996,7136275.76
2023-10-19,12.087889987163996,12.41377972618918,11.996356952721783,12.320485411243427,1812770.62
2023-10-20,12.320485411243427,12.389540191193532,12.052274005441685,12.120206245715593,3807584.87
2023-10-21,12.120206245715593,12.226497758112242,12.077452800147789,12.183520972884471,2036250.51
2023-10-22,12.183520972884471,12.320068520797388,11.88189578837801,12.016572248367268,3560293.7
2023-10-23,12.016572248367268,12.138099167067322,11.775566830112433,11.895873084788148,3038785.01
2023-10-24,11.895873084788148,12.355800943385075,11.71120608807191,12.166926221158711,3305528.57
2023-10-25,12.166926221158711,12.293010210810698,11.943327070733698,12.06838994406463,2547797.45
2023-10-26,12.06838994406463,12.254154309597503,11.969565670900938,12.154623893574502,3889521.29
2023-10-27,12.154623893574502,12.23617884897127,11.736192785851634,11.815472104480497,2227904.26
2023-10-28,11.815472104480497,12.240678576445232,11.732685328254592,12.155509281649953,4364746.56
2023-10-29,12.155509281649953,12.497927875741036,11.928185914999359,12.268491597180034,2888791.46
2023-10-30,12.268491597180034,12.329483358340987,12.174994989174177,12.235824347887293,2253485.53
2023-10-31,12.235824347887293,12.588735261014318,11.993711942390636,12.34447300544725,4767800.16
2023-11-01,12.34447300544725,12.441803622470513,11.989083707336926,12.084363477733127,3146576.85
2023-11-02,12.084363477733127,12.348701160327913,12.040968235589647,12.304515347484221,5155477.81
2023-11-03,12.304515347484221,12.384204641108356,12.166118535878873,12.245425136070994,4342672.07
2023-11-04,12.245425136070994,12.282791546753847,12.17156661617221,12.208821331853398,2621153.23
2023-11-05,12.208821331853398,12.406854955891323,11.922724598281018,12.119306239555664,3132725.4
2023-11-06,12.119306239555664,12.255356994833889,11.879335682919718,12.014206594583523,3298310.26
2023-11-07,12.014206594583523,12.240765537917731,11.91730289793819,12.14282444070453,4686690.16
2023-11-08,12.14282444070453,12.361018039541298,11.9738340536617,12.19135229554085,3569873.78
2023-11-09,12.19135229554085,12.478251028078413,12.028577779457022,12.31384108606966,3344188.17
2023-11-10,12.31384108606966,12.546790608105454,12.080534886141068,12.313477530543352,3044025.79
2023-11-11,12.313477530543352,12.650631508524386,12.075794299550632,12.411064584940787,3159808.9
2023-11-12,12.411064584940787,12.587950899541354,12.157906232767646,12.333689777788175,4433985.46
2023-11-13,12.333689777788175,12.972953453986783,12.127462015277251,12.759604111347466,3202965.65
2023-11-14,12.759604111347466,12.967121869797252,12.258147172641761,12.460805372441904,2899103.33
2023-11-15,12.460805372441904,12.840668404750259,12.32568708310122,12.702924703261736,2778813.45
2023-11-16,12.702924703261736,13.161206981393564,12.516442603244624,12.970792515149407,2786285.99
2023-11-17,12.970792515149407,13.015005564499598,12.7617755646702,12.805424931800125,2253820.58
2023-11-18,12.805424931800125,13.454786861820175,12.60509200455047,13.247537359964111,2652644.28
2023-11-19,13.247537359964111,13.710409375727636,12.991687748701288,13.450637296581233,4654134.1
2023-11-20,13.450637296581233,13.699988532137155,13.403162659482176,13.65180386845826,3038916.37
2023-11-21,13.65180386845826,13.891919731468619,13.41903946407508,13.659032085378888,3816194.52
2023-11-22,13.659032085378888,13.915735023692006,13.359598853652525,13.615483352741103,1721957.42
2023-11-23,13.615483352741103,13.698148398592734,13.49127277890239,13.573684044432872,3688532.33
2023-11-24,13.573684044432872,13.812119859853182,13.41831149395937,13.655807277467346,3073486.65
2023-11-25,13.655807277467346,14.211714502788949,13.400423906973174,13.950814077938903,2837123.83
2023-11-26,13.950814077938903,14.260515217589646,13.681785629468788,13.990717273185725,3348092.56
2023-11-27,13.990717273185725,14.05090370083859,13.740556624936929,13.79992227484553,2826938.99
2023-11-28,13.79992227484553,14.090898900287218,13.685630268943198,13.975155598668733,1881712.15
2023-11-29,13.975155598668733,14.37986656652217,13.771585047643118,14.173408149192142,4029784.07
2023-11-30,14.173408149192142,14.40217131778573,14.08853703016081,14.316443694330806,3400441.24
2023-12-01,14.316443694330806,14.594491417356675,14.204118719410621,14.480876325174833,2958449.15
2023-12-02,14.480876325174833,14.515909027094567,14.388053001873324,14.422945555410905,2513319.69
2023-12-03,14.422945555410905,14.491647673743353,14.154720625078884,14.22246778957485,2215961.58
2023-12-04,14.22246778957485,14.394871561340715,13.867560860882724,14.037725195691337,3384221.81
2023-12-05,14.037725195691337,14.23082282590137,13.506567538729147,13.69495008435306,4789907.26
2023-12-06,13.69495008435306,13.933771865637569,13.507597511736288,13.745724675644077,3366731.62
2023-12-07,13.745724675644077,13.965800442130364,13.509931492505158,13.729751520982846,2264741.01
2023-12-08,13.729751520982846,13.8598418152193,13.510540419571475,13.63977821080549,3385257.56
2023-12-09,13.63977821080549,13.734204116047486,12.952427877316145,13.04272045146314,3157608.92
2023-12-10,13.04272045146314,13.072463757237735,12.770242706440134,12.799431202614455,3971570.93
2023-12-11,12.799431202614455,13.09488005483815,12.726226943835844,13.020411932821936,3724133.12
2023-12-12,13.020411932821936,13.119666280645523,12.792787173311153,12.891055439089998,1516940.04
2023-12-13,12.891055439089998,13.030664711695518,12.823922387814537,12.9631561797048,3667320.77
2023-12-14,12.9631561797048,12.993782938807234,12.663706517604888,12.693696651494763,2489995.63
2023-12-15,12.693696651494763,13.038029847469582,12.632334598899588,12.975306476938847,2242785.51
2023-12-16,12.975306476938847,13.15682831522317,12.767172298139391,12.948316553002718,3052718.35
2023-12-17,12.948316553002718,13.180214533661648,12.77568263704317,13.006800873308663,3546260.21
2023-12-18,13.006800873308663,13.729502988031278,12.76172275755691,13.475591770965952,2123290.82
2023-12-19,13.475591770965952,14.016525517059753,13.25503636635483,13.79081091155596,3816351.7
2023-12-20,13.79081091155596,13.959329243901324,13.560459033986717,13.728212437384654,3872830.06
2023-12-21,13.728212437384654,13.789660111948379,13.545660868488927,13.606564043105775,3237802.5
2023-12-22,13.606564043105775,13.771928599116082,13.376333756289942,13.540900281381559,2576018.27
2023-12-23,13.540900281381559,13.68995719719931,13.498805534420834,13.647530966245329,2505044.02
2023-12-24,13.647530966245329,13.780675297823258,13.494221263063466,13.627166924513343,4135605.88
2023-12-25,13.627166924513343,13.750147409009482,13.424806000284402,13.54706357970357,2193163.75
2023-12-26,13.54706357970357,13.987981001786041,13.415648276781294,13.853592172706835,4175643.28
2023-12-27,13.853592172706835,13.95107805180255,13.733706871774112,13.831034012104482,3070532.56
2023-12-28,13.831034012104482,14.529310929932047,13.632628547623078,14.32383624304531,3124243.53
2023-12-29,14.32383624304531,14.590902509163046,14.078368655455732,14.345071021171975,2087837.59
2023-12-30,14.345071021171975,14.974062114827305,14.117941124013054,14.740668600199482,3084753.19
2023-12-31,14.740668600199482,15.019508903957176,14.54462452207067,14.822378126895641,3730518.34
2024-01-01,14.822378126895641,15.218039178663766,14.64910146743134,15.04219283983805,2291137.2
2024-01-02,15.04219283983805,15.080693561656808,14.841112490688543,14.879196019661965,3624838.65
2024-01-03,14.879196019661965,15.102574591865961,14.468615604914303,14.689140915575484,3272008.03
2024-01-04,14.689140915575484,14.96824556160884,14.515666672215376,14.793538415829905,2724301.07
2024-01-05,14.793538415829905,15.121987791086909,14.691857412590956,15.018758772010061,3962277.88
2024-01-06,15.018758772010061,15.14825204083387,14.900093205522493,15.029501593629297,1845198.05
2024-01-07,15.029501593629297,15.31267126320519,14.462683769055646,14.740406622790134,3489718.23
2024-01-08,14.740406622790134,14.935547796748745,14.24949907173523,14.440672205492229,4797090.55
2024-01-09,14.440672205492229,14.59325846831654,13.983346545081424,14.132678414980075,4586588.93
2024-01-10,14.132678414980075,14.318898942637075,13.578644190377354,13.759953473811764,3527546.16
2024-01-11,13.759953473811764,13.91449842771389,13.629958214309053,13.784273408983447,2967531.96
2024-01-12,13.784273408983447,14.169880193294743,13.640044684059502,14.023152014416928,2729723.09
2024-01-13,14.023152014416928,14.124477233529836,13.92043928198986,14.021754402565223,2966608.44
2024-01-14,14.021754402565223,14.160813180543322,13.41583356157944,13.550215922979536,3666005.4
2024-01-15,13.550215922979536,13.744534964949219,13.318664066721565,13.512441397051303,2615198.12
2024-01-16,13.512441397051303,13.5491811124417,13.443839711327138,13.480492559276454,3867107.32
2024-01-17,13.480492559276454,14.144732655704638,13.260619075285321,13.917727651655042,5454499.91
2024-01-18,13.917727651655042,14.01645488621092,13.518108205358995,13.614685772423165,3150874.4
2024-01-19,13.614685772423165,13.809186211920535,13.342223478681296,13.535594007187246,2286568.24
2024-01-20,13.535594007187246,14.08060390539364,13.351928778655155,13.89210121077141,2286368.21
2024-01-21,13.89210121077141,14.181076206528214,13.70112225994,13.988768343155602,3885657.45
2024-01-22,13.988768343155602,14.29303916225032,13.80766526488831,14.11036189489241,3152558.25
2024-01-23,14.11036189489241,14.408716436322699,13.838542238576709,14.136395277274149,3984287.63
2024-01-24,14.136395277274149,14.367281011450514,13.978771714345974,14.208849569045679,2800343.95
2024-01-25,14.208849569045679,14.59735240784372,13.993134451227492,14.379053300532759,3938526.61
2024-01-26,14.379053300532759,14.590397890757474,13.996144272224978,14.204929576639602,3075833.79
2024-01-27,14.204929576639602,14.48704335153191,14.116108760149647,14.397021420015117,2664522.31
2024-01-28,14.397021420015117,14.499233147088532,14.001427228718551,14.101541192407533,2894757.06
2024-01-29,14.101541192407533,14.31000116833853,13.965710807655697,14.173477867393508,2372364.7
2024-01-30,14.173477867393508,14.312936562377482,14.074283893176379,14.213462751440366,5261892.22
2024-01-31,14.213462751440366,14.335718085711045,13.961451871958593,14.082581446946648,3123816.08
2024-02-01,14.082581446946648,14.209849834228027,13.95195897039642,14.079196769361348,3759475.05
2024-02-02,14.079196769361348,14.26038986645898,13.768721502906981,13.948229103496075,2798080.16
2024-02-03,13.948229103496075,14.0313329421887,13.642815103078183,13.724586474341418,2460018.46
2024-02-04,13.724586474341418,13.950729966039114,13.427578577154547,13.652534856066662,3018260.53
2024-02-05,13.652534856066662,13.787362572287943,13.294450211184886,13.427051128030323,4214154.35
2024-02-06,13.427051128030323,13.692940934071455,13.22950706143832,13.494405917281506,2809391.36
2024-02-07,13.494405917281506,13.541177051330004,13.216284256764594,13.262250749204359,2574145.97
2024-02-08,13.262250749204359,13.547987974729,13.123535867500083,13.407751248435863,3326819.93
2024-02-09,13.407751248435863,13.441377239352791,13.13777730794157,13.170809059321131,3625189.13
2024-02-10,13.170809059321131,13.357391743422594,12.874431377552717,13.059436313024914,4825251.47
2024-02-11,13.059436313024914,13.16635106314335,12.831632590943451,12.937549480207789,3495891.53
2024-02-12,12.937549480207789,13.453769770775494,12.6906162867164,13.201793078461076,3758985.02
2024-02-13,13.201793078461076,13.37348356361875,13.098367117672195,13.269526959628895,3830401.47
2024-02-14,13.269526959628895,13.430731889695545,13.067618514297564,13.228322876303945,2398628.14
2024-02-15,13.228322876303945,13.418649053756742,13.140579723349862,13.330229953567995,2515113.15
2024-02-16,13.330229953567995,13.505682804412766,12.741995256126275,12.911942597360591,2440436.06
2024-02-17,12.911942597360591,13.046314114833534,12.770535580816775,12.904833111560908,2293581.04
2024-02-18,12.904833111560908,13.418852979859116,12.792931319836939,13.303494274125024,3904055.09
2024-02-19,13.303494274125024,13.407175407096082,13.228111243971382,13.331632931819396,3440660.07
2024-02-20,13.331632931819396,13.40025651604287,13.278207956761726,13.346770877421301,3264233.02
2024-02-21,13.346770877421301,13.515644314003685,13.291277347656196,13.459681322434026,1673591.11
2024-02-22,13.459681322434026,13.917999938509942,13.190720275037451,13.645329142644984,5349590.55
2024-02-23,13.645329142644984,13.773889881316457,13.114452384849313,13.239186613880896,2558913.64
2024-02-24,13.239186613880896,13.266124846836274,12.880464088483636,12.90672585197651,5344692.43
2024-02-25,12.90672585197651,13.197352205144476,12.659526968445379,12.949337198499926,2227412.15
2024-02-26,12.949337198499926,12.979892954865868,12.780682222325304,12.81091134369601,2611828.42
2024-02-27,12.81091134369601,13.194581188730332,12.68876506561337,13.069964951008743,1844924.7
2024-02-28,13.069964951008743,13.264898205142634,12.814915377433,13.008938445863956,3503218.28
2024-02-29,13.008938445863956,13.249119697663671,12.400546017147565,12.633801189920607,2429867.2
2024-03-01,12.633801189920607,12.821185138485964,12.210414395732984,12.394245261975305,2447092.96
2024-03-02,12.394245261975305,12.52246699618724,11.765822822522855,11.888815755262595,2270550.37
2024-03-03,11.888815755262595,12.121122700355079,11.6163644503453,11.847871343402868,3886424.47
2024-03-04,11.847871343402868,11.879952403936317,11.783275918250277,11.815268699009408,3822928.39
2024-03-05,11.815268699009408,12.048786374306415,11.508565683841482,11.74060775580377,5033720.05
2024-03-06,11.74060775580377,12.14206012380309,11.537623825577521,11.935703179446412,2695878.58
2024-03-07,11.935703179446412,12.383667864265554,11.712257979827351,12.156096734143391,3379932.21
2024-03-08,12.156096734143391,12.236155615797072,12.046097433410601,12.125957823100526,2318260.25
2024-03-09,12.125957823100526,12.181303669116152,11.68697023964002,11.740557021859537,2942886.95
2024-03-10,11.740557021859537,12.017531502041654,11.576897472318793,11.852314095216158,2810716.64
2024-03-11,11.852314095216158,12.088799267524376,11.718555161441849,11.953893957275994,3593991.05
2024-03-12,11.953893957275994,12.148548996916238,11.817416071518956,12.01141439893691,4126403.74
2024-03-13,12.01141439893691,12.420285105108961,11.787483856087638,12.192969798579995,4099715.1
2024-03-14,12.192969798579995,12.353447037992142,11.822841829083451,11.980522958692145,2592046.56
2024-03-15,11.980522958692145,12.446607875880945,11.889481179249152,12.352737582043263,4107307.84
2024-03-16,12.352737582043263,12.466397566569421,12.063380411282822,12.175408758186817,3164925.53
2024-03-17,12.175408758186817,12.370172730766265,12.121801346194786,12.31594654145041,2950579.48
2024-03-18,12.31594654145041,12.383211964439015,11.940183706830055,12.005754971183652,2680552.52
2024-03-19,12.005754971183652,12.060744945850699,11.784422172399923,11.838646741029207,2781991.01
2024-03-20,11.838646741029207,12.316501100044636,11.64229989452066,12.11556155376046,4946742.46
2024-03-21,12.11556155376046,12.2935115588669,11.891665156508541,12.068930254028267,3455625.56
2024-03-22,12.068930254028267,12.366211431065281,11.929579847014109,12.225058336375946,3342783.26
2024-03-23,12.225058336375946,12.377610745565283,12.11822818480672,12.270384505780013,2996931.99
2024-03-24,12.270384505780013,12.442573550471144,12.08019201853611,12.252124827031992,5898189.64
2024-03-25,12.252124827031992,12.717781457236281,12.048343857112382,12.509716152084769,4434449.28
2024-03-26,12.509716152084769,12.733167177442095,12.243481107703696,12.466154017594592,2672155.05
2024-03-27,12.466154017594592,12.61383171954677,11.991210229833616,12.134964564784816,2988426.65
2024-03-28,12.134964564784816,12.33832147812296,11.788238998030543,11.989152401015359,3033113.57
2024-03-29,11.989152401015359,12.226603114457735,11.854831846231125,12.091139941532937,3318851.55
2024-03-30,12.091139941532937,12.293452906349897,11.963680686782771,12.165212809381476,2685439.26
2024-03-31,12.165212809381476,12.379050163522132,11.671657974342784,11.880490545038544,3571033.11
2024-04-01,11.880490545038544,11.986877140268172,11.646567530774377,11.751801752503082,4600536.11
2024-04-02,11.751801752503082,11.859053727685085,11.54337978247808,11.649699932730519,2304223.59
2024-04-03,11.649699932730519,11.736937594811758,11.499691880719523,11.586455946265941,2413587.25
2024-04-04,11.586455946265941,11.717807323192948,11.219507683214902,11.348157559234188,2835905.17
2024-04-05,11.348157559234188,11.482148666864974,11.108866616742,11.241599562068231,2868966.67
2024-04-06,11.241599562068231,11.397726276186301,10.96468527459783,11.119110828360137,5273884.98
2024-04-07,11.119110828360137,11.360954731628265,11.010710154539895,11.251265674715645,4110637.45
2024-04-08,11.251265674715645,11.458938723899013,11.18464612895904,11.391488906396175,4052084.33
2024-04-09,11.391488906396175,11.592015075485502,11.167382213773758,11.36748585334885,2995344.91
2024-04-10,11.36748585334885,11.46101770439989,11.20822848876488,11.301215062716087,2978954.67
2024-04-11,11.301215062716087,11.537239861355713,11.09086575518067,11.326421388935255,2226040.52
2024-04-12,11.326421388935255,11.391348513785768,11.123925716651412,11.188059702505868,3890687.46
2024-04-13,11.188059702505868,11.323223038568262,10.863280924246313,10.996125496530723,3617974.94
2024-04-14,10.996125496530723,11.124330111935867,10.71503065892654,10.84143168813055,4413421.11
2024-04-15,10.84143168813055,11.024821674169516,10.556931450631557,10.738581660441273,3035704.07
2024-04-16,10.738581660441273,10.786898028957362,10.504217083989062,10.551692577790547,3088563.28
2024-04-17,10.551692577790547,10.773207040229826,10.357764400987845,10.578781008700957,3338969.38
2024-04-18,10.578781008700957,10.821447883759317,10.45642992608883,10.697721174032644,3999323.43
2024-04-19,10.697721174032644,10.831977242179509,10.313093492135293,10.444167469168987,2215763.2
2024-04-20,10.444167469168987,10.566092152157708,10.327370414552762,10.449238389473793,3846504.61
2024-04-21,10.449238389473793,10.476912657363576,10.387910055438923,10.415494955587814,3183645.49
2024-04-22,10.415494955587814,10.58534577513199,10.301469950627343,10.47071622800733,2455895.58
2024-04-23,10.47071622800733,10.541329627601145,10.399141604237283,10.469748477423813,1900276.44
2024-04-24,10.469748477423813,10.555269437364016,10.158669026513946,10.242332363570029,3092662.54
2024-04-25,10.242332363570029,10.382486685995959,9.911471689729582,10.048980214451696,4595506.86
2024-04-26,10.048980214451696,10.164697609093112,9.938857979099048,10.05451472355497,4863809.49
2024-04-27,10.05451472355497,10.251387692353457,10.017534944056028,10.213821992217895,3497312.66
2024-04-28,10.213821992217895,10.247678186615353,9.844528547547798,9.877269155804898,5226031.66
2024-04-29,9.877269155804898,9.983318516599901,9.82450637894502,9.930272603879349,3165830.87
2024-04-30,9.930272603879349,10.167239483491288,9.876292310924704,10.112269865681135,4061192.7
2024-05-01,10.112269865681135,10.243217830864364,9.959199375577416,10.089857108700008,2858631.71
2024-05-02,10.089857108700008,10.228454713234347,10.037383188869175,10.175535210695362,2813702.13
2024-05-03,10.175535210695362,10.35738168779151,9.888630349320032,10.068565170211963,2701409.11
2024-05-04,10.068565170211963,10.126718100419978,9.993329828570616,10.051383522877446,1911749.08
2024-05-05,10.051383522877446,10.087974237884746,9.772408258104234,9.80811338075303,4414629.34
2024-05-06,9.80811338075303,9.982339099496103,9.298055984886059,9.466208297193813,2725747.49
2024-05-07,9.466208297193813,9.67390633936013,9.396954498280566,9.603647052754068,2618996.2
2024-05-08,9.603647052754068,9.696395304992773,9.370728378870968,9.462109719117889,2382517.95
2024-05-09,9.462109719117889,9.644373370199107,9.216859310783429,9.397885851220508,3040618.51
2024-05-10,9.397885851220508,9.576432957137866,9.028281811691535,9.203128797296124,4973003.02
2024-05-11,9.203128797296124,9.339965554693528,8.875236589208786,9.009189763302183,5401061.58
2024-05-12,9.009189763302183,9.03838765659714,8.95725856154135,8.986382538876866,2112631.0
2024-05-13,8.986382538876866,9.100330968121634,8.775631084330305,8.888336274961748,2928641.93
2024-05-14,8.888336274961748,9.117458191307328,8.712316971213419,8.9404076962277,2470847.89
2024-05-15,8.9404076962277,9.174425661333434,8.770142172382121,9.002968695039486,4096919.07
2024-05-16,9.002968695039486,9.083222675756717,8.967784689457849,9.047863220355934,3437688.15
2024-05-17,9.047863220355934,9.164528131711926,8.965279649949514,9.081636300506846,2729199.87
2024-05-18,9.081636300506846,9.374170503210818,9.011892408522602,9.30272869648157,3258588.35
2024-05-19,9.30272869648157,9.343057010765733,9.114457497238396,9.154141671028245,2839977.57
2024-05-20,9.154141671028245,9.286935033501624,9.014766030102802,9.14746250208282,4790871.49
2024-05-21,9.14746250208282,9.371557423548095,9.0840772594823,9.307066243441554,3668895.59
2024-05-22,9.307066243441554,9.566302833310495,9.230677711208545,9.48842577738569,3783337.91
2024-05-23,9.48842577738569,9.522835171848829,9.253133674714446,9.28681192464942,1642831.77
2024-05-24,9.28681192464942,9.388627107631896,9.142501192899198,9.243845315064188,3147012.66
2024-05-25,9.243845315064188,9.483112289340838,9.199040197656611,9.437369157698399,5386810.95
2024-05-26,9.437369157698399,9.604422225799935,9.345094076320136,9.511423072815525,4457923.51
2024-05-27,9.511423072815525,9.584345932214829,9.467859233334698,9.540648236806957,2016530.41
2024-05-28,9.540648236806957,9.723535766153736,9.327860680811154,9.510163845781433,2958831.28
2024-05-29,9.510163845781433,9.554002711091659,9.412314714101129,9.455903456074404,2369717.96
2024-05-30,9.455903456074404,9.606574728673264,9.348163187410268,9.498350816114492,4908292.88
2024-05-31,9.498350816114492,9.551025220469102,9.410538947506135,9.46301740559714,3401513.16
2024-06-01,9.46301740559714,9.494950475765247,9.425970860412722,9.45788661666965,2641116.96
2024-06-02,9.45788661666965,9.523588325005605,9.404529427821807,9.470161884557125,3227443.36
2024-06-03,9.470161884557125,9.49843916227949,9.346172736171455,9.374163368667707,1667473.2
2024-06-04,9.374163368667707,9.493787762847164,9.331893832764635,9.451170987815185,2439786.37
2024-06-05,9.451170987815185,9.987184492213592,9.348316589053189,9.879666894687112,3229288.2
2024-06-06,9.879666894687112,10.01534119252353,9.48566319750934,9.617740544761304,3953375.03
2024-06-07,9.617740544761304,9.70069344556286,9.583384853421201,9.666164777214716,1969583.86
2024-06-08,9.666164777214716,9.76223036316177,9.461286752500722,9.55626006861028,2909153.03
2024-06-09,9.55626006861028,9.76154229137694,9.437165689612202,9.641387022280584,4118842.78
2024-06-10,9.641387022280584,9.709186358065118,9.581455561127711,9.649206291846486,2226180.82
2024-06-11,9.649206291846486,9.847364532631467,9.565283174972501,9.762456432690627,3388700.51
2024-06-12,9.762456432690627,9.971978425862288,9.730308393675042,9.939248206645857,3253217.27
2024-06-13,9.939248206645857,10.028798747669283,9.879986836232757,9.96935785272353,4912317.81
2024-06-14,9.96935785272353,10.248708826676811,9.865661051966832,10.143203758574543,3021087.18
2024-06-15,10.143203758574543,10.344322789066362,9.595516096663104,9.789624369446019,3065622.54
2024-06-16,9.789624369446019,10.229807030760742,9.594490027412748,10.02988365536862,3962561.85
2024-06-17,10.02988365536862,10.28626076676536,9.832965041274726,10.088197270373316,2296907.48
2024-06-18,10.088197270373316,10.354287101752202,9.991193655139242,10.255673113346651,3028083.79
2024-06-19,10.255673113346651,10.291078228151619,10.033805358803978,10.068564528593834,2855421.75
2024-06-20,10.068564528593834,10.147344218239331,9.865625340842005,9.943425905622947,3090778.05
2024-06-21,9.943425905622947,10.029091920052332,9.880992538804051,9.966513588930928,3956075.2
2024-06-22,9.966513588930928,9.988980884723265,9.942508560072573,9.96497238155449,3675507.36
2024-06-23,9.96497238155449,10.04609759735464,9.927960431457633,10.008922407851012,2653767.25
2024-06-24,10.008922407851012,10.279476117092837,9.907257230587451,10.176112711868061,3311249.5
2024-06-25,10.176112711868061,10.258680920573738,9.827703018358477,9.908096564318768,4644859.91
2024-06-26,9.908096564318768,10.109451403334427,9.856115053575733,10.056690315241717,2599474.7
2024-06-27,10.056690315241717,10.208776962765706,9.906948213097197,10.059000462984544,3318266.49
2024-06-28,10.059000462984544,10.143778530910849,9.944451050350064,10.028976070270824,3049143.22
2024-06-29,10.028976070270824,10.202814544537036,9.638508578406453,9.80852585205175,3149990.87
2024-06-30,9.80852585205175,9.947382779085077,9.74636344763614,9.884737377353824,2128646.65
2024-07-01,9.884737377353824,10.00030066070183,9.418647002406368,9.530063767203485,4553251.18
2024-07-02,9.530063767203485,9.67647786714833,9.479416187002535,9.625324025740522,2636791.49
2024-07-03,9.625324025740522,9.730388394403532,9.308025482609285,9.410747662051369,4135750.46
2024-07-04,9.410747662051369,9.46405566455623,9.366099337554896,9.419366449110894,2739585.57
2024-07-05,9.419366449110894,9.46560061092849,9.357165403663059,9.403320806805448,2736759.75
2024-07-06,9.403320806805448,9.697378864456228,9.280889374436304,9.572741570225643,4333743.09
2024-07-07,9.572741570225643,9.637339854374558,9.483379430467508,9.547809469089074,4102604.27
2024-07-08,9.547809469089074,9.596528217910365,9.400506020977817,9.448719150541038,3371363.58
2024-07-09,9.448719150541038,9.625748732113212,9.201621573000313,9.37731330693257,3870711.91
2024-07-10,9.37731330693257,9.587775926886755,9.351300091121395,9.561252453121163,2977287.39
2024-07-11,9.561252453121163,9.757756283177228,9.444866520194894,9.640406830451028,3193312.89
2024-07-12,9.640406830451028,9.754826400854506,9.471373624859455,9.585137214050087,2712158.23
2024-07-13,9.585137214050087,9.647545656546002,9.489598711625582,9.551790031961502,4011507.26
2024-07-14,9.551790031961502,9.64873966357643,9.23353673390537,9.328217124789832,2690689.49
2024-07-15,9.328217124789832,9.417950843042137,9.294828822908686,9.384361584414187,4638726.63
2024-07-16,9.384361584414187,9.524966184872088,9.001035407801082,9.137948027790754,2957050.35
2024-07-17,9.137948027790754,9.299161588477794,9.08320670537919,9.243786237122004,3216448.98
2024-07-18,9.243786237122004,9.313583221112253,9.193121631950499,9.262814324204175,3868368.4
2024-07-19,9.262814324204175,9.679233407216321,9.191788799734262,9.605579622668914,3219148.6
2024-07-20,9.605579622668914,9.780810932041655,9.275140202468407,9.44748749106248,2970332.0
2024-07-21,9.44748749106248,9.601825422585335,9.279643747614532,9.43375737853158,3176071.16
2024-07-22,9.43375737853158,9.880470870898936,9.254100325287675,9.695823023463934,4001244.34
2024-07-23,9.695823023463934,10.00940799493038,9.56264776996522,9.87378833059274,2711325.84
2024-07-24,9.87378833059274,10.011355747489022,9.634871945086857,9.771007357107704,3100587.34
2024-07-25,9.771007357107704,9.90963537041555,9.667038386706889,9.805301491291248,3208239.97
2024-07-26,9.805301491291248,9.98601458637835,9.625929641793345,9.806618641780512,3972108.69
2024-07-27,9.806618641780512,9.959979094005222,9.696825811734458,9.849703890617667,3121112.37
2024-07-28,9.849703890617667,9.932353556491732,9.665022158445653,9.74680842006354,5029022.26
2024-07-29,9.74680842006354,9.878651062599614,9.6029368323544,9.734614531202142,3077187.92
2024-07-30,9.734614531202142,9.849779994337986,9.389890762521715,9.50230791976315,3015392.19
2024-07-31,9.50230791976315,9.563111880809737,9.462090763405541,9.522807960965894,3066058.25
2024-08-01,9.522807960965894,9.676041757402176,9.436445068478541,9.589077859398703,2302488.4
2024-08-02,9.589077859398703,9.662337046839136,9.484012097030533,9.557026416014052,2469384.92
2024-08-03,9.557026416014052,9.721818298485658,9.165733172654159,9.32655096509321,2802422.12
2024-08-04,9.32655096509321,9.552042132464738,9.244298563686618,9.468537527986596,4250804.55
2024-08-05,9.468537527986596,9.681920707294674,9.30957977500263,9.522064346394403,3173608.58
2024-08-06,9.522064346394403,9.616932794314595,9.324844305566693,9.418682761444089,2834852.09
2024-08-07,9.418682761444089,9.56526581678492,9.233650881522012,9.37962609760744,4348297.97
2024-08-08,9.37962609760744,9.421225440132222,9.128668377330717,9.169335063407306,4715925.07
2024-08-09,9.169335063407306,9.34028543178315,8.860330389667688,9.028658016834118,4379770.93
2024-08-10,9.028658016834118,9.124813929259137,8.86079883660011,8.956182883196334,2585395.02
2024-08-11,8.956182883196334,9.186626928740896,8.896388106619812,9.125700390829557,2827346.54
2024-08-12,9.125700390829557,9.18361950392454,8.981118012987503,9.038483577283905,5035862.58
2024-08-13,9.038483577283905,9.18950384703262,8.977280469178414,9.127696642363825,3398845.22
2024-08-14,9.127696642363825,9.206204281681257,8.976480272106633,9.054357115579055,2992903.67
2024-08-15,9.054357115579055,9.225016182432423,8.919308195795425,9.089443930468608,3829513.61
2024-08-16,9.089443930468608,9.26298736339323,8.89771003518104,9.070899400080135,4116385.93
2024-08-17,9.070899400080135,9.32195867924638,8.943519719256262,9.192866257634506,2773994.72
2024-08-18,9.192866257634506,9.301792464440375,9.011431508739811,9.119488260176471,3380456.63
2024-08-19,9.119488260176471,9.21136492068438,8.815591724890213,8.90531059672491,4034130.65
2024-08-20,8.90531059672491,9.055877139260621,8.573899900774101,8.721356234861803,2394271.53
2024-08-21,8.721356234861803,8.872181883852395,8.502498747395597,8.652127160568956,3209891.62
2024-08-22,8.652127160568956,8.715068600886637,8.428746467588699,8.490512211166902,2421902.52
2024-08-23,8.490512211166902,8.70815832330559,8.327820714000385,8.544433607820473,2502413.55
2024-08-24,8.544433607820473,8.622291140826356,8.407802352995272,8.485119410495356,2779791.13
2024-08-25,8.485119410495356,8.941748482214606,8.34595152848781,8.79745781151817,3605392.69
2024-08-26,8.79745781151817,8.968152754738988,8.403060837219872,8.569329461313096,2952478.99
2024-08-27,8.569329461313096,8.722830725975458,8.443652996692105,8.596752085378077,2721127.4
2024-08-28,8.596752085378077,8.63894419735008,8.41021394751778,8.451694127642215,3241510.58
2024-08-29,8.451694127642215,8.557766820614177,8.2842118033071,8.389503981008378,2402260.4
2024-08-30,8.389503981008378,8.443200721216812,8.354788312399226,8.408406832829579,3562104.83
2024-08-31,8.408406832829579,8.544661338257164,7.986089453209137,8.11763208270629,4246085.5
2024-09-01,8.11763208270629,8.20526617226212,8.060291783086644,8.147713388133619,3137259.98
2024-09-02,8.147713388133619,8.509095368708842,8.0294585611708,8.387362309222954,3041918.99
2024-09-03,8.387362309222954,8.541535566796028,8.177565827199807,8.330697494004541,3513142.37
2024-09-04,8.330697494004541,8.408467713229548,8.286893209447905,8.364485763958427,1927133.09
2024-09-05,8.364485763958427,8.57359353718159,8.28860782406221,8.496517875760535,3659604.84
2024-09-06,8.496517875760535,8.612479525822993,8.360594708413691,8.476280151214993,6949170.23
2024-09-07,8.476280151214993,8.557261299926749,8.322455253414489,8.402733750502291,3103348.7
2024-09-08,8.402733750502291,8.445980444381604,8.07648674809517,8.118269377537544,3106105.07
2024-09-09,8.118269377537544,8.219183477904629,8.097784637271351,8.198496301918226,3853772.58
2024-09-10,8.198496301918226,8.274896175317195,8.108999203761243,8.185275879126035,4828249.49
2024-09-11,8.185275879126035,8.297297620628541,7.950929076505153,8.06125347686835,4083248.08
2024-09-12,8.06125347686835,8.17720972834939,7.961844390429151,8.077599072669065,1866843.6
2024-09-13,8.077599072669065,8.116471244495662,7.9686479977482625,8.007181295124203,3684005.16
2024-09-14,8.007181295124203,8.088153771758712,7.863703491258702,7.9440374266606195,6086866.07
2024-09-15,7.9440374266606195,8.08768035489431,7.875317699066534,8.018318064217468,3738786.42
2024-09-16,8.018318064217468,8.073930257706001,7.803381367605799,7.857880825644976,2397676.95
2024-09-17,7.857880825644976,8.10541248033612,7.73901558656484,7.984629922573768,3433596.37
2024-09-18,7.984629922573768,8.04510340598065,7.758615899700784,7.817826054557375,2323277.72
2024-09-19,7.817826054557375,7.9094709515724455,7.649645791500218,7.7403828563539765,4355118.12
2024-09-20,7.7403828563539765,8.118869485928874,7.596272225391567,7.970474994107573,2519801.59
2024-09-21,7.970474994107573,8.20381657352818,7.877164900952809,8.108886105960323,3259949.55
2024-09-22,8.108886105960323,8.228200251282649,8.002607700689719,8.121753204512252,2582365.42
2024-09-23,8.121753204512252,8.148704655733008,7.9808864159532655,8.007458588749282,2791387.53
2024-09-24,8.007458588749282,8.049148737953356,7.902849641312306,7.94421049471699,4639879.85
2024-09-25,7.94421049471699,7.984239361482677,7.913886477343026,7.9538784403845995,3283845.36
2024-09-26,7.9538784403845995,8.084727948319273,7.828472557528449,7.959237570032388,2782501.08
2024-09-27,7.959237570032388,8.09491534568313,7.813588112143315,7.949092956839204,2403302.46
2024-09-28,7.949092956839204,7.991669850995053,7.903638273239288,7.946199670387911,2004160.84
2024-09-29,7.946199670387911,7.993454857797075,7.874101245441077,7.921207808961539,2340420.59
2024-09-30,7.921207808961539,7.983133682477446,7.68992475927466,7.750516211763719,3290832.66
2024-10-01,7.750516211763719,7.848478063934251,7.593580350677742,7.690787264971089,4088627.14
2024-10-02,7.690787264971089,7.902005150142866,7.589327849964822,7.79911661839629,2781701.91
2024-10-03,7.79911661839629,7.9111241874276645,7.5298746943540324,7.639591228126263,4738813.13
2024-10-04,7.639591228126263,7.779345858104889,7.479065770554848,7.618433349524215,2674535.46
2024-10-05,7.618433349524215,7.674129601847793,7.469991501593115,7.525004723153033,3015144.87
2024-10-06,7.525004723153033,7.642984391932143,7.420725752613117,7.538518156798928,2443072.89
2024-10-07,7.538518156798928,7.629545848154591,7.404455552826699,7.494957245691816,4099402.55
2024-10-08,7.494957245691816,7.7232652897472756,7.438707064461846,7.665733421309049,5406102.8
2024-10-09,7.665733421309049,7.867349187853583,7.525193901854689,7.725710087782294,2059980.61
2024-10-10,7.725710087782294,7.754439696819665,7.546016690195557,7.574182814547497,2934714.85
2024-10-11,7.574182814547497,7.76592473424942,7.461963581973715,7.65254449359058,4390072.63
2024-10-12,7.65254449359058,7.768111130120929,7.44964657357274,7.563874134562742,2228691.03
2024-10-13,7.563874134562742,7.703623346486385,7.36015062137706,7.498695602731054,3687031.96
2024-10-14,7.498695602731054,7.620692970247034,7.41370200739011,7.535284658063643,4342798.08
2024-10-15,7.535284658063643,7.593978513055503,7.421762088084596,7.4800255184709625,3263199.04
2024-10-16,7.4800255184709625,7.711025777781525,7.353618083435895,7.582880167872563,3671926.95
2024-10-17,7.582880167872563,7.7032552441956925,7.376052602954815,7.495033144227685,4969784.14
2024-10-18,7.495033144227685,7.577521088543815,7.343992728306215,7.425717810163094,5208320.53
2024-10-19,7.425717810163094,7.543203305201783,7.2365324851878485,7.352865349925384,3150808.25
2024-10-20,7.352865349925384,7.403024838812112,7.24102608825429,7.290761922411335,2801223.67
2024-10-21,7.290761922411335,7.507700573459184,7.198817293045443,7.414199261741651,2542520.17
2024-10-22,7.414199261741651,7.617637743628097,7.283907297646499,7.486082552738128,4085286.45
2024-10-23,7.486082552738128,7.743078883550385,7.428262139095738,7.6837318816194555,2270969.7
2024-10-24,7.6837318816194555,8.038782005159842,7.601485986361743,7.95364696591668,3004187.96
2024-10-25,7.95364696591668,8.105711210187685,7.681271106624647,7.830990301760374,3283215.42
2024-10-26,7.830990301760374,7.968507153291857,7.702814115678696,7.8401805430577705,2821871.12
2024-10-27,7.8401805430577705,7.981042733370201,7.5638618146133,7.702245771947273,3431871.97
2024-10-28,7.702245771947273,7.771061079317341,7.544643265805072,7.612658157372261,6075590.22
2024-10-29,7.612658157372261,7.764432443772191,7.390634966399316,7.540980202629543,3104184.88
2024-10-30,7.540980202629543,7.576771058716212,7.386483695038038,7.421708465887746,2869963.76
2024-10-31,7.421708465887746,7.505854835347101,7.22208516116775,7.304907253608285,4124660.72
2024-11-01,7.304907253608285,7.382535925037852,7.2122170215059045,7.28968391572827,3397523.29
2024-11-02,7.28968391572827,7.409029012943085,7.039857685449688,7.157031018692904,4585892.54
2024-11-03,7.157031018692904,7.382931603238897,7.025662856179058,7.249859561687749,3334499.91
2024-11-04,7.249859561687749,7.359771121257984,7.0419041945163645,7.150306478697416,3007307.04
2024-11-05,7.150306478697416,7.561742976112413,7.055331158245227,7.462619300561565,2048728.97
2024-11-06,7.462619300561565,7.534959883089179,7.340579021221578,7.412433112622669,2134467.36
2024-11-07,7.412433112622669,7.504326025070196,7.329518625330112,7.421312217298037,2022281.11
2024-11-08,7.421312217298037,7.504189021195197,7.196301901056009,7.277573516576323,3518327.03
2024-11-09,7.277573516576323,7.486958015063277,7.260350174379318,7.4692809717672795,2276384.5
2024-11-10,7.4692809717672795,7.682078187626404,7.386709381581063,7.5980827167557345,4379984.35
2024-11-11,7.5980827167557345,7.766072657659478,7.4658192863509125,7.633197959564306,3224288.97
2024-11-12,7.633197959564306,7.74591687630665,7.369061072576449,7.4795104969787145,3010493.68
2024-11-13,7.4795104969787145,7.626736745329308,7.357424278133789,7.504246762478116,2591370.9
2024-11-14,7.504246762478116,7.572000578967874,7.311736528974143,7.3783536909352545,3738616.03
2024-11-15,7.3783536909352545,7.631677525891504,7.2933438541236955,7.544750544690262,2616994.06
2024-11-16,7.544750544690262,7.658669924334745,7.525113790443158,7.638788417317651,2501289.27
2024-11-17,7.638788417317651,7.71870281609192,7.570849316082021,7.650658145929682,4306985.72
2024-11-18,7.650658145929682,7.731292171833059,7.295938069259621,7.373652598293917,3496652.56
2024-11-19,7.373652598293917,7.422272695271962,7.217250076428608,7.265154764710568,3017469.16
2024-11-20,7.265154764710568,7.360974735509497,7.24653898532852,7.342161638517553,3756580.33
2024-11-21,7.342161638517553,7.587273111330749,7.23623373247895,7.479365714619373,3207153.48
2024-11-22,7.479365714619373,7.681938636008472,7.4058317358722405,7.607148352100273,3521560.09
2024-11-23,7.607148352100273,7.679280911075752,7.355874661321155,7.426292305741772,2608926.5
2024-11-24,7.426292305741772,7.509634305998084,7.378023176386661,7.461138683495906,5369584.13
2024-11-25,7.461138683495906,7.6663457605602865,7.3739855166166794,7.577829534019475,2768334.34
2024-11-26,7.577829534019475,7.652732454124001,7.317178256167483,7.39022682061643,4721633.84
2024-11-27,7.39022682061643,7.468058624030099,7.312277929452587,7.390108486605525,3052416.58
2024-11-28,7.390108486605525,7.514104634082719,7.298059628561612,7.4216627461445555,3915429.73
2024-11-29,7.4216627461445555,7.437350980815274,7.373006934245348,7.388625332990047,3844742.71
2024-11-30,7.388625332990047,7.524121832711663,7.0527837898676164,7.184537621736308,4262533.7
2024-12-01,7.184537621736308,7.208099838379879,7.126400774562838,7.149849228082138,2593465.16
2024-12-02,7.149849228082138,7.222181717755669,7.0431732217867635,7.115154719417009,4187314.76
2024-12-03,7.115154719417009,7.155943850510737,7.059216782942525,7.099918569580998,5077204.29
2024-12-04,7.099918569580998,7.181057025792909,6.959727381306608,7.040183176509448,2999595.86
2024-12-05,7.040183176509448,7.089775226217557,6.944461817745129,6.993726620880492,3227885.65
2024-12-06,6.993726620880492,7.115977780235604,6.868049231371124,6.990239434296876,2807485.24
2024-12-07,6.990239434296876,7.102365805040788,6.926387252880644,7.038076655626039,2934513.69
2024-12-08,7.038076655626039,7.133073799119986,6.911788272614474,7.0063572806729315,4908687.08
2024-12-09,7.0063572806729315,7.051757320550051,6.9185263425272865,6.963649643960716,2489525.62
2024-12-10,6.963649643960716,6.99052812751275,6.947289867279185,6.97414369703994,2528487.01
2024-12-11,6.97414369703994,7.038827356963214,6.711599633123086,6.7744310014033875,4786866.6
2024-12-12,6.7744310014033875,6.903922631294978,6.6954631066800205,6.824372579738154,3740756.7
2024-12-13,6.824372579738154,6.8951294401222265,6.754273656971663,6.825023827833816,5437086.63
2024-12-14,6.825023827833816,6.961774455751811,6.69318990297407,6.829847358329886,2859197.96
2024-12-15,6.829847358329886,7.032943599969991,6.729290797656612,6.930899241792983,3302636.52
2024-12-16,6.930899241792983,7.068977007468723,6.595106939790751,6.729165759655304,2712800.71
2024-12-17,6.729165759655304,6.778363239796683,6.483469653550499,6.531219935614862,3316719.2
2024-12-18,6.531219935614862,6.66537995582375,6.425394846563047,6.559103077368393,2053666.3
2024-12-19,6.559103077368393,6.637812658097705,6.480367210713769,6.559076472179418,3797676.56
2024-12-20,6.559076472179418,6.6622996076323835,6.473731826180504,6.576725320356027,3469530.67
2024-12-21,6.576725320356027,6.706585113695794,6.402466187012912,6.531431640445465,3154285.94
2024-12-22,6.531431640445465,6.6891870694720765,6.441482268764361,6.5983165738980505,2902463.12
2024-12-23,6.5983165738980505,6.8147594711637165,6.478367729593342,6.693087808629234,2558605.32
2024-12-24,6.693087808629234,6.844716096198338,6.59226645214601,6.743140766768708,3838489.91
2024-12-25,6.743140766768708,6.772088734211655,6.688357945929316,6.717194527459262,2387814.02
2024-12-26,6.717194527459262,6.815195888662522,6.411442089276853,6.506367563763407,3636874.97
2024-12-27,6.506367563763407,6.65402816853041,6.436634394372612,6.583468654277852,5375027.33
2024-12-28,6.583468654277852,6.831739534875532,6.461421916813869,6.707395398336508,4639150.1
2024-12-29,6.707395398336508,6.885974231551151,6.596568969690352,6.77404652500277,2196507.99
2024-12-30,6.77404652500277,6.800292055989699,6.658993153302966,6.684893266732771,2798171.85
2024-12-31,6.684893266732771,6.784107360389743,6.655409668077048,6.754317567135489,3555563.27
2025-01-01,6.754317567135489,6.8660972867461,6.732345785379562,6.843834307210842,3144265.54
2025-01-02,6.843834307210842,7.084671536467815,6.769384287075024,7.008430966755934,2255336.94
2025-01-03,7.008430966755934,7.032637328061872,6.892674774007449,6.916563836196795,3523588.03
2025-01-04,6.916563836196795,7.020493577281437,6.789962341766134,6.893546215243285,3191996.51
2025-01-05,6.893546215243285,7.056183915161439,6.811220353457733,6.972910251980901,5164106.84
2025-01-06,6.972910251980901,7.098690801621567,6.854050509726215,6.979715064998373,3003696.31
2025-01-07,6.979715064998373,7.028826602991991,6.814758494347871,6.863049133021462,4285133.28
2025-01-08,6.863049133021462,6.985454408286419,6.785191037999661,6.907096615101485,2331189.63
2025-01-09,6.907096615101485,6.997431953242043,6.878676438135156,6.968758061968586,2474772.53
2025-01-10,6.968758061968586,7.103875427122117,6.843857150266639,6.9787946302078705,3832687.67
2025-01-11,6.9787946302078705,7.038887995190977,6.94285321450787,7.002822832104978,4195797.82
2025-01-12,7.002822832104978,7.029731322565429,6.949296331945581,6.976102147627504,2518850.45
2025-01-13,6.976102147627504,7.175757354842857,6.936401772759111,7.135151842353241,3219320.01
2025-01-14,7.135151842353241,7.252968659696196,6.922767526530551,7.038996612682783,2265410.59
2025-01-15,7.038996612682783,7.06648151174316,6.950003665797681,6.977247455300674,3058259.16
2025-01-16,6.977247455300674,7.070282020957253,6.886126732243198,6.979136625908018,3944733.93
2025-01-17,6.979136625908018,7.1827656926943755,6.87143973025177,7.0736109390268105,2870284.59
2025-01-18,7.0736109390268105,7.183389567336859,6.80804395455565,6.915366717864509,3006847.34
2025-01-19,6.915366717864509,6.952855584433357,6.743133621265097,6.779888044947672,2412592.66
2025-01-20,6.779888044947672,6.800968289615448,6.553630733859768,6.5740710457334535,2721168.02
2025-01-21,6.5740710457334535,6.644315058685105,6.507814172693435,6.578018402154551,4966317.1
2025-01-22,6.578018402154551,6.615149580848194,6.43146079952432,6.467970788467677,3258874.96
2025-01-23,6.467970788467677,6.562318267031357,6.337186434201709,6.430994544939258,2490725.09
2025-01-24,6.430994544939258,6.551261597061453,6.3768425457709235,6.496557526745886,2957835.71
2025-01-25,6.496557526745886,6.562097208899629,6.369357678589584,6.43426897068455,2146404.04
2025-01-26,6.43426897068455,6.483675016733408,6.408256966236643,6.4575688173245505,2483356.04
2025-01-27,6.4575688173245505,6.536453865547389,6.350426683240271,6.428962276675648,4496214.16
2025-01-28,6.428962276675648,6.530245653873156,6.3946352478243185,6.495563014682755,3088020.29
2025-01-29,6.495563014682755,6.636315888436154,6.403184794015688,6.543259342899774,5133734.43
2025-01-30,6.543259342899774,6.564728030720649,6.454321370222225,6.475567959988945,3124623.67
2025-01-31,6.475567959988945,6.602269587482785,6.333292383700918,6.459683208516706,3171346.1
2025-02-01,6.459683208516706,6.65752264270119,6.3671709483714185,6.563523239052373,3756074.32
2025-02-02,6.563523239052373,6.638327053751255,6.52892604022625,6.603519031813223,1640504.66
2025-02-03,6.603519031813223,6.618401406548822,6.451066859543319,6.465638492408367,3368224.13
2025-02-04,6.465638492408367,6.583364261550034,6.413781924721312,6.530983604366597,3161049.8
2025-02-05,6.530983604366597,6.562009948172315,6.394485324928824,6.425008217957006,4639750.22
2025-02-06,6.425008217957006,6.603875777794067,6.386898898537708,6.564936487278938,4072759.01
2025-02-07,6.564936487278938,6.786575172802081,6.448674714018162,6.668479700524658,2410243.76
2025-02-08,6.668479700524658,6.784712082912924,6.582738496569012,6.698583809836233,4365293.67
2025-02-09,6.698583809836233,6.750048402480858,6.663910347417941,6.715288472755686,2996881.29
2025-02-10,6.715288472755686,6.796005361921573,6.6142413661894475,6.694710915812163,2552408.7
2025-02-11,6.694710915812163,6.8093973856624945,6.650498698394856,6.764722806097811,3361632.18
2025-02-12,6.764722806097811,6.897119360218206,6.59578911196663,6.727456300363588,3041827.45
2025-02-13,6.727456300363588,6.769743155814382,6.710034676730702,6.752257306747743,4700961.86
2025-02-14,6.752257306747743,6.946818796456106,6.649746348629172,6.842931250855074,3484436.43
2025-02-15,6.842931250855074,6.951829292488965,6.677544955378649,6.7855295087614955,3368830.12
2025-02-16,6.7855295087614955,6.807303796280068,6.701482991451981,6.723056808463929,4008081.03
2025-02-17,6.723056808463929,6.757301697069372,6.569321902839229,6.602955035220799,4205397.06
2025-02-18,6.602955035220799,6.66183701790763,6.439853494895358,6.497797735271055,3892501.79
2025-02-19,6.497797735271055,6.6123330311239314,6.20918435718366,6.320596158610377,4563165.99
2025-02-20,6.320596158610377,6.46623657749859,6.246860090830201,6.391671346653486,3725948.36
2025-02-21,6.391671346653486,6.660929503374194,6.303494895663946,6.570288929360606,3336971.56
2025-02-22,6.570288929360606,6.822755072626431,6.464545181343596,6.714687343175924,4362057.39
2025-02-23,6.714687343175924,6.828207258760295,6.440896089945732,6.551659828093351,3128103.08
2025-02-24,6.551659828093351,6.694878279853806,6.482388330899227,6.624833112611755,3226708.05
2025-02-25,6.624833112611755,6.845641728904965,6.55091139298864,6.77009909132562,4921163.76
2025-02-26,6.77009909132562,6.8711367639197265,6.623666396112423,6.724016324638091,4800076.44
2025-02-27,6.724016324638091,6.7804743689749625,6.678695362244888,6.735078843408064,3193466.03
2025-02-28,6.735078843408064,6.852140004510366,6.420021428712228,6.533580382287715,2856973.69
2025-03-01,6.533580382287715,6.576346044375824,6.5180685985282425,6.560769708727857,4613303.45
2025-03-02,6.560769708727857,6.597010671302233,6.420709430772156,6.456373721517866,3908897.63
2025-03-03,6.456373721517866,6.582881854794954,6.350465956159573,6.476641622910163,3462691.31
2025-03-04,6.476641622910163,6.529262055114243,6.274226999834447,6.3256204380994765,2952589.65
2025-03-05,6.3256204380994765,6.408583696844432,6.2959090559052955,6.378623360401835,3476670.05
2025-03-06,6.378623360401835,6.514007868395865,6.344423825226986,6.479268714539284,3182680.27
2025-03-07,6.479268714539284,6.554127692270267,6.329382182515137,6.403364188558353,2710318.8
2025-03-08,6.403364188558353,6.51370226997196,6.185997956373488,6.294459471471895,3304917.11
2025-03-09,6.294459471471895,6.31505313562177,6.072496383503931,6.092429062160726,3419542.67
2025-03-10,6.092429062160726,6.107956570263705,6.053005687770728,6.068472137906238,2913345.4
2025-03-11,6.068472137906238,6.131420559873869,5.953358133119795,6.0157597682833455,4011267.32
2025-03-12,6.0157597682833455,6.131330775903445,5.763500046088071,5.876393638948312,4416550.26
2025-03-13,5.876393638948312,5.959111305953394,5.83512856585865,5.917557175248058,4078075.69
2025-03-14,5.917557175248058,6.031559326701924,5.764649793779912,5.87788771022502,2986459.92
2025-03-15,5.87788771022502,5.9835619106580475,5.679315366034981,5.783288843331799,3865558.55
2025-03-16,5.783288843331799,5.824329555730163,5.694704735252437,5.735405647839979,3262980.88
2025-03-17,5.735405647839979,5.92743260610676,5.63959532279322,5.830041384906165,2349527.67
2025-03-18,5.830041384906165,5.968668766323199,5.74640587648281,5.884255522940706,3786087.46
2025-03-19,5.884255522940706,5.950234520922783,5.8074080756283,5.873263825876557,3319067.0
2025-03-20,5.873263825876557,5.986330568035044,5.81680713270717,5.929334892268448,6119851.37
2025-03-21,5.929334892268448,6.028230563071084,5.729191863125359,5.826370180390852,4606500.81
2025-03-22,5.826370180390852,5.924722962190562,5.73154350159803,5.829839813625635,3822628.78
2025-03-23,5.829839813625635,5.934802724255654,5.738749417420542,5.843498906714632,3405675.94
2025-03-24,5.843498906714632,5.960185440599925,5.686706495328075,5.802575852828079,3333695.25
2025-03-25,5.802575852828079,5.903663872437465,5.740991813801979,5.841664971823891,2489864.92
2025-03-26,5.841664971823891,5.9381962282683665,5.67806627403259,5.773470645586224,2071771.43
2025-03-27,5.773470645586224,5.920902664115214,5.672292820678871,5.818928213039166,2572841.76
2025-03-28,5.818928213039166,5.9025763679160965,5.785126952451979,5.868487226627956,3162053.17
2025-03-29,5.868487226627956,5.884667795882657,5.599399891554841,5.61488121935162,1890357.55
2025-03-30,5.61488121935162,5.770940310142036,5.562744401276714,5.717847402534556,2792871.73
2025-03-31,5.717847402534556,5.817459510603357,5.3648084547069725,5.459927268987517,3007916.21
2025-04-01,5.459927268987517,5.49925981551935,5.370700356913133,5.409670863382047,3032217.41
2025-04-02,5.409670863382047,5.575326665597767,5.330688680033741,5.495097241515065,2712090.96
2025-04-03,5.495097241515065,5.506814253294737,5.457602142410326,5.469264070985807,2938127.15
2025-04-04,5.469264070985807,5.515187073720096,5.304525709644326,5.3494426244395505,4924015.06
2025-04-05,5.3494426244395505,5.41940959206231,5.193088473664621,5.2619105834190005,3776082.63
2025-04-06,5.2619105834190005,5.368304503922311,5.239096889081268,5.3451300010291645,2781737.17
2025-04-07,5.3451300010291645,5.442084910125711,5.097841962243738,5.192019613594904,3145786.26
2025-04-08,5.192019613594904,5.307736131094974,5.16703077839056,5.282312721340174,3177429.31
2025-04-09,5.282312721340174,5.379381999081074,5.181446962985975,5.278445169496546,2641011.4
2025-04-10,5.278445169496546,5.30956164365621,5.153743690503068,5.184305208883568,2640235.86
2025-04-11,5.184305208883568,5.287457413250083,5.036900450187027,5.139154285910847,4119706.05
2025-04-12,5.139154285910847,5.205374739435648,4.995724971059996,5.060937564836951,2881193.78
2025-04-13,5.060937564836951,5.14649782155134,5.043132133303306,5.128454850157597,2433855.71
2025-04-14,5.128454850157597,5.202795540525979,5.112172056161477,5.186328996680621,3165673.17
2025-04-15,5.186328996680621,5.2036958888582205,5.036343061198257,5.053264374441593,3295814.23
2025-04-16,5.053264374441593,5.11702681527376,4.959544099834187,5.022923699928145,1954187.98
2025-04-17,5.022923699928145,5.1061657294501055,4.875888351528866,4.958055355231835,3167568.38
2025-04-18,4.958055355231835,5.103685461969507,4.912176836085076,5.056892371360355,3975481.18
2025-04-19,5.056892371360355,5.10749691414025,4.905245337311134,4.954828522700661,3582132.01
2025-04-20,4.954828522700661,5.141505665298172,4.892362114255763,5.077492806313829,5587877.89
2025-04-21,5.077492806313829,5.136364968979423,5.016606483128945,5.075455018189635,4375094.77
2025-04-22,5.075455018189635,5.148466002995691,4.915498774974122,4.987240788273783,4596909.9
2025-04-23,4.987240788273783,5.03956763161493,4.88494811349551,4.936745149374319,6444147.11
2025-04-24,4.936745149374319,5.010053308610812,4.805116810480907,4.877545890780906,3867815.49
2025-04-25,4.877545890780906,4.974860703016988,4.689120572020899,4.784580578142083,3333151.86
2025-04-26,4.784580578142083,4.831769740171155,4.744842908439205,4.791970692896227,4081995.18
2025-04-27,4.791970692896227,4.802608284807248,4.693527729267166,4.703969970280812,2782477.45
2025-04-28,4.703969970280812,4.724014766173596,4.531912447788829,4.551306707226751,3287319.17
2025-04-29,4.551306707226751,4.605755151449378,4.471481301501899,4.525622478741204,2721597.16
2025-04-30,4.525622478741204,4.562717377738391,4.367813774669499,4.403911048871638,3534765.46
2025-05-01,4.403911048871638,4.487231666112342,4.27198576180217,4.3543690601382,2718753.59
2025-05-02,4.3543690601382,4.412256171408505,4.238040300866942,4.295140019516747,2695055.2
2025-05-03,4.295140019516747,4.3439602704606415,4.190969950505409,4.2391538405167735,3548479.26
2025-05-04,4.2391538405167735,4.441859588555263,4.169781312935115,4.370340233561295,3091705.71
2025-05-05,4.370340233561295,4.403649797594084,4.341257290180302,4.374538913602659,1976387.19
2025-05-06,4.374538913602659,4.464896914544287,4.301242229193443,4.39131907362514,2223898.15
2025-05-07,4.39131907362514,4.4003436729595595,4.266150681153757,4.274936101855981,2402077.98
2025-05-08,4.274936101855981,4.331169434343836,4.1774664663889265,4.233150138267166,2566152.85
2025-05-09,4.233150138267166,4.327409796073722,4.15345842545311,4.2474489000786635,3549322.15
2025-05-10,4.2474489000786635,4.316178905839102,4.114663522355084,4.182339969310693,3380033.16
2025-05-11,4.182339969310693,4.31447209921083,4.109711898154285,4.240828352972628,4176487.79
2025-05-12,4.240828352972628,4.279611510748893,4.126457314800012,4.164542827368954,3862641.46
2025-05-13,4.164542827368954,4.234658324062042,4.0770920377021325,4.146910674155921,4183409.35
2025-05-14,4.146910674155921,4.196320990309021,4.061633536606037,4.110611347370538,3725681.76
2025-05-15,4.110611347370538,4.175433697849958,4.056623711406242,4.121305606435963,3372217.83
2025-05-16,4.121305606435963,4.13391876377841,4.069363604261751,4.081856027109196,4212215.45
2025-05-17,4.081856027109196,4.104828429341351,4.042648171467313,4.0655286845494905,4026928.83
2025-05-18,4.0655286845494905,4.113979051356444,4.003121918533813,4.0514039558715655,3515475.0
2025-05-19,4.0514039558715655,4.063794846872269,3.9946535571988973,4.006908362028157,4396983.68
2025-05-20,4.006908362028157,4.098892436727752,3.9454181759364237,4.036941362927261,1780160.89
2025-05-21,4.036941362927261,4.121371390353626,3.9678247842728647,4.051997043006829,2975865.78
2025-05-22,4.051997043006829,4.127228537289147,3.971832949177331,4.046971129727651,2964484.61
2025-05-23,4.046971129727651,4.062478444279022,4.005624340723877,4.021032261884523,4268752.07
2025-05-24,4.021032261884523,4.14735963999463,3.9449745795407294,4.070368759550683,4739821.89
2025-05-25,4.070368759550683,4.083463787668132,4.043195839653579,4.056245430760638,2226889.94
2025-05-26,4.056245430760638,4.098969912098215,3.9952950155698326,4.037825479340145,4553711.45
2025-05-27,4.037825479340145,4.113930671379911,3.9686796627390795,4.044667685297232,2387602.0
2025-05-28,4.044667685297232,4.164168571251091,4.031459416505411,4.150614323066616,2405714.62
2025-05-29,4.150614323066616,4.160277614460863,4.05797382530453,4.067443481729882,3017954.8
2025-05-30,4.067443481729882,4.125761407286209,4.057482072921348,4.1156818598466565,2955297.11
2025-05-31,4.1156818598466565,4.161789285265024,3.9547026055439063,3.999508557216481,2167439.44
2025-06-01,3.999508557216481,4.079791332981973,3.933081753851627,4.013138159084275,3764519.77
2025-06-02,4.013138159084275,4.128320330618977,3.995907027715109,4.110670426894425,3792408.92
2025-06-03,4.110670426894425,4.159279076281763,4.09322891568665,4.141705882116252,4164770.65
2025-06-04,4.141705882116252,4.203684099274765,4.091036900983288,4.152878434881001,2871363.42
2025-06-05,4.152878434881001,4.1786982124147505,4.092523241205494,4.118126957656558,3168489.99
2025-06-06,4.118126957656558,4.18289675079763,4.055762672125323,4.120496580066618,3175750.62
2025-06-07,4.120496580066618,4.199171021874017,4.026805781778664,4.105187928818091,4880021.72
2025-06-08,4.105187928818091,4.17000310436498,3.9928703417415483,4.056923489294931,1575526.68
2025-06-09,4.056923489294931,4.129092736539204,3.9676719220556076,4.039531785558665,2519132.82
2025-06-10,4.039531785558665,4.098137661241851,3.9936728028794586,4.0521355932181455,3204435.75
2025-06-11,4.0521355932181455,4.120947936600345,3.937612667181873,4.005635355265593,2439414.99
2025-06-12,4.005635355265593,4.026834208262742,3.93637827702685,3.9573214403545522,2999875.3
2025-06-13,3.9573214403545522,3.970104625532443,3.864330090114799,3.8768533422509908,3100712.51
2025-06-14,3.8768533422509908,3.954172847922193,3.823325023434246,3.9003205142018604,2714829.85
2025-06-15,3.9003205142018604,3.9446931663492824,3.888872507682366,3.9331488040368003,3251993.01
2025-06-16,3.9331488040368003,4.018722958988391,3.8620977863550694,3.9474142409598,3744125.69
2025-06-17,3.9474142409598,4.063968333330115,3.8903821000815206,4.006088468697001,3016460.72
2025-06-18,4.006088468697001,4.088637631165806,3.929413485532587,4.01185232992772,2857228.58
2025-06-19,4.01185232992772,4.067092339951841,3.981161820825522,4.03621545393009,3070098.3
2025-06-20,4.03621545393009,4.098893110902346,3.99282270877042,4.055295241813399,3194056.45
2025-06-21,4.055295241813399,4.117545753645819,3.9879148083578766,4.050085346068219,2071081.47
2025-06-22,4.050085346068219,4.075884477764622,3.9924058904377944,4.018000641870995,3591389.91
2025-06-23,4.018000641870995,4.204613678098106,3.9707759602611503,4.1557697576655315,2858795.84
2025-06-24,4.1557697576655315,4.213411992018345,4.070532570822213,4.127786668224829,4386512.88
2025-06-25,4.127786668224829,4.208767881223531,4.006524721655212,4.0866998710313505,3709563.37
2025-06-26,4.0866998710313505,4.177516428993305,4.023745651871622,4.114139511520624,4287343.93
2025-06-27,4.114139511520624,4.147370471378603,4.097163110121654,4.130327273522023,2485316.12
2025-06-28,4.130327273522023,4.173927016997852,4.000921717402162,4.043606031260404,2916266.35
2025-06-29,4.043606031260404,4.16535494373934,3.992665191593605,4.113533170773219,2345588.17
2025-06-30,4.113533170773219,4.132616742026725,4.089024633971044,4.108082920332386,2682778.49
2025-07-01,4.108082920332386,4.148241029028302,4.000317841349179,4.039808541430847,4376184.24
2025-07-02,4.039808541430847,4.14305363505408,4.011077000140294,4.113795888008632,4641434.39
2025-07-03,4.113795888008632,4.170674677932341,4.0967693156472995,4.153483841269507,2401557.5
2025-07-04,4.153483841269507,4.200072451092517,4.029234643417792,4.074942271713299,2853600.11
2025-07-05,4.074942271713299,4.20765700750988,4.054643372788469,4.186800896539378,3139620.37
2025-07-06,4.186800896539378,4.282733906029926,4.133922968815577,4.229318988690598,3704514.53
2025-07-07,4.229318988690598,4.2506962709093346,4.207727960111791,4.2291041564513545,2061014.31
2025-07-08,4.2291041564513545,4.397980744762178,4.165563098756527,4.33288047807283,2143415.94
2025-07-09,4.33288047807283,4.367775146135867,4.308987462011898,4.343821795827967,3616683.14
2025-07-10,4.343821795827967,4.422588889028114,4.263680260140081,4.342421970116078,1965784.04
2025-07-11,4.342421970116078,4.353155431598913,4.28893523421375,4.299562757648793,2861801.89
2025-07-12,4.299562757648793,4.387593472518803,4.250565142684723,4.3381560502078935,3332336.67
2025-07-13,4.3381560502078935,4.40402885561825,4.304483778424518,4.370108572010073,3550424.96
2025-07-14,4.370108572010073,4.397990806824202,4.343663395482428,4.371536986421778,3088610.42
2025-07-15,4.371536986421778,4.417389382250977,4.2745676055594855,4.319878159702763,2920373.82
2025-07-16,4.319878159702763,4.403123861191396,4.245764810893173,4.328856477209404,3952283.55
2025-07-17,4.328856477209404,4.408832056036373,4.2448229311632355,4.324722127929851,3436495.81
2025-07-18,4.324722127929851,4.356977960350737,4.206892434296262,4.23850522005426,2722080.98
2025-07-19,4.23850522005426,4.258749953647749,4.125493861569008,4.145293379507056,3230321.07
2025-07-20,4.145293379507056,4.244006959577459,4.0832693110150275,4.1814420160962715,3521697.32
2025-07-21,4.1814420160962715,4.233609590759315,3.9697807125879288,4.01993330831803,4917056.7
2025-07-22,4.01993330831803,4.055564297516229,3.9973481544929763,4.032906257889555,3895148.2
2025-07-23,4.032906257889555,4.096163699954582,3.941355267656513,4.00416184427548,4335296.58
2025-07-24,4.00416184427548,4.13122278532409,3.958751654511591,4.084896998534384,2746971.3
2025-07-25,4.084896998534384,4.141109730139295,3.999035918581441,4.054834963101986,2806968.52
2025-07-26,4.054834963101986,4.130741429400226,4.020498204562386,4.0960556101913665,3017129.29
2025-07-27,4.0960556101913665,4.13662194594084,4.031548077934094,4.071874934165794,3087178.75
2025-07-28,4.071874934165794,4.100736529945104,4.050513235838402,4.079335691308652,2487167.64
2025-07-29,4.079335691308652,4.190078110834682,4.0156275406873485,4.125646707840952,4391339.11
2025-07-30,4.125646707840952,4.145557919803084,4.0774329076812545,4.097206863155908,3990788.06
2025-07-31,4.097206863155908,4.226689690699314,4.031612848238727,4.160088968074704,2964568.07
2025-08-01,4.160088968074704,4.228165252134615,4.031172547754462,4.0982366720978405,3756841.1
2025-08-02,4.0982366720978405,4.180593978469894,4.034964744647987,4.117031875310527,3383381.32
2025-08-03,4.117031875310527,4.185341624327922,4.107358455284092,4.175530754738568,3830930.81
2025-08-04,4.175530754738568,4.247187256988455,4.146651122900256,4.218013795539069,2286618.36
2025-08-05,4.218013795539069,4.3882682203151,4.174019576866776,4.3429706913021375,3085567.33
2025-08-06,4.3429706913021375,4.398212404763204,4.2387682498071495,4.293379169082559,3153904.4
2025-08-07,4.293379169082559,4.37300416965817,4.126887280964022,4.204870805626704,3739909.21
2025-08-08,4.204870805626704,4.241709289797171,4.106022206918123,4.142312624651806,2734753.79
2025-08-09,4.142312624651806,4.258759761142852,4.068784836878505,4.184483423980778,1712866.24
2025-08-10,4.184483423980778,4.237506087200388,4.163804848483188,4.216668462025296,2441776.58
2025-08-11,4.216668462025296,4.260331936774321,4.1800549241008715,4.223657710861351,3151532.41
2025-08-12,4.223657710861351,4.236079810009681,4.140490987342929,4.152704407419565,3251517.68
2025-08-13,4.152704407419565,4.266322550923796,4.088898904679012,4.201763268243322,4874842.72
2025-08-14,4.201763268243322,4.22156092478375,4.105367225738395,4.124802261282459,3701867.49
2025-08-15,4.124802261282459,4.2262648686569255,4.097469835408544,4.198444463022347,3265893.48
2025-08-16,4.198444463022347,4.454969561736537,4.131461646502317,4.385010237804954,3174191.62
2025-08-17,4.385010237804954,4.461193154319597,4.334034928285311,4.409928176234737,4217306.51
2025-08-18,4.409928176234737,4.459615373306835,4.399999183479149,4.449597065691617,2761083.56
2025-08-19,4.449597065691617,4.458675283511735,4.407880389597365,4.41689188119839,3089718.12
2025-08-20,4.41689188119839,4.466325255331619,4.249526119552016,4.297624667990867,2437166.95
2025-08-21,4.297624667990867,4.3298104354203595,4.227032463151159,4.258928426719642,4562530.13
2025-08-22,4.258928426719642,4.281269087347293,4.1673184349175285,4.189293819831536,3529921.19
2025-08-23,4.189293819831536,4.243941862712083,4.04524098718577,4.0987073576696025,2681214.83
2025-08-24,4.0987073576696025,4.233432290991253,4.073656646501274,4.207715338686584,3109733.58
2025-08-25,4.207715338686584,4.279113759891145,4.154446804075845,4.225618575163853,3634834.21
2025-08-26,4.225618575163853,4.2880028100437535,4.1883199395904835,4.250484686598483,3005581.56
2025-08-27,4.250484686598483,4.2732733708644215,4.2083489429861896,4.231033340182605,2799758.47
2025-08-28,4.231033340182605,4.250013270369447,4.201452027133469,4.2203841864382685,2717146.88
2025-08-29,4.2203841864382685,4.309902537786892,4.193949848676477,4.2830755333469686,3482990.57
2025-08-30,4.2830755333469686,4.293941601508557,4.270556943838814,4.281418808927089,2926002.74
2025-08-31,4.281418808927089,4.3490696053644795,4.2491100010348415,4.316496094268909,2856826.45
2025-09-01,4.316496094268909,4.395208196610237,4.225633772958324,4.304120198558978,2291336.73
2025-09-02,4.304120198558978,4.377137524286037,4.209622679592714,4.282269315616978,3262719.19
2025-09-03,4.282269315616978,4.3195082191567185,4.155766937668071,4.192222790536682,3058256.4
2025-09-04,4.192222790536682,4.2440596468665195,4.01835310342718,4.068662131574532,2952755.27
2025-09-05,4.068662131574532,4.118350627423052,4.003464868150011,4.052961621677439,3363033.79
2025-09-06,4.052961621677439,4.125491661051675,3.984396552499765,4.056860631254016,3858009.49
2025-09-07,4.056860631254016,4.082229080703709,3.9539615597301254,3.9788421422615174,3813480.08
2025-09-08,3.9788421422615174,4.008026849101317,3.948001566844911,3.9771740381833367,3674190.86
2025-09-09,3.9771740381833367,4.010420427325577,3.947615132647461,3.9808343180850576,3013141.55
2025-09-10,3.9808343180850576,3.9917245265627592,3.842523492060984,3.853064164864851,2777083.36
2025-09-11,3.853064164864851,3.882595518719415,3.771179591251199,3.8003065909300444,2464950.93
2025-09-12,3.8003065909300444,3.892351744478989,3.732651830542342,3.8242703701582066,2758981.76
2025-09-13,3.8242703701582066,3.9180544141536306,3.753843457323848,3.847205139702742,3215758.75
2025-09-14,3.847205139702742,3.862491763965357,3.765789740894637,3.780812558469988,2628936.2
2025-09-15,3.780812558469988,3.8291428534569785,3.7420779305930707,3.7903109144128972,3277775.84
2025-09-16,3.7903109144128972,3.884120856871304,3.7567125363141054,3.849993436174866,2513777.6
2025-09-17,3.849993436174866,3.9381903127534392,3.808380914793743,3.896079669903231,2112564.98
2025-09-18,3.896079669903231,3.9427739955263386,3.8442214025580608,3.890853087849089,3927497.05
2025-09-19,3.890853087849089,3.9000536234862655,3.854577492543601,3.8637138531810824,2842111.21
2025-09-20,3.8637138531810824,3.9300165756259373,3.761698262429474,3.827377438907476,2595793.88
2025-09-21,3.827377438907476,3.930327441970613,3.7526442457083697,3.8550538406432286,2434372.5
2025-09-22,3.8550538406432286,3.9201030683438685,3.802003339821773,3.8668896909933994,3556972.65
2025-09-23,3.8668896909933994,3.958641659632371,3.813185784467789,3.9044165744840877,4512619.19
2025-09-24,3.9044165744840877,3.957656531207658,3.859501581792776,3.9126468602923725,2893255.52
2025-09-25,3.9126468602923725,3.9937525557549964,3.881279477904965,3.9619895965289826,3032113.7
2025-09-26,3.9619895965289826,3.9866720856599094,3.9434411427246943,3.9680950485662643,4183125.82
2025-09-27,3.9680950485662643,4.066312763426627,3.918441719021509,4.016059251092588,2035088.66
2025-09-28,4.016059251092588,4.0813531621926264,4.004778360482638,4.069920976942984,5232389.05
2025-09-29,4.069920976942984,4.138462704221135,3.9532219922298966,4.020938808546197,5895420.63
2025-09-30,4.020938808546197,4.059444969535995,3.875018641569825,3.9124862160038365,1626721.15
2025-10-01,3.9124862160038365,4.043566886058774,3.875452280240693,4.00565109108675,3122940.43
2025-10-02,4.00565109108675,4.053432800387419,3.974050207392512,4.021705264110866,2673568.38
2025-10-03,4.021705264110866,4.099920876104466,3.842585000662362,3.9187992585856373,2995040.84
2025-10-04,3.9187992585856373,3.938975216749784,3.8570096751608074,3.876970276595765,2882201.88
2025-10-05,3.876970276595765,3.941600626381511,3.8586572493660083,3.92306984595564,3919995.81
2025-10-06,3.92306984595564,3.942605035208359,3.887402282020151,3.906856737010146,3111199.47
2025-10-07,3.906856737010146,3.96098035607604,3.8233004399202404,3.8770105854844163,2548293.72
2025-10-08,3.8770105854844163,4.039384594074659,3.8000359686061196,3.9607474556839555,3065174.56
2025-10-09,3.9607474556839555,3.985456788872142,3.8743641464352825,3.898686307859352,3639502.04
2025-10-10,3.898686307859352,3.970036607104983,3.7816392150067912,3.852137621476068,2380285.59
2025-10-11,3.852137621476068,3.8920324321460877,3.82511449829866,3.8649196418423317,2120373.79
2025-10-12,3.8649196418423317,3.9414213439342762,3.812116342268321,3.8882986359012466,5266344.67
2025-10-13,3.8882986359012466,3.9288040509947115,3.877687542277401,3.918111598358747,2725206.32
2025-10-14,3.918111598358747,4.0164895903935465,3.875318878603957,3.973096339853831,3091982.78
2025-10-15,3.973096339853831,4.040434068031913,3.9183380955045,3.9855048069701158,2897076.02
2025-10-16,3.9855048069701158,4.062436148107974,3.939058706452685,4.015638872543365,3669930.54
2025-10-17,4.015638872543365,4.040861248590809,3.975159883860635,4.0002858268611945,4984575.73
2025-10-18,4.0002858268611945,4.07223918924574,3.932629212411902,4.004511112768005,3699265.44
2025-10-19,4.004511112768005,4.089543110934553,3.9265734866196693,4.011470046829865,2189251.1
2025-10-20,4.011470046829865,4.0663263566029055,3.9702901818333864,4.025007522250133,2263970.1
2025-10-21,4.025007522250133,4.127675044866179,3.9708850703388836,4.072908490346924,2896229.2
2025-10-22,4.072908490346924,4.174460941827011,4.006815616958734,4.107801838761836,2992450.18
2025-10-23,4.107801838761836,4.13707888493974,4.081730429353577,4.110987258300903,2080613.9
2025-10-24,4.110987258300903,4.183176633917272,3.9899117206100194,4.061227306148511,3927433.03
2025-10-25,4.061227306148511,4.09446196542122,4.032621579314869,4.065823862210397,2438957.44
2025-10-26,4.065823862210397,4.13073455502628,3.9996278121538884,4.064517651373237,4648182.12
2025-10-27,4.064517651373237,4.093257656262712,4.048187288510244,4.076877633633762,5044552.56
2025-10-28,4.076877633633762,4.2464957226234645,4.047560966948735,4.216177357106792,3007434.61
2025-10-29,4.216177357106792,4.265106764911011,4.13467747018723,4.183224454321344,3571172.49
2025-10-30,4.183224454321344,4.25876805653644,4.135332400360151,4.2105630143986055,2351760.05
2025-10-31,4.2105630143986055,4.3539284595180945,4.137687594719397,4.27985377194553,3739941.21
2025-11-01,4.27985377194553,4.372105489572217,4.1945550423846765,4.2866708928112,2825266.52
2025-11-02,4.2866708928112,4.459440546650567,4.269825154003415,4.441984457338451,2438399.74
2025-11-03,4.441984457338451,4.472567459875597,4.386615760099092,4.417026930402937,2976705.23
2025-11-04,4.417026930402937,4.476724429486412,4.379761499895385,4.439271328160484,2848275.74
2025-11-05,4.439271328160484,4.486418748430551,4.3396408079238356,4.386224846371555,2950164.58
2025-11-06,4.386224846371555,4.433992481435498,4.315818005187994,4.363336376220188,4057515.28
2025-11-07,4.363336376220188,4.456578280031028,4.2873640963125865,4.380310455748681,2629579.41
2025-11-08,4.380310455748681,4.507827487494919,4.310794633363432,4.437405561923602,4937734.19
2025-11-09,4.437405561923602,4.469846535945741,4.427025012969621,4.459414500855364,2297647.79
2025-11-10,4.459414500855364,4.5922621511997175,4.413971320381364,4.545937269819824,4792290.01
2025-11-11,4.545937269819824,4.605604192501403,4.480273820339863,4.539860989847168,2481896.92
2025-11-12,4.539860989847168,4.586563087210208,4.471025867381851,4.517497913077901,3199189.52
2025-11-13,4.517497913077901,4.727748155530212,4.497839503165651,4.707263956929348,2830920.1
2025-11-14,4.707263956929348,4.77936620599274,4.66417115131202,4.73601024154967,2936500.72
2025-11-15,4.73601024154967,4.78057516261905,4.640970280372003,4.685055729546319,3909815.24
2025-11-16,4.685055729546319,4.710256113049416,4.611485065001396,4.636423863210127,4655770.92
2025-11-17,4.636423863210127,4.708814797298625,4.499658046429167,4.571027919109406,4309328.05
2025-11-18,4.571027919109406,4.67305767133884,4.535441496592451,4.636957969387308,2891966.52
2025-11-19,4.636957969387308,4.695391852921742,4.5537436588627065,4.611861279654492,3350851.91
2025-11-20,4.611861279654492,4.673408758341717,4.55982498815355,4.621266348106091,2631703.46
2025-11-21,4.621266348106091,4.703495717016098,4.535134884893508,4.617293563312691,2497432.57
2025-11-22,4.617293563312691,4.688926778365057,4.5979181585147355,4.669333002095147,2402657.9
2025-11-23,4.669333002095147,4.688275244735755,4.591479235309078,4.610181516096497,2868408.89
2025-11-24,4.610181516096497,4.64432338650389,4.502403938922791,4.53599641270069,3406046.44
2025-11-25,4.53599641270069,4.596375017250418,4.4917166080019,4.551939577459015,1984162.72
2025-11-26,4.551939577459015,4.62800662218105,4.518374665306604,4.59413060350825,3163131.08
2025-11-27,4.59413060350825,4.690531632192865,4.521831081935419,4.617858692956711,4674663.08
2025-11-28,4.617858692956711,4.647481264445002,4.5326769340061075,4.561940804250857,4236038.76
2025-11-29,4.561940804250857,4.625829035309341,4.5458556501943495,4.60957592242845,2764486.19
2025-11-30,4.60957592242845,4.65312902379956,4.515225973932593,4.558294548546204,2256765.48
2025-12-01,4.558294548546204,4.63086636831874,4.450814042631239,4.522821095691162,3589842.7
2025-12-02,4.522821095691162,4.601111648912176,4.381756508807557,4.458941295339289,1792827.08
2025-12-03,4.458941295339289,4.617492639801442,4.39116446344296,4.548356675592096,4223606.31
2025-12-04,4.548356675592096,4.648083083220304,4.493585545470104,4.592777044779907,3033611.87
2025-12-05,4.592777044779907,4.705329230340806,4.5237225722617005,4.635630437748232,5058023.98
2025-12-06,4.635630437748232,4.792116593598053,4.569503115616017,4.724718430216695,2078007.37
2025-12-07,4.724718430216695,4.961982275109224,4.695337299092672,4.931316394014603,4025653.94
2025-12-08,4.931316394014603,4.990066421179509,4.748267907450466,4.805519229966433,3120594.72
2025-12-09,4.805519229966433,4.881787471828506,4.677027572559598,4.752453611692814,2945822.83
2025-12-10,4.752453611692814,4.789086341143875,4.672404732139646,4.708700202793096,2272066.89
2025-12-11,4.708700202793096,4.773546145992893,4.584741902668617,4.648762411579295,3713919.49
2025-12-12,4.648762411579295,4.698349122442942,4.525029569753941,4.573816862852992,3789314.59
2025-12-13,4.573816862852992,4.624388912447327,4.503185638790794,4.553533417179857,4999974.24
2025-12-14,4.553533417179857,4.570021719244893,4.454490693220152,4.4706789801408675,4117159.05
2025-12-15,4.4706789801408675,4.556819486563924,4.40812564679207,4.493940677660812,2758472.21
2025-12-16,4.493940677660812,4.577020657612416,4.4149265650240315,4.497936292608684,2489757.12
2025-12-17,4.497936292608684,4.55196860741073,4.477489739403672,4.5313700721615096,2272835.0
2025-12-18,4.5313700721615096,4.6061321347075515,4.492446047678889,4.566902886831975,4624909.93
2025-12-19,4.566902886831975,4.622632495371292,4.553768409338178,4.609375864989743,2634272.99
2025-12-20,4.609375864989743,4.621053137720689,4.57218752441133,4.5838000039221605,4633017.01
2025-12-21,4.5838000039221605,4.828084930073666,4.4929772647376565,4.7342805906729435,3648874.7
2025-12-22,4.7342805906729435,4.803361335685118,4.6827598429827475,4.7516515487666915,3475111.38
2025-12-23,4.7516515487666915,4.79156229678348,4.580875815492028,4.6196780731075595,2963685.9
2025-12-24,4.6196780731075595,4.651774614120096,4.518777996753979,4.5503931609281025,3774692.94
2025-12-25,4.5503931609281025,4.639763918319209,4.345158968883926,4.432208553688975,3187647.29
2025-12-26,4.432208553688975,4.4628354827716326,4.403219630974846,4.433835916269535,2917851.29
2025-12-27,4.433835916269535,4.500621683197761,4.359436533043258,4.426105864119782,3808182.37
2025-12-28,4.426105864119782,4.457565056541107,4.3639636394073955,4.3952031865445775,3086870.46
2025-12-29,4.3952031865445775,4.546717992217688,4.38083609759736,4.531904053958178,2621029.33
2025-12-30,4.531904053958178,4.635652797179033,4.467102452782706,4.570302142538949,3717708.57
2025-12-31,4.570302142538949,4.63081208425569,4.561027375858367,4.621433553776897,3149218.72
2026-01-01,4.621433553776897,4.6868891040987855,4.4925081425761215,4.5570518239931275,3616035.69
2026-01-02,4.5570518239931275,4.5867035521091255,4.459717856949517,4.488926307399645,2856753.51
2026-01-03,4.488926307399645,4.561211388635952,4.419662730307502,4.491901898540944,2365218.68
2026-01-04,4.491901898540944,4.575598060922848,4.42068053445762,4.504181989815331,4937797.1
2026-01-05,4.504181989815331,4.571897547902945,4.313651170845687,4.3794921505812985,4710545.24
2026-01-06,4.3794921505812985,4.39018118559754,4.357315358858804,4.367976287084595,3991220.41
2026-01-07,4.367976287084595,4.43345026503322,4.303910046905199,4.369363675665954,2904316.67
2026-01-08,4.369363675665954,4.45597591605144,4.26923144668273,4.355570265525983,2968543.17
2026-01-09,4.355570265525983,4.38330329919166,4.275175752620471,4.302571328452499,4520997.57
2026-01-10,4.302571328452499,4.3324152294336296,4.2383183487643485,4.26792191119002,2929094.41
2026-01-11,4.26792191119002,4.338954975165613,4.186072213564871,4.256922204159681,2731939.51
2026-01-12,4.256922204159681,4.2840717631711565,4.23611801877481,4.263236717858081,5110051.48
2026-01-13,4.263236717858081,4.3627729968754725,4.204018201971048,4.303002119432946,3162084.27
2026-01-14,4.303002119432946,4.442839703029252,4.23591627334705,4.37463703460394,4979139.78
2026-01-15,4.37463703460394,4.386312468006804,4.343963043594775,4.35558763621233,2255908.63
2026-01-16,4.35558763621233,4.4077140794460785,4.274210774620528,4.32598291693143,3642597.52
2026-01-17,4.32598291693143,4.409126573733868,4.2724887178094075,4.355270214027149,5370502.39
2026-01-18,4.355270214027149,4.4291030493262635,4.32277130897106,4.396297996102825,3223889.33
2026-01-19,4.396297996102825,4.474438693746449,4.290236573048589,4.367872021621486,2995615.4
2026-01-20,4.367872021621486,4.442844884786061,4.346340618560025,4.421051334570113,2389807.53
2026-01-21,4.421051334570113,4.526142477117172,4.383227008783897,4.4877475316982105,4194342.42
2026-01-22,4.4877475316982105,4.656156283427712,4.410217042127265,4.577082440719523,2639577.3
2026-01-23,4.577082440719523,4.7283498529794885,4.552221698791274,4.702806233517903,3125044.96
2026-01-24,4.702806233517903,4.781741587335637,4.563932282425974,4.641844408193819,2350258.31
2026-01-25,4.641844408193819,4.659201706536303,4.625954236638565,4.6433065297803555,4722670.67
2026-01-26,4.6433065297803555,4.694774308968364,4.593130387320445,4.644584358137783,4271103.13
2026-01-27,4.644584358137783,4.660171359950761,4.6225919505505635,4.638157383746468,3174831.7
2026-01-28,4.638157383746468,4.704029721847344,4.527915639851768,4.593148753479408,2397948.49
2026-01-29,4.593148753479408,4.667699355377552,4.418304357006949,4.491200250408931,4697956.24
2026-01-30,4.491200250408931,4.575794384001719,4.4135139212635455,4.4979905991128755,2920246.05
2026-01-31,4.4979905991128755,4.586433331135096,4.358870813426367,4.446297110836241,2427470.09
2026-02-01,4.446297110836241,4.5153323171710955,4.383620848453619,4.45256766330628,2059825.57
2026-02-02,4.45256766330628,4.523110202388494,4.329975687454077,4.3996803264048525,2722796.64
2026-02-03,4.3996803264048525,4.448532832504504,4.2792513071436655,4.327300128935356,2224409.04
2026-02-04,4.327300128935356,4.423210457660648,4.2475511714945124,4.3431690477225695,2738596.6
2026-02-05,4.3431690477225695,4.412737734406875,4.2841555829910725,4.35358277163056,3854545.08
2026-02-06,4.35358277163056,4.471132504893502,4.275636550845395,4.392489697414953,2913341.69
2026-02-07,4.392489697414953,4.569477181566085,4.36508874795868,4.5411488758913015,3497589.98
2026-02-08,4.5411488758913015,4.61067803584258,4.491462894278149,4.5607772942076314,2670637.33
2026-02-09,4.5607772942076314,4.66451359834092,4.49174199146594,4.594960867714979,3252562.27
2026-02-10,4.594960867714979,4.6209177629769105,4.495345754069674,4.520884190807321,5172602.85
2026-02-11,4.520884190807321,4.547123928333374,4.408154816980715,4.433889627948318,2933010.27
2026-02-12,4.433889627948318,4.6312300185502675,4.346964244569676,4.5421815961157055,3522807.19
2026-02-13,4.5421815961157055,4.586799384584328,4.435418950266302,4.479420234729732,2163590.27
2026-02-14,4.479420234729732,4.503038775937831,4.386206090998393,4.409455731900968,4679434.83
2026-02-15,4.409455731900968,4.444582999022556,4.372187661377917,4.407297737158356,2840128.09
2026-02-16,4.407297737158356,4.447636722615629,4.361437672774079,4.401725658271149,4161119.81
2026-02-17,4.401725658271149,4.45989681615944,4.284901580627007,4.342287227879845,3102957.65
2026-02-18,4.342287227879845,4.423115708107924,4.242217913225981,4.322681446261786,3728647.81
2026-02-19,4.322681446261786,4.491590614648541,4.237271220276683,4.4045625313069445,3784462.68
2026-02-20,4.4045625313069445,4.465039719203142,4.291707994240973,4.351455998767868,2857767.5
2026-02-21,4.351455998767868,4.414981175165574,4.1986090814624815,4.2608109670744065,4204382.44
2026-02-22,4.2608109670744065,4.356348058603353,4.227606786536439,4.32266187854772,2646940.89
2026-02-23,4.32266187854772,4.431449778857244,4.24732283267114,4.355537744292861,3886987.22
2026-02-24,4.355537744292861,4.3813241394359785,4.289606712829123,4.3151540213893025,2902578.52
2026-02-25,4.3151540213893025,4.332047209392181,4.196699060189102,4.213193086252994,3492229.29
2026-02-26,4.213193086252994,4.295428749780907,4.084953387213451,4.1662732406764995,2850950.82
2026-02-27,4.1662732406764995,4.239410068376331,4.090164229664599,4.163247949909204,3240231.58
2026-02-28,4.163247949909204,4.269648311373707,4.132166754299801,4.238008978897631,2446057.11
2026-03-01,4.238008978897631,4.297989828905036,4.113230732565939,4.172281334429986,3404302.44
2026-03-02,4.172281334429986,4.215699472657328,4.123998219525074,4.167365198820812,3235546.25
2026-03-03,4.167365198820812,4.243643005088337,4.134791790084305,4.2107306387294985,2795783.59
2026-03-04,4.2107306387294985,4.240887621208583,4.032580491834532,4.061669910951912,3156279.05
2026-03-05,4.061669910951912,4.144693918866032,4.043601596666295,4.126337929287951,3309019.52
2026-03-06,4.126337929287951,4.17539070183302,4.005172185356788,4.053357385228628,2743025.6
2026-03-07,4.053357385228628,4.1151596826834504,4.012666782600254,4.074259251643797,3098633.37
2026-03-08,4.074259251643797,4.135855855598348,4.028548688433989,4.089969038701681,2488705.82
2026-03-09,4.089969038701681,4.1827288071626745,4.0659346259737195,4.158292894148175,5752209.66
2026-03-10,4.158292894148175,4.272887988949467,4.079721982872214,4.193649023882413,4170060.21
2026-03-11,4.193649023882413,4.250240814178905,3.990845462560989,4.045437187251052,3426105.99
2026-03-12,4.045437187251052,4.119035064780526,3.925213982104185,3.997947895891885,4289538.03
2026-03-13,3.997947895891885,4.02265473281307,3.9820885123903,4.006760391191419,1950991.47
2026-03-14,4.006760391191419,4.059694974406742,3.9425510356918263,3.9953346700791794,1688314.81
2026-03-15,3.9953346700791794,4.094414182776625,3.9262540841501457,4.024823721919004,2895992.96
2026-03-16,4.024823721919004,4.106176078738195,3.9927999139910484,4.0737628827537655,2267118.8
2026-03-17,4.0737628827537655,4.134657072695671,4.0513059510017735,4.111989414243698,3016205.03
2026-03-18,4.111989414243698,4.139829159544577,4.071310661927562,4.0990628896998995,3368828.2
2026-03-19,4.0990628896998995,4.1273989206713155,3.958635731328039,3.986191504186379,4027937.4
2026-03-20,3.986191504186379,4.026251060058616,3.9193504340259553,3.9591381146588387,2407490.25
2026-03-21,3.9591381146588387,4.016002719097725,3.927990209801928,3.9846540714098753,3536220.43
2026-03-22,3.9846540714098753,4.012080179641805,3.892670882760023,3.919649569339433,3211532.49
2026-03-23,3.919649569339433,4.011916742391815,3.866055333079964,3.9578008551557793,3490441.17
2026-03-24,3.9578008551557793,4.025026518102622,3.946107205258297,4.013169277622541,2810065.58
2026-03-25,4.013169277622541,4.054002650541282,3.98055606482967,4.021323174712271,4521910.56
2026-03-26,4.021323174712271,4.079292701239612,3.7836475539987338,3.838988630451017,3118255.3
2026-03-27,3.838988630451017,3.8588181410987525,3.7461691827684542,3.7656197213209706,4986311.04
2026-03-28,3.7656197213209706,3.898556483281078,3.7431137362094407,3.8753944076350155,2626241.26
2026-03-29,3.8753944076350155,3.897143118172922,3.8222052607746435,3.843776531816937,3853021.5
2026-03-30,3.843776531816937,3.851528160332333,3.722601414148771,3.730123842704575,3152619.48
2026-03-31,3.730123842704575,3.841136853634734,3.6908537720529586,3.801119355041583,2948260.12
2026-04-01,3.801119355041583,3.8125562956271613,3.790851550178525,3.802285341134597,3748027.29
2026-04-02,3.802285341134597,3.893730176152985,3.7760004596365007,3.866997941842453,2969392.66
2026-04-03,3.866997941842453,3.9610035263218206,3.790019695640938,3.88369294174512,1644866.91
2026-04-04,3.88369294174512,3.9837061882022495,3.8117237159513944,3.911226730146565,1488001.25
2026-04-05,3.911226730146565,3.9563404071744106,3.8882624921886313,3.9332468808841208,4398468.23
2026-04-06,3.9332468808841208,4.005658855795659,3.903432697351297,3.975524208270578,4352347.8
2026-04-07,3.975524208270578,4.158373016755528,3.9343907215927336,4.115788262445659,5129386.42
2026-04-08,4.115788262445659,4.249183066948171,4.044998993368944,4.177335224356555,3186008.08
2026-04-09,4.177335224356555,4.246042475751295,4.011658248366175,4.078743906545537,2316348.7
2026-04-10,4.078743906545537,4.124464937388287,4.061318101909777,4.1069187600339205,2881338.23
2026-04-11,4.1069187600339205,4.196853231523142,4.089505098934816,4.17913337473324,3209152.68
2026-04-12,4.17913337473324,4.297013936503281,4.139426673913398,4.256571482241001,2487781.26
2026-04-13,4.256571482241001,4.331749843206151,4.15483569606853,4.229536574137279,4832164.44
2026-04-14,4.229536574137279,4.382411058953515,4.153922907215903,4.305440418773771,5601455.81
2026-04-15,4.305440418773771,4.384128045017488,4.288508907097168,4.366954623484048,3606439.45
2026-04-16,4.366954623484048,4.597353079738097,4.31307797069224,4.541325156445116,3191320.79
2026-04-17,4.541325156445116,4.563133297158905,4.468820971817693,4.4903844876179235,2314998.56
2026-04-18,4.4903844876179235,4.554822975975616,4.392445049631023,4.456395789029958,4710336.19
2026-04-19,4.456395789029958,4.538820387413972,4.354146621511469,4.436197638982892,3261631.44
2026-04-20,4.436197638982892,4.481384070568977,4.358911152535157,4.403767253164565,2976832.19
2026-04-21,4.403767253164565,4.419160577315731,4.329936346162003,4.345124685808659,3609049.11
2026-04-22,4.345124685808659,4.399119705887189,4.115327974635235,4.16711089287114,2764121.68
2026-04-23,4.16711089287114,4.206087131445647,4.1014115255490795,4.140135454756587,3319684.02
2026-04-24,4.140135454756587,4.232949531839697,4.071425031701471,4.163845610824922,2231187.82
2026-04-25,4.163845610824922,4.197681854487764,4.0996306667479825,4.133218024508157,4199320.0
2026-04-26,4.133218024508157,4.332438158530423,4.05986105264461,4.256886303548639,3117551.91
2026-04-27,4.256886303548639,4.287688235969031,4.22740052364389,4.25819340230445,4275286.1
2026-04-28,4.25819340230445,4.36391475061318,4.23760368545786,4.3429153761285,3043069.67
2026-04-29,4.3429153761285,4.393413799073937,4.31027121519975,4.360636435203345,3092874.39
2026-04-30,4.360636435203345,4.427748899619945,4.3491745710011855,4.416141142169568,2363329.55
