Date,Open,High,Low,Close,Volume
2020-01-01,8.0,8.130688901619397,7.869311098380603,8.0,4240644.87
2020-01-02,8.0,8.192081122005945,7.879920405958542,8.0709367706369,3127923.91
2020-01-03,8.0709367706369,8.119751625740626,7.880280638569916,7.928232385202393,2431963.75
2020-01-04,7.928232385202393,8.01592254107206,7.799415023384531,7.886645204549058,4718145.09
2020-01-05,7.886645204549058,8.07320803729758,7.84931024992674,8.035169974395545,3267624.23
2020-01-06,8.035169974395545,8.168303543517052,7.83657231469346,7.96860294432174,3410897.79
2020-01-07,7.96860294432174,8.167723841669858,7.858920037044144,8.056826590291024,2975945.34
2020-01-08,8.056826590291024,8.214930870266846,7.686825053663519,7.840687905484813,5064574.44
2020-01-09,7.840687905484813,7.875635218549413,7.7598322411006375,7.794574016521903,4065882.5
2020-01-10,7.794574016521903,7.881738074530741,7.598278090550863,7.684207962689108,3260005.72
2020-01-11,7.684207962689108,7.838650495252756,7.568697518649659,7.722563483881217,2354885.67
2020-01-12,7.722563483881217,7.858574522903762,7.461091669919336,7.594853459301797,7118233.69
2020-01-13,7.594853459301797,7.991516126001563,7.4629979995805265,7.855141759669523,6232907.52
2020-01-14,7.855141759669523,7.899413262335543,7.606707518453493,7.649821840046647,5450877.31
2020-01-15,7.649821840046647,7.946385975598834,7.499259753297636,7.7930057745949695,3187408.31
2020-01-16,7.7930057745949695,8.061228335724051,7.639762782848658,7.905767968997415,3352694.21
2020-01-17,7.905767968997415,8.101035172113901,7.752055682333497,7.946530340394046,4200348.16
2020-01-18,7.946530340394046,8.058232570251342,7.842867609142249,7.9544663139814595,3039027.79
2020-01-19,7.9544663139814595,8.337635784018202,7.8194405635525115,8.19846814288864,2967296.48
2020-01-20,8.19846814288864,8.563589277092564,8.170850742613432,8.534838777037955,5471980.99
2020-01-21,8.534838777037955,8.591154097061366,8.451028136126286,8.507160829091719,3747976.06
2020-01-22,8.507160829091719,8.561132121347905,8.476059276857534,8.52994726359064,2872072.29
2020-01-23,8.52994726359064,8.624630470706274,8.360954771721882,8.454803880301679,4821899.32
2020-01-24,8.454803880301679,8.618532365391703,8.136186581644036,8.296856391038329,3292102.73
2020-01-25,8.296856391038329,8.474811729041948,8.183313301473346,8.360399053470923,2316743.25
2020-01-26,8.360399053470923,8.481788437952197,8.274265723637722,8.39529558527035,2861362.59
2020-01-27,8.39529558527035,8.531895802807858,8.046634119317332,8.17972680795651,3339689.07
2020-01-28,8.17972680795651,8.339544253519543,8.082338557986963,8.241421463790275,4014813.58
2020-01-29,8.241421463790275,8.365094603084207,8.15704860936804,8.280323483092648,3966703.79
2020-01-30,8.280323483092648,8.390682866544283,8.09157635813881,8.200876884695012,5165198.94
2020-01-31,8.200876884695012,8.292828498069184,8.022621034977137,8.113593996617904,3581360.82
2020-02-01,8.113593996617904,8.281209485803164,8.003672535715719,8.170516844752177,3382407.72
2020-02-02,8.170516844752177,8.52554297380748,8.03613254369334,8.387588395713546,5187556.24
2020-02-03,8.387588395713546,8.530116389187057,8.300998848376862,8.442955260186375,4853383.85
2020-02-04,8.442955260186375,8.632528015696273,8.362997244638073,8.551541645546838,3602531.02
2020-02-05,8.551541645546838,8.65463885777873,8.33608705883543,8.43781316279124,4087806.27
2020-02-06,8.43781316279124,8.592103347330532,8.228973229461985,8.382247361914565,3374241.32
2020-02-07,8.382247361914565,8.547719495020063,8.301663108811592,8.466326927783157,2841865.21
2020-02-08,8.466326927783157,8.612451454721066,8.139760985546587,8.282716489042489,6581812.09
2020-02-09,8.282716489042489,8.42052149659161,8.174138924541788,8.311565749111915,3318553.4
2020-02-10,8.311565749111915,8.397969691100698,8.293087903031594,8.379341170185283,4090835.57
2020-02-11,8.379341170185283,8.467924601161732,8.286527810692274,8.37506604657407,2601697.73
2020-02-12,8.37506604657407,8.468293506427784,8.326577448424036,8.419547377487207,4568175.86
2020-02-13,8.419547377487207,8.468088029848415,8.379919982264779,8.428418880060931,2810989.7
2020-02-14,8.428418880060931,8.480842650552054,8.292815511657366,8.344718676764478,5780503.05
2020-02-15,8.344718676764478,8.46841701669175,8.066285846199001,8.1876559593567,5955728.81
2020-02-16,8.1876559593567,8.296493561589166,8.067915231010698,8.176605946650277,4377206.92
2020-02-17,8.176605946650277,8.449903640871048,8.081239278088217,8.352485624953259,3910719.82
2020-02-18,8.352485624953259,8.586159525504684,8.261319633145066,8.493454877741609,3626062.27
2020-02-19,8.493454877741609,8.569940172471297,8.370899762641603,8.446966419314634,3755100.56
2020-02-20,8.446966419314634,8.598658918486324,8.24709002978172,8.397901408592697,4209356.76
2020-02-21,8.397901408592697,8.555649069077374,8.18251121917682,8.339155383979103,3886221.44
2020-02-22,8.339155383979103,8.470579475098045,8.150332566029864,8.280837575464004,4857030.64
2020-02-23,8.280837575464004,8.380356414288007,8.221314568526392,8.320547967391855,3020512.55
2020-02-24,8.320547967391855,8.621708903976803,8.167037572653173,8.465523770406548,5567920.62
2020-02-25,8.465523770406548,8.930204342152814,8.323773342804998,8.783135681976711,3418959.88
2020-02-26,8.783135681976711,8.820310092686622,8.629976076401048,8.6666574959878,3153557.95
2020-02-27,8.6666574959878,8.831116315334171,8.596022539476843,8.759722857890905,4160577.11
2020-02-28,8.759722857890905,8.907958432007257,8.690548142415954,8.838164271991664,4227620.02
2020-02-29,8.838164271991664,8.97198152134363,8.658893803163092,8.792012272378107,2461654.15
2020-03-01,8.792012272378107,8.89250650325825,8.549000474000632,8.647846869224889,3369362.71
2020-03-02,8.647846869224889,8.746681994026794,8.589007589176962,8.6875724243796,2207782.4
2020-03-03,8.6875724243796,9.047978759747386,8.634106470436878,8.992635356057145,3209368.84
2020-03-04,8.992635356057145,9.125471263171018,8.900594916874159,9.03301750898707,3244107.42
2020-03-05,9.03301750898707,9.159364371186244,8.79463350818455,8.919391051380735,4093360.67
2020-03-06,8.919391051380735,9.018905293280639,8.798409872553291,8.897681904045907,3120683.75
2020-03-07,8.897681904045907,8.957283944233964,8.67707030626626,8.735586533894343,3310963.15
2020-03-08,8.735586533894343,8.854220740575773,8.620628562557865,8.73921501934581,5264430.61
2020-03-09,8.73921501934581,9.014260383264805,8.564601819340268,8.837679815132699,6366495.1
2020-03-10,8.837679815132699,8.883459328187723,8.694647286433579,8.739920402060704,3018545.1
2020-03-11,8.739920402060704,8.840527307040174,8.195719988576947,8.291161139359087,4902843.05
2020-03-12,8.291161139359087,8.402433076136303,8.218515557961895,8.329451997502323,4186867.7
2020-03-13,8.329451997502323,8.378858024454592,8.213878215947478,8.262889427958031,2460350.66
2020-03-14,8.262889427958031,8.409628925533776,8.01881256507111,8.163792208996586,3118052.17
2020-03-15,8.163792208996586,8.320862502008326,7.909589028972276,8.064753836670022,1782546.38
2020-03-16,8.064753836670022,8.185644129867589,7.997787958941173,8.118234176845972,4120162.64
2020-03-17,8.118234176845972,8.185219597994525,7.999054896352358,8.06560607086965,2903170.21
2020-03-18,8.06560607086965,8.2191467117423,8.03615275576791,8.189241913466464,3929384.51
2020-03-19,8.189241913466464,8.42686755672722,8.08180268015015,8.3177424531424,7226385.98
2020-03-20,8.3177424531424,8.338352292005206,8.261726666622007,8.282248558128789,5659217.14
2020-03-21,8.282248558128789,8.372788339681623,8.123700722668081,8.213488837564716,3136945.28
2020-03-22,8.213488837564716,8.27057755175815,8.174469331638738,8.231472611010453,2952952.48
2020-03-23,8.231472611010453,8.34755060806051,8.097202151845284,8.213019934246002,5250096.47
2020-03-24,8.213019934246002,8.36677080227832,7.83421956489341,7.983677046528779,2955892.69
2020-03-25,7.983677046528779,8.26611120159178,7.9549510708252695,8.236475634224467,4868479.93
2020-03-26,8.236475634224467,8.466786772718233,8.104697553597124,8.333457054474914,7530545.2
2020-03-27,8.333457054474914,8.474711033659105,8.131758639978196,8.27197040659405,4499002.13
2020-03-28,8.27197040659405,8.314750667860656,7.978153815404853,8.019629039408757,5109004.12
2020-03-29,8.019629039408757,8.16885477940037,7.8482966802396374,7.99710327060448,4962990.91
2020-03-30,7.99710327060448,8.102477270660444,7.817693949108812,7.922079395490661,3305958.63
2020-03-31,7.922079395490661,8.014204186880647,7.823161638393117,7.915206505878003,4085927.31
2020-04-01,7.915206505878003,8.026695554157424,7.53533944306716,7.642994266237612,2991850.68
2020-04-02,7.642994266237612,7.697916551132436,7.531014261780149,7.585523564255068,5246090.34
2020-04-03,7.585523564255068,7.604164196494379,7.517412383510351,7.535931147563032,2897126.34
2020-04-04,7.535931147563032,7.610965826389287,7.438510466767226,7.513320008242356,4527854.42
2020-04-05,7.513320008242356,7.628876637603056,7.370310979678637,7.485438789332988,5042644.12
2020-04-06,7.485438789332988,7.631530493588035,7.346690888664443,7.492648947539074,3360502.35
2020-04-07,7.492648947539074,7.755597907476523,7.4196565451918035,7.680772826994129,3173236.91
2020-04-08,7.680772826994129,7.732584697108098,7.566343273712483,7.617729877622381,3642163.35
2020-04-09,7.617729877622381,7.65096846351546,7.474041595269885,7.506796141880509,3040108.39
2020-04-10,7.506796141880509,7.648215908898793,7.1626295823818795,7.300156485994822,3951520.59
2020-04-11,7.300156485994822,7.345103632451321,7.196115092651721,7.240696141088819,3021515.51
2020-04-12,7.240696141088819,7.373919752585395,6.948492538699815,7.078736203604379,3076713.78
2020-04-13,7.078736203604379,7.228868731999412,7.041165020762972,7.19070327144275,4356751.85
2020-04-14,7.19070327144275,7.207431646628654,7.163619604053787,7.180323832624231,4434392.42
2020-04-15,7.180323832624231,7.335467388291152,7.136983643123663,7.291456406369782,3531146.07
2020-04-16,7.291456406369782,7.548979605587549,7.212196731894841,7.467803006245758,2517824.22
2020-04-17,7.467803006245758,7.5296116960454516,7.303605242851415,7.364559417481602,5092231.9
2020-04-18,7.364559417481602,7.499617875699569,7.189694153201538,7.324008957620491,3397027.3
2020-04-19,7.324008957620491,7.57325703158737,7.2375012671714165,7.484849568775649,6363508.15
2020-04-20,7.484849568775649,7.539663181407362,7.454013105678367,7.508728341331097,3676281.76
2020-04-21,7.508728341331097,7.673800790236619,7.409192820455519,7.573407878977876,3931202.72
2020-04-22,7.573407878977876,7.771631336431035,7.5052393065521175,7.702302577242022,3411196.84
2020-04-23,7.702302577242022,7.927216780022252,7.592768561946728,7.816064956280629,4038419.32
2020-04-24,7.816064956280629,7.996283305722497,7.689826280073654,7.869186651426724,9062480.84
2020-04-25,7.869186651426724,8.209358796311509,7.713849489173407,8.050443634621246,3482529.23
2020-04-26,8.050443634621246,8.150105140570599,7.942894315688819,8.042456949438202,5228284.41
2020-04-27,8.042456949438202,8.181228969902413,7.973279658942242,8.11145816462144,3887084.91
2020-04-28,8.11145816462144,8.190989440951753,8.009843984825713,8.089156598620608,5095966.76
2020-04-29,8.089156598620608,8.301230182523488,8.014354619358228,8.22517045708005,2344399.65
2020-04-30,8.22517045708005,8.308324232356442,8.050885812531062,8.133108875415134,6179411.78
2020-05-01,8.133108875415134,8.15377556080396,7.894826110849939,7.914938412868312,4138185.59
2020-05-02,7.914938412868312,8.0520356071131,7.863871956052137,8.00041764612267,3553959.23
2020-05-03,8.00041764612267,8.158663462878746,7.714316083703351,7.869981921680631,4762765.76
2020-05-04,7.869981921680631,8.017184121451828,7.584663958849986,7.729233564545279,3939203.68
2020-05-05,7.729233564545279,7.913060828541258,7.707056836676071,7.8904216196764185,2852032.76
2020-05-06,7.8904216196764185,8.173406023095,7.735513266000407,8.016031636319456,2073382.07
2020-05-07,8.016031636319456,8.14633363279183,7.84292787004353,7.972522619842144,5998537.85
2020-05-08,7.972522619842144,7.988861892536711,7.573446299895441,7.588999561922266,3594082.2
2020-05-09,7.588999561922266,7.79701899523126,7.449040621432124,7.655827589272298,3260135.45
2020-05-10,7.655827589272298,7.888728588323139,7.5081723514681,7.739460354959446,3324093.16
2020-05-11,7.739460354959446,7.909483583030078,7.636388974682944,7.805532280351325,5480073.16
2020-05-12,7.805532280351325,7.9936548141517845,7.679161321314186,7.866300029986,3361788.77
2020-05-13,7.866300029986,7.9291169179220855,7.781443616574055,7.8440830895818605,4464210.9
2020-05-14,7.8440830895818605,7.940579295292456,7.697041437387393,7.792908099489799,3495035.52
2020-05-15,7.792908099489799,7.9111101431175355,7.539050051417169,7.655162788061804,2776798.76
2020-05-16,7.655162788061804,7.74781089664587,7.4782786518012525,7.569894787692421,4760355.22
2020-05-17,7.569894787692421,7.667308102204967,7.513250087652458,7.610360600882514,5006575.78
2020-05-18,7.610360600882514,7.757821348258521,7.506208212678017,7.653084260923526,3206472.39
2020-05-19,7.653084260923526,7.885192219025737,7.522281260099077,7.752686856390955,3764299.54
2020-05-20,7.752686856390955,7.884855808287948,7.4494359093877245,7.578637644585665,3893284.96
2020-05-21,7.578637644585665,7.611825085453827,7.345859791459549,7.3781693662195496,4247294.79
2020-05-22,7.3781693662195496,7.452080726274376,7.260228115493015,7.333693939656329,6220334.66
2020-05-23,7.333693939656329,7.353475156426989,7.194691794526802,7.214150566237366,3504449.66
2020-05-24,7.214150566237366,7.333685545409004,7.117554535872202,7.236786425425539,3499044.72
2020-05-25,7.236786425425539,7.282804570400449,7.040355795896358,7.0854113589536905,3637047.73
2020-05-26,7.0854113589536905,7.3586487086902155,6.952585494964121,7.223239073021722,3002506.35
2020-05-27,7.223239073021722,7.318070139857434,7.034762935862342,7.128348217956916,2470599.04
2020-05-28,7.128348217956916,7.3831943507214906,7.062688168038646,7.315807590577016,3929223.57
2020-05-29,7.315807590577016,7.491074432934786,7.204853584253777,7.379159608531831,4335427.75
2020-05-30,7.379159608531831,7.421464703308843,7.213128708023653,7.254720386454736,3802330.55
2020-05-31,7.254720386454736,7.5337735241767385,7.228271326335037,7.506406872386634,3740893.4
2020-06-01,7.506406872386634,7.5666134587196305,7.479587474825601,7.539675197838018,3035325.2
2020-06-02,7.539675197838018,7.655333868547072,7.445500938482558,7.5608945687898785,4047509.19
2020-06-03,7.5608945687898785,7.696987902395865,7.417801401300028,7.553766431036621,3964841.44
2020-06-04,7.553766431036621,7.657788662120457,7.5083709696799765,7.6120429793450155,4279020.06
2020-06-05,7.6120429793450155,7.798498949791506,7.492679515768005,7.678099659931254,4120275.65
2020-06-06,7.678099659931254,7.698655648486747,7.551687169667103,7.571958995946672,4193162.19
2020-06-07,7.571958995946672,7.635261491764361,7.483543205567504,7.546633981189452,5284068.75
2020-06-08,7.546633981189452,7.665785144280686,7.4427402471753545,7.561684215241971,4384389.21
2020-06-09,7.561684215241971,7.7632127012465535,7.434099621747538,7.63440118986149,4285141.19
2020-06-10,7.63440118986149,7.856252464654971,7.489519707367841,7.7099374955424,2458061.96
2020-06-11,7.7099374955424,7.834933221724374,7.606730216994707,7.731438129953052,4944991.7
2020-06-12,7.731438129953052,7.811289475873765,7.58443683148122,7.6635874058834155,3527316.18
2020-06-13,7.6635874058834155,7.687279041918906,7.566551204434694,7.590015395907942,3876000.53
2020-06-14,7.590015395907942,7.64285448460043,7.393707412379838,7.445540717825412,2764267.51
2020-06-15,7.445540717825412,7.658305224321495,7.3069344387174215,7.518343645010639,6407501.72
2020-06-16,7.518343645010639,7.612263829667246,7.351431331109297,7.444428153259204,2047147.05
2020-06-17,7.444428153259204,7.505235665713032,7.361528706931089,7.4221542821471385,5512560.3
2020-06-18,7.4221542821471385,7.499975504673823,7.374068343588313,7.451698160083108,4226149.13
2020-06-19,7.451698160083108,7.483184071324639,7.42154988220913,7.453030403425246,2360037.76
2020-06-20,7.453030403425246,7.5689484454299265,7.337293117006438,7.453208394999608,6322409.66
2020-06-21,7.453208394999608,7.523438266879014,7.2761948663628475,7.345408968995547,4320808.07
2020-06-22,7.345408968995547,7.51751254240472,7.206890065107488,7.378372024881613,2107330.43
2020-06-23,7.378372024881613,7.45347684855541,7.267124903493524,7.3418580495575325,3419132.64
2020-06-24,7.3418580495575325,7.464693047754825,7.209738041079011,7.332415050554971,4343279.71
2020-06-25,7.332415050554971,7.504809613200398,7.300561006895076,7.472347663478071,5831711.52
2020-06-26,7.472347663478071,7.570270310801478,7.437105551541635,7.534733964029306,3430441.7
2020-06-27,7.534733964029306,7.586857855638295,7.414478407359643,7.466127693518074,1960644.73
2020-06-28,7.466127693518074,7.506760031866525,7.408426214387318,7.448965150333585,5472613.12
2020-06-29,7.448965150333585,7.795407831408269,7.303104501315846,7.645694951128081,4304029.2
2020-06-30,7.645694951128081,7.772204836480508,7.482635455036153,7.608530395148654,2174638.81
2020-07-01,7.608530395148654,7.677312017111937,7.545597041768075,7.614330687078473,4139914.37
2020-07-02,7.614330687078473,7.785136604993279,7.527856128189145,7.697715064997517,4250950.84
2020-07-03,7.697715064997517,7.815132502162483,7.608433377754611,7.725528224926952,3503708.53
2020-07-04,7.725528224926952,7.825417473847354,7.580518879239615,7.67981709407206,3090028.69
2020-07-05,7.67981709407206,7.709500366342509,7.5592745374070685,7.588605266710321,3262742.94
2020-07-06,7.588605266710321,7.651451386171945,7.525390880588515,7.588233924728426,3503150.19
2020-07-07,7.588233924728426,7.697775476472138,7.561320459329174,7.670569986765422,4152377.95
2020-07-08,7.670569986765422,7.9829843258417785,7.528333273312071,7.837649429225746,4627843.76
2020-07-09,7.837649429225746,7.910243068484141,7.583474940074608,7.654371023633484,2221190.24
2020-07-10,7.654371023633484,7.99621752203784,7.53889483403743,7.877376995926344,4051122.57
2020-07-11,7.877376995926344,8.023698291876658,7.695845135600307,7.8415000212166985,4293008.15
2020-07-12,7.8415000212166985,8.021238283869982,7.782140870792524,7.960974725244687,3964130.0
2020-07-13,7.960974725244687,7.989485248732531,7.839000282709302,7.867174882177636,3434210.77
2020-07-14,7.867174882177636,7.930520527886317,7.603371473714277,7.665089953318442,5419229.6
2020-07-15,7.665089953318442,7.7729973708725755,7.398737083932444,7.504382092255431,5318023.52
2020-07-16,7.504382092255431,7.586902937272729,7.382960043423465,7.465048360789808,3467548.7
2020-07-17,7.465048360789808,7.554885339063996,7.4400466879119405,7.529667246924684,3721889.87
2020-07-18,7.529667246924684,7.558933688499697,7.50509393494519,7.5343451101626115,4608770.54
2020-07-19,7.5343451101626115,7.644287094446371,7.39516851299956,7.504677585533348,5236524.76
2020-07-20,7.504677585533348,7.759556858062537,7.390172595025236,7.64294225071955,3099126.16
2020-07-21,7.64294225071955,7.674422681607809,7.6125910565944634,7.644067020862951,2925458.71
2020-07-22,7.644067020862951,7.80494865575406,7.519431103851102,7.679731236486074,4069587.06
2020-07-23,7.679731236486074,8.144687841123794,7.616603352891661,8.078283829637408,2869409.44
2020-07-24,8.078283829637408,8.10435862729436,8.052084204056063,8.078158597493147,2336728.08
2020-07-25,8.078158597493147,8.142860598312067,7.9243971964796485,7.988380116672774,3095368.87
2020-07-26,7.988380116672774,8.173866163562995,7.86736772541242,8.051891664323104,4217708.5
2020-07-27,8.051891664323104,8.261804422203333,7.940743284930065,8.149311261876742,5603568.59
2020-07-28,8.149311261876742,8.277509498193362,8.062386830570908,8.190149467159443,3182954.65
2020-07-29,8.190149467159443,8.269733551331965,8.132542017763027,8.21197260348881,3683761.79
2020-07-30,8.21197260348881,8.492952395137234,8.1337719486806,8.41283893817299,3950678.48
2020-07-31,8.41283893817299,8.677441218263025,8.338225534834784,8.6011576180129,3231192.37
2020-08-01,8.6011576180129,8.678743577899816,8.508369221104182,8.585816800542588,3168347.32
2020-08-02,8.585816800542588,8.678667885437553,8.40571436103603,8.497611552649722,4131941.13
2020-08-03,8.497611552649722,8.645231154708132,8.410977475965742,8.557981598818403,2816917.39
2020-08-04,8.557981598818403,8.590882248188759,8.436714012365542,8.469273629242469,3136625.78
2020-08-05,8.469273629242469,8.654847147648715,8.408099623796382,8.592781041716322,3612333.99
2020-08-06,8.592781041716322,8.690520305469372,8.555626137253062,8.653104564066487,4119024.47
2020-08-07,8.653104564066487,9.15329044042831,8.54201832789428,9.037272361087716,2601763.34
2020-08-08,9.037272361087716,9.345949454886874,8.950418115943524,9.256983637105964,3677734.19
2020-08-09,9.256983637105964,9.387457699487186,8.969181775968494,9.097406654599766,2751887.76
2020-08-10,9.097406654599766,9.129946783033597,8.98991247763303,9.022183543708486,3202561.21
2020-08-11,9.022183543708486,9.096240904084489,8.675500752004165,8.747301783021161,4628152.37
2020-08-12,8.747301783021161,8.7931930258586,8.405722237633054,8.45005402023886,3730490.35
2020-08-13,8.45005402023886,8.49761590879182,8.419147281278155,8.466648474306703,5767672.31
2020-08-14,8.466648474306703,8.601454807116188,8.173128180454434,8.305366576103024,3732027.63
2020-08-15,8.305366576103024,8.56765717789811,8.269181263459856,8.530491029711705,4840433.45
2020-08-16,8.530491029711705,8.73803745540374,8.486572065139722,8.693280375011224,4635271.36
2020-08-17,8.693280375011224,8.768059960424884,8.58160339240954,8.656062832576142,3787461.47
2020-08-18,8.656062832576142,8.718990074153231,8.548462009226157,8.61106210767341,2734880.94
2020-08-19,8.61106210767341,8.985850133066673,8.4512688980965,8.822140006562158,3701431.04
2020-08-20,8.822140006562158,9.2516611032408,8.647500135758747,9.072073637301816,3326126.44
2020-08-21,9.072073637301816,9.159194689388926,8.851028871357197,8.93685135511687,3294143.95
2020-08-22,8.93685135511687,8.987080275888209,8.735918347684288,8.785295459606454,3950951.02
2020-08-23,8.785295459606454,8.881635100573043,8.647602864256687,8.74348400032794,2644834.08
2020-08-24,8.74348400032794,8.902063169486349,8.647987363215156,8.805884986625472,3054268.33
2020-08-25,8.805884986625472,8.89736664444824,8.64306473181244,8.73379749463079,2950530.35
2020-08-26,8.73379749463079,8.819949540057575,8.713132874558578,8.799130339070315,3566001.44
2020-08-27,8.799130339070315,9.12223796826377,8.761199178404105,9.083082749753643,3136039.62
2020-08-28,9.083082749753643,9.124303183489067,8.838928260534448,8.879223549704033,3188000.36
2020-08-29,8.879223549704033,8.953202575028264,8.742802970105387,8.816257380206025,3930894.15
2020-08-30,8.816257380206025,8.926056651005515,8.513681570361438,8.62104968911857,3399335.08
2020-08-31,8.62104968911857,8.774514576518706,8.354377963875043,8.505791112198526,3804568.72
2020-09-01,8.505791112198526,8.55699947378017,8.415221090913816,8.466191043793103,2875068.61
2020-09-02,8.466191043793103,8.600647712283989,8.234945479296716,8.36784017858436,3089148.53
2020-09-03,8.36784017858436,8.490953918233846,8.31703281637009,8.43971017995193,6329417.3
2020-09-04,8.43971017995193,8.483270931801128,8.417875800484532,8.461380489063519,3192007.02
2020-09-05,8.461380489063519,8.619987925954486,8.345481153100504,8.503511502541981,2244300.66
2020-09-06,8.503511502541981,8.553370930269564,8.412653623212762,8.46227124310197,4139326.61
2020-09-07,8.46227124310197,8.619278447939967,8.277344522903608,8.43382392211773,3183587.85
2020-09-08,8.43382392211773,8.592392879628386,8.22924529880126,8.386932627313964,4038861.28
2020-09-09,8.386932627313964,8.41956259410472,8.321619362442414,8.354121675858098,3715886.65
2020-09-10,8.354121675858098,8.458388800213273,8.308132768672404,8.412080831570728,4359991.58
2020-09-11,8.412080831570728,8.460765286372288,8.107330959040034,8.154524822615963,3706527.17
2020-09-12,8.154524822615963,8.34446653923012,8.00443351035934,8.193655001091066,3590756.85
2020-09-13,8.193655001091066,8.221549713691584,8.05238744122609,8.079894865579167,5063111.29
2020-09-14,8.079894865579167,8.2053031131432,7.911779330128705,8.03651426634164,2182488.03
2020-09-15,8.03651426634164,8.094205856981473,7.780091848080237,7.836346497705002,2728164.77
2020-09-16,7.836346497705002,7.934174053337638,7.694496951850743,7.79176799741605,3091719.28
2020-09-17,7.79176799741605,7.868515039908357,7.751320329445931,7.8278799122064155,2488773.68
2020-09-18,7.8278799122064155,8.017334089166841,7.69858264087806,7.887059319968276,3370814.34
2020-09-19,7.887059319968276,7.998060964194006,7.628680027290141,7.737577885512408,3288663.03
2020-09-20,7.737577885512408,7.80851902817682,7.719157488176148,7.789973894737992,4848532.63
2020-09-21,7.789973894737992,7.986043296349716,7.7411433316162706,7.9362955327243325,3717060.12
2020-09-22,7.9362955327243325,8.01878780695062,7.792035739436266,7.873879239692412,3602933.03
2020-09-23,7.873879239692412,7.965943899665253,7.782848076694045,7.874900924803753,3455756.65
2020-09-24,7.874900924803753,8.007914983578821,7.487207076821409,7.615845459093235,2921222.24
2020-09-25,7.615845459093235,7.684124272971804,7.439359396851482,7.506659317410046,4747886.35
2020-09-26,7.506659317410046,7.681430390851207,7.366410905204159,7.540548814418084,5142402.13
2020-09-27,7.540548814418084,7.701294023788985,7.49915167479699,7.6592452481977995,2806560.09
2020-09-28,7.6592452481977995,7.792813552273411,7.453708778649695,7.585999766959432,5697429.06
2020-09-29,7.585999766959432,8.067515354765849,7.4473474789928815,7.922708902101066,3213161.75
2020-09-30,7.922708902101066,8.069845072128498,7.817492432894422,7.964079190376699,3148329.24
2020-10-01,7.964079190376699,8.118705200889694,7.650631615525427,7.802112982705343,4276776.13
2020-10-02,7.802112982705343,8.042518550531799,7.728846684192415,7.967697320483323,4373274.76
2020-10-03,7.967697320483323,8.083922893700148,7.6943438715174945,7.808243476047796,3732898.6
2020-10-04,7.808243476047796,7.86799644031151,7.791207776561841,7.850867744975912,3484867.0
2020-10-05,7.850867744975912,7.905386118999472,7.680560522626251,7.7342692074683175,5094131.99
2020-10-06,7.7342692074683175,7.828585852466114,7.474374239377376,7.566646788971332,3251694.51
2020-10-07,7.566646788971332,7.823153865136226,7.432211630547825,7.686587738919787,3735227.78
2020-10-08,7.686587738919787,7.833806356629452,7.508519140448554,7.655135361399145,5803423.11
2020-10-09,7.655135361399145,7.9712859394671955,7.559983554492824,7.873420886981264,2720267.58
2020-10-10,7.873420886981264,8.01046304955116,7.610520071091365,7.745332774292281,3388335.12
2020-10-11,7.745332774292281,7.872249217342629,7.428890334059191,7.552649432540515,4910053.72
2020-10-12,7.552649432540515,7.67293392287038,7.37559012458257,7.494955778168671,4336211.66
2020-10-13,7.494955778168671,7.88723177357283,7.4649290628844405,7.855759585690417,4751714.33
2020-10-14,7.855759585690417,8.048233973999878,7.7723667548266855,7.963695350815613,2729940.98
2020-10-15,7.963695350815613,8.122929636761429,7.8780643586342745,8.03651563208882,4117638.51
2020-10-16,8.03651563208882,8.245595170167032,7.906531033548207,8.114351632831092,3538487.56
2020-10-17,8.114351632831092,8.216186220199765,7.950642498100307,8.051690694755115,6706688.48
2020-10-18,8.051690694755115,8.558306590869673,7.916765706967897,8.417255702806761,4652224.62
2020-10-19,8.417255702806761,8.64400098163756,8.255508787677371,8.481028599482995,3778856.36
2020-10-20,8.481028599482995,8.634543371722868,8.379392382129817,8.53229280670577,4081545.4
2020-10-21,8.53229280670577,8.811641487802182,8.393636234636892,8.670735117619772,3851924.93
2020-10-22,8.670735117619772,8.775564996731385,8.391715114836673,8.494413248487826,4525621.06
2020-10-23,8.494413248487826,8.607071663484719,8.263959440161285,8.375034577840946,3067693.34
2020-10-24,8.375034577840946,8.463542897090509,8.254529184585735,8.342695743349326,5345768.97
2020-10-25,8.342695743349326,8.642363583364839,8.181909333042917,8.478951161015639,2728683.46
2020-10-26,8.478951161015639,8.620688628544235,8.164386702000156,8.303186010451329,3999870.65
2020-10-27,8.303186010451329,8.432175547422618,8.166206255475753,8.295069706106444,3092349.37
2020-10-28,8.295069706106444,8.360870345340114,8.202371396047157,8.26795696345369,3840904.68
2020-10-29,8.26795696345369,8.356733901934282,7.973795705898061,8.060343400004067,4864703.42
2020-10-30,8.060343400004067,8.201660254670415,7.854803236991025,7.994974011911352,2476669.49
2020-10-31,7.994974011911352,8.218650598242029,7.844229590262201,8.066556496135075,3642358.78
2020-11-01,8.066556496135075,8.22753189243432,7.718470067252087,7.875635462459477,2651331.11
2020-11-02,7.875635462459477,8.181654483581434,7.7557704461296595,8.058998728525072,3543643.53
2020-11-03,8.058998728525072,8.24444983363624,7.936863845710653,8.121369712697396,2649584.33
2020-11-04,8.121369712697396,8.198170946311857,8.0914038375494,8.168032895391045,3956847.0
2020-11-05,8.168032895391045,8.296919604654908,8.04120184520822,8.17005712280524,3415960.09
2020-11-06,8.17005712280524,8.237389371291727,7.961290977767905,8.027447934927746,4580378.8
2020-11-07,8.027447934927746,8.168435798302498,7.804654078319431,7.944179479183424,5166216.46
2020-11-08,7.944179479183424,8.009481672216696,7.9266823124730905,7.99187944566126,3810129.18
2020-11-09,7.99187944566126,8.14227815785867,7.759894722985225,7.9087286247435875,4751283.6
2020-11-10,7.9087286247435875,8.018870289390449,7.824027286926429,7.933899376468853,5368860.71
2020-11-11,7.933899376468853,7.968040560770324,7.786268288138264,7.819918991638228,3017640.7
2020-11-12,7.819918991638228,7.97929939240671,7.719683469336676,7.878315347109281,5439828.08
2020-11-13,7.878315347109281,8.061651423261257,7.764421336038835,7.946767819078982,3765069.37
2020-11-14,7.946767819078982,8.074205125756794,7.616391975701121,7.740521845700414,2975484.54
2020-11-15,7.740521845700414,7.863276830251574,7.627252812527946,7.7498709886819945,4094385.58
2020-11-16,7.7498709886819945,7.842565299141193,7.471288454829769,7.5617324867053615,3732123.16
2020-11-17,7.5617324867053615,7.588009450041906,7.312145272730819,7.337643528628843,2673124.77
2020-11-18,7.337643528628843,7.466288347932753,7.140682915030682,7.268108636736307,2885616.86
2020-11-19,7.268108636736307,7.756288487949881,7.1249175868837025,7.606432033816883,5722064.4
2020-11-20,7.606432033816883,7.826912423672308,7.48469773904472,7.703622677615148,4074079.29
2020-11-21,7.703622677615148,7.901210879360129,7.683397901272116,7.880521679602266,5503859.8
2020-11-22,7.880521679602266,8.08381069755938,7.757565353413852,7.959620231332653,3424165.46
2020-11-23,7.959620231332653,8.041856254459187,7.905068666326859,7.987116244464291,3109910.08
2020-11-24,7.987116244464291,8.261507194655271,7.8328227037048554,8.104937604043775,2494709.83
2020-11-25,8.104937604043775,8.13041252585528,7.996968453206759,8.022183266875313,4840389.99
2020-11-26,8.022183266875313,8.114188111754013,7.992816853108191,8.084593236863416,4210827.3
2020-11-27,8.084593236863416,8.284826625769522,8.042030553137412,8.241438205657628,3431902.46
2020-11-28,8.241438205657628,8.466149445902415,8.113227420697424,8.336460415064167,3116891.46
2020-11-29,8.336460415064167,8.624018173232885,8.222040083964798,8.50725365549475,5036535.6
2020-11-30,8.50725365549475,8.66225025671676,8.378876980001062,8.533477851272169,3635260.54
2020-12-01,8.533477851272169,8.845447792990885,8.46205335510221,8.772026663208994,3645044.28
2020-12-02,8.772026663208994,8.928452632379823,8.587526364629944,8.74344261261679,3270060.19
2020-12-03,8.74344261261679,9.140942783236031,8.655723068318885,9.050146201636535,3431976.02
2020-12-04,9.050146201636535,9.176149074179067,9.010198313683658,9.135823003685031,4360260.38
2020-12-05,9.135823003685031,9.280301775062432,8.936529616815069,9.080127591273204,2666831.36
2020-12-06,9.080127591273204,9.184836814988314,8.806338499441786,8.909075199870372,3877479.69
2020-12-07,8.909075199870372,9.02205472997522,8.682524294518847,8.794045081893914,4825417.85
2020-12-08,8.794045081893914,8.872595028187195,8.581860099398043,8.659205636216784,3720326.32
2020-12-09,8.659205636216784,8.787300847145522,8.519817265901235,8.64774290926355,4945893.48
2020-12-10,8.64774290926355,8.670574880512165,8.449422873103108,8.471790290168922,5312969.21
2020-12-11,8.471790290168922,8.746171725323604,8.37994622409613,8.652369965415543,4763090.17
2020-12-12,8.652369965415543,8.752917057661083,8.568538412731714,8.668925104643938,3322399.04
2020-12-13,8.668925104643938,8.813782300439508,8.535106335759815,8.67979572607099,3766482.26
2020-12-14,8.67979572607099,8.73869374523095,8.460382804759252,8.518184185250734,4143097.15
2020-12-15,8.518184185250734,8.571054900035303,8.361296201400481,8.413517268964705,3378945.34
2020-12-16,8.413517268964705,8.478780761474898,8.053762108936807,8.11672337690376,3350885.19
2020-12-17,8.11672337690376,8.4223230732164,8.030282021030544,8.333572322772234,3300825.96
2020-12-18,8.333572322772234,8.381721980112014,8.097930423956003,8.144990494494298,7177069.97
2020-12-19,8.144990494494298,8.261591948673885,7.856371837156443,7.970474974932646,3550996.92
2020-12-20,7.970474974932646,8.221287174005079,7.906958238449087,8.156289679640613,4963792.02
2020-12-21,8.156289679640613,8.287387670981161,8.078091336200867,8.208686969067786,3057661.77
2020-12-22,8.208686969067786,8.324740137293473,8.109881616948332,8.225729647874122,5815023.49
2020-12-23,8.225729647874122,8.344883386267405,8.153476845579702,8.272222204697213,3456854.95
2020-12-24,8.272222204697213,8.525080355846972,8.151265049955054,8.40222232796129,3850662.82
2020-12-25,8.40222232796129,8.533066220849202,8.286174920293176,8.41681723541874,2403246.12
2020-12-26,8.41681723541874,8.548313406244107,8.081315921375722,8.209574330507527,5023622.62
2020-12-27,8.209574330507527,8.40361761733396,8.115869572629496,8.308780511926614,5303176.73
2020-12-28,8.308780511926614,8.4389466788029,8.237212055097308,8.366877795595476,2824081.47
2020-12-29,8.366877795595476,8.576364258069672,8.319853442369919,8.528431922379387,5097254.81
2020-12-30,8.528431922379387,8.612555948663474,8.275832075143521,8.358277708767798,2720128.62
2020-12-31,8.358277708767798,8.506338448444419,8.114559174068079,8.260894848019852,4450506.28
2021-01-01,8.260894848019852,8.349316692348147,8.22637694855301,8.314574494102423,3536044.12
2021-01-02,8.314574494102423,8.363441174135648,8.140930785797618,8.189059786825826,5307200.78
2021-01-03,8.189059786825826,8.303497184999651,7.773056670378397,7.883220135417448,4044261.38
2021-01-04,7.883220135417448,8.007085318010203,7.785869220912992,7.909410969477072,4796411.94
2021-01-05,7.909410969477072,8.174448215795094,7.763155366225548,8.026036058432865,5178110.57
2021-01-06,8.026036058432865,8.046282528054446,7.9899767034549125,8.01018318262965,3533338.54
2021-01-07,8.01018318262965,8.226652394663345,7.86749544137101,8.082673364543405,3772640.86
2021-01-08,8.082673364543405,8.259212712974557,7.960957852979348,8.136683867053616,2878316.66
2021-01-09,8.136683867053616,8.268897855794666,8.006828085217222,8.139005029824409,3525403.81
2021-01-10,8.139005029824409,8.2298385941554,8.067251501035177,8.157918325610055,6151951.24
2021-01-11,8.157918325610055,8.402244714449717,8.09647407564772,8.33943332004625,4590305.99
2021-01-12,8.33943332004625,8.358270440466736,8.192366253613041,8.210913072368045,2926628.8
2021-01-13,8.210913072368045,8.450000466579722,8.078115569774207,8.315511266745068,5713671.01
2021-01-14,8.315511266745068,8.356323445767607,8.118589225385284,8.158631444850219,4188119.65
2021-01-15,8.158631444850219,8.208156990490581,8.006120651391566,8.055017225027553,4676767.6
2021-01-16,8.055017225027553,8.271112993283849,7.998808460564172,8.213796251931573,4295780.54
2021-01-17,8.213796251931573,8.358803743089965,7.912845213446891,8.055050179563352,4220445.43
2021-01-18,8.055050179563352,8.112903218546892,7.966824330990073,8.02445764807526,2306134.18
2021-01-19,8.02445764807526,8.419416147285308,7.946922945379414,8.338843752300235,5011528.27
2021-01-20,8.338843752300235,8.610774445477523,8.20999025904194,8.47974373727158,2162829.25
2021-01-21,8.47974373727158,8.632895354499743,8.22853291432426,8.379880921417152,4898838.43
2021-01-22,8.379880921417152,8.515980959809193,8.169378660148128,8.304250361017168,3895775.32
2021-01-23,8.304250361017168,8.400890656087615,8.185926373537635,8.282311354525689,4682663.8
2021-01-24,8.282311354525689,8.478740832819657,8.265421853433738,8.461485954302367,3953500.09
2021-01-25,8.461485954302367,8.502449370396691,8.285723293436211,8.326030950042009,4932959.19
2021-01-26,8.326030950042009,8.380690093039984,8.13097140674477,8.184702751339293,3815371.66
2021-01-27,8.184702751339293,8.35917904520256,8.107375480609072,8.280942522291832,4076475.38
2021-01-28,8.280942522291832,8.351491292192259,7.990373043102064,8.059031259289588,4204650.15
2021-01-29,8.059031259289588,8.149770424206341,7.852263566584229,7.941681453165128,6077914.56
2021-01-30,7.941681453165128,8.016464260810874,7.856947540678298,7.931635753033991,4415273.75
2021-01-31,7.931635753033991,8.05115916388593,7.808723870118628,7.928195438175577,2734060.47
2021-02-01,7.928195438175577,7.951505543835052,7.732663583678529,7.755465837927971,3300276.07
2021-02-02,7.755465837927971,7.956285365267898,7.6010924593039935,7.801005514501433,4412767.61
2021-02-03,7.801005514501433,8.007529400401715,7.667022781833965,7.8723218061921445,5206654.68
2021-02-04,7.8723218061921445,7.935531826983811,7.726504147004508,7.78904550909541,3172300.53
2021-02-05,7.78904550909541,8.075879974284302,7.7178346438473895,8.002715643094662,6652351.96
2021-02-06,8.002715643094662,8.203560927004872,7.847889338159091,8.047861203517863,3970539.65
2021-02-07,8.047861203517863,8.19951894110388,7.76939282283961,7.918614982959042,4221299.07
2021-02-08,7.918614982959042,8.204365867935929,7.846736731427121,8.130563731295615,2777309.61
2021-02-09,8.130563731295615,8.155549644072485,8.037964184042314,8.06274167387743,5022210.68
2021-02-10,8.06274167387743,8.247097010484689,7.90323327377059,8.087106589634978,3399250.69
2021-02-11,8.087106589634978,8.198446321670477,7.913927264567769,8.024403731184373,3153554.91
2021-02-12,8.024403731184373,8.224357487801672,7.908258250081684,8.107016270118296,3510304.68
2021-02-13,8.107016270118296,8.163301000330945,7.988991624724755,8.044844715346382,5369288.72
2021-02-14,8.044844715346382,8.179488710660356,7.857269971910733,7.991013003057764,4269243.94
2021-02-15,7.991013003057764,8.08718223767688,7.875281817927811,7.9712127631186025,3042652.77
2021-02-16,7.9712127631186025,8.054626419121014,7.824715394101901,7.907461938396058,3328115.82
2021-02-17,7.907461938396058,8.170567374239425,7.786148536942926,8.047111519764167,5405368.95
2021-02-18,8.047111519764167,8.117074640820398,7.816890207452178,7.885447793262644,3581944.51
2021-02-19,7.885447793262644,7.962167575771784,7.804919592760461,7.881601958035996,4371491.29
2021-02-20,7.881601958035996,8.002436847061846,7.773293906831675,7.893958987012289,4647308.92
2021-02-21,7.893958987012289,8.000626546430766,7.77245208914154,7.878916384558559,1616566.01
2021-02-22,7.878916384558559,8.160545986804218,7.7254244772861655,8.004605486472263,5212704.42
2021-02-23,8.004605486472263,8.101711945653413,7.717752630219296,7.812528946747447,3070723.48
2021-02-24,7.812528946747447,7.947094616002197,7.75176514280133,7.8857612305332685,3472427.89
2021-02-25,7.8857612305332685,7.9423328914041145,7.6735025078687364,7.728949215053968,5583584.17
2021-02-26,7.728949215053968,7.818700417530693,7.577263185615274,7.666286729876324,5456089.04
2021-02-27,7.666286729876324,7.698117619657795,7.470177680475787,7.50132363342589,4298198.76
2021-02-28,7.50132363342589,7.595733644998126,7.367955139270686,7.461868578184016,4559034.2
2021-03-01,7.461868578184016,7.52920887478228,7.326318207377957,7.393037330257867,4852487.68
2021-03-02,7.393037330257867,7.65636871247692,7.33140935984819,7.59307325313338,5433198.77
2021-03-03,7.59307325313338,7.66540623975795,7.551580202952797,7.623745577825815,5608906.15
2021-03-04,7.623745577825815,7.763063458103003,7.540513788911081,7.679225965357156,3903707.04
2021-03-05,7.679225965357156,7.6997862707566815,7.523129396497812,7.543325843871258,3160301.08
2021-03-06,7.543325843871258,7.734053775720734,7.44579584058627,7.6353341682263665,3565174.1
2021-03-07,7.6353341682263665,7.897910565567069,7.5808187716519235,7.841920169010785,3922781.95
2021-03-08,7.841920169010785,8.099804393558573,7.698481564542296,7.9543100367441495,3749918.94
2021-03-09,7.9543100367441495,8.045581879469626,7.698296727093036,7.787656299155622,2950414.25
2021-03-10,7.787656299155622,7.912652623795187,7.606041598901436,7.730114342319542,4238458.37
2021-03-11,7.730114342319542,7.878772015484523,7.596217943420813,7.744624284087347,2567811.93
2021-03-12,7.744624284087347,7.882646633569762,7.5365637789491515,7.673315280965099,3881990.1
2021-03-13,7.673315280965099,8.137486890736534,7.537717380977648,7.996183471427077,3944712.64
2021-03-14,7.996183471427077,8.044627847267149,7.886693273928011,7.934765553163961,3911071.0
2021-03-15,7.934765553163961,7.99395636436901,7.870941379730692,7.930097367766908,4701138.75
2021-03-16,7.930097367766908,8.047009889341252,7.738347927213204,7.854140627219651,4547840.85
2021-03-17,7.854140627219651,7.976698506326299,7.762426798421112,7.8846286647206965,6623809.46
2021-03-18,7.8846286647206965,8.168986754145457,7.782380948578502,8.064407667281342,3338671.99
2021-03-19,8.064407667281342,8.195113980481322,7.949900113232326,8.0803796383756,4074851.72
2021-03-20,8.0803796383756,8.113158078718724,8.019974566576927,8.05264048172543,4010076.27
2021-03-21,8.05264048172543,8.09314136511727,7.87463905872047,7.914444885161189,3963183.66
2021-03-22,7.914444885161189,8.180965939093078,7.807749841710398,8.07214493308776,2769834.33
2021-03-23,8.07214493308776,8.17915480571081,7.947498565315214,8.054271495427543,2826762.57
2021-03-24,8.054271495427543,8.188888728972355,7.896606594770014,8.030832067123773,3806148.11
2021-03-25,8.030832067123773,8.14718334921895,7.620615174041208,7.732646319221435,2562613.37
2021-03-26,7.732646319221435,7.7770176316057915,7.673302826141727,7.717587729636428,3495406.67
2021-03-27,7.717587729636428,7.742757118614075,7.643394096963295,7.668403079914611,3232048.56
2021-03-28,7.668403079914611,7.737713526341407,7.378089835377626,7.445384540802518,3527208.3
2021-03-29,7.445384540802518,7.632475571627765,7.3807369945345975,7.566774012442011,5043411.84
2021-03-30,7.566774012442011,7.686431107211616,7.38356791274855,7.502203929241991,2902049.36
2021-03-31,7.502203929241991,7.846424419294384,7.3965226298718925,7.737429566832398,4723031.47
2021-04-01,7.737429566832398,8.058119567356414,7.60047981612253,7.917974240158205,3294252.04
2021-04-02,7.917974240158205,8.005679360674883,7.74022342386079,7.826919962363263,3398427.7
2021-04-03,7.826919962363263,8.061289160852532,7.770592879915441,8.003689938524726,4269033.61
2021-04-04,8.003689938524726,8.307561352081837,7.915037012960662,8.216550673155552,3548283.42
2021-04-05,8.216550673155552,8.264856072216071,8.095416606661873,8.14329131128003,3040080.89
2021-04-06,8.14329131128003,8.168450424569665,7.984154940384932,8.00889884129318,3464026.85
2021-04-07,8.00889884129318,8.096951037155382,7.649497359770753,7.7345330977317275,2437182.48
2021-04-08,7.7345330977317275,7.856833939521227,7.661481267541447,7.783321309933233,4179941.27
2021-04-09,7.783321309933233,7.803403235947576,7.642473455837037,7.662242984885002,1749864.85
2021-04-10,7.662242984885002,7.8299192632077155,7.547440154163929,7.714335927703904,4744594.46
2021-04-11,7.714335927703904,7.819237938032414,7.5405089779615615,7.644460803981384,4431847.56
2021-04-12,7.644460803981384,7.66990492595949,7.524092559887875,7.549219677580181,5670967.65
2021-04-13,7.549219677580181,7.660800348138303,7.371030764306193,7.4816121671692954,6556915.83
2021-04-14,7.4816121671692954,7.5077289887712455,7.300737050434272,7.326311749132501,4801574.12
2021-04-15,7.326311749132501,7.409229622339946,7.17847138924478,7.260646070157138,3248358.55
2021-04-16,7.260646070157138,7.356489818184497,7.080489343008936,7.175205234109756,6541435.67
2021-04-17,7.175205234109756,7.254001471661357,7.095594660201443,7.174381855624689,2819382.11
2021-04-18,7.174381855624689,7.298423475721484,7.0635139409046275,7.187355081774177,2361566.47
2021-04-19,7.187355081774177,7.251611467889883,7.0011661894090444,7.064322640996763,6038267.01
2021-04-20,7.064322640996763,7.2344196431045,7.023115032232506,7.192464556881409,4416690.29
2021-04-21,7.192464556881409,7.269821985072233,7.097524323610082,7.174690586642489,2377493.25
2021-04-22,7.174690586642489,7.412594492383193,7.116143211351981,7.352595366969941,2707867.07
2021-04-23,7.352595366969941,7.417128481385402,7.317869248012863,7.382262246518651,4361527.43
2021-04-24,7.382262246518651,7.468852144198425,7.3048998140487,7.391394015338256,3057231.77
2021-04-25,7.391394015338256,7.432976129854563,7.292328990967227,7.333585891590639,3169151.36
2021-04-26,7.333585891590639,7.485493559693807,7.256837483238585,7.407966731188851,6212768.91
2021-04-27,7.407966731188851,7.506742108568214,7.314141095990713,7.412854566470826,6501608.42
2021-04-28,7.412854566470826,7.63858032530118,7.293659149227178,7.517699055130109,3942013.64
2021-04-29,7.517699055130109,7.850840538791827,7.387214444943835,7.716898427544623,3659687.26
2021-04-30,7.716898427544623,7.825142895246984,7.52030873541935,7.627296360342137,4761748.16
2021-05-01,7.627296360342137,7.843810196851334,7.489366167250825,7.704484158186699,3302234.67
2021-05-02,7.704484158186699,7.872533472058314,7.611720586244253,7.778874228389202,2175742.04
2021-05-03,7.778874228389202,7.953717700909264,7.663841942863991,7.837813829493359,1905260.38
2021-05-04,7.837813829493359,7.962172713544671,7.660306375300827,7.7838083804414,3730720.89
2021-05-05,7.7838083804414,7.914943966695089,7.602438506729533,7.7327132822687155,4737315.92
2021-05-06,7.7327132822687155,7.852828039312452,7.5416828912704155,7.6606787118413,3815230.4
2021-05-07,7.6606787118413,7.80043595357297,7.448462232658229,7.586873003321901,4652902.69
2021-05-08,7.586873003321901,7.6666215601140095,7.406333028059848,7.485010872594919,4770539.79
2021-05-09,7.485010872594919,7.628443725600944,7.329982674958825,7.4731889890167595,5373670.71
2021-05-10,7.4731889890167595,7.541980879761437,7.314747310079757,7.38270629324901,3981135.99
2021-05-11,7.38270629324901,7.460199378569098,7.358613362313787,7.435932746930971,4071330.68
2021-05-12,7.435932746930971,7.482951507738469,7.3966853079426365,7.443663266458903,3765200.77
2021-05-13,7.443663266458903,7.554920084521196,7.353976160455476,7.464976183737727,3562278.43
2021-05-14,7.464976183737727,7.48186630701462,7.415959395620056,7.432776664834142,2565090.03
2021-05-15,7.432776664834142,7.477913704573805,7.396853351648362,7.441946074761894,5093662.34
2021-05-16,7.441946074761894,7.506939509168813,7.348252089055694,7.412992661950651,3452370.19
2021-05-17,7.412992661950651,7.607606740335069,7.314864298043561,7.508217847504337,3403277.66
2021-05-18,7.508217847504337,7.5456080379038415,7.41824458906001,7.455371610368187,3318777.79
2021-05-19,7.455371610368187,7.5944292493906245,7.363315995567965,7.501800353112152,2718021.18
2021-05-20,7.501800353112152,7.606350104595697,7.242931026900392,7.345299687860476,3719596.76
2021-05-21,7.345299687860476,7.548530878189222,7.229641555566035,7.431515207549745,4323681.84
2021-05-22,7.431515207549745,7.5347286806922655,7.262935508921903,7.365228349235281,3185722.76
2021-05-23,7.365228349235281,7.4131133067092545,7.210653780589698,7.257840557423466,4925379.58
2021-05-24,7.257840557423466,7.4026525027999925,6.983601274603759,7.125778248923328,3465643.15
2021-05-25,7.125778248923328,7.253960141407579,6.861454723614895,6.987142775178294,2590465.32
2021-05-26,6.987142775178294,7.048094006423832,6.87308191794503,6.933565778764208,5357115.41
2021-05-27,6.933565778764208,7.1229953370532675,6.916055655270489,7.10505213951798,3993295.12
2021-05-28,7.10505213951798,7.186879234864167,6.951092241511321,7.032078922705355,4715343.99
2021-05-29,7.032078922705355,7.155656558698621,6.666009005515482,6.785248996972945,4743218.82
2021-05-30,6.785248996972945,6.9410393989910135,6.671290884065426,6.826390318462185,2999584.01
2021-05-31,6.826390318462185,6.950330443329163,6.583114799724813,6.7048482026930625,3335166.57
2021-06-01,6.7048482026930625,6.927032604230869,6.574430238282499,6.7948637216206675,4921299.32
2021-06-02,6.7948637216206675,6.89566217193183,6.6492484540568135,6.749372057986315,6012288.42
2021-06-03,6.749372057986315,6.782600267880479,6.687118048278961,6.720202652647343,3860600.31
2021-06-04,6.720202652647343,6.871022252911897,6.702357581423038,6.8528250114390294,3248533.28
2021-06-05,6.8528250114390294,6.955366204834594,6.8204431444379106,6.922654370990605,5786832.65
2021-06-06,6.922654370990605,6.961558288495508,6.746707907289037,6.784837320844687,3248990.55
2021-06-07,6.784837320844687,6.805904412975861,6.6449599610353784,6.6656569952298295,4125732.99
2021-06-08,6.6656569952298295,6.733394275134747,6.410450356238378,6.4762629894367665,3414582.91
2021-06-09,6.4762629894367665,6.865303317025119,6.371931695449863,6.7564581355979545,4064412.72
2021-06-10,6.7564581355979545,6.770488139266828,6.649466580216231,6.663303144535648,3000077.25
2021-06-11,6.663303144535648,6.9035999179490375,6.553590034432903,6.791771540542658,3460232.63
2021-06-12,6.791771540542658,6.918475652428223,6.608510178592566,6.734139127140803,3248446.1
2021-06-13,6.734139127140803,6.7660303078335815,6.586591732941677,6.617932588843036,4484202.28
2021-06-14,6.617932588843036,6.636795198950225,6.602153909770408,6.621009184563154,3958260.57
2021-06-15,6.621009184563154,6.691381037446322,6.516756478832412,6.586764358216297,4735329.23
2021-06-16,6.586764358216297,6.791476537582691,6.470616360468728,6.673793900588642,3091205.3
2021-06-17,6.673793900588642,6.8665747249542815,6.57193201393606,6.7633460075743566,3607042.99
2021-06-18,6.7633460075743566,6.78109697495244,6.6820773850537245,6.699661206343488,4442685.13
2021-06-19,6.699661206343488,6.7942521114027725,6.453274063684508,6.5456911018742225,4709944.4
2021-06-20,6.5456911018742225,6.655131186238709,6.313156622381284,6.420503646523133,2647339.11
2021-06-21,6.420503646523133,6.4646696084432085,6.145212647048778,6.187777712010079,4114223.3
2021-06-22,6.187777712010079,6.272930445837187,6.076206154120331,6.160990253941339,3100887.99
2021-06-23,6.160990253941339,6.228090099514701,6.093423983888993,6.160518693661016,4769904.61
2021-06-24,6.160518693661016,6.195641801800016,6.013545954423033,6.048027715136622,6050417.71
2021-06-25,6.048027715136622,6.158266139558097,5.81794810628008,5.925961611172399,1977872.02
2021-06-26,5.925961611172399,5.961601236555737,5.889461780147931,5.925096200823126,3225261.49
2021-06-27,5.925096200823126,6.026584552626596,5.764859146542929,5.8653236813004135,4059028.88
2021-06-28,5.8653236813004135,5.951132155717778,5.760243344083145,5.845765689113035,3796349.71
2021-06-29,5.845765689113035,5.880702102241362,5.77697149355065,5.811704343741821,4806233.86
2021-06-30,5.811704343741821,5.922271350217996,5.725668929051068,5.835878072047548,3875858.44
2021-07-01,5.835878072047548,5.850281535780265,5.76898544847681,5.783259043789419,3328646.67
2021-07-02,5.783259043789419,5.819421117357293,5.702355593200018,5.738236143596147,2944438.85
2021-07-03,5.738236143596147,5.779191599799823,5.526582250551628,5.566310624443993,2823190.2
2021-07-04,5.566310624443993,5.666534378703532,5.462252270201451,5.562405714929599,3156025.92
2021-07-05,5.562405714929599,5.673993008968904,5.45962928464323,5.5710567340206945,3299353.6
2021-07-06,5.5710567340206945,5.609373666508554,5.517443898813332,5.555654899684513,4182625.51
2021-07-07,5.555654899684513,5.791791095773469,5.4970768842167175,5.731360466420919,3653988.59
2021-07-08,5.731360466420919,5.860221582676514,5.61862906474255,5.747179041924017,3229339.3
2021-07-09,5.747179041924017,5.827568257810486,5.653069664440132,5.733264245786321,2952558.23
2021-07-10,5.733264245786321,5.799366636795839,5.714603484695006,5.780551962550123,3187841.28
2021-07-11,5.780551962550123,6.036973655012488,5.728262384199119,5.982854096865199,3300232.31
2021-07-12,5.982854096865199,6.065722218149501,5.925503122474858,6.008128961713971,3151787.15
2021-07-13,6.008128961713971,6.053280891805845,5.752337155943895,5.795894111429839,4496409.83
2021-07-14,5.795894111429839,5.903643748351305,5.730061809429285,5.83734067810656,5349548.49
2021-07-15,5.83734067810656,5.926350625929898,5.667555170342297,5.755314350123034,2832006.32
2021-07-16,5.755314350123034,5.838461446516176,5.498590866521365,5.579193543479534,5026955.57
2021-07-17,5.579193543479534,5.78343283258899,5.532730761408015,5.735666960702116,4519088.22
2021-07-18,5.735666960702116,5.965550814646008,5.648143463479716,5.875887618168342,3974775.32
2021-07-19,5.875887618168342,5.944126247708195,5.723630075780846,5.790881501121654,5565946.93
2021-07-20,5.790881501121654,5.88267414143064,5.617237128108941,5.707711419670918,3641639.56
2021-07-21,5.707711419670918,5.7464012630574315,5.68459517570602,5.723222200396042,4201641.72
2021-07-22,5.723222200396042,5.776366211361221,5.589863129290149,5.642255307583314,3919374.28
2021-07-23,5.642255307583314,5.6936206807952034,5.579290864343274,5.630549673024668,3847174.54
2021-07-24,5.630549673024668,5.6774659502729525,5.520025333644394,5.566407146455871,4262051.98
2021-07-25,5.566407146455871,5.647479694485007,5.450438374756403,5.530995161035953,3844357.62
2021-07-26,5.530995161035953,5.597523703916791,5.341968310399006,5.407005466381567,4269644.0
2021-07-27,5.407005466381567,5.529702409680174,5.358634087567127,5.480672005808936,3214095.7
2021-07-28,5.480672005808936,5.654555866718505,5.416803314867682,5.589419888679211,3239296.26
2021-07-29,5.589419888679211,5.671467389117935,5.499057073031143,5.580980693917118,3210450.76
2021-07-30,5.580980693917118,5.659964373793294,5.499394390210581,5.578340708233064,3468775.6
2021-07-31,5.578340708233064,5.724672692021611,5.490804637490774,5.636228242328534,4895528.34
2021-08-01,5.636228242328534,5.734720586948274,5.538571842921518,5.637049950177817,3385324.83
2021-08-02,5.637049950177817,5.886920361638159,5.5507520500318765,5.798156079120015,4473254.79
2021-08-03,5.798156079120015,5.828552938066476,5.646518138034527,5.676276040337409,4060729.48
2021-08-04,5.676276040337409,5.856028320043676,5.57842601079112,5.7567903510064475,3402960.06
2021-08-05,5.7567903510064475,5.802708917999359,5.700954155217082,5.746792978990477,5271403.79
2021-08-06,5.746792978990477,5.827176587793288,5.564892280390241,5.643835769092305,4567787.09
2021-08-07,5.643835769092305,5.970219559866042,5.531876429356727,5.854089324622982,3801693.36
2021-08-08,5.854089324622982,6.130246692591372,5.811333649186014,6.085798714403999,3723694.87
2021-08-09,6.085798714403999,6.127570400027451,6.024367658184059,6.066003473295317,3890091.61
2021-08-10,6.066003473295317,6.142895109214998,6.033981391980552,6.110637407942059,2592484.43
2021-08-11,6.110637407942059,6.231098866863627,5.945235734848037,6.064793453410466,3091822.65
2021-08-12,6.064793453410466,6.123530007081588,5.9765799329349205,6.035028215037579,4265800.88
2021-08-13,6.035028215037579,6.132249974567743,5.830359258996723,5.925821748402536,2558112.65
2021-08-14,5.925821748402536,5.942925513305717,5.787903293521598,5.80465734025241,3152182.06
2021-08-15,5.80465734025241,6.013054563616296,5.7741966345217515,5.981664986891144,3444797.04
2021-08-16,5.981664986891144,6.000431382658721,5.959833723691654,5.97859047372833,7853150.01
2021-08-17,5.97859047372833,6.084012243456494,5.878859032191834,5.984187436573233,4497111.85
2021-08-18,5.984187436573233,6.007633261193577,5.8835378313804245,5.906679984676433,4999493.08
2021-08-19,5.906679984676433,6.035912601074318,5.796715864113432,5.925596316886214,3107175.96
2021-08-20,5.925596316886214,6.008244367596738,5.702756553890548,5.783421603688124,4159999.89
2021-08-21,5.783421603688124,5.889672788602707,5.606984669290628,5.711922291550474,2447231.63
2021-08-22,5.711922291550474,5.765382775053081,5.5500076551259765,5.60244347651196,3498545.8
2021-08-23,5.60244347651196,5.7874567242986314,5.5382291588584245,5.721873518465585,4311744.37
2021-08-24,5.721873518465585,5.736157037521471,5.557274902527869,5.5711822508092395,2666072.98
2021-08-25,5.5711822508092395,5.629046256617458,5.409450292068616,5.466224171102961,4192450.05
2021-08-26,5.466224171102961,5.535278461132541,5.2213979791389376,5.288203349056183,4280282.13
2021-08-27,5.288203349056183,5.308354690150493,5.193117138690485,5.2129818390856775,3268644.12
2021-08-28,5.2129818390856775,5.3154807123972425,5.0731026482081125,5.174851799730132,3084223.34
2021-08-29,5.174851799730132,5.269145026947267,5.1640930848578215,5.258213000948371,3177804.72
2021-08-30,5.258213000948371,5.294043047973639,5.204202984882677,5.239908301655226,3484288.38
2021-08-31,5.239908301655226,5.308452529640859,5.137616150523578,5.205713064163284,3510672.32
2021-09-01,5.205713064163284,5.2890352826181894,5.148671518165259,5.231708887658385,4316320.29
2021-09-02,5.231708887658385,5.264697827371971,5.162085962730934,5.194842438233755,3324769.79
2021-09-03,5.194842438233755,5.509388151098043,5.092184215602704,5.402623842495964,5671947.9
2021-09-04,5.402623842495964,5.431796894323712,5.322778991291854,5.351676940380785,5661674.15
2021-09-05,5.351676940380785,5.45424379665153,5.286224143147386,5.388342566558233,4031148.76
2021-09-06,5.388342566558233,5.484031714991276,5.366326265436009,5.461715617934883,3486305.36
2021-09-07,5.461715617934883,5.478158197278696,5.391411714578765,5.407691653943397,3325701.88
2021-09-08,5.407691653943397,5.481312560134727,5.349387589655298,5.422845115891529,4113156.42
2021-09-09,5.422845115891529,5.512238554916766,5.290891541445576,5.3795716343862985,4297054.43
2021-09-10,5.3795716343862985,5.466657139316809,5.317364040500914,5.404165154072993,3613764.31
2021-09-11,5.404165154072993,5.453084766148383,5.364793931143755,5.413644483010549,3444293.11
2021-09-12,5.413644483010549,5.426102006967051,5.389525871009562,5.401956499343903,4150326.03
2021-09-13,5.401956499343903,5.504213254980292,5.201852231005156,5.302221036440609,3866158.74
2021-09-14,5.302221036440609,5.497417247043045,5.271394333280328,5.465640436127886,3293564.61
2021-09-15,5.465640436127886,5.586639704900847,5.398181898246864,5.518528408151779,3908919.32
2021-09-16,5.518528408151779,5.531107742685068,5.3664501312748145,5.378710755293472,3266384.62
2021-09-17,5.378710755293472,5.398879211058346,5.3227278945368015,5.342761552216217,3149004.6
2021-09-18,5.342761552216217,5.369812227839173,5.182649651812847,5.209023203319558,3795274.59
2021-09-19,5.209023203319558,5.295654132880093,5.188074337241508,5.274442174622321,3291468.2
2021-09-20,5.274442174622321,5.3353807908288315,5.2122601937848865,5.273184276785618,3163729.05
2021-09-21,5.273184276785618,5.322381675932929,5.224950663383472,5.27413932672578,4935379.51
2021-09-22,5.27413932672578,5.360757204132548,5.117687014370055,5.203138841557219,3445089.04
2021-09-23,5.203138841557219,5.224428395237761,5.155976583803679,5.177159839849608,6024542.14
2021-09-24,5.177159839849608,5.295494767459575,5.126634776195223,5.2443143280975875,4444470.8
2021-09-25,5.2443143280975875,5.387347829902372,5.1933998149107445,5.33554757719391,3095115.49
2021-09-26,5.33554757719391,5.443250216449192,5.302709349916865,5.409954046195423,5078119.26
2021-09-27,5.409954046195423,5.4301186042856555,5.256343223494462,5.27600852554499,3176710.39
2021-09-28,5.27600852554499,5.287573170273343,5.2491727924032014,5.260703890432965,6223534.2
2021-09-29,5.260703890432965,5.295334976155916,5.248399619836263,5.2829786071807385,4021075.22
2021-09-30,5.2829786071807385,5.331451259733487,5.173062252661349,5.220965923300083,4352032.24
2021-10-01,5.220965923300083,5.236508692849905,5.06774782897429,5.0828795165078215,3829519.23
2021-10-02,5.0828795165078215,5.12914406912407,4.933122251673412,4.978436157066447,4061172.45
2021-10-03,4.978436157066447,5.152032282043346,4.929282206599501,5.101661680188552,3588461.82
2021-10-04,5.101661680188552,5.1527647556841885,4.954424235699985,5.004554594650603,3014846.68
2021-10-05,5.004554594650603,5.036291898783043,4.97728078060638,5.008993891465765,4136788.81
2021-10-06,5.008993891465765,5.063976992593198,4.94202777088273,4.996877876019961,4909641.42
2021-10-07,4.996877876019961,5.042158139652171,4.939825085175767,4.9849976940311755,2821702.66
2021-10-08,4.9849976940311755,5.083757904258717,4.8615017423339575,4.9597619958901795,5585195.98
2021-10-09,4.9597619958901795,5.0384072904226445,4.945792120333837,5.02425575900346,4416225.47
2021-10-10,5.02425575900346,5.0426691696239025,5.009334658242226,5.027737728065203,3406802.0
2021-10-11,5.027737728065203,5.112412563571761,4.893697379985159,4.977526582581978,3391616.52
2021-10-12,4.977526582581978,5.016068934872764,4.943737429213039,4.982247732721463,6055952.52
2021-10-13,4.982247732721463,5.008694283618939,4.8546847438261125,4.880591688527542,4805121.09
2021-10-14,4.880591688527542,5.0062610584273415,4.794006406172406,4.918994482295985,5053160.37
2021-10-15,4.918994482295985,4.9760013181796,4.809113684750099,4.865500573099043,3568822.24
2021-10-16,4.865500573099043,4.929161823500703,4.754060332054016,4.8170881438745665,4366143.12
2021-10-17,4.8170881438745665,4.868326960634492,4.806763716126966,4.8579150289400195,4146836.36
2021-10-18,4.8579150289400195,4.890431571006274,4.794162754853819,4.826468811092433,3637652.32
2021-10-19,4.826468811092433,4.858640380478043,4.767616195573182,4.799608724927752,3905224.78
2021-10-20,4.799608724927752,4.968756533868316,4.72427378054338,4.89197185233552,5015403.42
2021-10-21,4.89197185233552,4.935705789753069,4.772828814349643,4.8158825176403095,5668355.0
2021-10-22,4.8158825176403095,4.915722643140926,4.75619526399518,4.855543833686026,3568434.16
2021-10-23,4.855543833686026,5.024085044556145,4.764384569445022,4.931499763596409,2736656.73
2021-10-24,4.931499763596409,5.125481704049439,4.83422993177832,5.0263412018092515,5731053.09
2021-10-25,5.0263412018092515,5.2299751247185435,5.004768506467829,5.207624375021236,5749084.06
2021-10-26,5.207624375021236,5.270145071420982,5.092358045331625,5.154237803485747,4200056.33
2021-10-27,5.154237803485747,5.22941006810938,5.008612734254296,5.0827422683144174,5948617.31
2021-10-28,5.0827422683144174,5.233996850256163,5.001027274142597,5.151181560986423,4124335.43
2021-10-29,5.151181560986423,5.328071281197073,5.0555655993332795,5.230974212535681,3027497.41
2021-10-30,5.230974212535681,5.310014598911897,5.08683842785608,5.1648801279900365,2737290.55
2021-10-31,5.1648801279900365,5.281336561542276,5.090408581100451,5.206268246264201,2730757.39
2021-11-01,5.206268246264201,5.458374171512973,5.190786063829087,5.4421904136186825,3804331.45
2021-11-02,5.4421904136186825,5.516438481487714,5.377935859913283,5.452067313742522,3381906.67
2021-11-03,5.452067313742522,5.6057420862771705,5.382402009701946,5.535016871232196,3288025.27
2021-11-04,5.535016871232196,5.761663401470438,5.454554570416784,5.679106476299398,3699783.89
2021-11-05,5.679106476299398,5.989201115711131,5.608114582494986,5.915257210370228,4709086.33
2021-11-06,5.915257210370228,5.995223951440289,5.859830648039342,5.939569579733076,3314308.48
2021-11-07,5.939569579733076,6.127581313727947,5.875575264560387,6.062265048805753,3177684.23
2021-11-08,6.062265048805753,6.179944238200827,5.86968858246525,5.985885103252739,3369446.21
2021-11-09,5.985885103252739,6.036446484463843,5.9384537327736195,5.988990507170332,4783786.73
2021-11-10,5.988990507170332,6.085534383974538,5.85058718086618,5.946445218020216,3734061.8
2021-11-11,5.946445218020216,6.023356077405665,5.693347750364669,5.767949966061146,4075437.07
2021-11-12,5.767949966061146,5.825565769438923,5.564356935230751,5.6204998659193075,5602746.66
2021-11-13,5.6204998659193075,5.714041655216589,5.567342677913296,5.660506098933648,7735494.24
2021-11-14,5.660506098933648,5.769165610281848,5.594447543933718,5.702615633672622,4459773.24
2021-11-15,5.702615633672622,5.796117230932889,5.515741526465129,5.607686642833121,4350715.14
2021-11-16,5.607686642833121,5.776011953484501,5.584141633352963,5.751861596227144,2826019.84
2021-11-17,5.751861596227144,5.857648873230628,5.545932109907365,5.649843079402707,4166723.32
2021-11-18,5.649843079402707,5.764544878031847,5.559814845300618,5.6741296461519255,3859354.3
2021-11-19,5.6741296461519255,5.7211256749242105,5.589989356840365,5.636675168572196,4749612.95
2021-11-20,5.636675168572196,5.6594434467324115,5.624368793642966,5.647114280419878,3445397.74
2021-11-21,5.647114280419878,5.753025142448913,5.625124061353809,5.730709398721395,3995546.37
2021-11-22,5.730709398721395,5.828919042557695,5.704353200464496,5.802233894834227,4420749.04
2021-11-23,5.802233894834227,5.892618528193764,5.779811507190949,5.869934515530115,6108227.97
2021-11-24,5.869934515530115,5.948949956733814,5.847335140673552,5.926134211830844,5617821.83
2021-11-25,5.926134211830844,6.040405565724567,5.69372305162732,5.805671571010706,5214896.05
2021-11-26,5.805671571010706,5.996143311740383,5.725249780995747,5.914217907446022,4557530.34
2021-11-27,5.914217907446022,6.013408195812271,5.716496260587796,5.8140058426011,3411559.21
2021-11-28,5.8140058426011,5.884533499325803,5.73426389850778,5.80467840740194,4556868.9
2021-11-29,5.80467840740194,5.8810141343715525,5.696434794477762,5.77234531789265,3132821.65
2021-11-30,5.77234531789265,5.90958102668884,5.669262949740261,5.805899449862292,3609056.39
2021-12-01,5.805899449862292,5.844888651492853,5.722388709673676,5.761076907964663,5927445.08
2021-12-02,5.761076907964663,5.8446208395455805,5.663599924492917,5.7469388335863,4347045.84
2021-12-03,5.7469388335863,6.007894751043821,5.642416029411385,5.9005776317595675,4021899.63
2021-12-04,5.9005776317595675,6.011822760422867,5.669579582963566,5.778523595047218,4153406.26
2021-12-05,5.778523595047218,5.836704836427539,5.720779569734113,5.778956485299154,3711900.83
2021-12-06,5.778956485299154,5.87963064443395,5.577193684790991,5.676075574118869,2216759.55
2021-12-07,5.676075574118869,5.8027140749693835,5.613244413758372,5.739184333950934,2770157.78
2021-12-08,5.739184333950934,5.777303695696312,5.634880392852325,5.672557220801889,4434037.88
2021-12-09,5.672557220801889,5.713754692998051,5.635587671908359,5.67675776803229,3018816.23
2021-12-10,5.67675776803229,5.734273526868968,5.500381820382436,5.55668098560313,3699155.8
2021-12-11,5.55668098560313,5.7127050884028385,5.519773546945969,5.675011697930593,2795861.49
2021-12-12,5.675011697930593,5.696802496337136,5.660599349810848,5.682371457257946,3175100.12
2021-12-13,5.682371457257946,5.717955155143458,5.660211084390299,5.695742636736724,3795953.7
2021-12-14,5.695742636736724,5.873346963832051,5.5972862434403385,5.773545670221004,4787298.31
2021-12-15,5.773545670221004,5.876806443932109,5.556946475442127,5.658143258848644,5033335.62
2021-12-16,5.658143258848644,5.758376075022187,5.503353922088598,5.602602851645864,3162433.29
2021-12-17,5.602602851645864,5.685967656872288,5.535557499680446,5.618729322300458,4102829.58
2021-12-18,5.618729322300458,5.724551978241829,5.358138761976399,5.460990580265792,2660845.39
2021-12-19,5.460990580265792,5.520972282365297,5.258535100863377,5.31693453937844,3853969.73
2021-12-20,5.31693453937844,5.371836168159963,5.19297343708752,5.247154531117003,4822683.65
2021-12-21,5.247154531117003,5.302453656852382,5.0972035799733275,5.1514945568321195,3736835.83
2021-12-22,5.1514945568321195,5.18536055828265,5.089738811126595,5.123420251679597,5279982.99
2021-12-23,5.123420251679597,5.235031993397235,5.056595170648382,5.167630278307775,4684367.46
2021-12-24,5.167630278307775,5.284232910398335,5.115534775108444,5.231493593427898,4036315.23
2021-12-25,5.231493593427898,5.493287068305437,5.12925013012078,5.387985159188162,3570033.11
2021-12-26,5.387985159188162,5.415440527293787,5.359178164958063,5.386626610353763,3324830.25
2021-12-27,5.386626610353763,5.419014012769898,5.368416167531684,5.400755803713697,2639288.44
2021-12-28,5.400755803713697,5.445692882839486,5.354272273045809,5.399196376934965,2748929.98
2021-12-29,5.399196376934965,5.459867119756688,5.367449650642114,5.427951317334964,4873121.66
2021-12-30,5.427951317334964,5.572258388089666,5.320183238335719,5.463778976620668,5547923.8
2021-12-31,5.463778976620668,5.613645601885768,5.397916351932546,5.54678241977255,2900090.38
2022-01-01,5.54678241977255,5.6784092445275895,5.499773897239503,5.630689615446634,3865332.85
2022-01-02,5.630689615446634,5.756054279169717,5.554284870988196,5.678994075052787,2563523.58
2022-01-03,5.678994075052787,5.8796551281473,5.621318171043206,5.820541665804484,2976669.85
2022-01-04,5.820541665804484,5.857276627255461,5.787022024846457,5.823738575764499,4055031.28
2022-01-05,5.823738575764499,5.876742444473984,5.714409412884211,5.766895936983555,3337849.74
2022-01-06,5.766895936983555,5.808154492912593,5.684816025145621,5.725780425143402,2353615.57
2022-01-07,5.725780425143402,5.802944857816793,5.639572125508736,5.71661301201362,5839920.94
2022-01-08,5.71661301201362,5.8120703585331075,5.523816368097235,5.617620718045463,3753596.35
2022-01-09,5.617620718045463,5.655407013316304,5.525211046974139,5.562627436106141,2883196.8
2022-01-10,5.562627436106141,5.635964449261327,5.389317550557963,5.461318924442326,3923600.07
2022-01-11,5.461318924442326,5.573544890936568,5.380750065986691,5.492515796338197,3723947.53
2022-01-12,5.492515796338197,5.572620412171246,5.444949540190688,5.52477478688502,4222627.07
2022-01-13,5.52477478688502,5.584307780205753,5.3112150416013195,5.369070218287001,3490473.38
2022-01-14,5.369070218287001,5.414485573260136,5.268057895678779,5.31299896069785,4110586.37
2022-01-15,5.31299896069785,5.521014957280835,5.266710576014557,5.473329724578192,4811024.52
2022-01-16,5.473329724578192,5.585661676723161,5.418421840404074,5.530183441870202,2733150.66
2022-01-17,5.530183441870202,5.612515506345841,5.4897157014874685,5.571743644498083,3195321.0
2022-01-18,5.571743644498083,5.631862420754555,5.453164804486853,5.512645919876189,4687111.73
2022-01-19,5.512645919876189,5.625118578260875,5.426977120040992,5.539039609560967,3310683.9
2022-01-20,5.539039609560967,5.5894302421483415,5.48798758806107,5.538372148515606,3723197.88
2022-01-21,5.538372148515606,5.643700247788828,5.363873529742713,5.467860649764043,3378402.42
2022-01-22,5.467860649764043,5.500251816178366,5.392712643645335,5.42484901258274,3431490.83
2022-01-23,5.42484901258274,5.479591627672795,5.329812335415545,5.384144194709078,3359416.54
2022-01-24,5.384144194709078,5.453224542463935,5.188810772609896,5.256250198161001,2774107.46
2022-01-25,5.256250198161001,5.318162305571036,5.084556179288946,5.145159779363616,4262263.28
2022-01-26,5.145159779363616,5.243148997782304,5.031439490056552,5.129123294714673,4955890.48
2022-01-27,5.129123294714673,5.169324874037205,5.019955950103266,5.059612712107147,3635979.02
2022-01-28,5.059612712107147,5.104124047890187,4.9912472430826185,5.0355468624406345,4818038.04
2022-01-29,5.0355468624406345,5.099610440418081,4.844187944097935,4.906611167578135,3360972.52
2022-01-30,4.906611167578135,5.034705708348576,4.844127416956075,4.971396936607533,3311734.63
2022-01-31,4.971396936607533,5.225855375778687,4.890989873244041,5.14267802283089,4210895.33
2022-02-01,5.14267802283089,5.31498081343413,5.058845770756177,5.229729510387162,4228489.04
2022-02-02,5.229729510387162,5.338859085339952,5.218246712267291,5.327162356137075,3694374.97
2022-02-03,5.327162356137075,5.466977735284998,5.2432297762036635,5.382178346033437,4500318.15
2022-02-04,5.382178346033437,5.486710842097235,5.301867439145834,5.4060438232425545,2754557.6
2022-02-05,5.4060438232425545,5.482176860248089,5.338231148850409,5.41426110934289,3521926.19
2022-02-06,5.41426110934289,5.455982114266774,5.294012724932554,5.335123917528835,4836568.7
2022-02-07,5.335123917528835,5.494705978996053,5.237347052411696,5.395816794955961,4833315.3
2022-02-08,5.395816794955961,5.535296605214314,5.313325799922967,5.4519474867873985,4683321.07
2022-02-09,5.4519474867873985,5.488100295192327,5.3758768580705425,5.4117631974907,4904660.41
2022-02-10,5.4117631974907,5.49968559391855,5.371207641082841,5.45877771244699,3462067.41
2022-02-11,5.45877771244699,5.539503224133538,5.318445923061746,5.398276734011422,2481098.85
2022-02-12,5.398276734011422,5.498240822738604,5.245007751363324,5.343966128366368,3561936.9
2022-02-13,5.343966128366368,5.470836436343013,5.2860923581588795,5.41222345693145,4454879.44
2022-02-14,5.41222345693145,5.547954553405358,5.315747356644299,5.450790964372533,4640676.96
2022-02-15,5.450790964372533,5.49918341806888,5.382723072643522,5.430939281895467,3331535.12
2022-02-16,5.430939281895467,5.480431146217986,5.3517896873214195,5.401008796705011,2983201.71
2022-02-17,5.401008796705011,5.494686681371065,5.323520838746981,5.416969732794572,3058344.41
2022-02-18,5.416969732794572,5.43273137222355,5.243326430226538,5.258627344239308,3317076.7
2022-02-19,5.258627344239308,5.2822942854158885,5.171581483860164,5.194961892754337,2364853.76
2022-02-20,5.194961892754337,5.273466339609715,5.0130744340509175,5.089992622006423,3330806.99
2022-02-21,5.089992622006423,5.123926589154439,5.057632796130653,5.091556818836541,3845756.17
2022-02-22,5.091556818836541,5.209588400299916,5.065328055646353,5.182889145655546,3708138.45
2022-02-23,5.182889145655546,5.2425944578068995,5.16421546018901,5.223773468209708,3498846.76
2022-02-24,5.223773468209708,5.255363614009849,5.149860260670066,5.181192905606306,3198513.15
2022-02-25,5.181192905606306,5.214914577144855,5.08937565856296,5.122716739355893,3293000.89
2022-02-26,5.122716739355893,5.164420282056763,5.019815993979017,5.06101724706634,3307590.24
2022-02-27,5.06101724706634,5.327287702511556,4.96541497560568,5.228521291056395,4532941.69
2022-02-28,5.228521291056395,5.306111467062839,5.157397019907776,5.234900419777038,3799117.61
2022-03-01,5.234900419777038,5.328553198867218,5.159100921294994,5.252498880919344,8387237.76
2022-03-02,5.252498880919344,5.275554572480167,5.053920359460654,5.0762022018598225,3497039.85
2022-03-03,5.0762022018598225,5.103958877502946,4.953197036836568,4.980430030207298,4239601.82
2022-03-04,4.980430030207298,5.07095472391833,4.886963042631456,4.977433266934066,3516592.99
2022-03-05,4.977433266934066,5.044218297764334,4.8716741206610195,4.937929101816319,3495293.33
2022-03-06,4.937929101816319,5.03119664131962,4.856089257794324,4.949170485770977,5615855.63
2022-03-07,4.949170485770977,5.001205803902552,4.907427561597667,4.95937679636428,4876306.95
2022-03-08,4.95937679636428,5.070561905044877,4.897931488047655,5.0085078762228745,2450589.52
2022-03-09,5.0085078762228745,5.063800486006688,4.805795399549847,4.859442365295228,2942823.72
2022-03-10,4.859442365295228,4.887128630867313,4.746423178437268,4.773620481017015,3672749.87
2022-03-11,4.773620481017015,4.854036181320097,4.6861637265299345,4.766458781915624,3339172.02
2022-03-12,4.766458781915624,4.804626735981883,4.679418571725397,4.717192016635014,2606267.93
2022-03-13,4.717192016635014,4.766269560631806,4.645205258568065,4.694041949867682,3911622.75
2022-03-14,4.694041949867682,4.723557914319917,4.673416912791485,4.702893982512177,2376122.08
2022-03-15,4.702893982512177,4.766338000008932,4.584235533528564,4.646924499158451,3922343.3
2022-03-16,4.646924499158451,4.737693004002478,4.571456410004827,4.661980400418125,4560787.17
2022-03-17,4.661980400418125,4.748008388852762,4.6182184391983725,4.7038533665383415,4726500.32
2022-03-18,4.7038533665383415,4.801697968613795,4.6116278479336215,4.709364398640535,3665345.31
2022-03-19,4.709364398640535,4.796934656955781,4.678110648828669,4.765309626013075,5543937.59
2022-03-20,4.765309626013075,4.8497292321608505,4.519244093736116,4.6007484240792245,4128472.89
2022-03-21,4.6007484240792245,4.6696762800196705,4.489447287214723,4.557730656163828,4694808.81
2022-03-22,4.557730656163828,4.711173558297146,4.4725434375149185,4.624733999634953,3161147.63
2022-03-23,4.624733999634953,4.695638885174916,4.490923045716023,4.560848459372782,5558952.92
2022-03-24,4.560848459372782,4.610595188764082,4.439000512496091,4.487952136839951,3797191.24
2022-03-25,4.487952136839951,4.530329482819474,4.436985739356296,4.47928121038728,5636108.45
2022-03-26,4.47928121038728,4.555111816473268,4.402719297953653,4.478537310415104,5336336.61
2022-03-27,4.478537310415104,4.55523917004071,4.364311588907463,4.440359596289189,4052810.41
2022-03-28,4.440359596289189,4.633376799554573,4.384409864169101,4.575721471192586,4205624.51
2022-03-29,4.575721471192586,4.6648705701618844,4.508740971831374,4.597570243277538,3632848.32
2022-03-30,4.597570243277538,4.645069744394725,4.484412104764591,4.531226176424289,3096292.26
2022-03-31,4.531226176424289,4.558099444835427,4.400866802572143,4.427122666009662,4409673.34
2022-04-01,4.427122666009662,4.469788931605456,4.41428556587762,4.456865587452278,4353637.04
2022-04-02,4.456865587452278,4.518221905033276,4.330415660398799,4.390863345116102,2535353.13
2022-04-03,4.390863345116102,4.6113359665381655,4.329190004873602,4.547463052706377,3722167.99
2022-04-04,4.547463052706377,4.643676011071459,4.483913420191674,4.579676207955155,4720924.54
2022-04-05,4.579676207955155,4.678042953005051,4.524155261937179,4.622008794880636,5481810.01
2022-04-06,4.622008794880636,4.679118119100238,4.58427834102211,4.641230752261188,4555476.76
2022-04-07,4.641230752261188,4.7570598392578365,4.611728028553384,4.72701183441637,2600449.68
2022-04-08,4.72701183441637,4.742056432814362,4.532860319880281,4.547333056996429,2919434.54
2022-04-09,4.547333056996429,4.568542533174647,4.439120863109073,4.459922643378034,3485117.62
2022-04-10,4.459922643378034,4.596283298821441,4.400563894708926,4.535913164395451,5390855.27
2022-04-11,4.535913164395451,4.721805965598524,4.46413104937294,4.648246149164788,3264909.32
2022-04-12,4.648246149164788,4.733482019941974,4.472974506102816,4.556528531566582,4951304.35
2022-04-13,4.556528531566582,4.5725242327496725,4.409008937049525,4.4245412968198785,3251830.01
2022-04-14,4.4245412968198785,4.510983114617444,4.3508617455009535,4.437094521079451,4341220.47
2022-04-15,4.437094521079451,4.529737503572788,4.380505787558762,4.472694740657546,3004147.84
2022-04-16,4.472694740657546,4.517206315775665,4.439490819261045,4.483919068393936,3620266.78
2022-04-17,4.483919068393936,4.551466033262831,4.412608228551138,4.480097626185054,2863653.3
2022-04-18,4.480097626185054,4.568841069228791,4.261853326102271,4.347979728604191,5450873.92
2022-04-19,4.347979728604191,4.3863702919016,4.283937409507011,4.322099462541157,3194044.51
2022-04-20,4.322099462541157,4.379556944425835,4.249526917607726,4.30678075438802,2581096.87
2022-04-21,4.30678075438802,4.335614594644589,4.240547167728834,4.269128929515273,2530512.43
2022-04-22,4.269128929515273,4.2934224308824875,4.115186934632169,4.138738448257385,3719699.42
2022-04-23,4.138738448257385,4.198248412048927,4.11935109506828,4.178673986303637,3388827.63
2022-04-24,4.178673986303637,4.249206798297172,4.167898168271225,4.23827727738654,4469077.42
2022-04-25,4.23827727738654,4.301972601743984,4.121574038674223,4.1844605739513865,3583077.11
2022-04-26,4.1844605739513865,4.203823166637241,4.153025605262839,4.172332076219903,5086004.84
2022-04-27,4.172332076219903,4.231466174986076,4.08063574905249,4.1393017113368105,3450941.25
2022-04-28,4.1393017113368105,4.212372637829141,4.034676617211589,4.107180509419435,4911707.08
2022-04-29,4.107180509419435,4.212034511472799,4.036377673518299,4.140654622259084,2994753.17
2022-04-30,4.140654622259084,4.2068627517835715,4.110090916093784,4.176037868763884,2609523.81
2022-05-01,4.176037868763884,4.268009637410143,4.158334343262065,4.249992594785336,3093077.25
2022-05-02,4.249992594785336,4.366925046471809,4.207598235686956,4.323794501494188,2865707.82
2022-05-03,4.323794501494188,4.34655152158871,4.289556938433569,4.312253214359247,2786658.74
2022-05-04,4.312253214359247,4.555690864828096,4.274636816571041,4.516294585157342,4214007.57
2022-05-05,4.516294585157342,4.688539108819936,4.461020628352372,4.631850883367215,3557015.73
2022-05-06,4.631850883367215,4.694835927858648,4.520853748904453,4.583176912804594,3937102.01
2022-05-07,4.583176912804594,4.620365726382593,4.555999463592881,4.593129261458585,4335723.17
2022-05-08,4.593129261458585,4.621107527469941,4.42090503201066,4.447999263312076,2493224.59
2022-05-09,4.447999263312076,4.52875086404904,4.3697704598525355,4.450478457967299,4381905.54
2022-05-10,4.450478457967299,4.660458033523755,4.365883854337013,4.573524571873494,2811448.57
2022-05-11,4.573524571873494,4.85011192441329,4.511489150067632,4.785205259534209,3289698.98
2022-05-12,4.785205259534209,4.842736909737429,4.718921572215747,4.7763467177869865,2367819.93
2022-05-13,4.7763467177869865,4.869421285925328,4.710216675791207,4.802923282918322,4475625.38
2022-05-14,4.802923282918322,4.871819322767643,4.782197859508269,4.850886928145048,2491127.27
2022-05-15,4.850886928145048,5.1007289379658385,4.762859325013127,5.009817273106826,2815032.65
2022-05-16,5.009817273106826,5.038647379010058,4.902734685150045,4.931111863296376,2866540.11
2022-05-17,4.931111863296376,5.221185903378237,4.8618087795938205,5.148823051990155,3679625.81
2022-05-18,5.148823051990155,5.179692676364183,5.092275155957705,5.122989898382945,3651666.93
2022-05-19,5.122989898382945,5.198319610300875,4.95329323072668,5.027214639524403,4655156.73
2022-05-20,5.027214639524403,5.1054471918311775,4.924296269924684,5.0021385936029095,3701946.25
2022-05-21,5.0021385936029095,5.078865534353509,4.861689549900544,4.937423842246852,4837720.64
2022-05-22,4.937423842246852,5.020006410004575,4.889449000871342,4.971698536049542,4177997.93
2022-05-23,4.971698536049542,5.035965621693014,4.778150892026122,4.840724936248354,3000056.85
2022-05-24,4.840724936248354,4.914355999372722,4.778938912893545,4.852420693760337,3216206.14
2022-05-25,4.852420693760337,4.978959977090866,4.77980115441164,4.905545393075642,5543615.54
2022-05-26,4.905545393075642,5.080776148499435,4.85167261715347,5.025585094704079,5164760.53
2022-05-27,5.025585094704079,5.138546288100003,4.969643865727371,5.081977340858618,4669353.95
2022-05-28,5.081977340858618,5.275613402261247,5.009206716570949,5.201136496042216,4825302.22
2022-05-29,5.201136496042216,5.227468374802889,5.124786498927028,5.150863861599508,4268585.23
2022-05-30,5.150863861599508,5.255770391906742,5.080067107810387,5.184511168105143,4132066.87
2022-05-31,5.184511168105143,5.208713282303275,4.977559200483328,5.000904208493432,3847523.84
2022-06-01,5.000904208493432,5.076152965597738,4.917118553550651,4.992236893300716,5810771.64
2022-06-02,4.992236893300716,5.069461863561761,4.947304584293086,5.024241499145261,3383248.88
2022-06-03,5.024241499145261,5.15053602039379,4.938264222476353,5.063880423080734,4035281.54
2022-06-04,5.063880423080734,5.082066913010355,4.919018041246744,4.93674794584579,2479193.88
2022-06-05,4.93674794584579,4.98754423001672,4.855674998736521,4.9061565147556445,2657329.79
2022-06-06,4.9061565147556445,4.9307359367645835,4.862313719083601,4.886796147317457,5982219.34
2022-06-07,4.886796147317457,4.972996971246294,4.767836481397202,4.853449078454081,4433530.12
2022-06-08,4.853449078454081,4.932342468647803,4.8328002531518965,4.911446893717483,3603214.77
2022-06-09,4.911446893717483,4.964163982811378,4.842221996329303,4.894759976142463,3875141.64
2022-06-10,4.894759976142463,4.92231438432339,4.875697225156757,4.903218690686807,2705997.31
2022-06-11,4.903218690686807,4.983429583115232,4.785392518303266,4.8649778353023425,3414295.13
2022-06-12,4.8649778353023425,4.985366260847729,4.8305497865049105,4.950334169822456,2639176.33
2022-06-13,4.950334169822456,5.107288177030155,4.887499253756039,5.043273575002465,3529565.25
2022-06-14,5.043273575002465,5.068805584010026,4.993273366263401,5.018680872586294,4504519.37
2022-06-15,5.018680872586294,5.300655715156644,4.976880752119867,5.256871725502543,4255985.41
2022-06-16,5.256871725502543,5.278143915110503,5.171482079143572,5.192493760153073,5653534.48
2022-06-17,5.192493760153073,5.341553140657266,5.13062541013695,5.278658145526209,4090570.36
2022-06-18,5.278658145526209,5.28954356170951,5.187705509778578,5.198425473682068,2044964.56
2022-06-19,5.198425473682068,5.369282412603962,5.095105276256303,5.264646061990596,6188345.85
2022-06-20,5.264646061990596,5.37551469864685,5.214668674110665,5.324964704713584,3079686.25
2022-06-21,5.324964704713584,5.395946748065228,5.169028277158552,5.238862574853025,3957161.14
2022-06-22,5.238862574853025,5.276383612894809,5.190927184426944,5.228373096213468,3897978.63
2022-06-23,5.228373096213468,5.4252194389997594,5.194082984251263,5.389870153927929,4035885.55
2022-06-24,5.389870153927929,5.48273992803088,5.228072447139467,5.319733740766888,3845931.24
2022-06-25,5.319733740766888,5.438944708344879,5.236494313666616,5.35515109555309,3862907.53
2022-06-26,5.35515109555309,5.458125110783862,5.282432125232299,5.385000803620782,2730792.26
2022-06-27,5.385000803620782,5.468691730835516,5.298282856978403,5.381925997123809,7255405.34
2022-06-28,5.381925997123809,5.409673252599771,5.206473181160624,5.233454973972783,4472109.15
2022-06-29,5.233454973972783,5.404710336578445,5.134994529115515,5.304905643093461,3849607.71
2022-06-30,5.304905643093461,5.360564578980619,5.250872957305692,5.306515496165073,6022291.26
2022-07-01,5.306515496165073,5.498330927496792,5.212925490485998,5.403038562828339,2906704.36
2022-07-02,5.403038562828339,5.506729502873084,5.320647494961855,5.42401851125726,4721367.47
2022-07-03,5.42401851125726,5.46912778074627,5.385255315019126,5.4303195535887365,3307556.12
2022-07-04,5.4303195535887365,5.5307925570963326,5.363810606068267,5.463872661041306,4202099.49
2022-07-05,5.463872661041306,5.569869738265029,5.273312204287545,5.3776363290639555,4225401.21
2022-07-06,5.3776363290639555,5.530675456816376,5.363291019063372,5.515961153383693,2118865.12
2022-07-07,5.515961153383693,5.569337295483909,5.430034721068621,5.48309280698988,2656700.65
2022-07-08,5.48309280698988,5.5553035642092015,5.379761685970959,5.451557127348198,5649747.58
2022-07-09,5.451557127348198,5.6129169968369625,5.407300682858195,5.5677175470647935,3567837.75
2022-07-10,5.5677175470647935,5.633925008314577,5.524720905334441,5.59075049488063,6267616.33
2022-07-11,5.59075049488063,5.677275461765163,5.483778303860877,5.569981845799761,5272646.55
2022-07-12,5.569981845799761,5.711869518924521,5.466971247097236,5.608152987550445,3596396.49
2022-07-13,5.608152987550445,5.732222484980512,5.542664846712076,5.666058167407632,3517929.07
2022-07-14,5.666058167407632,5.774097291155461,5.54799440306617,5.655838663612359,5737968.17
2022-07-15,5.655838663612359,5.763730497204841,5.634216298768392,5.741779578819276,6428595.28
2022-07-16,5.741779578819276,5.77677266316313,5.5909812927581335,5.625264278486055,3537253.85
2022-07-17,5.625264278486055,5.670081266360889,5.6051324982873965,5.649861457409255,5581973.05
2022-07-18,5.649861457409255,5.780688354625802,5.594268983828292,5.724362816198654,4916051.7
2022-07-19,5.724362816198654,5.859879024479713,5.648338326725109,5.7830747892216365,5132731.08
2022-07-20,5.7830747892216365,5.815509132774722,5.545920298684667,5.577199994569854,3897313.81
2022-07-21,5.577199994569854,5.63338301337676,5.510321119317932,5.566395294861642,3212008.95
2022-07-22,5.566395294861642,5.646101080814924,5.380282415890532,5.458442413446965,2919485.55
2022-07-23,5.458442413446965,5.649470570211184,5.384694648230878,5.574159379570262,2742677.05
2022-07-24,5.574159379570262,5.64844662006693,5.465746156517032,5.539572454466445,6127110.61
2022-07-25,5.539572454466445,5.719715928028028,5.468064435949928,5.64682345135442,3810411.77
2022-07-26,5.64682345135442,5.758398955639305,5.42763430190507,5.537040608560151,2854244.44
2022-07-27,5.537040608560151,5.655650451191681,5.454812304999328,5.572889766588857,4882258.51
2022-07-28,5.572889766588857,5.676469677668551,5.47069347869607,5.574248473650759,3371248.05
2022-07-29,5.574248473650759,5.942162120905046,5.467606724323448,5.830615771919692,3229273.5
2022-07-30,5.830615771919692,6.04767601960167,5.728730316014319,5.9438125386241865,6372574.68
2022-07-31,5.9438125386241865,6.075388232558008,5.921743010250808,6.052913609112224,2724610.14
2022-08-01,6.052913609112224,6.3282178101733395,5.983145297508701,6.256107405322596,4029986.04
2022-08-02,6.256107405322596,6.341438895256335,6.200633095432502,6.2857021620097955,3278123.15
2022-08-03,6.2857021620097955,6.309256147781882,6.252764051433477,6.276282740445427,3149913.5
2022-08-04,6.276282740445427,6.352575735429056,6.179256154594419,6.255294015648965,2635406.29
2022-08-05,6.255294015648965,6.326050999043196,6.218820387691988,6.289378629107468,3857028.04
2022-08-06,6.289378629107468,6.36781516741967,5.9386338749144185,6.0136314963126605,3054224.82
2022-08-07,6.0136314963126605,6.115070878223711,5.913125673091441,6.01454970891526,4405463.8
2022-08-08,6.01454970891526,6.092292187773969,5.9598829542024285,6.037417584987294,3755604.81
2022-08-09,6.037417584987294,6.152713631209867,5.907843248986154,6.0228613153754,3514315.37
2022-08-10,6.0228613153754,6.118001043367904,5.7829511411375,5.8757673084374,3058317.55
2022-08-11,5.8757673084374,5.972582781985828,5.765581319561436,5.862172795262158,5434011.12
2022-08-12,5.862172795262158,5.885746028268519,5.695747695316464,5.718744166668109,4567295.19
2022-08-13,5.718744166668109,5.997973951638184,5.610352716708491,5.8864047114126885,3204850.45
2022-08-14,5.8864047114126885,5.901836068330765,5.847180441861534,5.862549261121068,2705264.81
2022-08-15,5.862549261121068,5.9633271493155675,5.572758428643339,5.670230332595597,2370269.76
2022-08-16,5.670230332595597,5.684597062849638,5.637591122300356,5.651911437751941,5049753.42
2022-08-17,5.651911437751941,5.763527713333462,5.624080104266894,5.7352858248711165,4769751.95
2022-08-18,5.7352858248711165,5.796512750353347,5.6912605567248615,5.752356444516858,4936436.14
2022-08-19,5.752356444516858,5.840250668995865,5.581728710379579,5.668339177038803,3687427.29
2022-08-20,5.668339177038803,5.771443815046752,5.5049556269206885,5.60694350419393,4648311.68
2022-08-21,5.60694350419393,5.685423767619307,5.50342369973219,5.581548509988937,4912581.57
2022-08-22,5.581548509988937,5.665828965499098,5.4588172310120475,5.542508184084925,3734269.51
2022-08-23,5.542508184084925,5.582502429099714,5.391815202993799,5.431004849888077,3474546.75
2022-08-24,5.431004849888077,5.537217801485896,5.319565949473318,5.425674659730002,2977041.87
2022-08-25,5.425674659730002,5.476346206910237,5.260534955015726,5.310127381212462,4227193.46
2022-08-26,5.310127381212462,5.492561495108973,5.2122487319144435,5.3931524897760355,4370181.43
2022-08-27,5.3931524897760355,5.576294263903525,5.306718716412229,5.488335040073375,3432769.54
2022-08-28,5.488335040073375,5.535593984433646,5.353839264765489,5.400340505967893,3535361.86
2022-08-29,5.400340505967893,5.444496037240916,5.2948705391115665,5.338520603995606,3599076.62
2022-08-30,5.338520603995606,5.414491265409449,5.2271539945324,5.3026136767414815,4631178.32
2022-08-31,5.3026136767414815,5.402984111701833,5.2001810616429776,5.30051170955228,2695057.79
2022-09-01,5.30051170955228,5.398329930460957,5.225762831585786,5.323260248047445,2882585.68
2022-09-02,5.323260248047445,5.457538685457845,5.230456197726457,5.3640239731331505,2896678.53
2022-09-03,5.3640239731331505,5.507835949903276,5.259998969733027,5.403054033012095,3661482.38
2022-09-04,5.403054033012095,5.585652298284313,5.360153528312707,5.541651324531713,4111633.39
2022-09-05,5.541651324531713,5.612588106009891,5.47685364096852,5.547719468564217,2908920.73
2022-09-06,5.547719468564217,5.619639806829489,5.361902772443322,5.432327171140828,4769552.74
2022-09-07,5.432327171140828,5.464427769139207,5.261651949921786,5.292928817987257,5477580.18
2022-09-08,5.292928817987257,5.5248314860817445,5.206358320989593,5.435922206690977,4214160.79
2022-09-09,5.435922206690977,5.518483466855073,5.399438221808322,5.481692289385473,5031401.6
2022-09-10,5.481692289385473,5.581709676588828,5.400981257769016,5.5007185078111025,3022874.06
2022-09-11,5.5007185078111025,5.604912224893263,5.437851699645279,5.5415784353283275,3040923.15
2022-09-12,5.5415784353283275,5.651443753130916,5.447038669924524,5.556646918219898,4321735.51
2022-09-13,5.556646918219898,5.65921062559275,5.494368068966776,5.596485268464306,3763691.99
2022-09-14,5.596485268464306,5.666777187481937,5.4935159248068866,5.563392194436007,3039509.12
2022-09-15,5.563392194436007,5.689886212328539,5.534132634681405,5.6601179426518575,5426329.65
2022-09-16,5.6601179426518575,5.7537779614767715,5.519886646726544,5.612763067301079,4094721.17
2022-09-17,5.612763067301079,5.664615111705502,5.48062976346934,5.531733234949017,4529197.67
2022-09-18,5.531733234949017,5.600522553824385,5.315711504922303,5.382646875187715,3210536.96
2022-09-19,5.382646875187715,5.475384809265367,5.2701488610783,5.362540379174174,5783321.55
2022-09-20,5.362540379174174,5.53279070014703,5.305541912173322,5.474601138803167,3654717.55
2022-09-21,5.474601138803167,5.512596861255764,5.397029799327394,5.4347489329814405,4902597.95
2022-09-22,5.4347489329814405,5.471582039802025,5.279119589677073,5.315142080954695,3284761.72
2022-09-23,5.315142080954695,5.405497318759497,5.250329939349998,5.340377460267357,3963640.93
2022-09-24,5.340377460267357,5.379050727537622,5.246593075619526,5.28486433498925,4368676.38
2022-09-25,5.28486433498925,5.463805912716679,5.2420891787369035,5.419937488054468,6257951.19
2022-09-26,5.419937488054468,5.550250030213807,5.386190285655303,5.515905285006321,3404401.97
2022-09-27,5.515905285006321,5.571247262028808,5.349725049667215,5.40394369783167,3997390.32
2022-09-28,5.40394369783167,5.460087859802241,5.333344170303977,5.3893365718393,4405989.57
2022-09-29,5.3893365718393,5.4511337726411515,5.263252948403939,5.324304453924793,2667898.42
2022-09-30,5.324304453924793,5.391770753813904,5.159368325055764,5.225583696436252,2206518.88
2022-10-01,5.225583696436252,5.291333505614425,5.155745465024007,5.221443176985951,2962524.38
2022-10-02,5.221443176985951,5.337402980230992,5.176483762809588,5.291837433909666,4839425.62
2022-10-03,5.291837433909666,5.388213557620353,5.1891741280732555,5.285433624172618,5836333.61
2022-10-04,5.285433624172618,5.3446823703393,5.18319328832691,5.2419546430515265,3016975.07
2022-10-05,5.2419546430515265,5.3309530225260175,4.972321368087246,5.058199943675807,2803363.48
2022-10-06,5.058199943675807,5.11906433508406,4.944205074181796,5.004422369916745,5577203.92
2022-10-07,5.004422369916745,5.093800689210498,4.961028835659184,5.050011846886504,3299082.46
2022-10-08,5.050011846886504,5.127255134514219,4.866218501725037,4.941806720020096,3462716.44
2022-10-09,4.941806720020096,5.072474914845024,4.916182061135127,5.046308385409419,5472768.24
2022-10-10,5.046308385409419,5.144480508932283,4.902061262742611,4.999319248038902,5252353.49
2022-10-11,4.999319248038902,5.077334441579527,4.937820391801221,5.015634879481165,4799527.35
2022-10-12,5.015634879481165,5.0350703745903855,4.964516660039801,4.983828907578934,2477210.89
2022-10-13,4.983828907578934,5.031596160413586,4.843296707954907,4.890166255903069,2774268.91
2022-10-14,4.890166255903069,4.998822586383737,4.8176661743064395,4.925794294583952,5028531.98
2022-10-15,4.925794294583952,4.941684783413534,4.863050144606061,4.878788995520002,4114320.18
2022-10-16,4.878788995520002,4.911500535705088,4.781563836774954,4.813839903147361,3128542.95
2022-10-17,4.813839903147361,4.903563789377823,4.54596330752076,4.632303586453631,3486370.92
2022-10-18,4.632303586453631,4.771607564019846,4.593338253034902,4.731805257009774,5016574.97
2022-10-19,4.731805257009774,4.7558461255470625,4.708785368386006,4.7328212939773024,5567263.39
2022-10-20,4.7328212939773024,4.837294478491308,4.714974352467252,4.819122106238571,3794329.61
2022-10-21,4.819122106238571,4.932409166494075,4.755783768640916,4.868422862754214,3200386.44
2022-10-22,4.868422862754214,5.016901508588299,4.809775911310118,4.957185289766695,3547090.9
2022-10-23,4.957185289766695,5.024897215363103,4.845476740961022,4.912579378837596,5316246.24
2022-10-24,4.912579378837596,5.007120306815082,4.712469861128624,4.804939292055955,5290350.02
2022-10-25,4.804939292055955,4.880327317332344,4.79012985054301,4.865331738524122,3989096.44
2022-10-26,4.865331738524122,4.903283810575916,4.838289843633296,4.876181611242679,3328855.93
2022-10-27,4.876181611242679,4.906457032118231,4.809926813864317,4.839977448967371,4981306.86
2022-10-28,4.839977448967371,4.946683448271189,4.793089685128158,4.899221749368166,5701545.07
2022-10-29,4.899221749368166,4.944920245108776,4.878750478088101,4.924344001149845,2642232.81
2022-10-30,4.924344001149845,5.022900054568917,4.878165184270398,4.976234625133132,3585482.83
2022-10-31,4.976234625133132,5.059295461884732,4.813221180783157,4.894924834901399,5073296.57
2022-11-01,4.894924834901399,4.998362933038814,4.870715315482281,4.973763490174457,3870637.2
2022-11-02,4.973763490174457,5.065971986182688,4.881756582923616,4.973961417581915,3363070.76
2022-11-03,4.973961417581915,5.156046277537782,4.882427786839693,5.062876383666482,3980064.77
2022-11-04,5.062876383666482,5.201421033964088,5.006001194070832,5.143638580413316,4169003.93
2022-11-05,5.143638580413316,5.292778760021528,5.053713190435915,5.201835915575221,2867073.23
2022-11-06,5.201835915575221,5.278859576277834,5.116167752863401,5.193061490525601,3887241.74
2022-11-07,5.193061490525601,5.298045288094898,5.149329202358487,5.253801490639268,4165492.21
2022-11-08,5.253801490639268,5.41476440970635,5.190169932185009,5.349968126448772,3361172.1
2022-11-09,5.349968126448772,5.425668880096526,5.3280380828046265,5.403519324842178,3127171.81
2022-11-10,5.403519324842178,5.481162769458505,5.344492778087156,5.421935054380529,3321874.29
2022-11-11,5.421935054380529,5.578478182273407,5.330089518856779,5.485554949710148,2981042.03
2022-11-12,5.485554949710148,5.554312650599559,5.371404947268185,5.439586464455407,4700440.39
2022-11-13,5.439586464455407,5.62500348025148,5.391301697534517,5.575512161938418,2971571.8
2022-11-14,5.575512161938418,5.653257513530133,5.350378668285465,5.426039765793606,3983902.6
2022-11-15,5.426039765793606,5.5360254107879205,5.3197794695668605,5.429693560838645,3460632.32
2022-11-16,5.429693560838645,5.447148220411245,5.377322926628872,5.394664980963223,3185008.57
2022-11-17,5.394664980963223,5.437533998064775,5.2970387123816876,5.339469112322574,5353941.26
2022-11-18,5.339469112322574,5.392390031989323,5.313802782440234,5.36659331857804,3677764.88
2022-11-19,5.36659331857804,5.469766371978175,5.16876540875318,5.270083046840748,3214433.74
2022-11-20,5.270083046840748,5.522526523612779,5.207757813545092,5.457979186671653,3138425.97
2022-11-21,5.457979186671653,5.481634310874387,5.317007379957475,5.3401518351857495,4136157.63
2022-11-22,5.3401518351857495,5.409675597958856,5.1904949366101905,5.258961679793362,4672284.0
2022-11-23,5.258961679793362,5.316850034004424,5.114156781883956,5.171077748143831,5221004.28
2022-11-24,5.171077748143831,5.204272855823331,5.155214078990035,5.1883561804401195,3644018.3
2022-11-25,5.1883561804401195,5.367717831648892,5.097242088089123,5.275080746305784,3589698.84
2022-11-26,5.275080746305784,5.399474123029589,5.197191368930687,5.320908080649638,3926465.49
2022-11-27,5.320908080649638,5.46159836328557,5.309764511817229,5.450184052004065,3962131.88
2022-11-28,5.450184052004065,5.555231447355906,5.274472500225802,5.378131140517827,3132987.11
2022-11-29,5.378131140517827,5.463007176930845,5.3519567096140905,5.436548439172687,5477254.99
2022-11-30,5.436548439172687,5.447447175506408,5.399613388154916,5.410459824221502,3821169.42
2022-12-01,5.410459824221502,5.483776530339982,5.3580276641297155,5.431143922964256,4343524.3
2022-12-02,5.431143922964256,5.555442974312409,5.406518658153858,5.5303678199807225,4225403.28
2022-12-03,5.5303678199807225,5.598184855284318,5.315206009391981,5.381193773678939,4203780.8
2022-12-04,5.381193773678939,5.600794788982239,5.340265850219684,5.55851818339527,2956413.49
2022-12-05,5.55851818339527,5.588162903465068,5.51649261730606,5.546070953741487,3793924.4
2022-12-06,5.546070953741487,5.655529372110147,5.29732373457743,5.403977772142358,6720665.21
2022-12-07,5.403977772142358,5.447150811422163,5.301484046644845,5.344179349009428,5650778.06
2022-12-08,5.344179349009428,5.404347010204286,5.293595629235013,5.353673427093713,3952123.31
2022-12-09,5.353673427093713,5.392735554966305,5.255782282953115,5.294412020491458,3466983.66
2022-12-10,5.294412020491458,5.384765215341942,5.034551244676426,5.121961438303316,2182685.87
2022-12-11,5.121961438303316,5.159036711741812,5.093574947185737,5.130602331812534,3355722.25
2022-12-12,5.130602331812534,5.152652816666582,5.049653812927357,5.071450071095205,3726227.36
2022-12-13,5.071450071095205,5.217486234519575,4.980842328664673,5.125905576969887,3510196.26
2022-12-14,5.125905576969887,5.153075315416027,5.011682871132528,5.038388728642317,3571838.54
2022-12-15,5.038388728642317,5.318491272625012,4.950504697738487,5.227311877128604,4439798.11
2022-12-16,5.227311877128604,5.337071932638278,5.162455574770632,5.271665328155989,2959179.8
2022-12-17,5.271665328155989,5.37810052599929,5.182992276035634,5.289133644728288,4068050.92
2022-12-18,5.289133644728288,5.360931858798682,5.271876020079048,5.343496855405094,3696684.55
2022-12-19,5.343496855405094,5.446867744511502,5.088099348216988,5.188471239440518,3047815.75
2022-12-20,5.188471239440518,5.226843765337304,5.109323975656634,5.147392695787254,5774936.5
2022-12-21,5.147392695787254,5.315289187323369,5.131665943858281,5.299098929606833,4581165.94
2022-12-22,5.299098929606833,5.3826548262691,5.189117401538897,5.272249944906402,3121773.03
2022-12-23,5.272249944906402,5.299729793754044,5.2400284033963755,5.267483408257482,4324574.86
2022-12-24,5.267483408257482,5.3113089426175,5.184862608582969,5.22836265776113,2684878.59
2022-12-25,5.22836265776113,5.422734479028776,5.161942517830512,5.3547092555841616,3219194.82
2022-12-26,5.3547092555841616,5.372032249086831,5.31685269620375,5.334109046070224,5295691.23
2022-12-27,5.334109046070224,5.364165704993273,5.197998275186009,5.227453953568533,4149051.63
2022-12-28,5.227453953568533,5.51035393477561,5.1709801992557285,5.451460174017878,4066572.05
2022-12-29,5.451460174017878,5.503762864691685,5.280635900992143,5.331790450001432,4863425.8
2022-12-30,5.331790450001432,5.395965591383193,5.259902987556136,5.323984170046514,4427435.82
2022-12-31,5.323984170046514,5.40445827455458,5.172970001006158,5.252361500836399,3555473.26
2023-01-01,5.252361500836399,5.296238998235563,5.1501172850991725,5.193503087500256,4802334.86
2023-01-02,5.193503087500256,5.241695173683809,5.0581649271686056,5.105540784534341,2491194.15
2023-01-03,5.105540784534341,5.140783640827738,5.026643781171514,5.061583204243915,3215980.86
2023-01-04,5.061583204243915,5.185379936931018,5.02051075400593,5.1436416198965205,3709003.81
2023-01-05,5.1436416198965205,5.15865346714269,4.97333955145895,4.98789685369355,4357651.73
2023-01-06,4.98789685369355,5.154926134692755,4.9258362719391755,5.091575558195969,3503460.71
2023-01-07,5.091575558195969,5.2093743410741595,5.0655575202450125,5.182889686370657,2432661.45
2023-01-08,5.182889686370657,5.304317445171024,5.105700074374376,5.226478655625594,2348745.82
2023-01-09,5.226478655625594,5.2522451229602485,5.21205627980175,5.237791529460252,3735859.41
2023-01-10,5.237791529460252,5.278155524088683,5.2216708280466,5.261960436413132,3372172.45
2023-01-11,5.261960436413132,5.423895249733692,5.224472073986675,5.385526551666512,3026802.45
2023-01-12,5.385526551666512,5.438796283411793,5.183923220784092,5.235711086351186,2902821.64
2023-01-13,5.235711086351186,5.375221329909105,5.1598720712803585,5.29847320861418,3929236.29
2023-01-14,5.29847320861418,5.375085429151973,5.1596115168141985,5.235310447965012,5262290.48
2023-01-15,5.235310447965012,5.4101266813343925,5.133112876622812,5.306538676316693,3929319.24
2023-01-16,5.306538676316693,5.350740024903346,5.210802384027291,5.254570861463896,5279871.25
2023-01-17,5.254570861463896,5.332108022604577,5.238448170255198,5.3157974687314,3460811.67
2023-01-18,5.3157974687314,5.408838590928463,5.09374994628342,5.184492875830176,4245508.68
2023-01-19,5.184492875830176,5.263045605704417,4.968190016342525,5.044623518726364,5328186.19
2023-01-20,5.044623518726364,5.060898456269871,5.019709051590044,5.035956026115026,3652940.37
2023-01-21,5.035956026115026,5.173272205424293,5.018329717216591,5.155228432143559,3824753.97
2023-01-22,5.155228432143559,5.2559042538168805,5.100688963371808,5.200881797659477,3460385.96
2023-01-23,5.200881797659477,5.289084591207426,5.158496643990165,5.246329060114068,4406706.68
2023-01-24,5.246329060114068,5.388437509654352,5.179518649987084,5.320680259542622,4761530.22
2023-01-25,5.320680259542622,5.352311152781367,5.255694007752223,5.287125420949808,4148808.15
2023-01-26,5.287125420949808,5.4432948766174505,5.185252537192785,5.340395577922827,3588163.72
2023-01-27,5.340395577922827,5.400306436670794,5.231651340578249,5.2910081498775625,2611879.76
2023-01-28,5.2910081498775625,5.3730872367052935,5.183051427257675,5.264722750284176,3754269.1
2023-01-29,5.264722750284176,5.287172162874789,5.22674991558109,5.24913285096127,3621950.24
2023-01-30,5.24913285096127,5.317920903710246,5.135281897062401,5.203471574733643,4030941.98
2023-01-31,5.203471574733643,5.294913409922598,5.107140817239458,5.198495201445053,3912588.3
2023-02-01,5.198495201445053,5.211043492302482,5.16516416269212,5.177662166115083,5629964.32
2023-02-02,5.177662166115083,5.238343080138342,5.059142109154951,5.119137124229821,3192801.02
2023-02-03,5.119137124229821,5.1521131170908285,5.075153933079278,5.108058561057648,2563017.57
2023-02-04,5.108058561057648,5.17587703694545,5.053856960055705,5.121532464377509,2855843.41
2023-02-05,5.121532464377509,5.2070001491481746,4.947554218534416,5.031519779511273,3243312.94
2023-02-06,5.031519779511273,5.139362245124463,4.9589588612444135,5.066299755345531,4980363.4
2023-02-07,5.066299755345531,5.1452376924770675,4.948138692758254,5.026455822191416,2747497.29
2023-02-08,5.026455822191416,5.07252955164847,4.997250649480782,5.043226933892836,2840700.05
2023-02-09,5.043226933892836,5.12888795249733,4.904899491030096,4.989650494593881,4214275.2
2023-02-10,4.989650494593881,5.142265295569748,4.924526284419276,5.076013882709282,4698896.01
2023-02-11,5.076013882709282,5.172713789876423,5.059529841767033,5.155970096079545,2579747.13
2023-02-12,5.155970096079545,5.246347901151918,4.980640362240561,5.0695024968014675,2439974.0
2023-02-13,5.0695024968014675,5.128819013328547,5.0542757678562955,5.1134602531158375,3121666.26
2023-02-14,5.1134602531158375,5.248662979017905,5.100585219126997,5.235480713234234,4478739.3
2023-02-15,5.235480713234234,5.324522885480225,5.068447610377199,5.156140406385276,3938530.74
2023-02-16,5.156140406385276,5.16766142427142,5.073173428667403,5.084534448287599,3150331.23
2023-02-17,5.084534448287599,5.164617068738685,5.0662717478107755,5.146133117318688,4571578.99
2023-02-18,5.146133117318688,5.157995746815671,5.027094761904238,5.0387097640254055,3919944.12
2023-02-19,5.0387097640254055,5.1286256272635224,4.887313602023658,4.9761124144719675,3699146.74
2023-02-20,4.9761124144719675,4.990068015251867,4.881689248389762,4.895418541686998,2538095.09
2023-02-21,4.895418541686998,4.9988807252767575,4.852788078472741,4.955725098295362,3134192.08
2023-02-22,4.955725098295362,4.984992930100979,4.87197593391306,4.90092009489558,6198039.03
2023-02-23,4.90092009489558,4.94086209490765,4.8391379149353595,4.878900457140641,3493582.75
2023-02-24,4.878900457140641,4.914178161966997,4.785715099071521,4.820571043326762,2991582.95
2023-02-25,4.820571043326762,5.000136448331121,4.733889024072469,4.911813731250709,3453672.73
2023-02-26,4.911813731250709,4.989600651777056,4.767634288460006,4.844352851268216,3914831.2
2023-02-27,4.844352851268216,4.931213569441725,4.650597380601638,4.7355064497317505,4739051.64
2023-02-28,4.7355064497317505,4.806353258728128,4.556951846283592,4.626162790259013,4438304.02
2023-03-01,4.626162790259013,4.716245153839707,4.589402071908704,4.679064067885539,3208655.7
2023-03-02,4.679064067885539,4.763444538775853,4.654053477769828,4.7381182913074795,5222077.31
2023-03-03,4.7381182913074795,4.891427702034321,4.68345921348941,4.835643569616809,4658405.2
2023-03-04,4.835643569616809,4.876359835355693,4.698356408887044,4.738252640040647,3399803.62
2023-03-05,4.738252640040647,4.802604905365793,4.656933440888929,4.721052098190834,3680142.61
2023-03-06,4.721052098190834,4.924533052264723,4.708301543672354,4.911268763115485,4415708.68
2023-03-07,4.911268763115485,4.984120935246202,4.815293582552316,4.887797590906966,4971277.95
2023-03-08,4.887797590906966,4.92392850931473,4.8080676766761545,4.84387390835932,2599538.96
2023-03-09,4.84387390835932,4.893864281138072,4.792800359215445,4.842779436686357,3867520.27
2023-03-10,4.842779436686357,4.9809864948879055,4.747788070066989,4.88516375764274,3770546.33
2023-03-11,4.88516375764274,4.95555252470687,4.856437245844573,4.926582456133559,3294790.47
2023-03-12,4.926582456133559,4.946869139781205,4.858182104755882,4.878269846716841,3290536.99
2023-03-13,4.878269846716841,4.906449901763562,4.8048185770175715,4.8327355966617045,4946079.14
2023-03-14,4.8327355966617045,4.872978092669009,4.770042835018889,4.810096816466814,4343457.09
2023-03-15,4.810096816466814,4.866145195957484,4.698601916117768,4.753996602722532,6434407.18
2023-03-16,4.753996602722532,4.847384455428358,4.568685668470004,4.660231594582073,3295483.4
2023-03-17,4.660231594582073,4.884270626830269,4.577941686949815,4.799521157893724,3932536.69
2023-03-18,4.799521157893724,4.870886274771863,4.697579604267004,4.768483211211174,4105904.79
2023-03-19,4.768483211211174,4.839865172315596,4.671019701464921,4.742005300644923,4754169.8
2023-03-20,4.742005300644923,4.775711953907786,4.684522589142395,4.718059029890916,5336682.75
2023-03-21,4.718059029890916,4.806302985247337,4.624302234822917,4.712441115835425,3889979.81
2023-03-22,4.712441115835425,4.801936852473011,4.6572492934418,4.746347915711126,2890146.55
2023-03-23,4.746347915711126,4.7697254407406575,4.68799312211355,4.71119751839067,3181273.23
2023-03-24,4.71119751839067,4.891356154176948,4.62118799195903,4.799656578021251,3938039.34
2023-03-25,4.799656578021251,4.9008843450709305,4.746296556906069,4.84699800720376,5031366.01
2023-03-26,4.84699800720376,4.870259810356888,4.8093702840975325,4.832562809581252,2646927.61
2023-03-27,4.832562809581252,4.906182936418764,4.70831470672509,4.781151626395697,2836299.94
2023-03-28,4.781151626395697,4.896837442827626,4.751469176079404,4.866624358820573,4591879.6
2023-03-29,4.866624358820573,4.892797088488171,4.828296143981956,4.854403147917384,2749981.74
2023-03-30,4.854403147917384,4.88749389846305,4.725607132574425,4.758041016528115,2868374.11
2023-03-31,4.758041016528115,4.8981202898623515,4.6989985994320405,4.838084613684906,5048723.45
2023-04-01,4.838084613684906,4.8732410890396105,4.747201013246493,4.781949577168178,3595455.23
2023-04-02,4.781949577168178,4.863637345363138,4.7688726544892255,4.850373308239296,3527354.2
2023-04-03,4.850373308239296,4.893905151526492,4.615214180857293,4.657010604126669,5349882.09
2023-04-04,4.657010604126669,4.685972445231993,4.600975320397853,4.6297677387542855,2913213.89
2023-04-05,4.6297677387542855,4.771149104088613,4.577886320007414,4.718275858733101,2770436.62
2023-04-06,4.718275858733101,4.767687285153149,4.669809215451677,4.719211035632802,5710486.35
2023-04-07,4.719211035632802,4.782013543995611,4.703139784402676,4.765783689808327,4028248.41
2023-04-08,4.765783689808327,4.796359303536145,4.666949963615978,4.697084829303378,4503825.98
2023-04-09,4.697084829303378,4.757587812567167,4.663891860036382,4.724203205410416,3515669.75
2023-04-10,4.724203205410416,4.775711084301255,4.673534900671495,4.725033870464175,3700068.97
2023-04-11,4.725033870464175,4.823975664142052,4.6456535897180595,4.744272180953461,3186934.98
2023-04-12,4.744272180953461,4.9335554587052135,4.716115643962113,4.904448300697892,4114556.6
2023-04-13,4.904448300697892,5.034235346061742,4.880674673728212,5.00995031284866,4677876.65
2023-04-14,5.00995031284866,5.085575907892104,4.9998382872760905,5.0753319168487545,3990819.28
2023-04-15,5.0753319168487545,5.209047744444663,5.0097735631288,5.142620223801113,4954160.64
2023-04-16,5.142620223801113,5.1830490222137975,5.028053738132492,5.067895083554304,4484378.81
2023-04-17,5.067895083554304,5.1391638600134755,4.95913657389356,5.029870620066567,2923818.59
2023-04-18,5.029870620066567,5.102414246467515,4.836124738289578,4.9068947372610285,3664951.36
2023-04-19,4.9068947372610285,4.920656925527667,4.793913829034619,4.807396959521811,3397033.0
2023-04-20,4.807396959521811,4.853218233614026,4.6941100780438525,4.739282121651864,4587611.86
2023-04-21,4.739282121651864,4.83133646154523,4.645566006780846,4.737587429501694,4264811.29
2023-04-22,4.737587429501694,4.770525924659091,4.612587234118847,4.644881180892427,3922961.03
2023-04-23,4.644881180892427,4.698445522529243,4.588926994687241,4.6424634553357915,4895900.68
2023-04-24,4.6424634553357915,4.696690419500859,4.577309455734242,4.631407276608595,2383526.21
2023-04-25,4.631407276608595,4.662391032971064,4.517050079366243,4.547472317345034,3268131.81
2023-04-26,4.547472317345034,4.736698662132145,4.474591730927093,4.661982859384673,3338191.91
2023-04-27,4.661982859384673,4.671615875136339,4.553951987206288,4.563381263313958,4046833.26
2023-04-28,4.563381263313958,4.675669976885756,4.535625732894671,4.647403404552049,4363190.76
2023-04-29,4.647403404552049,4.706265050196019,4.424242159201808,4.480996175597644,3798757.81
2023-04-30,4.480996175597644,4.5639451773720685,4.3884129789579065,4.471180275803894,2735354.66
2023-05-01,4.471180275803894,4.480889715424864,4.376111728692282,4.385635402423322,4206765.29
2023-05-02,4.385635402423322,4.4418400458237635,4.284190954756194,4.3398082952967805,3923627.17
2023-05-03,4.3398082952967805,4.478890727395175,4.3308656827021625,4.469680500027119,2632206.95
2023-05-04,4.469680500027119,4.528728171930678,4.386375078299003,4.445097997789795,3529480.15
2023-05-05,4.445097997789795,4.48692066864924,4.3255574524018385,4.366641952503162,4172465.9
2023-05-06,4.366641952503162,4.445062522753687,4.3237607540029055,4.401835715260709,5744846.96
2023-05-07,4.401835715260709,4.487298118211783,4.292022513894435,4.377002781127451,2894271.24
2023-05-08,4.377002781127451,4.450889872587787,4.314497280980565,4.388224126753216,4629881.05
2023-05-09,4.388224126753216,4.412514980746453,4.300153156507322,4.324088992814739,2903400.48
2023-05-10,4.324088992814739,4.41036351851056,4.179215241520115,4.264296788987677,2765852.61
2023-05-11,4.264296788987677,4.2925272830660175,4.182750268943165,4.210625448054616,2806963.39
2023-05-12,4.210625448054616,4.32722304841919,4.150218456153759,4.266021329323423,4420507.69
2023-05-13,4.266021329323423,4.326792125276564,4.190282823717385,4.250837318733879,3925423.91
2023-05-14,4.250837318733879,4.324355764033711,4.10733884265991,4.179625679068865,3512502.49
2023-05-15,4.179625679068865,4.2295688301346726,4.141258371493627,4.191096227470265,4260809.06
2023-05-16,4.191096227470265,4.2579582303488905,4.130210658597892,4.196987082891818,3838978.9
2023-05-17,4.196987082891818,4.292927506178386,4.141305909894996,4.236719209468821,3906456.9
2023-05-18,4.236719209468821,4.278474446106785,4.16277495439888,4.204209792556553,3522318.79
2023-05-19,4.204209792556553,4.281934001108754,4.1217685943142595,4.199403956247965,2939132.01
2023-05-20,4.199403956247965,4.256355265752475,4.171961973976969,4.228721699864156,5799825.59
2023-05-21,4.228721699864156,4.254250172964883,4.13538964462831,4.160506306558509,5393038.58
2023-05-22,4.160506306558509,4.277592650762021,4.1049760763408925,4.221251653097035,5655003.58
2023-05-23,4.221251653097035,4.245771603015501,4.198352209286329,4.222863415715764,3320689.18
2023-05-24,4.222863415715764,4.29439832723535,4.078291481605761,4.148567832897367,3204381.65
2023-05-25,4.148567832897367,4.1822299537041125,4.042023507864506,4.075089413415064,3425987.76
2023-05-26,4.075089413415064,4.11412791648143,4.030009739775895,4.068989809918304,4970536.6
2023-05-27,4.068989809918304,4.127101842428499,3.975684776425888,4.033286911369837,3799817.54
2023-05-28,4.033286911369837,4.156668414085169,3.960962694222101,4.083444774636398,3317472.32
2023-05-29,4.083444774636398,4.1423256580619645,4.006342015300283,4.064956305827765,4161878.3
2023-05-30,4.064956305827765,4.10056218983919,4.049933470996885,4.085463566447267,3161001.26
2023-05-31,4.085463566447267,4.118494938839114,3.997472665142211,4.030056062446732,2707845.85
2023-06-01,4.030056062446732,4.092526495385456,3.9665613134594646,4.02901561833619,3924778.07
2023-06-02,4.02901561833619,4.191909917573769,3.9551254398182594,4.1164168432803985,3340039.94
2023-06-03,4.1164168432803985,4.171613416205701,4.051936311705927,4.107006705141692,3787007.17
2023-06-04,4.107006705141692,4.159292147205375,4.018964984021944,4.070789350530565,1942131.65
2023-06-05,4.070789350530565,4.10671794210566,3.979159049542897,4.014591642845169,3040376.84
2023-06-06,4.014591642845169,4.0571661056937876,3.9712639910526075,4.013830380770306,3757435.78
2023-06-07,4.013830380770306,4.147315449655098,3.9745747349557887,4.107147156827146,2601019.3
2023-06-08,4.107147156827146,4.119440573499168,4.005706843397385,4.017732626591777,2623223.57
2023-06-09,4.017732626591777,4.027348474865502,4.005331944972332,4.014941112169532,3837009.97
2023-06-10,4.014941112169532,4.06759011505784,3.8540636168922857,3.9052745324182223,4528526.21
2023-06-11,3.9052745324182223,3.948924169004149,3.836434482112514,3.87979938042531,3040652.25
2023-06-12,3.87979938042531,3.921795956078359,3.854937492267258,3.8968249673723157,3558963.68
2023-06-13,3.8968249673723157,3.967238713672508,3.72996513935868,3.798604081661847,3579579.72
2023-06-14,3.798604081661847,3.820327189974428,3.750150297477085,3.771719661636398,2571328.04
2023-06-15,3.771719661636398,3.845344817131516,3.7166186888382953,3.78997712148842,5108841.09
2023-06-16,3.78997712148842,3.8599863327710917,3.728615374116276,3.798486809027157,3630105.47
2023-06-17,3.798486809027157,3.885286850973883,3.733441195930285,3.819874984923106,3639845.25
2023-06-18,3.819874984923106,3.8852389242967456,3.6960291881689726,3.760374991083856,4171380.01
2023-06-19,3.760374991083856,3.8401248261232133,3.6990986592901938,3.778552290301858,2572819.35
2023-06-20,3.778552290301858,3.817246188955274,3.704050166544309,3.742373580626375,4782601.48
2023-06-21,3.742373580626375,3.8365156842413377,3.6928604509693033,3.786419805060646,4941425.04
2023-06-22,3.786419805060646,3.852450441012076,3.5838952008309155,3.64750329894577,3935878.03
2023-06-23,3.64750329894577,3.6823924299549478,3.5960907233163795,3.630820277742707,4265473.43
2023-06-24,3.630820277742707,3.6882613601631156,3.5797150679287104,3.6370682082927144,3502514.69
2023-06-25,3.6370682082927144,3.7361241581252314,3.6193496705631243,3.7180112936933405,4715356.76
2023-06-26,3.7180112936933405,3.768975876957078,3.672783667975897,3.723679302928295,3093385.55
2023-06-27,3.723679302928295,3.7524572011551625,3.7067781695284445,3.7355024047503007,3769345.9
2023-06-28,3.7355024047503007,3.8109546895665645,3.6836340652763373,3.758763366110899,3825988.78
2023-06-29,3.758763366110899,3.870107655163764,3.7257503084981285,3.8364126075897103,3763426.89
2023-06-30,3.8364126075897103,3.859819223910346,3.7898866494378716,3.813151344774101,4964351.03
2023-07-01,3.813151344774101,3.8455378822526773,3.6960856796360972,3.7277468443709627,6566968.27
2023-07-02,3.7277468443709627,3.7822670364351096,3.579818333273166,3.632952104085331,3697074.4
2023-07-03,3.632952104085331,3.7401143908906893,3.5663070449817074,3.6727394487982465,4274172.32
2023-07-04,3.6727394487982465,3.694610666303049,3.664648194165344,3.6864891203589147,3109289.39
2023-07-05,3.6864891203589147,3.7049999519407204,3.6531730458986518,3.6716091612919,4918390.96
2023-07-06,3.6716091612919,3.725593565570586,3.5837958994438197,3.6372754888658045,3338861.57
2023-07-07,3.6372754888658045,3.6930291008230918,3.592765321187498,3.6483830079071904,8341833.99
2023-07-08,3.6483830079071904,3.6895977535310016,3.6201252057695132,3.661240367353366,2502564.78
2023-07-09,3.661240367353366,3.740955344937812,3.6109651718408973,3.6902813660242115,6500391.19
2023-07-10,3.6902813660242115,3.755264918614674,3.561073289597145,3.6249056160161004,4868600.94
2023-07-11,3.6249056160161004,3.648988097347806,3.499602978721103,3.5230084946964992,2870369.04
2023-07-12,3.5230084946964992,3.5608530013991486,3.434279027358188,3.471570987253722,6786010.16
2023-07-13,3.471570987253722,3.479811844619757,3.3886171397705964,3.396680220525146,3012886.12
2023-07-14,3.396680220525146,3.4613120059496505,3.2574286197241644,3.320613003650832,3512817.26
2023-07-15,3.320613003650832,3.462639581869707,3.266056702786215,3.4066694097774555,2747943.81
2023-07-16,3.4066694097774555,3.4444549252552643,3.2475853057645674,3.2840103321788368,3663386.86
2023-07-17,3.2840103321788368,3.3752289863877905,3.2188031417833205,3.309515368905375,3750265.91
2023-07-18,3.309515368905375,3.3790006458583157,3.2897776332692295,3.358967978059242,4676307.2
2023-07-19,3.358967978059242,3.4661541757829393,3.3072685235911905,3.413613644190461,6990691.6
2023-07-20,3.413613644190461,3.4837579734303117,3.359504050903262,3.4293981776380544,3342639.98
2023-07-21,3.4293981776380544,3.5634530287884347,3.371251343935967,3.5040406025698725,1909503.88
2023-07-22,3.5040406025698725,3.6590347881668346,3.4538216266050448,3.607335418432794,4468825.41
2023-07-23,3.607335418432794,3.626925525423831,3.5706042742088235,3.590100786274864,3311573.28
2023-07-24,3.590100786274864,3.629857305673271,3.5770184082054484,3.616678079570984,5987143.48
2023-07-25,3.616678079570984,3.7121261884205774,3.5977034321287844,3.6927524222841996,3767286.25
2023-07-26,3.6927524222841996,3.757189967571475,3.5783327417654185,3.6418826226101855,3143159.09
2023-07-27,3.6418826226101855,3.6755187295133998,3.5943492006266626,3.6278557566320453,2949863.54
2023-07-28,3.6278557566320453,3.6707768803597527,3.5491228996394524,3.591615262457474,4440303.57
2023-07-29,3.591615262457474,3.627887640538413,3.5827916912783375,3.6189968007532336,3547318.27
2023-07-30,3.6189968007532336,3.6582474032878767,3.4715737027643434,3.5096382336086616,5484510.68
2023-07-31,3.5096382336086616,3.626478470445182,3.4767639898457428,3.5928250287142305,3605115.08
2023-08-01,3.5928250287142305,3.666620033791265,3.551068913024021,3.6244958372910063,5412202.39
2023-08-02,3.6244958372910063,3.691819476124134,3.5927636595546004,3.6597784022891324,2691147.05
2023-08-03,3.6597784022891324,3.672067790394282,3.510668415027149,3.5224968171122506,2460454.65
2023-08-04,3.5224968171122506,3.5323291122805553,3.454274189798105,3.463943044655772,4675321.69
2023-08-05,3.463943044655772,3.616921836228171,3.397794391546007,3.5491461158350623,3383445.83
2023-08-06,3.5491461158350623,3.5948191395929636,3.4938039764533824,3.5393509487943056,3557696.74
2023-08-07,3.5393509487943056,3.5874193443921483,3.395357946172239,3.442105640312165,2950434.87
2023-08-08,3.442105640312165,3.518741142622608,3.3785040012181033,3.4549030391011937,2896855.16
2023-08-09,3.4549030391011937,3.5352164085960975,3.4137361174696537,3.4935885297270177,4454513.46
2023-08-10,3.4935885297270177,3.570349853886282,3.447892562714817,3.52425279972307,3782137.19
2023-08-11,3.52425279972307,3.5644810689651596,3.4759316196026155,3.5160664440957037,2915236.01
2023-08-12,3.5160664440957037,3.600374467603984,3.497897029071237,3.581865035706115,4630371.2
2023-08-13,3.581865035706115,3.609112986279832,3.514760306873873,3.5417027349403813,5097394.03
2023-08-14,3.5417027349403813,3.6373143151235436,3.4782420859676324,3.57328772260194,3698003.34
2023-08-15,3.57328772260194,3.617314290288986,3.5375921578728446,3.581536325661729,4883201.48
2023-08-16,3.581536325661729,3.6018604398890735,3.55393858606688,3.574221189150254,2958107.91
2023-08-17,3.574221189150254,3.6346424229723113,3.4926589987931336,3.5527167051821364,4389886.15
2023-08-18,3.5527167051821364,3.5654051902054014,3.520751466369229,3.533370857931497,3956811.88
2023-08-19,3.533370857931497,3.583398639724644,3.485629558057232,3.535626857806216,3117747.52
2023-08-20,3.535626857806216,3.5872549320544063,3.46788851705122,3.519277859288568,6348799.32
2023-08-21,3.519277859288568,3.5883975066362157,3.492996492628838,3.56179860232161,4027697.27
2023-08-22,3.56179860232161,3.5796215799205373,3.5136912135232916,3.5313618880480564,3278204.98
2023-08-23,3.5313618880480564,3.659273960470043,3.495803652452878,3.6227950596022556,3818688.65
2023-08-24,3.6227950596022556,3.6792765411846147,3.533275601030065,3.5892338437417965,3057438.49
2023-08-25,3.5892338437417965,3.7090809480436913,3.524769595778191,3.6436395492333777,2845621.42
2023-08-26,3.6436395492333777,3.763185583626147,3.5828779822892898,3.7014598024293,3396162.66
2023-08-27,3.7014598024293,3.7266033076911396,3.686759360196732,3.711861554633772,3454138.09
2023-08-28,3.711861554633772,3.7392533706527815,3.6895533463918957,3.716914792559475,3107932.19
2023-08-29,3.716914792559475,3.7656277234437616,3.625485446222719,3.673631112307513,5195430.0
2023-08-30,3.673631112307513,3.7279214362135353,3.589513807097633,3.6433567245363467,3137909.84
2023-08-31,3.6433567245363467,3.664682017706056,3.6354969538307453,3.6567932605190623,3010011.22
2023-09-01,3.6567932605190623,3.673491374756466,3.6378482810690174,3.654536088319793,2825176.97
2023-09-02,3.654536088319793,3.7395545023695633,3.6410424288475016,3.7257977232530846,2757998.68
2023-09-03,3.7257977232530846,3.756125591530417,3.6687331037351476,3.6988415496652256,4912897.98
2023-09-04,3.6988415496652256,3.75156647012847,3.623293612054034,3.6756884987069998,4053346.59
2023-09-05,3.6756884987069998,3.745443858686926,3.5102363096032545,3.578140452018225,4515802.68
2023-09-06,3.578140452018225,3.6291739429013847,3.5652182856076813,3.616114635780892,4901799.28
2023-09-07,3.616114635780892,3.6896812353373187,3.5759408888236557,3.649140581869963,3496198.12
2023-09-08,3.649140581869963,3.740157105681384,3.617377007237684,3.707882220405466,5490728.86
2023-09-09,3.707882220405466,3.805595558719051,3.673881726376974,3.7710161400296394,3248776.69
2023-09-10,3.7710161400296394,3.83235935527327,3.7588552399832005,3.820040360267799,2889459.79
2023-09-11,3.820040360267799,3.900191979641008,3.7925751257092366,3.872350645845859,4172040.45
2023-09-12,3.872350645845859,3.9369196620779663,3.8470091780453655,3.9113231501060786,3939831.82
2023-09-13,3.9113231501060786,4.019702783931635,3.8529295376789574,3.96057388872871,3938267.89
2023-09-14,3.96057388872871,4.014253328822389,3.792289019416641,3.844393818743076,4898021.76
2023-09-15,3.844393818743076,3.8961147094781716,3.726019852457123,3.7768317915100775,3902251.94
2023-09-16,3.7768317915100775,3.8196861744918396,3.6586424426186794,3.70063221579492,4109346.52
2023-09-17,3.70063221579492,3.8089480680182293,3.670444184954821,3.778127863842116,5338270.43
2023-09-18,3.778127863842116,3.8022635151510493,3.7070276484282028,3.7308613490992713,4061983.13
2023-09-19,3.7308613490992713,3.7390808410119076,3.685631474448403,3.6937692484431546,4299788.46
2023-09-20,3.6937692484431546,3.7118196741209006,3.6765462928049217,3.6945928781405173,2665982.02
2023-09-21,3.6945928781405173,3.7166047738354147,3.599624349137179,3.6211989736567607,9629092.04
2023-09-22,3.6211989736567607,3.7153251083899774,3.5503678017480707,3.6440470253100954,2553054.52
2023-09-23,3.6440470253100954,3.7149898058490867,3.4520963104412985,3.520636519227395,3320677.17
2023-09-24,3.520636519227395,3.576325915637328,3.399764584702261,3.454406352944884,3295669.21
2023-09-25,3.454406352944884,3.5109752431656673,3.409547886547033,3.465966656190871,6436628.94
2023-09-26,3.465966656190871,3.514623806819463,3.3495349435056414,3.3972270902124615,3270200.26
2023-09-27,3.3972270902124615,3.514448423804435,3.353709008795063,3.469998153582325,4243850.21
2023-09-28,3.469998153582325,3.520386010251775,3.4226571680362534,3.473004015898731,3301277.84
2023-09-29,3.473004015898731,3.5588328748082754,3.452352615917237,3.537796203352101,2929924.93
2023-09-30,3.537796203352101,3.6284948838015962,3.468523908960532,3.5588111043152244,4382371.01
2023-10-01,3.5588111043152244,3.6143979306933356,3.502948786001036,3.5585312410568437,3174847.12
2023-10-02,3.5585312410568437,3.5806524487754725,3.4800848322553324,3.5018537105039047,4002417.46
2023-10-03,3.5018537105039047,3.5954413468899435,3.462473044104616,3.5554578662246783,4444530.31
2023-10-04,3.5554578662246783,3.6394575271972194,3.497838430398126,3.581417393565772,6120781.54
2023-10-05,3.581417393565772,3.773236042063048,3.5155161549475316,3.7050596763962944,2771690.23
2023-10-06,3.7050596763962944,3.7890896297282675,3.672050555050187,3.755629967494518,3657563.69
2023-10-07,3.755629967494518,3.795842042395275,3.6919610778721164,3.7319192789912994,3695565.98
2023-10-08,3.7319192789912994,3.7783337318176824,3.703639210939919,3.749917276945239,3800881.79
2023-10-09,3.749917276945239,3.8092735601968393,3.716998896736111,3.776125116346792,7222501.76
2023-10-10,3.776125116346792,3.871971798423315,3.753095404255067,3.848500684512009,3638850.83
2023-10-11,3.848500684512009,3.9423721666391978,3.8387316092230663,3.9323901454456047,2023550.55
2023-10-12,3.9323901454456047,3.9697240779898753,3.8852790495540734,3.922519268442641,3616090.07
2023-10-13,3.922519268442641,3.96358967178073,3.806081632985432,3.846354560244566,3689189.42
2023-10-14,3.846354560244566,3.908042950195117,3.67293830021128,3.7328055751392943,3577773.43
2023-10-15,3.7328055751392943,3.7753863905887517,3.6230340396306513,3.6648395538892404,3175102.82
2023-10-16,3.6648395538892404,3.6937007152422603,3.6016458327494436,3.6302344739055057,2731021.34
2023-10-17,3.6302344739055057,3.758827317873428,3.592703763486906,3.720364806646274,6519996.42
2023-10-18,3.720364806646274,3.875950241333719,3.659609796522902,3.8136714965276104,4114735.0
2023-10-19,3.8136714965276104,3.9152834479116962,3.773028752781381,3.873997799688052,3621690.83
2023-10-20,3.873997799688052,3.9999765533037186,3.8275358043615078,3.9525721921718397,6468262.71
2023-10-21,3.9525721921718397,3.9727855712689437,3.8879270732018525,3.9079120612378437,3058231.0
2023-10-22,3.9079120612378437,3.916264969690253,3.805284323668734,3.8134352941619727,4417629.19
2023-10-23,3.8134352941619727,3.8848768759176355,3.681798679459228,3.752091026689639,2780791.84
2023-10-24,3.752091026689639,3.7776929234800023,3.605874119907466,3.6306473619159325,4584544.17
2023-10-25,3.6306473619159325,3.66062325791525,3.53657973037793,3.5660220572312946,2861589.51
2023-10-26,3.5660220572312946,3.580525918390871,3.5228859898092617,3.537272921385095,4274284.97
2023-10-27,3.537272921385095,3.587111524249545,3.4975353265402527,3.5472617156545923,6192321.22
2023-10-28,3.5472617156545923,3.6097598182528694,3.4931029068861394,3.555475601685819,3889822.26
2023-10-29,3.555475601685819,3.6064938589698703,3.465858880740004,3.51631521754498,2196479.17
2023-10-30,3.51631521754498,3.611096863788471,3.4551283858544806,3.549335452339403,3834135.31
2023-10-31,3.549335452339403,3.5747425242925535,3.4862012164595164,3.511336280396327,4284972.23
2023-11-01,3.511336280396327,3.539230427641173,3.48442561317932,3.5123122804194815,4759997.11
2023-11-02,3.5123122804194815,3.5803820296075597,3.3831533147401043,3.4500157367417397,5492584.67
2023-11-03,3.4500157367417397,3.547792330576566,3.4147607284784507,3.511904889662494,5563034.47
2023-11-04,3.511904889662494,3.5733002179609126,3.452127889385607,3.5134961327426533,3677621.12
2023-11-05,3.5134961327426533,3.5990301448620032,3.4677959595280283,3.552818504118964,3222448.36
2023-11-06,3.552818504118964,3.571490577716298,3.4654850666377897,3.483794379363457,2873047.84
2023-11-07,3.483794379363457,3.561274388405236,3.4167874731309813,3.494069845030757,3320162.18
2023-11-08,3.494069845030757,3.5547271114977956,3.4666764414622957,3.527074948897563,4280773.41
2023-11-09,3.527074948897563,3.574874741047236,3.3661674260393286,3.412413295094444,2712414.27
2023-11-10,3.412413295094444,3.500998139671968,3.38995524202967,3.4781077330072283,3014053.95
2023-11-11,3.4781077330072283,3.521104191184535,3.3665581798567636,3.4086965755012684,4373553.51
2023-11-12,3.4086965755012684,3.4609346852572953,3.3686782659260652,3.4207745791686435,3232899.09
2023-11-13,3.4207745791686435,3.5454525634419625,3.397859877354691,3.52186071712312,4168255.59
2023-11-14,3.52186071712312,3.6480881380052086,3.452135355643223,3.5772658721410204,3100066.36
2023-11-15,3.5772658721410204,3.5934791262587193,3.4763926740079794,3.4922204765940266,4083484.4
2023-11-16,3.4922204765940266,3.527052672033798,3.4478111510581453,3.4825468596586813,3133127.85
2023-11-17,3.4825468596586813,3.5624700232833133,3.4736148416244785,3.553356393326228,2361995.87
2023-11-18,3.553356393326228,3.604130325570685,3.4568658915675403,3.5069771099348066,4825866.41
2023-11-19,3.5069771099348066,3.5431616250186133,3.450980705908088,3.486958673474374,3193212.44
2023-11-20,3.486958673474374,3.529086943751444,3.423610754806504,3.4654795211376728,3570992.31
2023-11-21,3.4654795211376728,3.549062339581807,3.4149766389413343,3.4980843036640503,3197008.54
2023-11-22,3.4980843036640503,3.553186678003704,3.3585637484411897,3.4123150723543274,4354111.23
2023-11-23,3.4123150723543274,3.5143853917825414,3.34616769122549,3.4475548903605477,4130065.62
2023-11-24,3.4475548903605477,3.508066132718499,3.353373199713311,3.4132829025375355,4351516.64
2023-11-25,3.4132829025375355,3.4400037349136317,3.3863283230271253,3.4130473110791355,3312208.9
2023-11-26,3.4130473110791355,3.464552806660285,3.349683556220533,3.4010073597227684,3753050.51
2023-11-27,3.4010073597227684,3.4462276773486513,3.3895549448830833,3.434661935449742,4217570.03
2023-11-28,3.434661935449742,3.4499521004690736,3.418597476357787,3.4338841790205987,5591804.59
2023-11-29,3.4338841790205987,3.5516073551552814,3.398607793761804,3.5154926043309853,4102653.19
2023-11-30,3.5154926043309853,3.609502810337879,3.4793770987810366,3.5727985865760736,2956965.73
2023-12-01,3.5727985865760736,3.612469197667588,3.488226718189087,3.5273931697007477,4063215.04
2023-12-02,3.5273931697007477,3.644888633984622,3.49016666308153,3.606823851993793,3646441.01
2023-12-03,3.606823851993793,3.6750955543573305,3.5579700857610903,3.625982290594613,2305546.12
2023-12-04,3.625982290594613,3.7061490478858983,3.5564424115751674,3.6364091993369896,2395787.21
2023-12-05,3.6364091993369896,3.7060632827221784,3.617832950767444,3.6872274340613456,3737356.94
2023-12-06,3.6872274340613456,3.718326705994584,3.5952941683915194,3.6258759822844198,3816946.66
2023-12-07,3.6258759822844198,3.6379747275910566,3.5341948992500187,3.54602720687333,3530055.64
2023-12-08,3.54602720687333,3.5677373271427344,3.5261705271892625,3.5478703265460436,4740044.45
2023-12-09,3.5478703265460436,3.618017015595401,3.444073558001616,3.5135415152399183,3007817.17
2023-12-10,3.5135415152399183,3.644051966692142,3.504012717247337,3.63419595134818,2687072.43
2023-12-11,3.63419595134818,3.6554421906859904,3.568828728625421,3.5898155109966154,3091257.58
2023-12-12,3.5898155109966154,3.627339127930105,3.5550765872345913,3.5925735147513462,3262706.45
2023-12-13,3.5925735147513462,3.6303909407603663,3.566462517101213,3.604195474148564,3745154.07
2023-12-14,3.604195474148564,3.720794101347179,3.5616154455576283,3.677349825959969,3113012.9
2023-12-15,3.677349825959969,3.7502644597108534,3.547141715245342,3.61889735107662,2224583.01
2023-12-16,3.61889735107662,3.6719894667139217,3.4741409191012735,3.5258682231009506,1999055.31
2023-12-17,3.5258682231009506,3.640534077249653,3.4930583049865964,3.6069694725770067,3918821.05
2023-12-18,3.6069694725770067,3.6637274647176303,3.5554155581881437,3.612100217305984,2865508.1
2023-12-19,3.612100217305984,3.7250828632320405,3.5481638070788946,3.6602934037664707,2301733.19
2023-12-20,3.6602934037664707,3.734681416750875,3.637884902715456,3.711956630815041,4442584.9
2023-12-21,3.711956630815041,3.8312145739927694,3.6566309187295096,3.774949963282595,5591772.53
2023-12-22,3.774949963282595,3.82421723529837,3.7033350303599017,3.7523067838412083,3711315.63
2023-12-23,3.7523067838412083,3.8093747369444015,3.6569534361125924,3.7134301232096893,4063769.94
2023-12-24,3.7134301232096893,3.7264823946737713,3.5828490885712814,3.595486803094626,4072389.96
2023-12-25,3.595486803094626,3.6501128505123397,3.484558564292073,3.5383160189046667,2131260.38
2023-12-26,3.5383160189046667,3.5996233275210807,3.4810502706764512,3.5422932105774168,4745345.38
2023-12-27,3.5422932105774168,3.5931965990884893,3.452276482710643,3.502609610777979,5180862.3
2023-12-28,3.502609610777979,3.522050248175166,3.41967328742761,3.438759535871423,6014666.25
2023-12-29,3.438759535871423,3.458849773568802,3.421895172587083,3.4419696671597473,3406195.96
2023-12-30,3.4419696671597473,3.571996340374838,3.3893392668863713,3.5182003140652953,2861142.26
2023-12-31,3.5182003140652953,3.5662545369981618,3.4673919253449133,3.5154080088757853,5336875.91
2024-01-01,3.5154080088757853,3.584680665737676,3.3837584384519985,3.4517772227616255,4304791.33
2024-01-02,3.4517772227616255,3.5600856531929055,3.416619436752999,3.524190309788877,4728778.83
2024-01-03,3.524190309788877,3.545785477975945,3.459271974509605,3.4806000347261747,3232422.89
2024-01-04,3.4806000347261747,3.622102828742133,3.4254151303331306,3.565570714445696,4066943.24
2024-01-05,3.565570714445696,3.620742413270521,3.495844576141632,3.550787527992697,2920197.02
2024-01-06,3.550787527992697,3.597725431320732,3.510277814229746,3.557143207792712,3795025.43
2024-01-07,3.557143207792712,3.705102880608628,3.5022604550408825,3.6488058751225774,3483470.78
2024-01-08,3.6488058751225774,3.676502732924094,3.542971140580911,3.570070343451126,6827028.77
2024-01-09,3.570070343451126,3.5910729455561734,3.489507942547443,3.5101580828662438,4358633.08
2024-01-10,3.5101580828662438,3.525145461426601,3.4770997285485192,3.492009618317186,2218873.17
2024-01-11,3.492009618317186,3.5172519676608847,3.459300252456182,3.4844882326931996,3798522.63
2024-01-12,3.4844882326931996,3.6876699237403816,3.436464327131313,3.637536674304869,4166364.42
2024-01-13,3.637536674304869,3.6617326329930417,3.5620558821187425,3.585908422953381,3375390.4
2024-01-14,3.585908422953381,3.6501029987855587,3.448363554494809,3.511221085034063,2884383.75
2024-01-15,3.511221085034063,3.5340290507459575,3.4362366695323012,3.458703494835342,4482272.11
2024-01-16,3.458703494835342,3.521876195609436,3.4091746540291274,3.4721547322789186,2988149.25
2024-01-17,3.4721547322789186,3.540630152926284,3.432238270841325,3.5003891045053637,4387949.34
2024-01-18,3.5003891045053637,3.5207188321882614,3.4407552344411503,3.46085535612458,2925694.2
2024-01-19,3.46085535612458,3.5040239867730203,3.4192851311346306,3.462434790335624,3325186.42
2024-01-20,3.462434790335624,3.6424392432510038,3.39600730004997,3.5738737742113504,4826099.51
2024-01-21,3.5738737742113504,3.6442577805565524,3.5059873428697435,3.5763247916591396,4294325.91
2024-01-22,3.5763247916591396,3.6214756724712776,3.550401111410238,3.5954136231444602,3829967.65
2024-01-23,3.5954136231444602,3.750969493818618,3.5535026277108908,3.7077490277310052,3771697.27
2024-01-24,3.7077490277310052,3.7252325713794665,3.6491237482013017,3.66641237272046,3887006.64
2024-01-25,3.66641237272046,3.7046994036514898,3.583872191596514,3.6216922260567452,3117762.64
2024-01-26,3.6216922260567452,3.6498940117419774,3.566617975247192,3.5946088652824013,2600819.93
2024-01-27,3.5946088652824013,3.661938393200477,3.497595836179331,3.564358758526771,4381075.82
2024-01-28,3.564358758526771,3.6120793536377533,3.4146410610380733,3.460977560828788,5570729.85
2024-01-29,3.460977560828788,3.4876204065405747,3.4425350712615526,3.4691344514013607,4419644.66
2024-01-30,3.4691344514013607,3.5509231142456175,3.4002301461604474,3.4817678824970546,4049300.58
2024-01-31,3.4817678824970546,3.532236659367866,3.4213598938675402,3.4716824812500318,2809116.57
2024-02-01,3.4716824812500318,3.5014745153090683,3.456323209861301,3.4860516723503747,4731747.74
2024-02-02,3.4860516723503747,3.558474155607734,3.4289085557191,3.501084619944719,4285981.86
2024-02-03,3.501084619944719,3.5432238530136764,3.3862482729907786,3.427501860210263,4595316.77
2024-02-04,3.427501860210263,3.475688945215037,3.3959527244681786,3.4439880589146714,4920813.29
2024-02-05,3.4439880589146714,3.494974229556759,3.424930027973938,3.4757404898733406,5649137.1
2024-02-06,3.4757404898733406,3.5000800528619664,3.3634941236060847,3.387213760593399,2875770.4
2024-02-07,3.387213760593399,3.4863713596991595,3.3702416565683873,3.468989506962611,2753180.62
2024-02-08,3.468989506962611,3.5260904268825026,3.3445384484483767,3.400512205281796,3943385.35
2024-02-09,3.400512205281796,3.4240218157412454,3.315585496525384,3.3386675408175095,3017327.56
2024-02-10,3.3386675408175095,3.3850499685846613,3.303747369684004,3.350011151073056,2889475.57
2024-02-11,3.350011151073056,3.4452309905054213,3.284945701674501,3.37959102721789,5155298.42
2024-02-12,3.37959102721789,3.4910229913005764,3.312330305921667,3.4229003270293905,2952745.51
2024-02-13,3.4229003270293905,3.5107097879457556,3.367302752059441,3.454597363522311,3789500.75
2024-02-14,3.454597363522311,3.5111850202945405,3.3698628178230967,3.4259817394746928,2527282.55
2024-02-15,3.4259817394746928,3.4976572798784344,3.3608632675697434,3.4324165008912,3860361.5
2024-02-16,3.4324165008912,3.488511839887269,3.359403056012995,3.4152173118895606,5107476.55
2024-02-17,3.4152173118895606,3.4599353262028676,3.380665135805485,3.425281331190379,5146281.34
2024-02-18,3.425281331190379,3.4400643356179295,3.4147122957411002,3.4294823375588854,4934488.97
2024-02-19,3.4294823375588854,3.449204118486207,3.382328182440134,3.4018912967205943,3726271.27
2024-02-20,3.4018912967205943,3.4359166284553893,3.3493296569196946,3.383167717534545,5017226.03
2024-02-21,3.383167717534545,3.4060967408076688,3.2611269090300508,3.2833796302196077,4231351.22
2024-02-22,3.2833796302196077,3.354665465383434,3.2573579023650536,3.3282878271527907,3405066.58
2024-02-23,3.3282878271527907,3.355018305998114,3.318100757471827,3.3447807555236357,4180481.56
2024-02-24,3.3447807555236357,3.3847118125194147,3.18380622787199,3.2222747694233056,4741812.49
2024-02-25,3.2222747694233056,3.2915756531594114,3.1954382488211186,3.2643883917994048,2726644.12
2024-02-26,3.2643883917994048,3.286126363872385,3.2402339077734617,3.261955680113955,2915078.55
2024-02-27,3.261955680113955,3.304317772167121,3.1713870896429763,3.2131149003597934,3665988.17
2024-02-28,3.2131149003597934,3.235548834980753,3.1383921048372057,3.1604583922695344,2799837.94
2024-02-29,3.1604583922695344,3.1938730908007567,3.0926730836920244,3.1257205076708217,2789866.41
2024-03-01,3.1257205076708217,3.145835266447012,3.059368903790697,3.0791841902381254,3420731.1
2024-03-02,3.0791841902381254,3.123060270662319,2.9966427670188995,3.039959930974409,4869534.39
2024-03-03,3.039959930974409,3.179676733400132,2.987141378862194,3.125374130688191,4846655.17
2024-03-04,3.125374130688191,3.1555274265460507,3.1145266112962875,3.1446131326056763,4117602.64
2024-03-05,3.1446131326056763,3.305080554191121,3.0919178896636095,3.2506091043684657,3975185.1
2024-03-06,3.2506091043684657,3.3194605980719145,3.194274205627157,3.2629124749430396,6403666.22
2024-03-07,3.2629124749430396,3.357907080618164,3.19971410128001,3.294104556870173,3320659.22
2024-03-08,3.294104556870173,3.3497784898279956,3.1928480414797016,3.2477383350970177,4036062.55
2024-03-09,3.2477383350970177,3.286526187330818,3.2005811749357416,3.239267864038193,3279706.96
2024-03-10,3.239267864038193,3.2498426920520287,3.224787317538038,3.235349353285528,2754251.54
2024-03-11,3.235349353285528,3.279359290276761,3.2245430358386056,3.2684424393589953,5110112.06
2024-03-12,3.2684424393589953,3.2865516168010043,3.2480978144475126,3.266194537131309,3520840.39
2024-03-13,3.266194537131309,3.3182542943131494,3.2333764842942725,3.2852448280599345,4520879.52
2024-03-14,3.2852448280599345,3.3658881585182305,3.222174982067805,3.302487293172569,3573225.96
2024-03-15,3.302487293172569,3.319516125427033,3.269728402596698,3.2866757045175126,5189619.38
2024-03-16,3.2866757045175126,3.3251243933162646,3.2272857042449594,3.265486514442863,2961488.16
2024-03-17,3.265486514442863,3.330682853744109,3.166102194244098,3.23060205570095,5083394.49
2024-03-18,3.23060205570095,3.295607557668216,3.2233396543474164,3.2882156408338408,4751937.4
2024-03-19,3.2882156408338408,3.2975728512355973,3.263182530994433,3.272495005494232,2426237.46
2024-03-20,3.272495005494232,3.3129511317352653,3.250050849929291,3.2903842839286397,3339384.76
2024-03-21,3.2903842839286397,3.310299888447601,3.262546245450576,3.282413606100837,4904770.13
2024-03-22,3.282413606100837,3.376538790503606,3.246389689182565,3.33988414444905,5722083.42
2024-03-23,3.33988414444905,3.3718406103131904,3.2032882295955796,3.2342338187705715,4544306.57
2024-03-24,3.2342338187705715,3.2911960964831377,3.1937878459502342,3.25054612874993,3441342.11
2024-03-25,3.25054612874993,3.2656526957782885,3.1705889892320545,3.1853927629300314,2982960.33
2024-03-26,3.1853927629300314,3.2520102938632087,3.1396977678904627,3.2060194061566842,4378318.24
2024-03-27,3.2060194061566842,3.2248210645031476,3.180013376630227,3.1987725358014716,3416087.21
2024-03-28,3.1987725358014716,3.231194826877198,3.0916546006157026,3.1233120350810593,3452542.02
2024-03-29,3.1233120350810593,3.14899841364543,3.1151904795753618,3.1408313027475163,3592907.73
2024-03-30,3.1408313027475163,3.2042214126116852,3.0894426217652584,3.152639531410368,4737172.06
2024-03-31,3.152639531410368,3.1945315728275063,3.099454573743235,3.1411945348913104,5969196.54
2024-04-01,3.1411945348913104,3.1592812463724576,3.118171707677332,3.136229832857222,4912195.06
2024-04-02,3.136229832857222,3.1851740136020568,3.095987212331326,3.1448211533083006,3809084.7
2024-04-03,3.1448211533083006,3.237520314291505,3.1137939285861598,3.2058905705578593,3034973.03
2024-04-04,3.2058905705578593,3.2599829836550014,3.136124345955588,3.1899477588679512,4490229.08
2024-04-05,3.1899477588679512,3.307102312097156,3.127083559797123,3.243188891713947,5762444.51
2024-04-06,3.243188891713947,3.256944449563559,3.227842448770694,3.2415912303503918,4883614.62
2024-04-07,3.2415912303503918,3.3466766739913405,3.206510992613604,3.310846956396762,4002558.69
2024-04-08,3.310846956396762,3.3328455936751644,3.2767003920034106,3.2986177735301467,3362711.59
2024-04-09,3.2986177735301467,3.34972747780137,3.212954808202649,3.2635207087583686,4142477.92
2024-04-10,3.2635207087583686,3.2720722422672086,3.1978754989963942,3.206277034622202,5071543.54
2024-04-11,3.206277034622202,3.244118642385287,3.1670613736199646,3.2048865706387177,4027227.98
2024-04-12,3.2048865706387177,3.260740418100399,3.109121239350242,3.1642671837427603,3702998.41
2024-04-13,3.1642671837427603,3.266740442036813,3.1357661417752807,3.2375790686287433,3200125.11
2024-04-14,3.2375790686287433,3.2928838632506614,3.1379654219632678,3.1925001723491446,7259839.48
2024-04-15,3.1925001723491446,3.2073262309317565,3.142655153893168,3.157317824685844,3041248.8
2024-04-16,3.157317824685844,3.246660149640929,3.098813161064473,3.1875944640695724,2971781.85
2024-04-17,3.1875944640695724,3.3026919978414595,3.135808345865874,3.249893756373148,3959134.44
2024-04-18,3.249893756373148,3.318783968350978,3.220515455520697,3.2890516886910235,3612930.28
2024-04-19,3.2890516886910235,3.3609861973478368,3.274740038500822,3.346424899114495,4907796.47
2024-04-20,3.346424899114495,3.384465746765197,3.3044604321115205,3.3424561647442266,4949463.04
2024-04-21,3.3424561647442266,3.38947674531493,3.292279988439613,3.339255543720134,2805065.81
2024-04-22,3.339255543720134,3.465362556139155,3.3248276966460963,3.4504542552681436,3145931.57
2024-04-23,3.4504542552681436,3.6134753731769633,3.385595590509621,3.5468055792855324,3053071.47
2024-04-24,3.5468055792855324,3.6450032605456992,3.4910191821876846,3.58856012164772,4623411.73
2024-04-25,3.58856012164772,3.7238967217031234,3.5199132482474056,3.653998062109412,4229509.32
2024-04-26,3.653998062109412,3.7330543772163907,3.6270082415679927,3.7056827935751335,3462974.9
2024-04-27,3.7056827935751335,3.742004950072784,3.5986689924384447,3.6342913886144443,4011242.02
2024-04-28,3.6342913886144443,3.657267257302642,3.6094075549378744,3.632371284793895,2867486.16
2024-04-29,3.632371284793895,3.7478850654906206,3.6072058430842655,3.722097987956567,3156181.38
2024-04-30,3.722097987956567,3.7836732041006265,3.7049199082558766,3.7662911657901654,2745589.9
2024-05-01,3.7662911657901654,3.7823139012969125,3.7468314475741398,3.762839498834701,3940759.53
2024-05-02,3.762839498834701,3.9108162293436677,3.709880844539244,3.856538839295408,3937022.21
2024-05-03,3.856538839295408,3.898885570005512,3.8379311168990697,3.8801638573717376,2971031.48
2024-05-04,3.8801638573717376,3.9457720168919694,3.8630840272583646,3.928479509386978,4221976.34
2024-05-05,3.928479509386978,3.9988231671805887,3.882820587167681,3.952880641749932,4949466.99
2024-05-06,3.952880641749932,4.046716736567816,3.8948841137792765,3.988201975214996,2936975.2
2024-05-07,3.988201975214996,4.092985489545708,3.924372029594551,4.028510419672835,3502303.46
2024-05-08,4.028510419672835,4.166047816767909,3.9783784166106333,4.114841483811799,4320652.19
2024-05-09,4.114841483811799,4.2356222481295935,4.091682721940455,4.211917134258774,3793954.75
2024-05-10,4.211917134258774,4.2638001274399375,4.1301707269552805,4.181681270474078,2696599.87
2024-05-11,4.181681270474078,4.262151326493691,4.126213977872804,4.206356729911044,3403498.57
2024-05-12,4.206356729911044,4.323041296781715,4.17840231908593,4.294501100181245,3375374.28
2024-05-13,4.294501100181245,4.314258963791099,4.266117951991611,4.28583594953539,3641503.55
2024-05-14,4.28583594953539,4.365816988473206,4.1179446924920615,4.196253978426793,3680477.25
2024-05-15,4.196253978426793,4.211893622435314,4.119901613920091,4.135314132138135,5620961.53
2024-05-16,4.135314132138135,4.1642169398708955,4.051314081843124,4.079829089893248,3606994.81
2024-05-17,4.079829089893248,4.104985598985624,4.025102570340048,4.050075617458074,2473119.93
2024-05-18,4.050075617458074,4.1232026394101124,3.92953605204018,4.001791265362169,3887568.36
2024-05-19,4.001791265362169,4.11455321522822,3.957630425844899,4.069643606930132,5882247.04
2024-05-20,4.069643606930132,4.147855769299961,3.973999702730354,4.051870289842953,3644510.69
2024-05-21,4.051870289842953,4.206045599981988,3.983361484992689,4.136112433499418,3405798.17
2024-05-22,4.136112433499418,4.200584832725801,3.9981050313098585,4.061413040259044,3520912.16
2024-05-23,4.061413040259044,4.0824594078194405,4.017730996342916,4.038659454118594,4397504.82
2024-05-24,4.038659454118594,4.079134007962245,4.0055490386644035,4.045963709535945,3517171.96
2024-05-25,4.045963709535945,4.16874277833874,3.9781336664374116,4.100006711504973,2601527.14
2024-05-26,4.100006711504973,4.259586729815038,4.0192220075479765,4.177279477730032,3212523.71
2024-05-27,4.177279477730032,4.251645805803669,4.067698517168972,4.141426571212175,3739037.77
2024-05-28,4.141426571212175,4.289483935298319,4.062443689885861,4.209208359095869,4344484.94
2024-05-29,4.209208359095869,4.266257005855772,4.040841295984699,4.096360482065759,3284871.11
2024-05-30,4.096360482065759,4.1995867853880995,4.052567476991149,4.155165116970489,3528763.71
2024-05-31,4.155165116970489,4.201973000345392,4.020385803904613,4.066191399458091,3842919.94
2024-06-01,4.066191399458091,4.138236269009735,4.0245013389317865,4.096238143648099,3128786.54
2024-06-02,4.096238143648099,4.192438480031233,4.076626720998289,4.1724621223823855,3713832.57
2024-06-03,4.1724621223823855,4.265217857314215,4.141153145242171,4.233451235100211,4270812.17
2024-06-04,4.233451235100211,4.248804834976274,4.107857601211044,4.122809934563917,2824628.73
2024-06-05,4.122809934563917,4.137627655320876,4.0787577611637085,4.0934700318776285,4102575.55
2024-06-06,4.0934700318776285,4.173375608806292,4.062306358951968,4.141843666389851,2893376.85
2024-06-07,4.141843666389851,4.247445000595991,4.0838981746635685,4.188841989855739,2907891.79
2024-06-08,4.188841989855739,4.263024803797287,4.134191084906226,4.2081223521789655,3219744.7
2024-06-09,4.2081223521789655,4.258915799223965,4.011896685578656,4.060913269664006,5346037.6
2024-06-10,4.060913269664006,4.20521200590711,3.9980471608079164,4.141104474572306,2474915.47
2024-06-11,4.141104474572306,4.275800952863758,4.101314884353947,4.235108133305739,3383849.82
2024-06-12,4.235108133305739,4.289152838493777,4.192935630010796,4.2468632794066155,3774954.8
2024-06-13,4.2468632794066155,4.311410958435924,4.198770392597682,4.263133818649988,5087544.98
2024-06-14,4.263133818649988,4.3123185817654095,4.249497632094325,4.298569051022155,6184131.53
2024-06-15,4.298569051022155,4.457053128940139,4.244963925243531,4.402156223652567,3419501.58
2024-06-16,4.402156223652567,4.489136090474137,4.333903834959042,4.4205977782270205,4348543.67
2024-06-17,4.4205977782270205,4.45041719825848,4.377682253936021,4.407412733419397,3711229.82
2024-06-18,4.407412733419397,4.512406475873136,4.330782591637205,4.4352916137612315,3705277.72
2024-06-19,4.4352916137612315,4.465415646752265,4.40487976116492,4.43500182594768,4068679.31
2024-06-20,4.43500182594768,4.485375316323523,4.385161971693939,4.435529531794325,2556489.37
2024-06-21,4.435529531794325,4.514218211842346,4.234262067452709,4.310736858339714,3754781.57
2024-06-22,4.310736858339714,4.414426736010601,4.244841580272415,4.3479624163668795,4253280.91
2024-06-23,4.3479624163668795,4.4867331757483555,4.294176844220242,4.431909157754445,3065037.12
2024-06-24,4.431909157754445,4.565941710363093,4.373367336131806,4.506415719237693,4260357.59
2024-06-25,4.506415719237693,4.595143975304245,4.488570503136945,4.577019172507649,2466715.1
2024-06-26,4.577019172507649,4.643787739945929,4.506891307326654,4.573610144601908,3889935.97
2024-06-27,4.573610144601908,4.644632510464988,4.514086145330776,4.584960786404678,5315067.97
2024-06-28,4.584960786404678,4.691459760344158,4.568814312942208,4.6749962166268935,3597911.52
2024-06-29,4.6749962166268935,4.761895030006339,4.6551856434659165,4.741801366070683,2975633.23
2024-06-30,4.741801366070683,4.952738647064336,4.6494400904490965,4.858111864068251,2661039.02
2024-07-01,4.858111864068251,4.883403228118464,4.780903717579663,4.805923388061916,4189712.71
2024-07-02,4.805923388061916,4.893025532607722,4.667656510333132,4.753814233008439,4792274.63
2024-07-03,4.753814233008439,4.786924596052773,4.695837811046234,4.7287737669976995,3747082.22
2024-07-04,4.7287737669976995,4.7719483522550785,4.614977309561906,4.65750116266676,3384067.38
2024-07-05,4.65750116266676,4.713385621297513,4.50451628759565,4.559221507590376,2344973.7
2024-07-06,4.559221507590376,4.655500405338812,4.49874056675447,4.594550799228845,3919673.69
2024-07-07,4.594550799228845,4.675731912133667,4.544194413731992,4.625041349484406,3198507.78
2024-07-08,4.625041349484406,4.682505794060755,4.586783571002563,4.644090443791931,3244818.25
2024-07-09,4.644090443791931,4.722635255811101,4.5931151752676636,4.671360659232903,5692246.87
2024-07-10,4.671360659232903,4.739620320967595,4.495580236824061,4.562245466727458,2422012.71
2024-07-11,4.562245466727458,4.603929313838058,4.486001498602258,4.527366668760364,2504431.22
2024-07-12,4.527366668760364,4.5808549109113175,4.453136860738411,4.506377123442427,4026238.23
2024-07-13,4.506377123442427,4.550248897939247,4.466607811269973,4.510443697766448,3451032.0
2024-07-14,4.510443697766448,4.5462506754352425,4.370396680860182,4.405369507961981,3337763.26
2024-07-15,4.405369507961981,4.437875561628386,4.308020455736839,4.340044493439775,4068050.45
2024-07-16,4.340044493439775,4.366220047269393,4.283916826989406,4.309910638362963,4051059.0
2024-07-17,4.309910638362963,4.453881559184067,4.242271499875029,4.385062990133499,2979012.11
2024-07-18,4.385062990133499,4.491049758488638,4.298632799511976,4.404241555719249,3277485.39
2024-07-19,4.404241555719249,4.489663658170279,4.393134548696422,4.4783697081971745,3847372.78
2024-07-20,4.4783697081971745,4.503131197460001,4.445280403542774,4.469995591222419,3962083.37
2024-07-21,4.469995591222419,4.557115885500268,4.3834721371878675,4.470581098103813,4287974.55
2024-07-22,4.470581098103813,4.544193725083864,4.434137128430046,4.507449208286592,3284485.73
2024-07-23,4.507449208286592,4.548023199451481,4.454561339410842,4.495023479865522,4144422.14
2024-07-24,4.495023479865522,4.557654530181704,4.388193054456838,4.450199554187899,4819103.92
2024-07-25,4.450199554187899,4.487351303748295,4.3081433118424215,4.344411910887288,3844778.08
2024-07-26,4.344411910887288,4.391629621780597,4.256194030434055,4.302961230118711,3703557.9
2024-07-27,4.302961230118711,4.4416927366509835,4.22459160508523,4.362243408172188,3582694.71
2024-07-28,4.362243408172188,4.5070821609065135,4.309171881173708,4.45290760346293,3256503.97
2024-07-29,4.45290760346293,4.5152654398693794,4.3363111838918655,4.397898683808504,3005687.29
2024-07-30,4.397898683808504,4.423879304821128,4.251130256931186,4.276393082650752,3527066.43
2024-07-31,4.276393082650752,4.370790667305173,4.24771498219544,4.341674778509188,4253324.01
2024-08-01,4.341674778509188,4.425514986760118,4.263316074125595,4.347059105840922,3042599.92
2024-08-02,4.347059105840922,4.427551350429841,4.174802488873426,4.253563524144352,3729040.43
2024-08-03,4.253563524144352,4.3238563189547445,3.977813250067831,4.044653679165662,3622418.56
2024-08-04,4.044653679165662,4.061629799919758,3.9656604675616522,3.9823751945949706,5926610.83
2024-08-05,3.9823751945949706,4.049014607536616,3.886878359595716,3.9530266664535607,4552586.71
2024-08-06,3.9530266664535607,3.9623008586935335,3.871185362281998,3.880288904525361,4534170.43
2024-08-07,3.880288904525361,3.9745401167075394,3.830861861388002,3.924549285712106,4782733.63
2024-08-08,3.924549285712106,3.9801001908075047,3.818759944544779,3.873589528429925,3315397.36
2024-08-09,3.873589528429925,3.9123042121647447,3.8361115915203867,3.87481442408672,5361215.61
2024-08-10,3.87481442408672,4.070211894753426,3.8336412570529226,4.027417194743235,3954262.35
2024-08-11,4.027417194743235,4.097523511293029,3.9655831003950204,4.035564331609647,3757804.02
2024-08-12,4.035564331609647,4.108639441722843,3.955523406740746,4.028470055260271,2804762.06
2024-08-13,4.028470055260271,4.050256344862016,4.001106633492021,4.022862597511906,3436995.25
2024-08-14,4.022862597511906,4.085511176998535,4.004788983971222,4.067238196116715,2443707.48
2024-08-15,4.067238196116715,4.158587264463627,4.012981818804045,4.103842589761638,3571390.62
2024-08-16,4.103842589761638,4.129096294148334,4.013172925200253,4.038021588685095,3290126.0
2024-08-17,4.038021588685095,4.060214736255182,3.989584812737119,4.011632927040496,3439799.66
2024-08-18,4.011632927040496,4.0343501786117475,3.9464095504705106,3.9688847256446964,2687233.33
2024-08-19,3.9688847256446964,3.990884627807547,3.9292766066465004,3.951178360759695,4530815.47
2024-08-20,3.951178360759695,4.113607005575185,3.9093427861284606,4.070507954164421,4406735.76
2024-08-21,4.070507954164421,4.1915707131520605,3.9917069133504586,4.111967064630958,5797610.42
2024-08-22,4.111967064630958,4.181480935997085,4.037688706359188,4.107120647789691,5756720.91
2024-08-23,4.107120647789691,4.240759131649029,4.058738599515404,4.19138445233011,3951331.02
2024-08-24,4.19138445233011,4.219257605836101,4.176878177395891,4.20470522803613,4907927.52
2024-08-25,4.20470522803613,4.264045249975962,4.037099896032742,4.0948901230678825,4056528.36
2024-08-26,4.0948901230678825,4.250022332077256,4.053447524614616,4.207440658700429,3414949.88
2024-08-27,4.207440658700429,4.27480379817035,4.130058998741626,4.197259127014331,3544762.18
2024-08-28,4.197259127014331,4.242972451019673,4.002779799569404,4.046855037705313,4458138.05
2024-08-29,4.046855037705313,4.1036280727828816,3.8882957566625085,3.943620522228625,10559034.4
2024-08-30,3.943620522228625,4.039404965590209,3.9215327312448367,4.016906706633145,5087159.02
2024-08-31,4.016906706633145,4.085185595955326,3.8489123296535306,3.9154669585337367,4041447.4
2024-09-01,3.9154669585337367,4.066752428287057,3.852703459767112,4.002592341596108,4288551.18
2024-09-02,4.002592341596108,4.043321929407406,3.9676406574539347,4.008320227862881,4278995.04
2024-09-03,4.008320227862881,4.133943460949937,3.9307768889896932,4.055487640426514,3715186.19
2024-09-04,4.055487640426514,4.075307238259102,4.019348417290283,4.039087867695757,4591095.07
2024-09-05,4.039087867695757,4.083618459049421,4.029554656390487,4.074002840076794,3655142.97
2024-09-06,4.074002840076794,4.159902141585232,4.009892399815964,4.095454133599032,2950938.17
2024-09-07,4.095454133599032,4.1479177596814045,4.040928041002311,4.093364903610514,4286268.35
2024-09-08,4.093364903610514,4.109724402975622,4.007588629449434,4.023669585233996,4431930.87
2024-09-09,4.023669585233996,4.067327200338068,4.0040698094102805,4.047610803974241,3663979.14
2024-09-10,4.047610803974241,4.06524146326809,3.913347282611634,3.9304676877156917,4106066.73
2024-09-11,3.9304676877156917,4.010752616940858,3.9108021556273984,3.9907852943474764,4831821.35
2024-09-12,3.9907852943474764,4.04528506616447,3.949658928519218,4.004022288719733,3751097.81
2024-09-13,4.004022288719733,4.046529305387293,3.992341268891656,4.034758617809227,3398214.18
2024-09-14,4.034758617809227,4.080548920156583,3.8235727668834674,3.8674644549583173,3182515.88
2024-09-15,3.8674644549583173,3.9173420647387758,3.748917471712616,3.7978979010614378,3566392.93
2024-09-16,3.7978979010614378,3.855218157829339,3.710432132088939,3.76729044188921,5577407.39
2024-09-17,3.76729044188921,3.8816176062970356,3.6956041879994523,3.8091351071107518,3616154.85
2024-09-18,3.8091351071107518,3.8224083746540254,3.738663637912756,3.7517368963235462,4157290.7
2024-09-19,3.7517368963235462,3.9208461621930053,3.741859166822494,3.9105503021281556,3503916.96
2024-09-20,3.9105503021281556,3.928165357049855,3.8767835152110006,3.8943254855247855,3429598.92
2024-09-21,3.8943254855247855,3.925759174980317,3.8001681567635273,3.8310914422254854,3050103.49
2024-09-22,3.8310914422254854,3.8749823829246863,3.7761696329230103,3.8199327337575064,3896464.29
2024-09-23,3.8199327337575064,3.8278672921530226,3.7540611619291977,3.7618751261913492,3339194.08
2024-09-24,3.7618751261913492,3.816281824893445,3.637319168003343,3.690696433899828,5224803.61
2024-09-25,3.690696433899828,3.82430153383266,3.6197469151701918,3.7521702496237435,3699233.02
2024-09-26,3.7521702496237435,3.8085641880318755,3.727796074266224,3.7839833540913563,3757930.44
2024-09-27,3.7839833540913563,3.824482779396285,3.775816206083459,3.8162459974184357,3632625.54
2024-09-28,3.8162459974184357,3.95720334207487,3.756871254251133,3.896578748539183,4169379.0
2024-09-29,3.896578748539183,3.990222925051401,3.834775480238099,3.9279225162053293,5516416.74
2024-09-30,3.9279225162053293,3.9388545883771284,3.850175179022762,3.8609207740229383,2930160.06
2024-10-01,3.8609207740229383,3.9572358578160785,3.8102971481631007,3.9060208882221708,4073300.08
2024-10-02,3.9060208882221708,3.9309065967724,3.8112679898162525,3.8357057122893465,2567174.78
2024-10-03,3.8357057122893465,3.8870725008246776,3.7555300094956823,3.806505759744947,5159311.43
2024-10-04,3.806505759744947,3.863888125109419,3.746773816362166,3.8041202201617295,3698645.41
2024-10-05,3.8041202201617295,3.82698061599801,3.772673893367675,3.7954823811655145,2615023.02
2024-10-06,3.7954823811655145,3.820888096931872,3.6625011083856753,3.687181896181741,2762283.75
2024-10-07,3.687181896181741,3.735146004819787,3.582938264817917,3.630160621436791,4657475.58
2024-10-08,3.630160621436791,3.675467665485779,3.5839564112855427,3.629252116532754,2506389.02
2024-10-09,3.629252116532754,3.69440082540141,3.529366404954132,3.593880151640812,4073787.82
2024-10-10,3.593880151640812,3.70153173407144,3.5536767371911306,3.6605821489292323,3413931.11
2024-10-11,3.6605821489292323,3.800197974496586,3.600563929341699,3.738895739932662,3619411.52
2024-10-12,3.738895739932662,3.7956376982663316,3.6162343066394564,3.6719604464268656,3210862.4
2024-10-13,3.6719604464268656,3.7273441904653315,3.6206168923217255,3.6759449230178465,2994533.86
2024-10-14,3.6759449230178465,3.7925691171376124,3.655903988894502,3.772004474638256,3364037.56
2024-10-15,3.772004474638256,3.798312273985555,3.7379776151337074,3.7642311998706495,4384140.55
2024-10-16,3.7642311998706495,3.8101617869540387,3.6942515054060094,3.7398850240874912,3531967.76
2024-10-17,3.7398850240874912,3.8049763874809774,3.727966062996404,3.792888505039877,4222001.24
2024-10-18,3.792888505039877,3.8035498937488863,3.765869263365168,3.7764845423553397,3576701.86
2024-10-19,3.7764845423553397,3.8667808203465412,3.765545176253126,3.8556122445406142,4427398.82
2024-10-20,3.8556122445406142,3.9272631629732198,3.748050810139329,3.8190217476660004,4215366.88
2024-10-21,3.8190217476660004,3.8740149505535313,3.7355834048405607,3.7901610185971486,3319522.19
2024-10-22,3.7901610185971486,3.9050180922337727,3.725494401448017,3.8395095056528254,2993914.28
2024-10-23,3.8395095056528254,3.9206122477988234,3.7652476209985823,3.8462205612426996,4825499.37
2024-10-24,3.8462205612426996,3.909762289780895,3.7899986458900026,3.8534349189551755,3100780.74
2024-10-25,3.8534349189551755,3.896885415979755,3.69418125872317,3.736311092868022,4306809.22
2024-10-26,3.736311092868022,3.7759993937216545,3.6759074991604654,3.7153733930168693,3829653.32
2024-10-27,3.7153733930168693,3.826401437115894,3.658050793212132,3.7682628331336465,3384598.93
2024-10-28,3.7682628331336465,3.834667727850101,3.6555010920713227,3.721074425568467,4230701.66
2024-10-29,3.721074425568467,3.8277908875480287,3.6580651364878647,3.7640538244275907,5349326.16
2024-10-30,3.7640538244275907,3.822001442563273,3.723127207892442,3.7808917470303847,4443218.68
2024-10-31,3.7808917470303847,3.8410955013230033,3.7090764909559235,3.7690923617168925,3924831.77
2024-11-01,3.7690923617168925,3.8942584074971927,3.7292208068673416,3.8534940051310986,5699458.83
2024-11-02,3.8534940051310986,3.8878630902951836,3.7985594093663955,3.8327434213003326,2500358.82
2024-11-03,3.8327434213003326,3.860945085162386,3.7883366337730022,3.8164181750343356,2877579.85
2024-11-04,3.8164181750343356,3.8277980537323315,3.7924606583262044,3.803802920584177,3383424.92
2024-11-05,3.803802920584177,3.8306253329794515,3.7824220269941904,3.8092140239793317,5418569.82
2024-11-06,3.8092140239793317,3.915759185143492,3.751542039937688,3.857358290788685,4810064.55
2024-11-07,3.857358290788685,3.876995310075884,3.7475407092848108,3.766716288745014,2474230.72
2024-11-08,3.766716288745014,3.89020065464397,3.6980822468711416,3.82058505981889,3407256.04
2024-11-09,3.82058505981889,3.838309901067268,3.807539719496412,3.8252486370182583,2729297.95
2024-11-10,3.8252486370182583,3.871508682027234,3.8140778254764007,3.8602356983377626,3761765.51
2024-11-11,3.8602356983377626,4.056241278303548,3.819087575166721,4.013459864485477,4761006.8
2024-11-12,4.013459864485477,4.037572534795057,3.956818385849385,3.9807344434319782,4849688.69
2024-11-13,3.9807344434319782,3.9960728219857637,3.887821572744732,3.902859888730493,4063331.81
2024-11-14,3.902859888730493,3.9276529276189165,3.8908483572162615,3.91560218013508,3416941.94
2024-11-15,3.91560218013508,3.983752384404401,3.8706066737343288,3.938493822414921,3710442.53
2024-11-16,3.938493822414921,4.021698665057462,3.9122226676613012,3.9950502587558088,4507853.36
2024-11-17,3.9950502587558088,4.043006025015362,3.9132134510657455,3.9607575749624018,6833431.26
2024-11-18,3.9607575749624018,3.9792517785567902,3.8899663919164147,3.9082152565026647,2825615.42
2024-11-19,3.9082152565026647,3.9177498655225396,3.8033373441505622,3.8126387816947163,5653152.74
2024-11-20,3.8126387816947163,3.8221347911290757,3.720111191848707,3.729399880990836,4039072.56
2024-11-21,3.729399880990836,3.744422318651761,3.689815860656041,3.7047389613889883,4664890.58
2024-11-22,3.7047389613889883,3.76523276791084,3.637775837621802,3.698162254654435,3980042.73
2024-11-23,3.698162254654435,3.8631501603042957,3.660909733758621,3.8246237607696676,5398113.23
2024-11-24,3.8246237607696676,3.8752215746367753,3.67220815062363,3.721440908188274,4126466.31
2024-11-25,3.721440908188274,3.80860224405578,3.655386039513222,3.7421792733416157,3231061.21
2024-11-26,3.7421792733416157,3.763984531455019,3.6772309088714583,3.698783303545306,4252595.9
2024-11-27,3.698783303545306,3.778264792601891,3.6333730029767017,3.712609977333684,5036416.54
2024-11-28,3.712609977333684,3.769863763446328,3.623105711875871,3.6798543592414648,3800203.42
2024-11-29,3.6798543592414648,3.799226627666525,3.6242064020102456,3.7426293663140733,2262523.72
2024-11-30,3.7426293663140733,3.8733587680097084,3.6764848994924244,3.8060926971577063,3692366.63
2024-12-01,3.8060926971577063,3.8223287211844683,3.7833427314574943,3.799550849280238,3894298.82
2024-12-02,3.799550849280238,3.935389248435979,3.7549858398837066,3.8897661024947094,3757557.15
2024-12-03,3.8897661024947094,3.980646774010903,3.848131602852742,3.9384907452924653,3357281.7
2024-12-04,3.9384907452924653,4.0851724357876025,3.883540955142774,4.028960413577792,5289666.94
2024-12-05,4.028960413577792,4.054277593338193,4.0013017113633405,4.026604084423589,2099625.76
2024-12-06,4.026604084423589,4.107296406427007,4.009322412361532,4.089743746972251,3890335.47
2024-12-07,4.089743746972251,4.169583694180926,3.960682016468047,4.039541924060793,3903979.81
2024-12-08,4.039541924060793,4.081481528654912,3.942040497958618,3.983397192938834,6415483.59
2024-12-09,3.983397192938834,4.152777892011762,3.9587942772937352,4.127286264915451,3786311.01
2024-12-10,4.127286264915451,4.14509884953731,4.038165006472378,4.055668502416336,4247830.12
2024-12-11,4.055668502416336,4.107113720352214,3.976445162836527,4.027533494699802,3920637.21
2024-12-12,4.027533494699802,4.046300676342336,3.8876355510006624,3.90583565468542,3890774.05
2024-12-13,3.90583565468542,3.9265161461204476,3.8326357765455756,3.8530367098468132,5904653.73
2024-12-14,3.8530367098468132,3.9267790134154774,3.7192411355705595,3.791811668421533,2877977.19
2024-12-15,3.791811668421533,3.801385924360709,3.74175383813,3.7512256150177814,3216197.84
2024-12-16,3.7512256150177814,3.790174726754688,3.7311080020306107,3.7699566602206214,4588457.64
2024-12-17,3.7699566602206214,3.8571982052805356,3.7168683486271825,3.80363562840548,4052002.32
2024-12-18,3.80363562840548,3.82609264450776,3.720336275403108,3.7424319392711882,3540237.73
2024-12-19,3.7424319392711882,3.7621729686528287,3.6757178978876737,3.6952098344403583,3733557.88
2024-12-20,3.6952098344403583,3.806380878839371,3.650804480913415,3.761182728739083,4775421.41
2024-12-21,3.761182728739083,3.923332531573386,3.7065432165447985,3.8671535582969203,4289943.19
2024-12-22,3.8671535582969203,3.9857140854482047,3.829443437990778,3.947223175127384,3179615.79
2024-12-23,3.947223175127384,4.01062813703831,3.7818755921255964,3.843616297973926,4032736.4
2024-12-24,3.843616297973926,3.9843109547293927,3.7795286815330145,3.9189669578861066,3752980.92
2024-12-25,3.9189669578861066,4.092476102969899,3.8671757840173235,4.039097343959694,4274240.79
2024-12-26,4.039097343959694,4.0891851500540035,3.8811798101104635,3.9299136574228433,3506896.96
2024-12-27,3.9299136574228433,4.066798687676331,3.8643096753068678,4.000024313879202,2809268.38
2024-12-28,4.000024313879202,4.024246679280659,3.9909421029131757,4.015130169880358,4495576.09
2024-12-29,4.015130169880358,4.060065205476609,3.9496303585171937,3.9943326400799877,4358621.6
2024-12-30,3.9943326400799877,4.018956452106571,3.977088361870036,4.001680452023454,5413120.99
2024-12-31,4.001680452023454,4.055167083176643,3.9777183025253606,4.031029192781182,2734486.94
2025-01-01,4.031029192781182,4.1863197440702296,3.95410914897817,4.107932237423469,3733721.72
2025-01-02,4.107932237423469,4.191445774380412,4.099442027584767,4.182800827315831,3587304.26
2025-01-03,4.182800827315831,4.214281641721412,4.051510094720817,4.082234017944657,3441636.87
2025-01-04,4.082234017944657,4.101740965953185,4.020651378360638,4.0399563023803875,2585053.21
2025-01-05,4.0399563023803875,4.096200690002211,3.990396119836167,4.046559502668052,2910805.7
2025-01-06,4.046559502668052,4.222990301015365,3.9769721194945444,4.151596628154567,4065884.84
2025-01-07,4.151596628154567,4.189110447975064,3.9364298666326305,3.9723237772884237,3353698.3
2025-01-08,3.9723237772884237,4.040128711712192,3.866454703012852,3.9335986247458328,3090703.2
2025-01-09,3.9335986247458328,3.972636665108194,3.799631235523803,3.8377177293195976,5433589.86
2025-01-10,3.8377177293195976,3.908188938328101,3.6848859891576615,3.753816538118124,6878711.42
2025-01-11,3.753816538118124,3.880564669909635,3.689081936877362,3.814778774336226,3746767.86
2025-01-12,3.814778774336226,3.8346871551258803,3.7626923019692944,3.7824318723296666,2610277.58
2025-01-13,3.7824318723296666,3.8502552350697936,3.576988729099386,3.6422993542876805,4195876.13
2025-01-14,3.6422993542876805,3.6622087217297445,3.613504591506094,3.633365123068718,2256146.87
2025-01-15,3.633365123068718,3.7964910713319875,3.5940262957452034,3.7558263434618184,2711383.48
2025-01-16,3.7558263434618184,3.776588815748256,3.627574428712451,3.647739388708016,4214004.14
2025-01-17,3.647739388708016,3.7128008338613845,3.6150690508995726,3.6798429659958054,2688726.11
2025-01-18,3.6798429659958054,3.849608087141466,3.607199637971482,3.7750846056073835,3528922.57
2025-01-19,3.7750846056073835,3.8346272159952695,3.71299026517594,3.7724919833688264,2622411.17
2025-01-20,3.7724919833688264,3.9394335305560273,3.727322699946262,3.892823478686341,3853824.17
2025-01-21,3.892823478686341,3.966158875794581,3.7792483902761878,3.851811172395688,5031968.15
2025-01-22,3.851811172395688,3.9771257552021377,3.8191683695396637,3.9437041899608434,3260201.15
2025-01-23,3.9437041899608434,4.042941940736769,3.923521473385755,4.022356703760184,3781599.1
2025-01-24,4.022356703760184,4.090419592815103,3.9526612327269417,4.020696021126909,3098876.35
2025-01-25,4.020696021126909,4.029618574824096,3.9165718810522407,3.9252826976527526,3153628.62
2025-01-26,3.9252826976527526,3.989982022057566,3.7987764381534426,3.8624399432124394,3086872.41
2025-01-27,3.8624399432124394,3.8716844190278024,3.7098098259837733,3.718710295089502,4625033.43
2025-01-28,3.718710295089502,3.7818988850369992,3.6922373626236236,3.755166426918597,2668791.05
2025-01-29,3.755166426918597,3.816399821299422,3.7236268067061253,3.784612880500591,3497461.95
2025-01-30,3.784612880500591,3.8192256908796782,3.755344484884571,3.7899162812849063,4209969.01
2025-01-31,3.7899162812849063,3.8141026807326788,3.758671090069905,3.7828121525544165,4770497.81
2025-02-01,3.7828121525544165,3.8827766869473934,3.7678805899208228,3.867510800768304,4242500.82
2025-02-02,3.867510800768304,3.8946868220607276,3.859554397881618,3.886690960956663,3731620.92
2025-02-03,3.886690960956663,3.9486635225859437,3.7908869828436047,3.852311368287309,3296228.14
2025-02-04,3.852311368287309,3.901455812203262,3.812923474357648,3.8619691722169076,4789040.86
2025-02-05,3.8619691722169076,4.012514873874661,3.8429876188629777,3.992889846259633,3059327.09
2025-02-06,3.992889846259633,4.047901864420209,3.97899783768791,4.033867287686211,3070837.16
2025-02-07,4.033867287686211,4.062152282700772,3.980776993454789,4.008886828476765,5328798.81
2025-02-08,4.008886828476765,4.042476225737296,3.9728864106914,4.0064554359602464,4158134.36
2025-02-09,4.0064554359602464,4.078761920165323,3.9651667825233736,4.037156872105503,4195039.19
2025-02-10,4.037156872105503,4.052574625666451,3.9948129435843533,4.010127472864054,4413369.15
2025-02-11,4.010127472864054,4.088880842871508,3.8994518773779148,3.9775657806826814,3710947.84
2025-02-12,3.9775657806826814,4.004762122580472,3.9500977401813127,3.9772922115684515,2652699.49
2025-02-13,3.9772922115684515,4.117554249069464,3.9377446981153734,4.077015157841974,4046258.85
2025-02-14,4.077015157841974,4.191123959627608,4.016829127688317,4.130153486704083,3782716.86
2025-02-15,4.130153486704083,4.161474197518991,4.07215401953021,4.103270868011983,3065568.15
2025-02-16,4.103270868011983,4.176522546467769,4.088971193486543,4.162018140909765,2894284.94
2025-02-17,4.162018140909765,4.199617960938478,4.125485076904023,4.163075614715094,3756045.87
2025-02-18,4.163075614715094,4.236939758775056,4.113319746814629,4.186899158810456,2706215.44
2025-02-19,4.186899158810456,4.276764701271684,4.115087262471544,4.2046483779483905,3666175.67
2025-02-20,4.2046483779483905,4.240903670938547,4.02854074844159,4.063579652446249,3557261.89
2025-02-21,4.063579652446249,4.136770318712525,3.7983072993774267,3.8679748538159293,3688476.99
2025-02-22,3.8679748538159293,3.92860002911256,3.8222192008001734,3.882670535639264,4202438.88
2025-02-23,3.882670535639264,3.940579633057189,3.7726300342447767,3.8297498320945653,4439268.91
2025-02-24,3.8297498320945653,3.8394888320816385,3.720169690050984,3.729654148120787,3180781.17
2025-02-25,3.729654148120787,3.79724701266603,3.6139562014490054,3.680661161601523,4723022.45
2025-02-26,3.680661161601523,3.7585594556032134,3.659158564487483,3.7367293057313344,3597209.43
2025-02-27,3.7367293057313344,3.788486642083878,3.7073375534541584,3.758920343185243,5890414.76
2025-02-28,3.758920343185243,3.850220521728969,3.7159716900120334,3.8067256548657236,3282632.98
2025-03-01,3.8067256548657236,3.9091885760508998,3.7333436408196348,3.835256573262681,2540011.37
2025-03-02,3.835256573262681,3.8667906356702573,3.7478638173121532,3.778934793486924,4680531.09
2025-03-03,3.778934793486924,3.850136932569855,3.7563782132862484,3.827291708428559,4226635.54
2025-03-04,3.827291708428559,3.938838926128195,3.7534514270245185,3.8642849311676257,5131594.56
2025-03-05,3.8642849311676257,3.9282479590511454,3.793520216974901,3.8573687660163327,4105846.85
2025-03-06,3.8573687660163327,3.9153324358266723,3.80359101270122,3.861497126706998,6820980.94
2025-03-07,3.861497126706998,3.9485892205988065,3.8253015597048514,3.911921007650974,3624727.32
2025-03-08,3.911921007650974,3.9493510097033493,3.8280998660937122,3.8650817007753617,4936104.87
2025-03-09,3.8650817007753617,4.009560448808781,3.7912119966266618,3.9343665675769453,3332213.24
2025-03-10,3.9343665675769453,3.983935431467291,3.921614290163378,3.971064207717774,4297120.72
2025-03-11,3.971064207717774,4.033763156229048,3.9089766041386214,3.9716661414143233,4501932.17
2025-03-12,3.9716661414143233,4.124257068401145,3.9207465671843598,4.072050495618577,4679268.36
2025-03-13,4.072050495618577,4.151177906216326,3.9103875613814685,3.987879372662914,4613942.56
2025-03-14,3.987879372662914,4.035938486009296,3.910960558785259,3.9586676328182504,1691841.06
2025-03-15,3.9586676328182504,3.986575133305082,3.887932240186647,3.9155356724066186,3735313.51
2025-03-16,3.9155356724066186,4.001978215690145,3.8527362047727256,3.938805533504999,3291107.57
2025-03-17,3.938805533504999,4.094839115117843,3.8610483350447,4.015566553232218,3457444.59
2025-03-18,4.015566553232218,4.089188616184101,3.880012616658768,3.9524780036833924,3540077.51
2025-03-19,3.9524780036833924,4.201207094903169,3.9236039427274854,4.170738573713091,4851896.05
2025-03-20,4.170738573713091,4.205081708223171,4.092621407673947,4.126601100759012,3997406.88
2025-03-21,4.126601100759012,4.216005265910569,4.062280745499376,4.1512999357521085,3347186.86
2025-03-22,4.1512999357521085,4.204967880078367,4.098298509397141,4.1519580512802525,2632502.39
2025-03-23,4.1519580512802525,4.164726093460479,4.142786252580906,4.155546368062743,5574850.39
2025-03-24,4.155546368062743,4.1744686886033024,4.084246100977281,4.102928827036353,3232227.63
2025-03-25,4.102928827036353,4.189874446519025,4.0884091487836525,4.175099367048202,3677835.7
2025-03-26,4.175099367048202,4.196881348503544,4.0966373114618095,4.118122035518068,6486468.83
2025-03-27,4.118122035518068,4.148960080152289,3.9720912779464284,4.002060208021684,3254290.15
2025-03-28,4.002060208021684,4.079738563222355,3.854025133590754,3.9303108632947,3546925.81
2025-03-29,3.9303108632947,4.0810824194073065,3.8745930156807082,4.0240358839113695,4027097.48
2025-03-30,4.0240358839113695,4.11925302741722,4.012021307149461,4.10699077198165,2543432.23
2025-03-31,4.10699077198165,4.1601047272987595,3.9244213084637956,3.975839135756032,2470823.12
2025-04-01,3.975839135756032,4.068873246466051,3.9366375314463706,4.029146038370146,3368938.69
2025-04-02,4.029146038370146,4.091890775551572,3.8413160052848725,3.90208201075945,3398214.98
2025-04-03,3.90208201075945,3.9719710505327197,3.8309405411518664,3.9008067399254354,3929678.52
2025-04-04,3.9008067399254354,3.9131872688593883,3.813404220646073,3.825545883809724,2975768.97
2025-04-05,3.825545883809724,3.95791940021523,3.7504168094463775,3.881687767451301,4235477.93
2025-04-06,3.881687767451301,3.929148220948211,3.869878529708469,3.9172308506751365,2216261.66
2025-04-07,3.9172308506751365,4.040883386342745,3.8577566303900417,3.9804493374562138,3733806.48
2025-04-08,3.9804493374562138,4.0531179159933775,3.8895519091644406,3.9618815064020487,4158045.55
2025-04-09,3.9618815064020487,4.023413270741412,3.8887066732551765,3.95005475699833,4125190.2
2025-04-10,3.95005475699833,3.9686761415929617,3.837388442868935,3.8555643800564368,3648466.51
2025-04-11,3.8555643800564368,3.877710237132861,3.770286948894295,3.792068091601982,3221723.35
2025-04-12,3.792068091601982,3.861883366088681,3.781673186389896,3.851326021661067,3622025.74
2025-04-13,3.851326021661067,3.8916823910232616,3.8345369570324745,3.8747910354872195,5173197.02
2025-04-14,3.8747910354872195,3.8938295279729904,3.8627857829903554,3.8818025517181307,3271125.8
2025-04-15,3.8818025517181307,3.974324904394461,3.870291075213693,3.9625739006412837,4852668.46
2025-04-16,3.9625739006412837,4.010592424992742,3.83327831512928,3.8802998413122642,5049616.16
2025-04-17,3.8802998413122642,3.9396326559804393,3.8671820872133575,3.9263591934877224,2462133.15
2025-04-18,3.9263591934877224,3.9642529161658806,3.815212515885104,3.8523923767120767,3680186.09
2025-04-19,3.8523923767120767,4.004646597180506,3.7954773875631784,3.9463435792049664,2975956.9
2025-04-20,3.9463435792049664,3.9908688662726552,3.937375806916721,3.981820475376331,2610502.16
2025-04-21,3.981820475376331,4.099699482821395,3.928066708130506,4.045091568673786,4632092.81
2025-04-22,4.045091568673786,4.108313557138392,3.937245489742177,3.9997589608442934,4277342.03
2025-04-23,3.9997589608442934,4.1927157437079705,3.9531215245886275,4.144391878706645,4058712.96
2025-04-24,4.144391878706645,4.326700134879989,4.100624400729147,4.281484865655246,2896858.39
2025-04-25,4.281484865655246,4.377333052484854,4.216598382159183,4.311984345241445,4005294.59
2025-04-26,4.311984345241445,4.44621095077193,4.262244798641903,4.395507943827589,2738431.39
2025-04-27,4.395507943827589,4.444592997223643,4.325681310598599,4.374532125040164,3874112.3
2025-04-28,4.374532125040164,4.446417476260334,4.215476937775051,4.28590592164524,3220747.12
2025-04-29,4.28590592164524,4.416251757153334,4.212719853517102,4.3421060170018775,4941647.47
2025-04-30,4.3421060170018775,4.379585028337427,4.241379490445856,4.278307825883872,3470208.99
2025-05-01,4.278307825883872,4.41216851832541,4.2377553560313945,4.370739919442486,4026154.12
2025-05-02,4.370739919442486,4.519179154947668,4.298999975000811,4.446200622364189,4028294.45
2025-05-03,4.446200622364189,4.516421992634841,4.3937015500781085,4.463716104098262,3728668.37
2025-05-04,4.463716104098262,4.541540692944548,4.399605349382995,4.477235760253047,3901394.64
2025-05-05,4.477235760253047,4.565466256643235,4.462222914210146,4.550208721267971,4099832.53
2025-05-06,4.550208721267971,4.588039912813784,4.533297245756872,4.571050974207742,3037098.32
2025-05-07,4.571050974207742,4.623949123289036,4.489113850373557,4.541672013607737,4202736.67
2025-05-08,4.541672013607737,4.617727288221923,4.357714205356405,4.431931759156872,4716028.88
2025-05-09,4.431931759156872,4.536600792177014,4.397815822454536,4.501945903557446,4196866.09
2025-05-10,4.501945903557446,4.616690978422417,4.415097151055064,4.529314252676911,3478001.04
2025-05-11,4.529314252676911,4.811280743066055,4.458268082098905,4.736977201403835,3969346.54
2025-05-12,4.736977201403835,4.813104261403837,4.65413712699462,4.7301545413215775,3469674.46
2025-05-13,4.7301545413215775,4.834816631498702,4.649682262426903,4.753939704870441,3688854.9
2025-05-14,4.753939704870441,4.811118112267146,4.722655037482078,4.779664157718856,2823787.97
2025-05-15,4.779664157718856,4.869342604337432,4.741685611677635,4.830956496512339,5365650.25
2025-05-16,4.830956496512339,4.850916908748869,4.736651094911261,4.756303056130696,6164906.38
2025-05-17,4.756303056130696,4.798379238308387,4.708865257051253,4.750893584856307,3186803.47
2025-05-18,4.750893584856307,4.828417919248478,4.738327571368576,4.8156805456138265,4625311.88
2025-05-19,4.8156805456138265,4.890452533194689,4.7159211424031104,4.790299037014601,5471036.65
2025-05-20,4.790299037014601,4.93247919902125,4.711517644185976,4.852672018384962,2990959.68
2025-05-21,4.852672018384962,4.889264733838328,4.824307157747306,4.860852059188818,2215311.19
2025-05-22,4.860852059188818,4.946150396906356,4.808266473992568,4.893214706679938,5552236.95
2025-05-23,4.893214706679938,5.056327214182753,4.824240588196299,4.986044577900448,3790204.25
2025-05-24,4.986044577900448,5.062658790512507,4.8919145348792075,4.968255403853574,3337187.52
2025-05-25,4.968255403853574,5.064887423960548,4.75874612017845,4.853139141671712,3845239.61
2025-05-26,4.853139141671712,4.8803737904847075,4.805645818786835,4.832766139213394,3465064.59
2025-05-27,4.832766139213394,4.8638941326248295,4.738290877446396,4.769008204062016,7963475.27
2025-05-28,4.769008204062016,4.851845038736388,4.527809856751151,4.607847355804393,3327842.46
2025-05-29,4.607847355804393,4.6251260364367015,4.583155850142318,4.600406629256245,4124036.51
2025-05-30,4.600406629256245,4.69034457852002,4.526129012518809,4.615818129537204,5249130.99
2025-05-31,4.615818129537204,4.714097836348235,4.595507915904331,4.693446049543509,5242811.32
2025-06-01,4.693446049543509,4.742072369759962,4.5602656600499625,4.608006789131372,4997801.07
2025-06-02,4.608006789131372,4.673590725889367,4.54966768712117,4.6151610482632,3416382.1
2025-06-03,4.6151610482632,4.775335349618747,4.542140909889291,4.700957753248351,3658218.96
2025-06-04,4.700957753248351,4.720050853433062,4.638945536437731,4.657863608283458,2206450.03
2025-06-05,4.657863608283458,4.778207955910243,4.579457577499788,4.699107662085825,3729884.27
2025-06-06,4.699107662085825,4.90656588950668,4.617765940281138,4.823078232688147,3831294.53
2025-06-07,4.823078232688147,4.90161236946513,4.603838813912297,4.680043924414391,4574200.22
2025-06-08,4.680043924414391,4.790056934249686,4.5917239958946805,4.70133520514381,5952866.73
2025-06-09,4.70133520514381,4.8762473228614285,4.618121324643472,4.791438607400199,4539552.68
2025-06-10,4.791438607400199,4.867256496975368,4.6894005987546965,4.764796920478827,4966236.73
2025-06-11,4.764796920478827,4.934360416316593,4.705579811109326,4.873788751592238,3783443.44
2025-06-12,4.873788751592238,5.006300477489143,4.793101997338785,4.924769720929845,5238710.91
2025-06-13,4.924769720929845,5.167916028535316,4.828460965336986,5.068790797961085,3810590.44
2025-06-14,5.068790797961085,5.186453785654657,5.000505333379767,5.117511961904569,5053861.56
2025-06-15,5.117511961904569,5.307864411670545,5.084929314808049,5.274283616347023,4646554.46
2025-06-16,5.274283616347023,5.334878331001116,5.240205279714699,5.300629765950967,4192019.09
2025-06-17,5.300629765950967,5.387177231582503,5.1002215794793475,5.1848790947311025,2585241.2
2025-06-18,5.1848790947311025,5.287592064009686,5.030975005214528,5.132653377860386,4994502.55
2025-06-19,5.132653377860386,5.248964059067241,5.102957831644632,5.218770273816904,4176756.44
2025-06-20,5.218770273816904,5.407874738265892,5.117205048069429,5.304638388105076,4529650.66
2025-06-21,5.304638388105076,5.340864849770639,5.242529145852123,5.278577633287151,4109849.45
2025-06-22,5.278577633287151,5.4872911004386795,5.228798256450093,5.436026905681391,4290844.77
2025-06-23,5.436026905681391,5.535760381202262,5.306341953737973,5.4055156465408025,5260176.4
2025-06-24,5.4055156465408025,5.552006654090379,5.301120758504276,5.446814181473166,3375421.42
2025-06-25,5.446814181473166,5.552919656392156,5.380334837366776,5.485962500035488,4271267.87
2025-06-26,5.485962500035488,5.590753317403573,5.266851096642421,5.369415679956286,3128777.37
2025-06-27,5.369415679956286,5.461573879087188,5.268410057608205,5.36041375175359,4389305.88
2025-06-28,5.36041375175359,5.670185189234932,5.266096630756795,5.572142672556625,4046380.79
2025-06-29,5.572142672556625,5.670371022776669,5.393227809228568,5.490008255334501,3245465.8
2025-06-30,5.490008255334501,5.596275173263768,5.440859074146486,5.546619183951176,3890030.71
2025-07-01,5.546619183951176,5.56077409644805,5.430423326390378,5.444317165235873,3296376.18
2025-07-02,5.444317165235873,5.471341344489809,5.3365385249441015,5.3631598603724795,3457344.59
2025-07-03,5.3631598603724795,5.38107512377525,5.2245768225885785,5.242087652681882,4152467.77
2025-07-04,5.242087652681882,5.3572335677070235,5.208731370799837,5.32336013540276,4063728.01
2025-07-05,5.32336013540276,5.339305144116779,5.233501704717915,5.249224656153715,2351095.76
2025-07-06,5.249224656153715,5.3963484062827645,5.212559172234898,5.358916730544573,4168779.32
2025-07-07,5.358916730544573,5.4264459479745675,5.246568045067844,5.313525271957489,3522488.84
2025-07-08,5.313525271957489,5.349356005018933,5.2894067680131505,5.3251845785762,3426105.12
2025-07-09,5.3251845785762,5.402660041518268,5.284269211770532,5.3614659117825205,2866845.62
2025-07-10,5.3614659117825205,5.393819399858746,5.191714383563631,5.223233716624908,3757122.01
2025-07-11,5.223233716624908,5.260578685488476,5.2038459102796475,5.241124471528648,3334246.33
2025-07-12,5.241124471528648,5.346268352480093,5.166858919167385,5.271571374368614,5224618.42
2025-07-13,5.271571374368614,5.467680973581121,5.176290494125478,5.370610021869382,2453813.31
2025-07-14,5.370610021869382,5.450566980409664,5.209519287949642,5.288250082189113,2986255.22
2025-07-15,5.288250082189113,5.3639559133706385,5.144488234420619,5.2192056351822735,2936132.02
2025-07-16,5.2192056351822735,5.379874074466391,5.116416885212601,5.275967438891679,4053843.74
2025-07-17,5.275967438891679,5.480760179888364,5.195968198553793,5.39889696506189,5095119.18
2025-07-18,5.39889696506189,5.414272197697744,5.332625249665073,5.347855122942929,4309326.01
2025-07-19,5.347855122942929,5.379559540367054,5.2112608484708405,5.242339724597208,2890239.26
2025-07-20,5.242339724597208,5.312976677667508,5.145783525764614,5.21606646457164,3413346.91
2025-07-21,5.21606646457164,5.286497956861879,5.062302331185132,5.131593198013107,3104047.44
2025-07-22,5.131593198013107,5.2531593126545335,5.04442399688085,5.165415578473502,4314294.87
2025-07-23,5.165415578473502,5.190514470360387,5.051615379479546,5.076281164876491,3396034.77
2025-07-24,5.076281164876491,5.259055588767367,4.976471819055902,5.157646446700743,2669260.75
2025-07-25,5.157646446700743,5.234520188493946,5.099399920030618,5.176065649391818,4398122.29
2025-07-26,5.176065649391818,5.359389094803591,5.079959443562448,5.261693009469273,5211228.89
2025-07-27,5.261693009469273,5.3223507243487145,5.001068970112393,5.059394553097198,3633996.31
2025-07-28,5.059394553097198,5.086535505538127,4.89128399575618,4.917664642845704,3916119.19
2025-07-29,4.917664642845704,5.064258370033834,4.876757841717566,5.022479681888431,2607588.28
2025-07-30,5.022479681888431,5.052519101495902,4.935059368618225,4.964753528462608,2270935.03
2025-07-31,4.964753528462608,4.99829569729014,4.815817761643945,4.848575021599568,2393436.38
2025-08-01,4.848575021599568,4.935977573888634,4.746084078226284,4.833209647503456,3757750.91
2025-08-02,4.833209647503456,4.895481841916339,4.79071073879926,4.852810580198333,3518432.46
2025-08-03,4.852810580198333,4.878472617113003,4.815341154409152,4.840940421005809,4356021.84
2025-08-04,4.840940421005809,4.9201711527899645,4.799493441103468,4.878403423574575,3616793.19
2025-08-05,4.878403423574575,4.969670612486736,4.814444443997812,4.905358238103868,4864390.99
2025-08-06,4.905358238103868,4.95595097675923,4.877809990713143,4.928274035393011,4725945.83
2025-08-07,4.928274035393011,5.052564991317679,4.913895012736283,5.037866216058423,3505685.52
2025-08-08,5.037866216058423,5.1270271814327675,4.948135388221998,5.037286086367911,2956899.78
2025-08-09,5.037286086367911,5.0690510402129485,5.002557701227173,5.034303849186502,2353634.5
2025-08-10,5.034303849186502,5.197073645265711,4.939384408488482,5.10089859189108,5437902.03
2025-08-11,5.10089859189108,5.162101314915157,5.086368208670398,5.147438358847418,3002272.69
2025-08-12,5.147438358847418,5.218035927798911,5.0035827318142845,5.073161588337969,2614028.67
2025-08-13,5.073161588337969,5.144055802662517,4.995370408722315,5.066166876385402,3925388.85
2025-08-14,5.066166876385402,5.127443407659969,5.0418061753985235,5.10290604610311,2619846.51
2025-08-15,5.10290604610311,5.174214958070027,4.984486706042648,5.055127958560668,3924401.63
2025-08-16,5.055127958560668,5.100510250475672,4.966678679035209,5.011670835655192,3493567.28
2025-08-17,5.011670835655192,5.056133585171623,4.8568732071875615,4.900348320993819,4787080.86
2025-08-18,4.900348320993819,4.987548211602282,4.593719179258497,4.676943666454557,4684106.35
2025-08-19,4.676943666454557,4.766476559840084,4.560174278093239,4.6491755944473,5006973.88
2025-08-20,4.6491755944473,4.682908929310007,4.625641231483275,4.659323198658128,4001088.7
2025-08-21,4.659323198658128,4.726015734784668,4.512239415725759,4.5777645389846375,3066129.66
2025-08-22,4.5777645389846375,4.704204292575095,4.555860929942564,4.681802882655378,2932278.03
2025-08-23,4.681802882655378,4.694116067298103,4.5913808591392415,4.603488075117835,3327851.58
2025-08-24,4.603488075117835,4.694617590959254,4.581890556605067,4.672695382542023,6256180.02
2025-08-25,4.672695382542023,4.76824784856063,4.609970029323209,4.705087667612578,3570494.32
2025-08-26,4.705087667612578,4.948261113609848,4.63415436450096,4.874769705678718,3956085.16
2025-08-27,4.874769705678718,4.9729464837408885,4.820529800838286,4.918223087892963,5554731.03
2025-08-28,4.918223087892963,5.012308605533878,4.712786884154954,4.804700720995197,4049746.75
2025-08-29,4.804700720995197,4.965183607733139,4.729002124497413,4.888169944299492,3151373.0
2025-08-30,4.888169944299492,5.049934339927087,4.86417329222789,5.025264672284058,4560993.56
2025-08-31,5.025264672284058,5.0541241488175785,4.8553318775003875,4.883376507767835,3413991.43
2025-09-01,4.883376507767835,4.997668742105455,4.82121368746264,4.934850682567055,4084839.27
2025-09-02,4.934850682567055,5.044832857068657,4.895374784402351,5.004797426163295,4319070.77
2025-09-03,5.004797426163295,5.014887475520949,4.978060605218237,4.988117025629429,3358265.99
2025-09-04,4.988117025629429,5.000274549721828,4.784751875279422,4.796442230914731,3981242.51
2025-09-05,4.796442230914731,4.841268733019554,4.729395487898166,4.774012365375736,5668999.33
2025-09-06,4.774012365375736,4.828555820433984,4.675717815692317,4.729755634224764,3249065.39
2025-09-07,4.729755634224764,4.915909396693772,4.664675438619402,4.849185872371063,5281574.28
2025-09-08,4.849185872371063,4.925495167142383,4.766568318380685,4.842776755984547,3278470.06
2025-09-09,4.842776755984547,4.936909002648768,4.717523232491728,4.811038562959931,5962669.41
2025-09-10,4.811038562959931,4.893305280808227,4.684520739817495,4.7660176186223895,3068318.16
2025-09-11,4.7660176186223895,4.8321109367048685,4.72595005808443,4.791826403604607,3443667.86
2025-09-12,4.791826403604607,4.852561745691722,4.736123869942716,4.796801380465678,5540390.64
2025-09-13,4.796801380465678,4.825038040759369,4.708373576929402,4.73625382036306,5601639.12
2025-09-14,4.73625382036306,4.849601406743073,4.644192619781974,4.7571343398868615,4662760.86
2025-09-15,4.7571343398868615,4.812497739854454,4.659984246360632,4.714855607592527,2899501.11
2025-09-16,4.714855607592527,4.745474184110726,4.491809404820033,4.521170175646591,3879100.81
2025-09-17,4.521170175646591,4.6396833929543515,4.453204384127781,4.570968986483279,3801186.41
2025-09-18,4.570968986483279,4.663960718019478,4.521684680796339,4.614210184617275,3068067.22
2025-09-19,4.614210184617275,4.7220426555645325,4.522197982730397,4.62972114874662,4523157.71
2025-09-20,4.62972114874662,4.6452065963510085,4.581752789019657,4.597129223459939,3129357.75
2025-09-21,4.597129223459939,4.634083242843542,4.555369822196263,4.592284900493791,2752071.0
2025-09-22,4.592284900493791,4.742490335854883,4.505245790485833,4.654276282472866,2533962.24
2025-09-23,4.654276282472866,4.702222769475099,4.559871604084293,4.607334515839343,5830337.49
2025-09-24,4.607334515839343,4.708157459260251,4.572262097016158,4.672588308899097,3344710.85
2025-09-25,4.672588308899097,4.732807224338287,4.5038182545842105,4.562619930575482,3362298.31
2025-09-26,4.562619930575482,4.639492080489345,4.498921723453406,4.57561248581207,2936838.39
2025-09-27,4.57561248581207,4.594855264232074,4.558817541111744,4.578051367531608,5349388.47
2025-09-28,4.578051367531608,4.684714221894165,4.547520469143194,4.653678965141759,2691068.99
2025-09-29,4.653678965141759,4.688868017159057,4.550658944742572,4.58533118119468,2812201.48
2025-09-30,4.58533118119468,4.614790052132056,4.496916122993019,4.525993775451626,3506239.31
2025-10-01,4.525993775451626,4.5662379936949735,4.38589309722068,4.425241446196807,3779566.66
2025-10-02,4.425241446196807,4.460752915747254,4.350047368840474,4.385237819165074,4480165.01
2025-10-03,4.385237819165074,4.470744638048131,4.318733101834058,4.403956047743318,3209458.61
2025-10-04,4.403956047743318,4.460242222059697,4.223156817981846,4.2778310107661675,5590588.28
2025-10-05,4.2778310107661675,4.3194350457667285,4.206374779709929,4.247685635941589,3214925.33
2025-10-06,4.247685635941589,4.314512891532098,4.2238982888426015,4.2904858600791504,2953101.08
2025-10-07,4.2904858600791504,4.33155228766889,4.242819248700536,4.2838218920548155,2883651.15
2025-10-08,4.2838218920548155,4.312060178836819,4.261337342625149,4.289545587376084,3131550.52
2025-10-09,4.289545587376084,4.371641593757705,4.106345321798692,4.186468575863651,2837335.63
2025-10-10,4.186468575863651,4.207936474206564,4.158722833192202,4.180158373287353,4584711.86
2025-10-11,4.180158373287353,4.255597199988301,4.107188723576757,4.182585187344099,2958820.27
2025-10-12,4.182585187344099,4.237295299110149,4.117396269994019,4.17196749756077,3675884.72
2025-10-13,4.17196749756077,4.2522174288990175,4.102734860556002,4.182804947436275,2937661.13
2025-10-14,4.182804947436275,4.258070777288807,4.087457393176318,4.162355249015912,2833140.45
2025-10-15,4.162355249015912,4.2309164369447565,4.064079966399669,4.132143514828432,5010998.49
2025-10-16,4.132143514828432,4.1842387213587156,4.012250440030474,4.063479984273736,5672868.86
2025-10-17,4.063479984273736,4.156815445091886,4.035824388426238,4.12871586107402,5218715.87
2025-10-18,4.12871586107402,4.186022873005227,3.991631695814964,4.047815806449103,2630482.02
2025-10-19,4.047815806449103,4.067140770815475,4.03936727040164,4.0586695809444535,2723326.87
2025-10-20,4.0586695809444535,4.217098373755419,4.022976044161943,4.180334864611006,6231367.65
2025-10-21,4.180334864611006,4.330449227298341,4.107415835571671,4.256206738875501,3565905.03
2025-10-22,4.256206738875501,4.345457620705254,4.203218448463337,4.292023425034203,2694741.41
2025-10-23,4.292023425034203,4.338785652900632,4.263304524000728,4.309946822355392,4980649.57
2025-10-24,4.309946822355392,4.387781250851718,4.223832745730476,4.301514899991086,3864558.04
2025-10-25,4.301514899991086,4.31130017139181,4.229904157757936,4.239548465243426,4381430.77
2025-10-26,4.239548465243426,4.315405228037944,4.147054556868478,4.222608213646494,2171739.55
2025-10-27,4.222608213646494,4.329467733498774,4.156439198513244,4.262670928559967,3502343.62
2025-10-28,4.262670928559967,4.310088806814683,4.242914418830647,4.290204684392732,4817243.71
2025-10-29,4.290204684392732,4.3595754578634915,4.2767665715680545,4.345962695459432,3237853.28
2025-10-30,4.345962695459432,4.518113334192435,4.262858167351784,4.433337994911732,5174543.69
2025-10-31,4.433337994911732,4.4475539245315,4.4082810618501,4.422462116908889,2734127.3
2025-11-01,4.422462116908889,4.523400399180681,4.336101562994974,4.43676062809907,3694539.8
2025-11-02,4.43676062809907,4.4792262957948346,4.261441274302598,4.302623068126229,5732956.91
2025-11-03,4.302623068126229,4.500900418171297,4.266639896570479,4.463571224657235,2849906.86
2025-11-04,4.463571224657235,4.524725686747805,4.3734554384809,4.43420759558959,4066856.57
2025-11-05,4.43420759558959,4.530842339174314,4.38574684405746,4.481860793401256,4398554.69
2025-11-06,4.481860793401256,4.522291033766149,4.412164013057021,4.452327840780337,3887833.37
2025-11-07,4.452327840780337,4.51253627514004,4.361534322721449,4.421323487968933,3569726.79
2025-11-08,4.421323487968933,4.458025768024865,4.368293997806629,4.404859607940704,3052379.56
2025-11-09,4.404859607940704,4.416393145148542,4.305951118667431,4.31725527561884,3991382.37
2025-11-10,4.31725527561884,4.389973003511416,4.0775793805288965,4.1474367688826685,3703716.82
2025-11-11,4.1474367688826685,4.274312503166602,4.1007220804014155,4.226704976569923,2653626.89
2025-11-12,4.226704976569923,4.326030988631839,4.166008136236893,4.2647872742784205,5002625.78
2025-11-13,4.2647872742784205,4.317470745614646,4.150448411765537,4.202360719762552,3026746.87
2025-11-14,4.202360719762552,4.289049352811661,4.147496958131362,4.2337754572617525,2670917.83
2025-11-15,4.2337754572617525,4.316745132900057,4.208622956323128,4.291251173604969,3274223.04
2025-11-16,4.291251173604969,4.37202921923689,4.163869913825301,4.24375387548029,3039889.58
2025-11-17,4.24375387548029,4.315678758178658,4.201065917211094,4.2726996342624375,3562422.65
2025-11-18,4.2726996342624375,4.424197472785034,4.193390885723764,4.343573187629428,2785391.07
2025-11-19,4.343573187629428,4.4153486687492185,4.173732711491717,4.243860487668061,4250318.49
2025-11-20,4.243860487668061,4.345297120743639,4.180366082766033,4.281243412218246,5366971.38
2025-11-21,4.281243412218246,4.351413059715084,4.237223147232457,4.307126660030174,3901914.37
2025-11-22,4.307126660030174,4.451775903215132,4.296756883900285,4.44108361425106,2648331.11
2025-11-23,4.44108361425106,4.516314987392848,4.40700354379587,4.481921534144606,3024349.87
2025-11-24,4.481921534144606,4.5445224893151615,4.390459486112968,4.452651615549322,4016139.39
2025-11-25,4.452651615549322,4.4880580330141315,4.396643445896193,4.431884730069601,2323936.81
2025-11-26,4.431884730069601,4.597666511547172,4.415113181273427,4.580333190334365,2792132.2
2025-11-27,4.580333190334365,4.63218099782302,4.503003452022986,4.554559510255093,2517144.46
2025-11-28,4.554559510255093,4.620596844936315,4.53278583806524,4.598612571280487,3911255.34
2025-11-29,4.598612571280487,4.6331572073416245,4.5469707946809415,4.58138602546022,6524379.72
2025-11-30,4.58138602546022,4.714463949996013,4.53083302144847,4.663010268619605,2772512.93
2025-12-01,4.663010268619605,4.7693367411545315,4.643924395422395,4.749895244542899,4660317.1
2025-12-02,4.749895244542899,4.769016012873857,4.729578314281537,4.748694247984408,3300361.39
2025-12-03,4.748694247984408,4.776149292869276,4.690719935854219,4.717997504484225,2731792.15
2025-12-04,4.717997504484225,4.777691978235537,4.626400100360536,4.685685749561978,5618323.31
2025-12-05,4.685685749561978,4.77376521786295,4.471053028111095,4.556708029729343,6520572.34
2025-12-06,4.556708029729343,4.593443384751228,4.5279886493033885,4.564673798792982,4212122.58
2025-12-07,4.564673798792982,4.639527751940095,4.4964007633284515,4.571157737329806,4160472.82
2025-12-08,4.571157737329806,4.595882275087735,4.487138853938607,4.511540935559364,3859619.93
2025-12-09,4.511540935559364,4.572172750980922,4.320846785989489,4.379706847545819,3661743.72
2025-12-10,4.379706847545819,4.414580840723538,4.360090364653847,4.394896324939456,4137206.28
2025-12-11,4.394896324939456,4.495272953652858,4.319230012390909,4.419188407727951,4499789.74
2025-12-12,4.419188407727951,4.516434590593933,4.351286863063325,4.448088983901883,5759416.83
2025-12-13,4.448088983901883,4.511487934261308,4.315317857898435,4.377713744623639,3334483.33
2025-12-14,4.377713744623639,4.416471141594187,4.367802986068681,4.40649522430282,3922964.84
2025-12-15,4.40649522430282,4.481649663052333,4.319304399799097,4.394249991482374,3716892.72
2025-12-16,4.394249991482374,4.477851376111498,4.373529743759632,4.456836015927472,4908736.46
2025-12-17,4.456836015927472,4.508547802993438,4.3364923588060735,4.387398475823738,6924191.24
2025-12-18,4.387398475823738,4.5420039604253795,4.317288245300168,4.470564740519664,4951260.44
2025-12-19,4.470564740519664,4.643240025261126,4.410792980110846,4.581978653119418,4639293.28
2025-12-20,4.581978653119418,4.668011609892867,4.5052651265801575,4.591144622611615,4768203.78
2025-12-21,4.591144622611615,4.690062218919136,4.5233823652362135,4.621846817458713,5216656.82
2025-12-22,4.621846817458713,4.75462415008002,4.549702699208952,4.681548131908126,6949105.08
2025-12-23,4.681548131908126,4.7160878388244,4.570832743377936,4.6048062611513325,2493418.73
2025-12-24,4.6048062611513325,4.64543863243878,4.5288238204778635,4.569141489219135,4414523.06
2025-12-25,4.569141489219135,4.633883669081122,4.518761437214444,4.583346985108837,1993114.83
2025-12-26,4.583346985108837,4.796593156177917,4.525821885605766,4.737137843996445,4820315.79
2025-12-27,4.737137843996445,4.805589856462918,4.5794750191795055,4.6466190276680885,4361258.03
2025-12-28,4.6466190276680885,4.829571069862091,4.590857995404815,4.772301800936117,3314458.71
2025-12-29,4.772301800936117,4.842875698576913,4.687548289550482,4.7579093482883055,1949344.97
2025-12-30,4.7579093482883055,4.780335779489236,4.733381549653298,4.755798029140113,3786349.54
2025-12-31,4.755798029140113,4.89544927278628,4.712502960459654,4.851284925863475,4017708.16
2026-01-01,4.851284925863475,5.1060719599746776,4.76182966718485,5.013623263837959,3740518.01
2026-01-02,5.013623263837959,5.078534863503646,4.984016677608726,5.0487210170551275,3253216.09
2026-01-03,5.0487210170551275,5.169234649663115,5.025568109403797,5.145637294080457,3036798.82
2026-01-04,5.145637294080457,5.224913766478427,4.991840415809147,5.069950821456795,3751120.94
2026-01-05,5.069950821456795,5.097834154772266,4.999510051080411,5.027158035859707,3109717.62
2026-01-06,5.027158035859707,5.078620909073527,4.868252370298146,4.9186039787299425,4652134.49
2026-01-07,4.9186039787299425,4.991463114841772,4.805926741441115,4.878187184772456,3725963.15
2026-01-08,4.878187184772456,4.976517532905411,4.825857399886194,4.923699523438612,2469052.77
2026-01-09,4.923699523438612,5.031310519858462,4.833954279555827,4.941245462675042,3971627.39
2026-01-10,4.941245462675042,5.172760813900832,4.85325832479547,5.082262629565404,4214575.74
2026-01-11,5.082262629565404,5.3132515721380456,5.026087820779585,5.25516564724809,5694484.28
2026-01-12,5.25516564724809,5.356565584853653,5.142954114218401,5.244141334528848,4792421.58
2026-01-13,5.244141334528848,5.282171478530332,5.149602053467466,5.187219403630873,3035354.87
2026-01-14,5.187219403630873,5.319218975735428,5.155006486170894,5.286390202168515,5427386.35
2026-01-15,5.286390202168515,5.472472127233761,5.2120402509921675,5.396572526836253,2687181.9
2026-01-16,5.396572526836253,5.502891302777741,5.330140301201439,5.435974041447402,3826853.03
2026-01-17,5.435974041447402,5.535051927354102,5.400531901982772,5.4991975752326825,4588339.03
2026-01-18,5.4991975752326825,5.597223412385476,5.451462526147404,5.5490555775788755,5472168.27
2026-01-19,5.5490555775788755,5.583429125298167,5.427535811928181,5.461366168822616,6093522.5
2026-01-20,5.461366168822616,5.495584842562237,5.3215035682928695,5.355056147170193,5226187.35
2026-01-21,5.355056147170193,5.401196791753189,5.305142152644663,5.351250002432094,3672407.4
2026-01-22,5.351250002432094,5.450975653086611,5.235033461700927,5.334445952854963,4392590.04
2026-01-23,5.334445952854963,5.450342749217736,5.243610145029991,5.359087343805185,4019277.13
2026-01-24,5.359087343805185,5.419235207085321,5.288276352015048,5.348303178925904,3182421.38
2026-01-25,5.348303178925904,5.404994397061334,5.1479595651544985,5.203111776016338,3691728.43
2026-01-26,5.203111776016338,5.216466152366183,5.015480036717995,5.028385959447594,5956339.91
2026-01-27,5.028385959447594,5.142030608136324,4.976486323699102,5.089500192164783,4466215.76
2026-01-28,5.089500192164783,5.156824015641684,4.969025671051271,5.035636993030281,6358820.88
2026-01-29,5.035636993030281,5.1162808247002,4.936932740705924,5.017282634225836,2899030.65
2026-01-30,5.017282634225836,5.059466112578063,4.9308256913909165,4.972633778485186,3454271.84
2026-01-31,4.972633778485186,5.064871151259212,4.809177707540778,4.9000690778458385,4215700.17
2026-02-01,4.9000690778458385,4.983975264204318,4.743817981183108,4.826463789588674,4574926.04
2026-02-02,4.826463789588674,4.924639952429196,4.8096667208450885,4.907560650232195,3690659.05
2026-02-03,4.907560650232195,4.997138673688076,4.799874361393603,4.889115708122551,4641911.67
2026-02-04,4.889115708122551,4.969996275194516,4.8597275905149315,4.940300489602001,4633166.68
2026-02-05,4.940300489602001,5.096065996868981,4.848313455496256,5.002913132599864,2685912.01
2026-02-06,5.002913132599864,5.096407076689602,4.936113052174502,5.029255269812523,4587620.41
2026-02-07,5.029255269812523,5.143693707852144,4.9819070220869,5.095719726219988,4969489.71
2026-02-08,5.095719726219988,5.147730293665928,5.0454956999761675,5.097488830913561,4092024.49
2026-02-09,5.097488830913561,5.275374329959414,5.035655294270775,5.212149931734719,2398901.06
2026-02-10,5.212149931734719,5.373674119923094,5.122554577642249,5.282863224718623,3545899.96
2026-02-11,5.282863224718623,5.457676680209201,5.192713248900015,5.366106195942114,4239672.92
2026-02-12,5.366106195942114,5.416913857892632,5.23556931085028,5.285614860307767,3060489.62
2026-02-13,5.285614860307767,5.400600561145507,5.194266272707467,5.308850405461267,4780657.21
2026-02-14,5.308850405461267,5.364567713657406,5.099611015693007,5.153699993333745,4560346.58
2026-02-15,5.153699993333745,5.322983506752618,5.104657813509216,5.272807905953492,3929934.41
2026-02-16,5.272807905953492,5.306440836730961,5.187048163890602,5.22034646613516,3816604.3
2026-02-17,5.22034646613516,5.308584626760939,5.092488641909561,5.18004560758922,3987732.05
2026-02-18,5.18004560758922,5.248220932100713,5.00027667836214,5.066963715848809,3796145.43
2026-02-19,5.066963715848809,5.116417892384341,5.015133721672711,5.064564481390779,2755583.44
2026-02-20,5.064564481390779,5.135077297258738,4.9729328187880615,5.043147450045431,3412599.57
2026-02-21,5.043147450045431,5.286030298368543,4.954901367653028,5.1951248820737685,3869479.33
2026-02-22,5.1951248820737685,5.297966641703955,5.166235680757108,5.268668477028679,5417593.83
2026-02-23,5.268668477028679,5.31642346282677,5.178091305755819,5.225454602846058,4517740.83
2026-02-24,5.225454602846058,5.271675875912486,5.041660233107804,5.086653756184422,5490836.21
2026-02-25,5.086653756184422,5.103787607517983,4.885667359580283,4.902179830144641,2674499.59
2026-02-26,4.902179830144641,4.94146211767555,4.783140135385833,4.821778145842016,3476259.12
2026-02-27,4.821778145842016,4.8975392456023235,4.645133781267014,4.719284472338191,6381898.33
2026-02-28,4.719284472338191,4.77773924837368,4.688325387984883,4.746600964485026,3155853.61
2026-03-01,4.746600964485026,4.825377788261263,4.657393891203116,4.735994688226313,3140145.51
2026-03-02,4.735994688226313,4.8288122116359915,4.645089334325055,4.737870845709549,3550407.55
2026-03-03,4.737870845709549,4.766447163258642,4.637872301486454,4.666015224135887,6293573.31
2026-03-04,4.666015224135887,4.721929918783806,4.622276028680118,4.678077650226661,3212726.71
2026-03-05,4.678077650226661,4.698492840450152,4.552064740164224,4.572017080716621,4368292.44
2026-03-06,4.572017080716621,4.638122017061287,4.499978005164703,4.565995883466072,4191294.26
2026-03-07,4.565995883466072,4.677885827468576,4.517232875448468,4.628455772838583,2346392.07
2026-03-08,4.628455772838583,4.686759518221972,4.5436553814607645,4.601621095703768,3785135.71
2026-03-09,4.601621095703768,4.70964146076494,4.527919322916751,4.635398689813453,3309409.48
2026-03-10,4.635398689813453,4.70943168044191,4.417880772198958,4.489584938752472,4501875.42
2026-03-11,4.489584938752472,4.540261404787229,4.293683069814853,4.342701580917035,5869495.16
2026-03-12,4.342701580917035,4.444402739486831,4.265046369728142,4.366325097890186,3486380.12
2026-03-13,4.366325097890186,4.52504001362458,4.2843483789845695,4.441649104349279,3486343.21
2026-03-14,4.441649104349279,4.500957732113259,4.365934476643281,4.425021072972492,7131047.41
2026-03-15,4.425021072972492,4.594620340727791,4.413111946349191,4.582287959337453,3180745.77
2026-03-16,4.582287959337453,4.655455105034809,4.405247059496618,4.476728700099377,2716245.66
2026-03-17,4.476728700099377,4.557553842217196,4.348167602987199,4.428115049474152,5362305.67
2026-03-18,4.428115049474152,4.492053338723481,4.374891340806309,4.438702375735859,3752201.3
2026-03-19,4.438702375735859,4.538119932715685,4.373868728847161,4.472788410156934,4078914.61
2026-03-20,4.472788410156934,4.510399176883807,4.393860007161005,4.431120396044113,6638443.94
2026-03-21,4.431120396044113,4.480030568244485,4.3080284448163475,4.356110668698171,2675821.14
2026-03-22,4.356110668698171,4.4727008902271415,4.284818932174156,4.400679740073568,3618774.56
2026-03-23,4.400679740073568,4.489077553907682,4.322491538824164,4.410711122075482,2789699.42
2026-03-24,4.410711122075482,4.428679886334273,4.368749344381691,4.386619963844554,4132146.19
2026-03-25,4.386619963844554,4.432990629743707,4.376489737695254,4.42277690468395,3309344.56
2026-03-26,4.42277690468395,4.461364102368423,4.375003646430887,4.413509993522938,2834219.72
2026-03-27,4.413509993522938,4.453392752006965,4.364222931066485,4.404019932451453,4563411.28
2026-03-28,4.404019932451453,4.474131695294022,4.322005297282699,4.391924501508652,3809825.34
2026-03-29,4.391924501508652,4.401388001297225,4.324959478783144,4.334298809605936,2779005.46
2026-03-30,4.334298809605936,4.402572938039473,4.203110181705164,4.270377416616516,2821899.72
2026-03-31,4.270377416616516,4.320143865453463,4.185242753573354,4.2345921655319465,4002635.89
2026-04-01,4.2345921655319465,4.298981816737409,4.172932874558165,4.237283339957654,2502543.49
2026-04-02,4.237283339957654,4.284599619727067,4.065124033156577,4.111030490960939,4022373.43
2026-04-03,4.111030490960939,4.2427893506751095,4.044295934646534,4.175016112676137,5311584.97
2026-04-04,4.175016112676137,4.217958592541945,4.133820189112972,4.176745603660594,4489611.36
2026-04-05,4.176745603660594,4.21109990208292,4.071884312475664,4.105653871772267,3251673.52
2026-04-06,4.105653871772267,4.271985244818384,4.050402679660367,4.2152590581266045,4069768.57
2026-04-07,4.2152590581266045,4.260789408827156,4.1731064284837815,4.2186033363709,2779044.1
2026-04-08,4.2186033363709,4.25008118707595,4.0978607712875705,4.128667550308228,3931700.5
2026-04-09,4.128667550308228,4.3139261798822375,4.052519086248919,4.2358017502898795,3501840.49
2026-04-10,4.2358017502898795,4.395490360201894,4.1721845618990905,4.330451632340527,2930471.16
2026-04-11,4.330451632340527,4.35445876381539,4.243895273336383,4.267553711700573,4441225.01
2026-04-12,4.267553711700573,4.332940774755703,4.180682335515825,4.245735095756536,2317832.74
2026-04-13,4.245735095756536,4.273515546216069,4.18723407539701,4.214812192891407,2825111.61
2026-04-14,4.214812192891407,4.25596106563297,4.0481107400120715,4.0880217680243955,2911317.65
2026-04-15,4.0880217680243955,4.134393796569701,4.063846855963992,4.1100883913980075,3349460.13
2026-04-16,4.1100883913980075,4.184152356293092,4.093486259753622,4.167319049348588,5258445.41
2026-04-17,4.167319049348588,4.251142858742832,4.129049950904437,4.21245923142503,4588559.01
2026-04-18,4.21245923142503,4.265729262796908,4.161945673505566,4.215183042393241,3901375.11
2026-04-19,4.215183042393241,4.312450130708761,4.1838297077103705,4.280610136830175,3855659.57
2026-04-20,4.280610136830175,4.2949504118668305,4.188876359071744,4.202956490200248,3788847.31
2026-04-21,4.202956490200248,4.35741638646079,4.175664711608325,4.329304172780703,5354606.96
2026-04-22,4.329304172780703,4.357106240796715,4.248437661557259,4.275896756066957,2413502.33
2026-04-23,4.275896756066957,4.329916467780273,4.177316915467255,4.230766471941311,4608445.4
2026-04-24,4.230766471941311,4.26071469795548,4.162270530039063,4.1919439439475505,3346625.5
2026-04-25,4.1919439439475505,4.240603885441616,4.100408987697535,4.1485653924539925,4309184.38
2026-04-26,4.1485653924539925,4.191984748134772,4.092798972243108,4.1360877353501655,4314343.02
2026-04-27,4.1360877353501655,4.164190136365304,4.093057300996258,4.121057580522368,4564515.17
2026-04-28,4.121057580522368,4.193575557565706,4.0578326894857675,4.13021024714916,5645805.85
2026-04-29,4.13021024714916,4.188101925456231,4.019040312844885,4.076174592730195,2697275.55
2026-04-30,4.076174592730195,4.1459072136967,4.018109838913024,4.087678586485464,4885942.68
