Date,Open,High,Low,Close,Volume
2020-01-01,10.0,10.181276816273584,9.818723183726416,10.0,4273704.67
2020-01-02,10.0,10.074394684576076,9.835936164595935,9.909658758354368,4014697.81
2020-01-03,9.909658758354368,10.10214743548636,9.861969004197627,10.05376418094343,4810588.43
2020-01-04,10.05376418094343,10.251555696359366,9.443033127995415,9.632537695012104,4360260.1
2020-01-05,9.632537695012104,9.913190803217786,9.5954296733504,9.875148158239792,3837135.14
2020-01-06,9.875148158239792,10.072165541458002,9.84478661702684,10.041293180674028,4230817.31
2020-01-07,10.041293180674028,10.104311876010955,9.881569176754805,9.943977120965577,4827004.99
2020-01-08,9.943977120965577,10.021010809821691,9.798554475917536,9.875054235131838,4713601.86
2020-01-09,9.875054235131838,10.05244605973644,9.77819527926108,9.95480487387336,4402808.37
2020-01-10,9.95480487387336,10.183323950303413,9.812122019255419,10.039428184366628,3629963.59
2020-01-11,10.039428184366628,10.125594999362042,9.855896377611646,9.941220289871902,8498334.87
2020-01-12,9.941220289871902,10.061190985963146,9.576228817886621,9.693206482107517,4594972.88
2020-01-13,9.693206482107517,10.042656584194043,9.67280610486873,10.02156514146183,5081976.86
2020-01-14,10.02156514146183,10.26525500652464,9.932090660955932,10.174415845240588,3699264.12
2020-01-15,10.174415845240588,10.394674833749546,9.981005936789384,10.20076406058096,4403844.67
2020-01-16,10.20076406058096,10.393363542360726,10.038090020762867,10.230219765328972,4395083.56
2020-01-17,10.230219765328972,10.490223646784981,10.073345378560141,10.33179171408464,2604125.92
2020-01-18,10.33179171408464,10.532220235570065,10.254496609086647,10.45401077463273,3511064.74
2020-01-19,10.45401077463273,10.566779977719102,10.00916924376323,10.118317263502124,3494878.77
2020-01-20,10.118317263502124,10.29236671921654,9.890848438618566,10.063962922316117,3614560.73
2020-01-21,10.063962922316117,10.243532220634616,9.815260152426657,9.993573506328882,3214348.65
2020-01-22,9.993573506328882,10.14137620520889,9.822054615591236,9.96950129184668,4246302.2
2020-01-23,9.96950129184668,10.195264080875816,9.86763546230011,10.09214510799688,5956149.28
2020-01-24,10.09214510799688,10.125620458774883,9.781071992702316,9.81362349542022,4339272.47
2020-01-25,9.81362349542022,9.854333934206204,9.569229313512665,9.609091279125092,3126039.64
2020-01-26,9.609091279125092,9.6283601265093,9.488878328888875,9.507944349106467,3245789.28
2020-01-27,9.507944349106467,9.612886919159575,9.42745393487263,9.532191240542199,3822183.05
2020-01-28,9.532191240542199,9.682135911336134,9.509114650644394,9.65875292681644,2948164.86
2020-01-29,9.65875292681644,10.008016584895215,9.563803597063403,9.91059158237855,4532160.68
2020-01-30,9.91059158237855,10.03700860320454,9.741479332152434,9.867344706677523,5890608.14
2020-01-31,9.867344706677523,10.12533232804628,9.741774431782604,9.998098105981967,3636815.63
2020-02-01,9.998098105981967,10.23275280675412,9.878167366600337,10.111462224489589,4280706.23
2020-02-02,10.111462224489589,10.26101066517562,10.05007477396186,10.199091212446474,3772901.57
2020-02-03,10.199091212446474,10.314803984238052,10.080777374746125,10.196460297757586,3588296.45
2020-02-04,10.196460297757586,10.39668866528375,9.934939291796672,10.133939944217703,4403847.29
2020-02-05,10.133939944217703,10.235310963239437,9.867340024854727,9.967041539074218,3558211.93
2020-02-06,9.967041539074218,10.143865331493133,9.618976849356558,9.792707813233644,3431455.15
2020-02-07,9.792707813233644,9.934739502390451,9.705892540821003,9.847439021509775,2801798.91
2020-02-08,9.847439021509775,9.977570957516075,9.710203478332378,9.840240284469296,4268368.13
2020-02-09,9.840240284469296,9.945266156182905,9.673095346665958,9.777451062716887,5484011.58
2020-02-10,9.777451062716887,10.023516575461812,9.636702654451817,9.881273620241725,5012384.36
2020-02-11,9.881273620241725,10.060646415012714,9.672597528218422,9.85142855139035,6098744.06
2020-02-12,9.85142855139035,9.949314448616267,9.615866180798317,9.712370366209338,3548254.04
2020-02-13,9.712370366209338,9.864205699909867,9.521784083481938,9.673003995215318,5195468.86
2020-02-14,9.673003995215318,9.974940172472598,9.499995415160786,9.799666149392136,3188103.96
2020-02-15,9.799666149392136,9.958536395023668,9.48825782683492,9.644614404301366,5014828.32
2020-02-16,9.644614404301366,9.701186526205118,9.621062178964314,9.677553862448422,6335263.11
2020-02-17,9.677553862448422,9.696942007051803,9.650953307059867,9.67032697321389,4757298.2
2020-02-18,9.67032697321389,9.843360785152647,9.38566318926857,9.55666318386012,6363238.4
2020-02-19,9.55666318386012,9.701232957699558,9.369992131359664,9.513915229473605,3616119.63
2020-02-20,9.513915229473605,9.697023624721378,9.104466175434633,9.283132846022694,4061396.01
2020-02-21,9.283132846022694,9.367839000814318,9.21569382778956,9.300275447017572,3340644.0
2020-02-22,9.300275447017572,9.450785790199212,8.956875755452222,9.104213138269104,4236688.66
2020-02-23,9.104213138269104,9.412086700765814,8.954654611140638,9.259969501955345,4492920.7
2020-02-24,9.259969501955345,9.421388149628333,9.086540246001698,9.24774581181391,4227425.97
2020-02-25,9.24774581181391,9.381435871768183,9.03370036539623,9.166211727663498,3730528.04
2020-02-26,9.166211727663498,9.377852611520504,9.125059618049924,9.335938506090372,3715099.96
2020-02-27,9.335938506090372,9.469040694865162,9.056042264682558,9.187021346077094,4578526.28
2020-02-28,9.187021346077094,9.305356671710186,8.963941383050734,9.080909918528526,4036035.07
2020-02-29,9.080909918528526,9.153612570225851,8.754214347235205,8.824867095081519,3149153.78
2020-03-01,8.824867095081519,9.061169394620208,8.774079606793078,9.009320369831535,2613689.99
2020-03-02,9.009320369831535,9.44575021702291,8.84776704785434,9.279354693825393,3619053.05
2020-03-03,9.279354693825393,9.3216224969501,8.998607816365562,9.039784367812912,2972838.86
2020-03-04,9.039784367812912,9.126562339588373,8.840141023441742,8.92582503552542,3408226.36
2020-03-05,8.92582503552542,9.054774542375178,8.80791155382538,8.936717171491804,3778239.7
2020-03-06,8.936717171491804,9.110914663239646,8.692920741031113,8.865734616993176,4049363.6
2020-03-07,8.865734616993176,8.99054265517276,8.73770663856466,8.862468700562898,3555810.65
2020-03-08,8.862468700562898,8.928829160881692,8.780962788424393,8.847208986943873,7263667.03
2020-03-09,8.847208986943873,8.932641436613128,8.819854170379305,8.905107602461303,3064268.16
2020-03-10,8.905107602461303,8.973843066568811,8.705107467617973,8.772821863585447,5682479.33
2020-03-11,8.772821863585447,8.864468151143642,8.709042061937883,8.800487217996514,4032725.79
2020-03-12,8.800487217996514,8.947837565616556,8.503849582542665,8.648657784570066,3563356.46
2020-03-13,8.648657784570066,8.724580217040941,8.51852205766373,8.593964362728737,4864570.99
2020-03-14,8.593964362728737,8.62638139781292,8.332241505633455,8.363790308073156,3750409.89
2020-03-15,8.363790308073156,8.51149145196206,8.16506842530695,8.311852366212339,3432687.06
2020-03-16,8.311852366212339,8.331177230146228,8.219295990382285,8.238450195973146,6570152.22
2020-03-17,8.238450195973146,8.37963496543118,8.221527025987955,8.362457064366328,2426547.62
2020-03-18,8.362457064366328,8.450643843561167,8.267593521878414,8.355709140447606,3950594.48
2020-03-19,8.355709140447606,8.400008052029076,8.328586799190633,8.372830136614018,4404392.91
2020-03-20,8.372830136614018,8.41626699054824,8.327483819969528,8.370910716269378,5972049.44
2020-03-21,8.370910716269378,8.536111664508976,7.936883704790595,8.096672528812535,3801808.22
2020-03-22,8.096672528812535,8.235923718502569,7.712719116005251,7.8476881300712105,8168933.29
2020-03-23,7.8476881300712105,7.971310235537413,7.686458123326025,7.809478321982592,5077729.89
2020-03-24,7.809478321982592,7.9550882384879955,7.699565576803986,7.844680054447694,2323933.73
2020-03-25,7.844680054447694,7.8671211587425,7.794404388778366,7.81676563891648,2920234.27
2020-03-26,7.81676563891648,7.950013015120166,7.58090634370223,7.712374226644121,4456296.44
2020-03-27,7.712374226644121,7.793210628199984,7.603731346151415,7.68427320999434,3155408.49
2020-03-28,7.68427320999434,7.713241072159687,7.61702651844118,7.645849532582422,4816477.43
2020-03-29,7.645849532582422,7.798293164969694,7.589166887912806,7.7409058187921715,3749610.92
2020-03-30,7.7409058187921715,7.9166675869616965,7.655481624247397,7.830257360081092,3114528.96
2020-03-31,7.830257360081092,7.847848054801763,7.746022792587783,7.763463434570873,3300048.55
2020-04-01,7.763463434570873,7.814264049725761,7.707569063715339,7.758336128081206,5196903.29
2020-04-02,7.758336128081206,7.855725945138166,7.695907704173162,7.793018445615786,2532852.5
2020-04-03,7.793018445615786,7.927317357862912,7.712374388374175,7.846123753927271,5454294.24
2020-04-04,7.846123753927271,8.069784589633725,7.8301516438132674,8.053390552942895,5494341.49
2020-04-05,8.053390552942895,8.151464478649567,7.952781619010953,8.050824292886931,3866048.11
2020-04-06,8.050824292886931,8.246527985941148,8.006082587251155,8.200951959789116,2956404.59
2020-04-07,8.200951959789116,8.30551827609999,7.95121363781564,8.053905030854324,4826157.38
2020-04-08,8.053905030854324,8.10468253042541,7.924367313568647,7.9746451026321115,3719148.32
2020-04-09,7.9746451026321115,8.048402052499435,7.64124247364285,7.7125755601459565,2875725.83
2020-04-10,7.7125755601459565,7.834131728526733,7.6105740984267,7.731875024756961,6769109.77
2020-04-11,7.731875024756961,7.919802558025133,7.625033602629219,7.811855935130435,3366862.16
2020-04-12,7.811855935130435,7.831781811644511,7.4863801300348065,7.505524640430348,2906782.51
2020-04-13,7.505524640430348,7.616245115410389,7.418225317458124,7.528676505184389,4510225.85
2020-04-14,7.528676505184389,7.728323380590661,7.402950995091881,7.601383693173489,4129360.97
2020-04-15,7.601383693173489,7.711756968789761,7.557937111884432,7.667930034247447,6089899.73
2020-04-16,7.667930034247447,7.7566924240743935,7.439089053500964,7.526210931984588,3818869.58
2020-04-17,7.526210931984588,7.695701444805598,7.450519350253348,7.6190759140469835,3828968.5
2020-04-18,7.6190759140469835,7.752965318089261,7.487274827682786,7.621128720577276,4567160.07
2020-04-19,7.621128720577276,7.769281918432356,7.545696805482182,7.693137281657227,4414806.5
2020-04-20,7.693137281657227,7.839223259361878,7.533079391507532,7.678894919150599,4448620.08
2020-04-21,7.678894919150599,7.832113362683003,7.573358400756116,7.725930402167503,4495479.78
2020-04-22,7.725930402167503,7.957825465806991,7.6324088028112005,7.8626489029461215,4376453.09
2020-04-23,7.8626489029461215,7.9196888962070435,7.781601405678681,7.838465962547312,3784689.25
2020-04-24,7.838465962547312,7.974784883043798,7.738623807573746,7.8744839503530715,5171971.37
2020-04-25,7.8744839503530715,8.066572354792225,7.840132021201578,8.031535299244604,3838609.43
2020-04-26,8.031535299244604,8.107773794468118,7.939649918946985,8.0157384643946,5135473.76
2020-04-27,8.0157384643946,8.072808141780149,7.820224459980945,7.876301386783351,5941876.83
2020-04-28,7.876301386783351,8.073316880811282,7.765521388441058,7.961340805002331,3545571.32
2020-04-29,7.961340805002331,8.27204160908298,7.835934340505407,8.143761664403716,7661481.56
2020-04-30,8.143761664403716,8.46682197081152,7.991348563849846,8.311273826640331,3514619.61
2020-05-01,8.311273826640331,8.456567198905407,8.26142435317181,8.406148683702897,3520973.38
2020-05-02,8.406148683702897,8.55683320758792,7.958089404187834,8.10334603539474,4807043.48
2020-05-03,8.10334603539474,8.242943404511127,7.885603954427091,8.023831516855456,4690199.54
2020-05-04,8.023831516855456,8.164439281629452,7.812151429649454,7.951491525166717,4276086.97
2020-05-05,7.951491525166717,8.080062742220113,7.829606566439876,7.958076840062503,5153351.59
2020-05-06,7.958076840062503,8.22860783675933,7.903810825627414,8.172877102346284,4473817.34
2020-05-07,8.172877102346284,8.318368201714021,7.89330390847093,8.036364857933304,7039379.48
2020-05-08,8.036364857933304,8.431878230221855,7.933564704778177,8.325381019233834,4144483.49
2020-05-09,8.325381019233834,8.453017524464608,8.1496807668193,8.276568933442013,3392140.44
2020-05-10,8.276568933442013,8.3237009511164,8.131931292567455,8.17850487145641,3658880.41
2020-05-11,8.17850487145641,8.328858402937053,8.138974970746137,8.288795425007937,4725227.09
2020-05-12,8.288795425007937,8.46975082369891,8.23091203596608,8.411013942486887,4742538.05
2020-05-13,8.411013942486887,8.59356457375184,8.31677127340358,8.498343406495298,4422492.86
2020-05-14,8.498343406495298,8.5790713098029,8.317546665891227,8.397314873734203,3396374.82
2020-05-15,8.397314873734203,8.616989352908607,8.24635680905141,8.464817792000515,5541396.56
2020-05-16,8.464817792000515,8.483731014212514,8.310961281031584,8.329572319814302,6816404.88
2020-05-17,8.329572319814302,8.358233304260239,8.198651333069948,8.22695923913486,4230798.96
2020-05-18,8.22695923913486,8.2916015634334,8.151171282606397,8.215725337902319,6604397.8
2020-05-19,8.215725337902319,8.25696154371576,8.070906891518181,8.111620576777522,5215570.74
2020-05-20,8.111620576777522,8.32472750156294,8.036008015601679,8.247845121779934,7313751.32
2020-05-21,8.247845121779934,8.370875553582161,8.0523776391045,8.174311189071577,4726786.33
2020-05-22,8.174311189071577,8.336828934297689,7.985090876775974,8.147066965377721,4345910.53
2020-05-23,8.147066965377721,8.192994796266191,7.990924564032027,8.036227554874008,5184559.25
2020-05-24,8.036227554874008,8.224692885801113,7.981681311392627,8.169243788855692,3768542.32
2020-05-25,8.169243788855692,8.298622518318847,7.957187300853758,8.08523556727113,4649984.43
2020-05-26,8.08523556727113,8.289327255173674,8.029472548685051,8.232548236614532,5857738.67
2020-05-27,8.232548236614532,8.495689290778355,8.111797339393894,8.372880076367013,5154974.34
2020-05-28,8.372880076367013,8.4775645454083,8.211512250930209,8.315479046206924,4167619.92
2020-05-29,8.315479046206924,8.465055118526829,8.170888716734561,8.32037957814555,4415797.38
2020-05-30,8.32037957814555,8.342013080480715,8.238260337458978,8.259736163158431,5075899.35
2020-05-31,8.259736163158431,8.495447301628941,8.097552565705145,8.331847760845271,5033905.77
2020-06-01,8.331847760845271,8.493123272445821,8.146663922087567,8.30746751720832,5066248.59
2020-06-02,8.30746751720832,8.327430198030125,8.234368252577022,8.254202939668085,4571969.39
2020-06-03,8.254202939668085,8.35200934102275,8.163479595326228,8.261208991971863,3417633.54
2020-06-04,8.261208991971863,8.337424179019512,7.985126742963227,8.059480852791385,3556568.98
2020-06-05,8.059480852791385,8.112471429407968,7.997946021363141,8.050880048234005,4713243.05
2020-06-06,8.050880048234005,8.2938693777725,7.89307582254855,8.13442754867767,5170396.51
2020-06-07,8.13442754867767,8.195015595243676,8.092593746329777,8.153085836894366,5005656.54
2020-06-08,8.153085836894366,8.332676473245998,8.098101582048805,8.27685750464196,3547632.03
2020-06-09,8.27685750464196,8.294636306506344,8.211303875919125,8.228979835903514,4044236.1
2020-06-10,8.228979835903514,8.33138139516615,8.069174092181012,8.17085231158316,3131508.57
2020-06-11,8.17085231158316,8.313796270083571,7.889260133357279,8.02973533854177,2966038.89
2020-06-12,8.02973533854177,8.135683142203286,7.874433972466871,7.979721876867139,4286430.56
2020-06-13,7.979721876867139,8.343912615916212,7.870168833258447,8.230911014207166,5898060.79
2020-06-14,8.230911014207166,8.294025593733894,8.204623405091633,8.26762074231292,4306112.5
2020-06-15,8.26762074231292,8.390531573644092,8.071161528697335,8.192962450294651,6767409.59
2020-06-16,8.192962450294651,8.269665616408469,7.990021843380216,8.065531995440088,4031177.56
2020-06-17,8.065531995440088,8.150436433897873,7.78375648679608,7.866566449907988,4232906.31
2020-06-18,7.866566449907988,7.965136732125313,7.668308753245948,7.765614073900058,3278325.59
2020-06-19,7.765614073900058,8.013423003026949,7.6137453875939185,7.859714045124095,3850771.54
2020-06-20,7.859714045124095,7.981282589193547,7.687378190299328,7.808149164970013,3119273.02
2020-06-21,7.808149164970013,7.919889148537011,7.58241133572654,7.692496246505394,2854081.87
2020-06-22,7.692496246505394,7.767683278880006,7.517455249376708,7.591656668187573,3132563.58
2020-06-23,7.591656668187573,7.690520154048208,7.571765697967679,7.670422807933236,4290500.09
2020-06-24,7.670422807933236,7.760138559098639,7.571973329606525,7.661585719319376,3493513.47
2020-06-25,7.661585719319376,7.768050058300784,7.481999997938256,7.587433933931984,3706604.84
2020-06-26,7.587433933931984,7.698782670574087,7.440886818700437,7.551711311050995,4653186.1
2020-06-27,7.551711311050995,7.9200275009218535,7.453978124286708,7.818837208326494,2851613.38
2020-06-28,7.818837208326494,8.030042700962067,7.760926158213448,7.971004606813626,4285955.61
2020-06-29,7.971004606813626,8.206741859970634,7.923349435820652,8.157968910691189,5191919.03
2020-06-30,8.157968910691189,8.187514564617521,7.908811024034827,7.9375584189604576,5305395.91
2020-07-01,7.9375584189604576,8.053851307255462,7.803691923910606,7.919723513637075,4778975.95
2020-07-02,7.919723513637075,8.073953373084699,7.688212988729121,7.840907982950816,4145564.46
2020-07-03,7.840907982950816,7.999692018025554,7.751126415944666,7.909129289473302,3593583.17
2020-07-04,7.909129289473302,8.156387817205003,7.797473833649639,8.042844662947111,4114407.49
2020-07-05,8.042844662947111,8.202140029428783,7.926490075478244,8.085173083262172,6349971.55
2020-07-06,8.085173083262172,8.12483860206176,7.937012984366065,7.976143609155302,4496732.74
2020-07-07,7.976143609155302,8.019632938275707,7.851709472121603,7.894755036107708,4089260.14
2020-07-08,7.894755036107708,8.01886823697903,7.849382377753868,7.973045627708565,4835612.09
2020-07-09,7.973045627708565,8.21624855517139,7.823222950442604,8.064703520905045,4252536.33
2020-07-10,8.064703520905045,8.102003830067803,8.046312439617198,8.083569725511756,4443901.75
2020-07-11,8.083569725511756,8.196174960815515,7.988660226882676,8.10106010695478,3948774.34
2020-07-12,8.10106010695478,8.179704908963448,8.029858292127038,8.108438246214764,3786151.57
2020-07-13,8.108438246214764,8.256717687852696,7.995987943021093,8.143777291957122,5387516.89
2020-07-14,8.143777291957122,8.286030709093811,8.095168233852185,8.23686601751471,2579245.99
2020-07-15,8.23686601751471,8.480383792703899,8.07788565076339,8.319802659623308,4733831.7
2020-07-16,8.319802659623308,8.390184631347925,8.253561422382129,8.323910686506041,3728090.9
2020-07-17,8.323910686506041,8.47929048086262,8.163248202971344,8.318527511307977,2608515.82
2020-07-18,8.318527511307977,8.423387595154557,8.203426995016585,8.308156344010033,3291792.24
2020-07-19,8.308156344010033,8.386753993655832,8.130336946521174,8.207986963801272,4162321.63
2020-07-20,8.207986963801272,8.332829948271238,7.984095447105163,8.10740864138432,4307916.31
2020-07-21,8.10740864138432,8.275732490894963,8.01048324035259,8.17796359382613,5053523.08
2020-07-22,8.17796359382613,8.214719332352193,8.051576115291526,8.087927186493287,5140185.07
2020-07-23,8.087927186493287,8.313251652161242,7.969189899809814,8.192972219765679,2853099.04
2020-07-24,8.192972219765679,8.29481815965609,8.085602473792065,8.187378883532674,4615685.63
2020-07-25,8.187378883532674,8.39549270968438,8.087643429163862,8.294452921175507,5039064.85
2020-07-26,8.294452921175507,8.506947660166192,8.167658737697435,8.378863129566748,4436275.53
2020-07-27,8.378863129566748,8.608418476914542,8.263547824414076,8.491552271291905,4762129.28
2020-07-28,8.491552271291905,8.564514797525382,8.35688187616325,8.429309590493613,2590767.91
2020-07-29,8.429309590493613,8.550263001321225,8.36412744338358,8.48465289562009,3278974.69
2020-07-30,8.48465289562009,8.64051972629521,8.4293775930051,8.584593337743083,5909707.13
2020-07-31,8.584593337743083,8.690635537766171,8.275528789616414,8.379031766121587,3916339.61
2020-08-01,8.379031766121587,8.67068343340142,8.317043859507498,8.60700895617137,7321831.52
2020-08-02,8.60700895617137,8.957047423160406,8.571138994571099,8.91987358905058,3051029.04
2020-08-03,8.91987358905058,9.200341186272667,8.776365713478738,9.054664716256283,6209172.2
2020-08-04,9.054664716256283,9.223971551974468,9.002470184806013,9.171105809771724,3605311.31
2020-08-05,9.171105809771724,9.303417016147451,9.125545720071733,9.257428095816033,5210592.23
2020-08-06,9.257428095816033,9.417415130273504,9.052470257979495,9.211666438676962,3901023.37
2020-08-07,9.211666438676962,9.34650961378912,9.062251385713639,9.196878084397893,4323235.42
2020-08-08,9.196878084397893,9.485825205556058,9.051651788500296,9.338364718918742,4874270.01
2020-08-09,9.338364718918742,9.415933750486474,9.121471184326571,9.197873224726576,3602925.7
2020-08-10,9.197873224726576,9.318492770509739,8.928414558152074,9.047056313319308,5131310.7
2020-08-11,9.047056313319308,9.216955475726227,8.823031378529688,8.991894632341534,3929908.29
2020-08-12,8.991894632341534,9.15056262253723,8.928155131135343,9.08615495227195,4391175.72
2020-08-13,9.08615495227195,9.115606067331774,8.935489892857683,8.964546837379725,2167970.93
2020-08-14,8.964546837379725,9.010049129610355,8.888625893286735,8.933972998672036,3860322.41
2020-08-15,8.933972998672036,9.096163856275627,8.758180564901153,8.92011992842203,5760187.48
2020-08-16,8.92011992842203,8.983163406580276,8.718532470593187,8.780589811349845,4996580.72
2020-08-17,8.780589811349845,8.87579381579796,8.359964007732266,8.451600933054085,5242093.43
2020-08-18,8.451600933054085,8.549827474355084,8.22081890079411,8.317486734584023,4256358.34
2020-08-19,8.317486734584023,8.513701316443683,8.157123550474974,8.352659983469865,6386287.74
2020-08-20,8.352659983469865,8.480219136430048,8.290627932777083,8.417704028185891,4514047.51
2020-08-21,8.417704028185891,8.580944265913557,8.321868103861819,8.484349579110598,3561064.46
2020-08-22,8.484349579110598,8.731890014603435,8.321057768564636,8.567007352878095,5201097.93
2020-08-23,8.567007352878095,8.615189973554804,8.436483496817624,8.484200394036547,5289554.97
2020-08-24,8.484200394036547,8.592475211661906,8.267110297600986,8.373978470150462,4915936.78
2020-08-25,8.373978470150462,8.450974844087591,8.34764296430934,8.42448051327975,3797530.75
2020-08-26,8.42448051327975,8.48120720113177,8.341005097712088,8.397550450553636,4506192.53
2020-08-27,8.397550450553636,8.546719712164558,8.370293102604915,8.519067934392718,5950145.9
2020-08-28,8.519067934392718,8.639374621542995,8.45140311217491,8.571294973042265,4732587.17
2020-08-29,8.571294973042265,8.796915259802079,8.5223030920336,8.746919542380098,2902707.41
2020-08-30,8.746919542380098,8.890119587065008,8.542107113822201,8.684281683870692,3589071.73
2020-08-31,8.684281683870692,8.92350832926839,8.59447650150227,8.83217377729813,3547588.9
2020-09-01,8.83217377729813,9.204767084654637,8.750122848924526,9.120041860678832,3478160.88
2020-09-02,9.120041860678832,9.260886955721723,8.98814949068889,9.128866958784197,2477533.35
2020-09-03,9.128866958784197,9.377148900017131,8.954965807283877,9.201857312376658,6737769.31
2020-09-04,9.201857312376658,9.27020669396093,9.00213080761933,9.069497046123065,3373708.63
2020-09-05,9.069497046123065,9.228307109246952,9.040460880349803,9.198856795796393,3435276.6
2020-09-06,9.198856795796393,9.401788562642988,9.162281745528182,9.364554690418993,2584823.98
2020-09-07,9.364554690418993,9.527777665296146,9.131292530438458,9.293273076012554,5215796.3
2020-09-08,9.293273076012554,9.541942813870861,9.133192824364988,9.38036241441813,4105667.4
2020-09-09,9.38036241441813,9.522401894643068,9.281337893259002,9.422928026310633,3847240.45
2020-09-10,9.422928026310633,9.526261091174044,9.379040047955195,9.482097526531865,3898470.07
2020-09-11,9.482097526531865,9.715195479949918,9.373273306399602,9.604961177193172,4864848.74
2020-09-12,9.604961177193172,9.820629625264854,9.470188261345852,9.684737322927846,3725045.8
2020-09-13,9.684737322927846,9.762024014021296,9.587687335096101,9.664815041265397,2554507.02
2020-09-14,9.664815041265397,9.827450539645353,9.63113002443265,9.793317649521326,3041042.97
2020-09-15,9.793317649521326,10.044723346085426,9.716979232505345,9.96703084348613,3001813.65
2020-09-16,9.96703084348613,10.110858401620444,9.73928979087164,9.881888719947284,4499264.71
2020-09-17,9.881888719947284,10.076636271302927,9.68809877120088,9.882827904565373,5299377.1
2020-09-18,9.882827904565373,9.936408867951284,9.561191248603617,9.613310993003452,6058946.46
2020-09-19,9.613310993003452,9.882146176566383,9.435830012214447,9.703009187402273,2790891.06
2020-09-20,9.703009187402273,9.99348089449292,9.60385207548531,9.892388475405511,4904494.59
2020-09-21,9.892388475405511,10.030267856492339,9.716375934171353,9.853716305404465,3601378.64
2020-09-22,9.853716305404465,10.048885057668608,9.68081727637171,9.875602009363636,8722876.39
2020-09-23,9.875602009363636,9.994447842583922,9.724277584658163,9.842727800195975,5935629.32
2020-09-24,9.842727800195975,9.873302313914467,9.754383973615496,9.784778479073108,6427324.65
2020-09-25,9.784778479073108,9.888357725615784,9.718398384354138,9.821726971727843,5133021.54
2020-09-26,9.821726971727843,9.983317000767709,9.543080843299647,9.702712815366647,4620747.9
2020-09-27,9.702712815366647,9.818680153628287,9.552570354542944,9.668124288901483,3797863.92
2020-09-28,9.668124288901483,9.7447280928333,9.457412306977075,9.532945040207569,3615587.37
2020-09-29,9.532945040207569,9.742999697110715,9.413788650844555,9.622721157360196,3438578.82
2020-09-30,9.622721157360196,9.726149468590398,9.556956960678367,9.660129612726923,4901191.99
2020-10-01,9.660129612726923,9.721357305171658,9.535297019664524,9.596119000984661,6203944.04
2020-10-02,9.596119000984661,9.765286905402029,9.433838318288432,9.60289168927009,3841575.49
2020-10-03,9.60289168927009,9.691249978693676,9.4827822781576,9.570845705533642,3506075.51
2020-10-04,9.570845705533642,9.813068416143098,9.504502507307164,9.74551444893922,2898544.38
2020-10-05,9.74551444893922,9.83678290479309,9.588802521205288,9.679452293359935,4464947.44
2020-10-06,9.679452293359935,9.959248282886264,9.499691313800755,9.777663385851712,5711041.44
2020-10-07,9.777663385851712,9.829037149882174,9.620364044316336,9.671178314867257,5782964.01
2020-10-08,9.671178314867257,9.84909083834066,9.619591009297773,9.796833273107255,5928043.41
2020-10-09,9.796833273107255,10.042277735540809,9.714855649139807,9.958943609950389,4659630.62
2020-10-10,9.958943609950389,10.162526951057,9.928191406604363,10.131242705655612,4295773.72
2020-10-11,10.131242705655612,10.403988322500147,10.097317408000116,10.369265984361697,5787194.26
2020-10-12,10.369265984361697,10.441172758791229,10.346478334941848,10.418277401170482,3182188.63
2020-10-13,10.418277401170482,10.673294675747421,10.37002652988984,10.624090607871796,3761708.69
2020-10-14,10.624090607871796,11.047318715297308,10.480378822910206,10.899876383640885,6441726.19
2020-10-15,10.899876383640885,10.960214507149685,10.651539283325553,10.710830913412781,3210520.73
2020-10-16,10.710830913412781,10.805088574988554,10.51777942615682,10.611159961491776,4163974.36
2020-10-17,10.611159961491776,10.767149701075555,10.213734517174796,10.366122068376349,4918074.92
2020-10-18,10.366122068376349,10.5687194461748,10.33945193420955,10.541597844962396,4287737.33
2020-10-19,10.541597844962396,10.602349710770604,10.236754542898018,10.296091541031434,5598165.2
2020-10-20,10.296091541031434,10.5012513359064,9.814021216381274,10.013551114145,6150319.72
2020-10-21,10.013551114145,10.141176951463883,9.7182279928818,9.843688882997444,4735089.39
2020-10-22,9.843688882997444,9.980315678979382,9.446844172683301,9.579808404279268,5945295.33
2020-10-23,9.579808404279268,9.730644389102478,9.471663248676975,9.622022682251218,3329811.38
2020-10-24,9.622022682251218,9.8085558329215,9.277304885682954,9.460710834496007,4037798.9
2020-10-25,9.460710834496007,9.504204999071765,9.171683222538057,9.214043371348478,7662837.3
2020-10-26,9.214043371348478,9.243645422825262,9.179535959604001,9.209122200785734,6826534.36
2020-10-27,9.209122200785734,9.36650246077433,9.055412824882598,9.212732820057376,3052160.56
2020-10-28,9.212732820057376,9.23183758334136,8.928721835697633,8.947276112208074,4186620.83
2020-10-29,8.947276112208074,9.05561073783024,8.741513707783838,8.848654208299763,4345336.42
2020-10-30,8.848654208299763,8.86657647577329,8.821475622007904,8.839379103471078,4660934.44
2020-10-31,8.839379103471078,8.912466657594495,8.718385337867016,8.791073481612084,5775328.8
2020-11-01,8.791073481612084,8.911651462600247,8.626815606832835,8.746786144635921,6651712.21
2020-11-02,8.746786144635921,9.016983228180598,8.643120331996139,8.911366825942494,4239471.3
2020-11-03,8.911366825942494,9.329325121246104,8.80373960207624,9.217994593938933,5559904.74
2020-11-04,9.217994593938933,9.262538077940828,9.129557376680076,9.173887726085004,4938855.11
2020-11-05,9.173887726085004,9.240904706465846,8.920886372732312,8.98653470394456,4177871.18
2020-11-06,8.98653470394456,9.119360396183424,8.822243158931423,8.954596792096389,2747097.73
2020-11-07,8.954596792096389,9.004798959393916,8.932932497859575,8.983065788720362,5417870.98
2020-11-08,8.983065788720362,9.09728636336661,8.862521054149134,8.97666018085449,4886043.88
2020-11-09,8.97666018085449,9.166764843991682,8.87515945929251,9.064273463187178,4629652.6
2020-11-10,9.064273463187178,9.462672339702957,8.990025915622482,9.385791166720523,3286318.85
2020-11-11,9.385791166720523,9.461121109645637,9.06445993287692,9.137799505748506,6854249.63
2020-11-12,9.137799505748506,9.2874862556143,8.91792822837725,9.06644613511674,4363185.88
2020-11-13,9.06644613511674,9.372131660068726,8.985972871207318,9.289677011506408,3157373.88
2020-11-14,9.289677011506408,9.321610038582843,9.183295640207337,9.214971870271903,3032855.03
2020-11-15,9.214971870271903,9.511318689245574,9.036968931905307,9.331073057918024,4975135.59
2020-11-16,9.331073057918024,9.466103737242582,9.290514179800839,9.425136000743331,5012310.37
2020-11-17,9.425136000743331,9.768351351146148,9.270995734293061,9.611168674913904,3740921.55
2020-11-18,9.611168674913904,9.927832712827543,9.589534126387512,9.905535550349969,4714961.81
2020-11-19,9.905535550349969,10.043944657731677,9.820752371860284,9.958706380978931,4962879.47
2020-11-20,9.958706380978931,10.070973366091842,9.581354043163808,9.690598582075713,4349521.46
2020-11-21,9.690598582075713,9.71517476100886,9.561473841192123,9.585784201978102,3524537.58
2020-11-22,9.585784201978102,10.072716590096126,9.439950305649754,9.921771136615936,5341056.67
2020-11-23,9.921771136615936,9.988152417415941,9.640134277648711,9.70506569789656,5178380.45
2020-11-24,9.70506569789656,9.897133087969017,9.591118209127874,9.782279034924757,4840434.72
2020-11-25,9.782279034924757,9.941357452761329,9.251776369661961,9.4047148779219,3409792.9
2020-11-26,9.4047148779219,9.52359093220535,9.092008866996578,9.208403536357766,3011163.06
2020-11-27,9.208403536357766,9.43396493427986,9.11446825326065,9.338700486915668,4281123.62
2020-11-28,9.338700486915668,9.420355946981305,9.263523737723311,9.345127460506827,5298783.72
2020-11-29,9.345127460506827,9.371404969469227,9.265069428041079,9.29119528543749,5447614.17
2020-11-30,9.29119528543749,9.462472691863878,9.00514863645124,9.174270609192375,4860687.96
2020-12-01,9.174270609192375,9.290368859888787,8.779676107058032,8.892204881889137,3752682.74
2020-12-02,8.892204881889137,9.110847739966859,8.773337088602227,8.9906637835322,3435054.1
2020-12-03,8.9906637835322,9.079934103528736,8.862996721817119,8.95188196846148,4182327.12
2020-12-04,8.95188196846148,9.029842286514162,8.665439925632757,8.741568663217183,4192253.96
2020-12-05,8.741568663217183,8.771630916142945,8.716744484727919,8.746791904768923,5539522.74
2020-12-06,8.746791904768923,8.872589000975124,8.702691898035688,8.828079156169471,3725331.82
2020-12-07,8.828079156169471,8.913357280461604,8.716369311780587,8.801389618526212,3803501.94
2020-12-08,8.801389618526212,8.874525872333379,8.745494778935036,8.818522228956294,7020484.97
2020-12-09,8.818522228956294,8.849600654805398,8.793830752150965,8.824891344754214,6189721.44
2020-12-10,8.824891344754214,8.929274389871516,8.625321312097611,8.728564984683691,3368236.84
2020-12-11,8.728564984683691,8.827546360421731,8.638189015389054,8.737082203446446,6063410.92
2020-12-12,8.737082203446446,8.924350515459313,8.653339768497023,8.839625234871193,3172798.76
2020-12-13,8.839625234871193,9.130332661221685,8.697164689738225,8.985520843563629,3768096.05
2020-12-14,8.985520843563629,9.215296394075496,8.870582542755137,9.09890770508977,3876852.65
2020-12-15,9.09890770508977,9.117337293972614,8.985833315117521,9.004070814470316,4119313.9
2020-12-16,9.004070814470316,9.238527646442888,8.862577440582115,9.095596011003868,4903864.71
2020-12-17,9.095596011003868,9.26137564595434,8.998395230538343,9.163449741423682,4313298.2
2020-12-18,9.163449741423682,9.26702102057581,8.960577124012827,9.063013203982337,4897703.22
2020-12-19,9.063013203982337,9.226259005553363,8.836204751203992,8.998284641861042,3798568.59
2020-12-20,8.998284641861042,9.132033439779034,8.96259786108186,9.095959285878479,4611901.21
2020-12-21,9.095959285878479,9.414800245438558,8.979628613655297,9.295912320028041,4283739.04
2020-12-22,9.295912320028041,9.361716922816633,8.972333921277915,9.036300766288136,2968337.43
2020-12-23,9.036300766288136,9.297856219779195,9.012256944704543,9.273182103481508,4739051.82
2020-12-24,9.273182103481508,9.538677021567077,9.181629189923264,9.445423590345957,4302078.88
2020-12-25,9.445423590345957,9.543499575806287,9.378313529328313,9.476171053003911,3513480.46
2020-12-26,9.476171053003911,9.495378051049247,9.422446701484553,9.441583595135196,3776788.3
2020-12-27,9.441583595135196,9.604120233603018,9.338925163710426,9.500817748643724,3800012.44
2020-12-28,9.500817748643724,9.57302606839907,9.335396904302417,9.406891362715719,3950550.38
2020-12-29,9.406891362715719,9.499212655009643,9.289761143782268,9.381836542583475,6519671.92
2020-12-30,9.381836542583475,9.40258129004274,9.147890299584438,9.168162579592288,7082650.03
2020-12-31,9.168162579592288,9.252803754394014,8.83957308285333,8.921941122420431,2124581.53
2021-01-01,8.921941122420431,9.35277655329807,8.828552651855958,9.255892519405016,4745174.11
2021-01-02,9.255892519405016,9.362467804689997,9.159738784658504,9.266206920023684,5332511.71
2021-01-03,9.266206920023684,9.435607503852227,9.128097149999045,9.297038203673429,3979138.47
2021-01-04,9.297038203673429,9.481520805016228,9.109282042833069,9.293698371354267,5296822.15
2021-01-05,9.293698371354267,9.316946765370133,9.151857879231692,9.17480886850122,6351089.97
2021-01-06,9.17480886850122,9.258560908570482,9.048443393839358,9.131802854459515,2980598.23
2021-01-07,9.131802854459515,9.3053476154386,8.972718504054495,9.146015664888187,4342824.73
2021-01-08,9.146015664888187,9.267315079049776,8.998002386784652,9.118942745220153,6850155.27
2021-01-09,9.118942745220153,9.298629932864602,8.835378760890622,9.012977930205397,3082198.68
2021-01-10,9.012977930205397,9.217008484802612,8.879211935541791,9.082214910398465,4080732.23
2021-01-11,9.082214910398465,9.247227214097881,8.94565062348627,9.110241506621914,3754612.96
2021-01-12,9.110241506621914,9.198644036982076,9.079544351416079,9.167753095238242,5463325.72
2021-01-13,9.167753095238242,9.33543289908452,9.103995172452878,9.2709572342897,5657012.99
2021-01-14,9.2709572342897,9.386923695995312,9.131635095927209,9.247305710782733,4373949.45
2021-01-15,9.247305710782733,9.352753368383402,9.118770130912264,9.223951478610935,4233956.29
2021-01-16,9.223951478610935,9.590850851678052,9.078889661978325,9.442354291394256,2732720.31
2021-01-17,9.442354291394256,9.630123423542248,9.119534899855605,9.304563955645143,5994456.68
2021-01-18,9.304563955645143,9.357809106654944,8.984207305465365,9.035915119754844,3845074.38
2021-01-19,9.035915119754844,9.20473746885385,8.948165683648211,9.116208290971855,4053186.09
2021-01-20,9.116208290971855,9.276681995432597,8.868758708326936,9.027673931879596,5354752.46
2021-01-21,9.027673931879596,9.181926959949095,8.72564458196251,8.877328708435988,4412689.84
2021-01-22,8.877328708435988,9.15313126269034,8.728993146137114,9.0027007977495,5398089.06
2021-01-23,9.0027007977495,9.121240125680027,8.865081312850732,8.983366058624968,4883865.71
2021-01-24,8.983366058624968,9.161932764440285,8.632885894700301,8.807966090639605,4419520.87
2021-01-25,8.807966090639605,9.157475821491218,8.73360693245386,9.080813216360601,4538947.73
2021-01-26,9.080813216360601,9.11798377443052,8.81886501085714,8.855111703299851,3172092.1
2021-01-27,8.855111703299851,8.893950917001186,8.80536647051222,8.844157638828568,4046448.14
2021-01-28,8.844157638828568,8.931205859450065,8.50217814706261,8.586692276527524,5507420.08
2021-01-29,8.586692276527524,8.766534578170328,8.445105451260156,8.624327187109186,3354908.55
2021-01-30,8.624327187109186,8.711874737400468,8.452311749091683,8.538993052746255,3512280.37
2021-01-31,8.538993052746255,8.763122400274941,8.427944325146099,8.650621950327288,3370895.56
2021-02-01,8.650621950327288,8.7236711670577,8.576288545417112,8.64932682561063,4364177.21
2021-02-02,8.64932682561063,8.96717355165861,8.520737615178055,8.835811875141658,5963852.94
2021-02-03,8.835811875141658,8.877839854991837,8.735722974387095,8.77747346467841,4815666.82
2021-02-04,8.77747346467841,8.877203830305037,8.462875960332271,8.560136930626374,2437185.48
2021-02-05,8.560136930626374,8.639003899287598,8.514491442940997,8.593182203254502,4939384.73
2021-02-06,8.593182203254502,8.68284912463588,8.470902787234104,8.56022582001225,3760537.92
2021-02-07,8.56022582001225,8.643678540783103,8.239056294576187,8.320168724544159,4770399.78
2021-02-08,8.320168724544159,8.427350124164894,8.078996510827468,8.184429299081478,4045922.09
2021-02-09,8.184429299081478,8.27586422293465,8.000844515015693,8.09123832663513,3387087.43
2021-02-10,8.09123832663513,8.454537335190405,7.932946677668022,8.292312013263071,4125621.3
2021-02-11,8.292312013263071,8.53864903237823,8.141345425428657,8.38597721257517,3761120.81
2021-02-12,8.38597721257517,8.447139530499769,8.280502883919624,8.341339642018267,4535853.47
2021-02-13,8.341339642018267,8.43941944213873,8.306462978624857,8.404279615230354,3365522.63
2021-02-14,8.404279615230354,8.430883627193081,8.114630984471164,8.140399676171256,3170508.74
2021-02-15,8.140399676171256,8.185691951324433,8.024606079221032,8.069503898178965,5043523.71
2021-02-16,8.069503898178965,8.170188884118026,8.021103551490194,8.121476807382944,5541661.69
2021-02-17,8.121476807382944,8.290152829672868,7.975320561450617,8.143598476331753,4855436.35
2021-02-18,8.143598476331753,8.295453263323534,7.925321607380972,8.075914277931144,3571163.01
2021-02-19,8.075914277931144,8.125568756376868,8.022422125494112,8.072052862159078,3490576.96
2021-02-20,8.072052862159078,8.243097578527497,7.9456674404874565,8.11602369844509,3541187.83
2021-02-21,8.11602369844509,8.254351187535168,7.97750764021114,8.115831859648486,5247140.48
2021-02-22,8.115831859648486,8.299678942394683,8.044451572591653,8.227318112508764,3417202.76
2021-02-23,8.227318112508764,8.415892991108782,8.081787600528315,8.269614314555803,5238811.46
2021-02-24,8.269614314555803,8.502339636477783,8.105911171827701,8.337296671347739,4924931.25
2021-02-25,8.337296671347739,8.732082825354503,8.175383757682402,8.565733595055105,5723132.36
2021-02-26,8.565733595055105,8.812091413392853,8.434212555408708,8.678833796727902,5478727.11
2021-02-27,8.678833796727902,8.997984617171785,8.603415339613719,8.920466389767904,4810246.94
2021-02-28,8.920466389767904,8.974757229283286,8.774203031367577,8.827930689471277,2909305.02
2021-03-01,8.827930689471277,9.003356337494484,8.439870301635878,8.610984875947471,4892075.34
2021-03-02,8.610984875947471,8.671013270000643,8.533193226714905,8.593096921305058,4323014.13
2021-03-03,8.593096921305058,8.678090285179863,8.479062426087648,8.56376567790318,3825813.37
2021-03-04,8.56376567790318,8.822555780755032,8.505923934999794,8.763365889785318,5904061.99
2021-03-05,8.763365889785318,8.85915070119743,8.516183307011834,8.61029503260601,4044065.95
2021-03-06,8.61029503260601,8.644623064711444,8.566407330375904,8.600697096865003,3679299.19
2021-03-07,8.600697096865003,8.800040375984803,8.45824359784322,8.656659963015393,5562783.25
2021-03-08,8.656659963015393,8.767528866919466,8.560640912455513,8.671346909800707,3795481.77
2021-03-09,8.671346909800707,8.75416730996931,8.56648067390721,8.64908848290144,3633553.95
2021-03-10,8.64908848290144,8.773256819811811,8.57525464993248,8.698996938183697,3168619.49
2021-03-11,8.698996938183697,8.95879025781578,8.590815188775505,8.848746208858646,3421368.17
2021-03-12,8.848746208858646,9.211246455068988,8.706830149138685,9.065848511851673,3495537.62
2021-03-13,9.065848511851673,9.237160449363495,8.900432157097589,9.0716384508192,4905447.91
2021-03-14,9.0716384508192,9.227192829320186,8.80367402318944,8.957267240805482,3255404.21
2021-03-15,8.957267240805482,9.268802633725832,8.867522257761468,9.176857523603267,2639593.18
2021-03-16,9.176857523603267,9.33297291275795,8.870473003693856,9.023987794862691,4530770.33
2021-03-17,9.023987794862691,9.389348111825168,8.920075879739722,9.282459870821748,3584420.09
2021-03-18,9.282459870821748,9.60951269779309,9.157265414498402,9.481631966221018,4182954.42
2021-03-19,9.481631966221018,9.844474832043188,9.347541899568812,9.707194835609036,5787431.13
2021-03-20,9.707194835609036,9.903670004395446,9.617944236101268,9.813442534536748,4275797.83
2021-03-21,9.813442534536748,9.918926799045051,9.392367978532919,9.494423117280851,6125680.21
2021-03-22,9.494423117280851,9.631775157045979,9.206765452576292,9.341911162603985,4129051.86
2021-03-23,9.341911162603985,9.45900808292153,9.271447850722366,9.388195660567915,5402293.82
2021-03-24,9.388195660567915,9.53319107812259,9.146780559377984,9.290263469151629,3662799.4
2021-03-25,9.290263469151629,9.36805880301713,9.168102456942227,9.24552314172257,4314611.08
2021-03-26,9.24552314172257,9.45313414424417,9.129595277566878,9.336070918657523,3326239.96
2021-03-27,9.336070918657523,9.495504952248808,9.153304984670141,9.312333651999463,3426484.29
2021-03-28,9.312333651999463,9.33484797446933,9.114809023976221,9.136899200581135,3970602.78
2021-03-29,9.136899200581135,9.324616169704779,9.079098072379194,9.265998344720117,3013044.45
2021-03-30,9.265998344720117,9.45542504000602,9.153870330871312,9.342372817281019,4370705.85
2021-03-31,9.342372817281019,9.378900036863685,9.27067447904383,9.307063645274914,3893834.99
2021-04-01,9.307063645274914,9.466416085818151,9.254005646288196,9.412755555092344,4453674.6
2021-04-02,9.412755555092344,9.573955956605365,9.267012115826182,9.427976836942124,3024623.98
2021-04-03,9.427976836942124,9.65207180352166,9.4047386200091,9.628339729164576,5005401.37
2021-04-04,9.628339729164576,9.777712902771052,9.503357508656038,9.652418128704431,6420448.29
2021-04-05,9.652418128704431,9.882173046552834,9.627178725357787,9.85640026521218,6090424.6
2021-04-06,9.85640026521218,9.896679692179427,9.532698773163338,9.57181520727837,6760258.69
2021-04-07,9.57181520727837,9.729308071677096,9.485418718603135,9.642275598058333,4244789.68
2021-04-08,9.642275598058333,9.829006330185472,9.397813952008482,9.583404597977074,3845880.45
2021-04-09,9.583404597977074,9.696730809697648,9.344342098812632,9.45616365380803,4744473.23
2021-04-10,9.45616365380803,9.704336154622426,9.384107354813043,9.630947992828403,3957171.82
2021-04-11,9.630947992828403,9.859406483591707,9.54037976743624,9.767553635888252,2718214.52
2021-04-12,9.767553635888252,9.887087977625276,9.349929381456969,9.465770531834606,5154702.49
2021-04-13,9.465770531834606,9.699792531075204,9.341300407232696,9.573900551071,3960950.63
2021-04-14,9.573900551071,9.730767989095371,9.508584920094442,9.6648320002047,2910271.37
2021-04-15,9.6648320002047,9.718484380958797,9.50384130289276,9.55689449015995,3698820.4
2021-04-16,9.55689449015995,9.661213420120673,9.33055031065964,9.433522566015215,3983534.49
2021-04-17,9.433522566015215,9.56188754992114,9.076746007203687,9.20196004520913,4212442.54
2021-04-18,9.20196004520913,9.355618421848677,9.001580731538452,9.154445692617571,4225112.02
2021-04-19,9.154445692617571,9.270435409496104,9.014411835358924,9.13009299588195,5914100.78
2021-04-20,9.13009299588195,9.379949636646073,8.99803703339135,9.246214119872619,3043321.15
2021-04-21,9.246214119872619,9.386027418056743,9.147172125831716,9.286553325503743,4043248.62
2021-04-22,9.286553325503743,9.399858067100217,9.022950034747028,9.134398341502653,3371452.18
2021-04-23,9.134398341502653,9.293081092660923,9.01164978338769,9.16985605184228,5749578.73
2021-04-24,9.16985605184228,9.227203986746497,9.077347934528087,9.134474595132605,3649977.48
2021-04-25,9.134474595132605,9.306324524040257,8.833109383129788,9.00247597785563,3854059.72
2021-04-26,9.00247597785563,9.076441220878676,8.709490682629037,8.78164152772288,5460325.3
2021-04-27,8.78164152772288,8.983592331620882,8.66849546474043,8.869316628755938,5849044.01
2021-04-28,8.869316628755938,9.040868801846027,8.762022946648262,8.932807064774906,6069282.6
2021-04-29,8.932807064774906,9.168814636510291,8.777731581875946,9.012358129737784,2785162.59
2021-04-30,9.012358129737784,9.04881202563556,8.874939784733519,8.910983633083857,4738937.96
2021-05-01,8.910983633083857,9.096155883340638,8.751333039675918,8.936056087863811,4493418.46
2021-05-02,8.936056087863811,8.975966935247962,8.70714886299726,8.74621181442491,4146555.5
2021-05-03,8.74621181442491,8.78645791731773,8.573188875984824,8.612821175611897,4270481.37
2021-05-04,8.612821175611897,8.769447217890821,8.46191949294747,8.618446968040738,5792291.66
2021-05-05,8.618446968040738,8.71245675357283,8.561325329482976,8.65509223624895,5445185.55
2021-05-06,8.65509223624895,8.767713650767435,8.327778296037847,8.437569267651154,5255698.06
2021-05-07,8.437569267651154,8.524855865051661,8.213772779844184,8.299632421497726,4422977.34
2021-05-08,8.299632421497726,8.455804882978972,8.097867645194446,8.253165753014551,7409272.23
2021-05-09,8.253165753014551,8.514078849120352,8.120475383354151,8.379359596454805,3799725.45
2021-05-10,8.379359596454805,8.446644915527495,8.207632833108368,8.274072710277167,2804132.36
2021-05-11,8.274072710277167,8.431397466957096,8.13637614296848,8.293379595745542,3930527.03
2021-05-12,8.293379595745542,8.376917913281403,8.243086942891518,8.326424867528075,4261064.29
2021-05-13,8.326424867528075,8.435336872261642,8.186365604773343,8.29486479478186,5817557.79
2021-05-14,8.29486479478186,8.460241581769267,8.166057921360956,8.33087551558619,3696328.43
2021-05-15,8.33087551558619,8.452979929887421,8.038220018072698,8.157787506947805,4748800.42
2021-05-16,8.157787506947805,8.270530382293032,7.963606495793902,8.075208100951794,2903083.53
2021-05-17,8.075208100951794,8.400093543577785,7.938418606298948,8.260170883167163,5503801.31
2021-05-18,8.260170883167163,8.560320618346662,8.160951759306812,8.458716612432113,4272351.5
2021-05-19,8.458716612432113,8.732871806339679,8.300451805822991,8.572478485249475,3915509.68
2021-05-20,8.572478485249475,8.76314912293764,8.532988712545597,8.722966117535199,7156332.52
2021-05-21,8.722966117535199,8.79626306191134,8.406225811276547,8.47745982651662,5487985.76
2021-05-22,8.47745982651662,8.613894846008293,8.21870185475526,8.353136024859321,3238544.68
2021-05-23,8.353136024859321,8.416160459063311,8.250729143613565,8.313454178175556,4086695.03
2021-05-24,8.313454178175556,8.722049978098617,8.230543401899586,8.635923191289695,8324178.98
2021-05-25,8.635923191289695,8.773336550611988,8.457874091771494,8.594630407249719,6888054.79
2021-05-26,8.594630407249719,8.798527294394654,8.494122587437758,8.696824391827404,5290037.36
2021-05-27,8.696824391827404,8.796777092184993,8.650060553442833,8.749728780735168,2646723.58
2021-05-28,8.749728780735168,8.845173914106544,8.704693107627838,8.799880107426008,5859838.79
2021-05-29,8.799880107426008,8.865194412901971,8.732415554836722,8.79771378144855,3583314.59
2021-05-30,8.79771378144855,8.863293930637942,8.570184433828997,8.634548310679758,5847206.4
2021-05-31,8.634548310679758,8.673059620778716,8.240070967975862,8.27698750617407,3505795.32
2021-06-01,8.27698750617407,8.590108630288986,8.136080965447372,8.44631940167471,4745951.37
2021-06-02,8.44631940167471,8.506180826345114,8.306687027021379,8.365979057231524,3578751.04
2021-06-03,8.365979057231524,8.503519409255892,7.991678599335319,8.125261448670102,3835364.39
2021-06-04,8.125261448670102,8.342078143753348,7.966639255510118,8.18234162548644,4906857.34
2021-06-05,8.18234162548644,8.303037918497374,8.117084952858544,8.237342596334523,3020311.34
2021-06-06,8.237342596334523,8.500595579032044,8.077009659458833,8.338297637299387,7600309.98
2021-06-07,8.338297637299387,8.53289755674294,8.292923836949653,8.486716120241779,3248778.76
2021-06-08,8.486716120241779,8.602595096104945,8.251925779413893,8.366158644266543,3203669.81
2021-06-09,8.366158644266543,8.532153628266569,8.08926447872926,8.2530145431609,4910461.69
2021-06-10,8.2530145431609,8.389607665252445,8.076899919362317,8.21282792501549,5801229.1
2021-06-11,8.21282792501549,8.37154502723225,8.162445394520335,8.32050195808897,3873501.33
2021-06-12,8.32050195808897,8.375683425044526,7.997865140272325,8.051261004525426,3213039.01
2021-06-13,8.051261004525426,8.122731169808173,7.997126330938466,8.068480715175884,3335057.09
2021-06-14,8.068480715175884,8.34382248938726,7.9153904313499295,8.18845581393694,3246506.95
2021-06-15,8.18845581393694,8.358127293886541,8.135907150014779,8.304831797765273,4536380.43
2021-06-16,8.304831797765273,8.492625832575875,8.212041283796736,8.398785566046374,4127153.71
2021-06-17,8.398785566046374,8.612082617773055,8.32909238201461,8.541207614541609,4671791.78
2021-06-18,8.541207614541609,8.613832214913078,8.112030877368854,8.181597769455069,4601129.8
2021-06-19,8.181597769455069,8.471021378563833,8.105116833746306,8.392568306781365,5161166.38
2021-06-20,8.392568306781365,8.506541161299367,8.323658531430747,8.437264394906297,3790881.28
2021-06-21,8.437264394906297,8.72730447983616,8.329278412335764,8.617017886955123,3492205.0
2021-06-22,8.617017886955123,8.700245256631838,8.378860877080475,8.460577266799042,4367357.09
2021-06-23,8.460577266799042,8.5446602450677,8.149959225074337,8.23176825171579,4142655.56
2021-06-24,8.23176825171579,8.561040788502385,8.140330662145034,8.466990377057005,4474177.47
2021-06-25,8.466990377057005,8.538208040221264,8.275527849692368,8.345725528332547,3515410.45
2021-06-26,8.345725528332547,8.475769228452874,8.176685403361228,8.306111840120446,4931478.53
2021-06-27,8.306111840120446,8.468888799642336,8.214223962992175,8.37622527980008,3128304.63
2021-06-28,8.37622527980008,8.574228350966626,8.282698020428077,8.4795474172337,3762141.57
2021-06-29,8.4795474172337,8.675257605417142,8.43055926923771,8.625426681898437,5569720.42
2021-06-30,8.625426681898437,8.678921698404219,8.60338818512714,8.656803033121768,3165325.16
2021-07-01,8.656803033121768,8.800219874220012,8.37463536657142,8.515714805766674,5461072.98
2021-07-02,8.515714805766674,8.761627251436394,8.367552666373491,8.611793470744985,2952964.8
2021-07-03,8.611793470744985,8.76638387835551,8.557173667214657,8.711134013162896,2825761.98
2021-07-04,8.711134013162896,8.78500949448292,8.395598161540207,8.467406693479674,2891047.69
2021-07-05,8.467406693479674,8.732342401234758,8.395905180588326,8.659221145251738,4324454.77
2021-07-06,8.659221145251738,8.783185014121779,8.209359788641134,8.328590406699025,5040390.01
2021-07-07,8.328590406699025,8.51148583084541,8.28386382263486,8.466021209483984,5802176.18
2021-07-08,8.466021209483984,8.632097800457602,8.218723295679435,8.383174699856019,5687678.76
2021-07-09,8.383174699856019,8.504003551961583,8.357073630483775,8.477608462450572,5210934.32
2021-07-10,8.477608462450572,8.71375407843887,8.31205929367119,8.546852720603953,3411454.24
2021-07-11,8.546852720603953,8.574528092800945,8.515262517067093,8.542925171555558,3404025.3
2021-07-12,8.542925171555558,8.671100294837098,8.477014347023133,8.604712763433806,5114259.43
2021-07-13,8.604712763433806,8.660750770371301,8.538130565808121,8.594099453794694,5991918.44
2021-07-14,8.594099453794694,8.750067040080166,8.536747443991041,8.69206129008818,3245596.99
2021-07-15,8.69206129008818,9.175681433650249,8.51905406096746,8.996612403705296,5804214.9
2021-07-16,8.996612403705296,9.088830663513228,8.719893891081183,8.81020137605437,2598670.99
2021-07-17,8.81020137605437,8.846774197380672,8.346240459042743,8.381031715493922,4630041.35
2021-07-18,8.381031715493922,8.545979130642626,8.163637201100814,8.32753167994359,4092404.56
2021-07-19,8.32753167994359,8.380561237793463,8.212862464584921,8.265496986729266,3990981.09
2021-07-20,8.265496986729266,8.292821453113538,8.190483888966673,8.217650181144009,4232963.37
2021-07-21,8.217650181144009,8.237662224693864,8.08024148717002,8.099966942456104,3392787.92
2021-07-22,8.099966942456104,8.297613439855292,8.016228239136149,8.212709189851829,4695497.41
2021-07-23,8.212709189851829,8.364890548465207,7.8885449694001455,8.037479321598962,4264187.44
2021-07-24,8.037479321598962,8.114234249401973,8.018950612653935,8.095571620945185,5306393.4
2021-07-25,8.095571620945185,8.301258524445412,7.97370755846939,8.17815137442637,6250629.16
2021-07-26,8.17815137442637,8.274877556984856,8.123459226774806,8.219906170254186,4335399.46
2021-07-27,8.219906170254186,8.33327930752327,8.171054541414577,8.284046487111898,3422615.19
2021-07-28,8.284046487111898,8.53284297230977,8.16253430275284,8.40949074447067,3160119.18
2021-07-29,8.40949074447067,8.54775547676979,8.279465563654393,8.417604838119512,6421472.67
2021-07-30,8.417604838119512,8.519140299097048,8.271964794229307,8.372961758117153,6219426.95
2021-07-31,8.372961758117153,8.485790430032184,8.325733248193602,8.438193971427788,5243176.03
2021-08-01,8.438193971427788,8.537176108204585,8.420359455726912,8.519170444957984,4263319.15
2021-08-02,8.519170444957984,8.77202990994752,8.38907419076207,8.640087136915636,5149377.92
2021-08-03,8.640087136915636,8.750620297831412,8.304280783409945,8.411894664124599,5819421.57
2021-08-04,8.411894664124599,8.492697912874068,8.308140471631086,8.388721119196159,3598781.37
2021-08-05,8.388721119196159,8.437748791168886,8.202348937140945,8.25056918356138,4231401.88
2021-08-06,8.25056918356138,8.455412507756922,8.120912981370573,8.324593034145114,3185233.63
2021-08-07,8.324593034145114,8.448758492323439,8.29732071124623,8.42116977293598,4066648.19
2021-08-08,8.42116977293598,8.53543362170158,8.272208067838838,8.385994637742181,6178978.16
2021-08-09,8.385994637742181,8.50667892485697,8.172207588082468,8.291532453705564,5499853.59
2021-08-10,8.291532453705564,8.421034112170123,8.241628777635746,8.370654231299666,4344176.56
2021-08-11,8.370654231299666,8.460218962908366,8.26480025175371,8.354188805805139,2142077.7
2021-08-12,8.354188805805139,8.641578522444096,8.259255240718293,8.544482537665864,3564901.3
2021-08-13,8.544482537665864,8.897879986801524,8.436454007313303,8.786787970776196,4308914.5
2021-08-14,8.786787970776196,9.089716872401018,8.626680538140866,8.927053605848553,3979300.98
2021-08-15,8.927053605848553,9.06688729822433,8.821397714637792,8.960831628182767,4234552.56
2021-08-16,8.960831628182767,9.252181843666957,8.932051836139456,9.222561445525105,4462602.01
2021-08-17,9.222561445525105,9.334638426685569,9.14684887997096,9.258629758521717,3675408.69
2021-08-18,9.258629758521717,9.381861039601251,9.068033719307115,9.190356288471662,4192099.94
2021-08-19,9.190356288471662,9.263847278329747,9.021806897163188,9.094531621886482,4045979.53
2021-08-20,9.094531621886482,9.238433705520082,8.853388530433383,8.995727239828328,3522897.69
2021-08-21,8.995727239828328,9.044679189503176,8.946985715125999,8.995936530800137,6663660.38
2021-08-22,8.995936530800137,9.104161809711877,8.954788288946242,9.062708148332426,3728365.32
2021-08-23,9.062708148332426,9.118521634481313,8.810038724090631,8.864632342950493,2390570.93
2021-08-24,8.864632342950493,9.022152694152867,8.647014290248762,8.803447414015036,6559412.17
2021-08-25,8.803447414015036,8.959954736365226,8.677938208190913,8.83400980785223,3399116.45
2021-08-26,8.83400980785223,9.026239344768028,8.733647720251144,8.924845286581466,5259634.89
2021-08-27,8.924845286581466,8.990943325685942,8.856233757537028,8.9223130426629,3542607.08
2021-08-28,8.9223130426629,9.123768346874668,8.756941225999794,8.957739906222082,4842368.98
2021-08-29,8.957739906222082,9.118961087438025,8.628159060654573,8.786294573004865,4149748.31
2021-08-30,8.786294573004865,8.867033663002278,8.58285956905018,8.662460724029128,5393352.81
2021-08-31,8.662460724029128,8.797153577714726,8.52067223686851,8.65525301771911,3981499.34
2021-09-01,8.65525301771911,8.886940767961619,8.495614228580768,8.725997163158905,3565322.63
2021-09-02,8.725997163158905,8.825748801225243,8.65932739134181,8.758828188509655,4478729.84
2021-09-03,8.758828188509655,8.828171219783032,8.575489963892094,8.64392330119465,3816987.86
2021-09-04,8.64392330119465,8.746133486970901,8.51109160997576,8.612935378650691,2592937.26
2021-09-05,8.612935378650691,8.903421114175266,8.532399277159326,8.820940044546239,3613617.48
2021-09-06,8.820940044546239,9.037500349718133,8.682392782173599,8.897746713237362,8604426.41
2021-09-07,8.897746713237362,9.001536657969503,8.77262284592977,8.876160998811745,2663767.04
2021-09-08,8.876160998811745,8.927761657674813,8.684619993254742,8.735402366128168,4460884.13
2021-09-09,8.735402366128168,8.808910522046215,8.566462343940247,8.639160628445058,3952548.33
2021-09-10,8.639160628445058,8.762806859407954,8.517501351296724,8.641119989937508,6647158.69
2021-09-11,8.641119989937508,8.7054219900336,8.615526579133986,8.679714270058701,3181411.44
2021-09-12,8.679714270058701,8.829679216171288,8.60889640188731,8.758220812402376,4307726.99
2021-09-13,8.758220812402376,8.833007961076085,8.738166851385518,8.812828962140053,4985999.81
2021-09-14,8.812828962140053,8.960669501625476,8.615820942499596,8.762822594910196,4015897.49
2021-09-15,8.762822594910196,8.798832702572719,8.658121075662882,8.693847736748516,3466676.18
2021-09-16,8.693847736748516,9.009379018984683,8.664378331697499,8.978943230023578,4176758.57
2021-09-17,8.978943230023578,9.124031049235656,8.758080711710779,8.901924002307354,3887283.03
2021-09-18,8.901924002307354,8.934069949507295,8.692753984280158,8.724258358895241,3884556.81
2021-09-19,8.724258358895241,8.849161173360391,8.381930295698236,8.503675079847966,5300295.7
2021-09-20,8.503675079847966,8.578826685620342,8.38294150322584,8.45768668451424,4645141.9
2021-09-21,8.45768668451424,8.728647824579031,8.315677132842527,8.584508853826446,4821216.32
2021-09-22,8.584508853826446,8.629932259369381,8.463249956038204,8.50826995698475,4561532.18
2021-09-23,8.50826995698475,8.73970325309992,8.47832503855627,8.709051681919997,5339086.79
2021-09-24,8.709051681919997,8.7623540086895,8.655827757045822,8.709129607585547,5819122.34
2021-09-25,8.709129607585547,9.029730417770192,8.54558582143156,8.863291709284207,3909487.21
2021-09-26,8.863291709284207,9.013295631556712,8.611290568033638,8.759538553479358,5154920.79
2021-09-27,8.759538553479358,8.822118199462386,8.59724567512739,8.659107826771553,3037508.03
2021-09-28,8.659107826771553,8.722086279793452,8.609663848800444,8.672565458013949,2391260.26
2021-09-29,8.672565458013949,8.781760629320962,8.630736339392707,8.739608153456246,6630536.92
2021-09-30,8.739608153456246,8.791885529399428,8.664020748311497,8.716157852496757,3864162.29
2021-10-01,8.716157852496757,8.807194790350364,8.666556019995397,8.75735849361211,4473641.52
2021-10-02,8.75735849361211,8.99875250258363,8.5998365442916,8.839748571489576,3091883.88
2021-10-03,8.839748571489576,8.860608135920971,8.62541766944894,8.6458196107229,3056433.14
2021-10-04,8.6458196107229,8.800080098106069,8.447261186997967,8.600716943335765,3514328.79
2021-10-05,8.600716943335765,8.624331456658046,8.50857694157618,8.532002790244773,4932317.5
2021-10-06,8.532002790244773,8.67604882328349,8.327289806396298,8.470294008408262,3691189.73
2021-10-07,8.470294008408262,8.608022793201599,8.38844174360475,8.525635736362918,3861813.58
2021-10-08,8.525635736362918,8.554535083674509,8.430692006650421,8.459366721884754,3486703.58
2021-10-09,8.459366721884754,8.597948860414581,8.063878714884385,8.198182102498736,5621123.46
2021-10-10,8.198182102498736,8.25242057643298,8.114753624527314,8.168797693717947,5218536.65
2021-10-11,8.168797693717947,8.31423909266823,7.891340706678255,8.034389025836296,3721204.71
2021-10-12,8.034389025836296,8.224102108784507,7.909529496236412,8.098250136791314,4983405.99
2021-10-13,8.098250136791314,8.363724179494849,7.938942424911641,8.202368269400623,3950235.81
2021-10-14,8.202368269400623,8.341592906380562,7.793391051149236,7.927957925981555,3860115.92
2021-10-15,7.927957925981555,7.978199815463148,7.783481711427295,7.833122600501698,4148126.69
2021-10-16,7.833122600501698,7.951461277842616,7.759758564281299,7.877679923368007,4932732.12
2021-10-17,7.877679923368007,7.992216232937393,7.594220338577956,7.706264378326422,3360314.75
2021-10-18,7.706264378326422,7.8625147845415855,7.6470096075218095,7.802519888829039,4762073.49
2021-10-19,7.802519888829039,8.02703089669107,7.710160952682565,7.933125967879758,7842359.68
2021-10-20,7.933125967879758,7.982927341346788,7.86426373786506,7.913944698069365,4396746.43
2021-10-21,7.913944698069365,8.02421060360469,7.710368911647804,7.819316349472599,4237671.94
2021-10-22,7.819316349472599,7.883109551174069,7.480101417190285,7.54162913226021,4112547.26
2021-10-23,7.54162913226021,7.6624567356130635,7.51905549257078,7.639589879355984,4733370.09
2021-10-24,7.639589879355984,8.037726375030067,7.4912295548175845,7.884607818499746,2808031.09
2021-10-25,7.884607818499746,8.250522703844613,7.74906932667198,8.1110909078648,6426021.47
2021-10-26,8.1110909078648,8.17165562803225,8.026905832986929,8.087292855431281,5367602.05
2021-10-27,8.087292855431281,8.122337088110488,7.916242743867936,7.950695064661576,3574965.61
2021-10-28,7.950695064661576,8.179694613669701,7.829573610602823,8.056954397379293,4233255.56
2021-10-29,8.056954397379293,8.105071415885469,7.993883665327687,8.041910842065654,3653726.02
2021-10-30,8.041910842065654,8.20803602407379,7.9381848821429335,8.103515476893303,4526247.73
2021-10-31,8.103515476893303,8.273616306166073,7.973669410002984,8.143135392555957,4264914.96
2021-11-01,8.143135392555957,8.212348142541067,8.086918202504371,8.15604185108114,4447058.71
2021-11-02,8.15604185108114,8.348909579246993,8.097942617827217,8.289857118365157,3247885.4
2021-11-03,8.289857118365157,8.456996703514184,8.264083720766811,8.430785156703735,3723628.7
2021-11-04,8.430785156703735,8.496185006797818,8.298029406092674,8.362902673652265,5593465.29
2021-11-05,8.362902673652265,8.469564131480706,8.138430421365152,8.243569894702539,3675307.07
2021-11-06,8.243569894702539,8.283174830943912,7.889225328931415,7.927310848278239,2168879.97
2021-11-07,7.927310848278239,8.079162374316502,7.734262600930045,7.885309571926678,4044779.06
2021-11-08,7.885309571926678,8.00361668161879,7.635736653894139,7.7520443206271885,7674915.65
2021-11-09,7.7520443206271885,7.848454325811887,7.708088555113618,7.80420281039661,5192960.41
2021-11-10,7.80420281039661,7.8943499382931135,7.674424770115101,7.764108767710958,3629330.06
2021-11-11,7.764108767710958,7.83434239804901,7.66739264351966,7.737384528098844,4147202.79
2021-11-12,7.737384528098844,7.907251240397462,7.668658317807949,7.837634573431935,4978105.35
2021-11-13,7.837634573431935,7.982931910198704,7.742957612542728,7.887650764346965,2707488.85
2021-11-14,7.887650764346965,7.918781049180263,7.843104655456624,7.874181782097914,3390813.21
2021-11-15,7.874181782097914,8.13399736513755,7.827915883191619,8.086484053396084,4639799.92
2021-11-16,8.086484053396084,8.220175228317888,8.048524112147023,8.181768000828894,6257033.36
2021-11-17,8.181768000828894,8.223753770124155,8.087798507356817,8.129516139669011,3763140.05
2021-11-18,8.129516139669011,8.241653986688169,7.971758231691447,8.083257997877942,6214211.64
2021-11-19,8.083257997877942,8.348091474400457,7.922150841551046,8.184957351512717,3478160.72
2021-11-20,8.184957351512717,8.324751294243953,8.07266047268018,8.212082264050597,1801656.21
2021-11-21,8.212082264050597,8.374065778847209,7.910590185787543,8.069766519186954,5058334.28
2021-11-22,8.069766519186954,8.286331188970419,7.969813322638244,8.184951298494667,4807533.95
2021-11-23,8.184951298494667,8.40844857090674,8.12684178532948,8.3491731556097,5048699.05
2021-11-24,8.3491731556097,8.65713169371096,8.201380375970185,8.506553055821982,4999614.17
2021-11-25,8.506553055821982,8.744192400568492,8.479251786621726,8.716218223652117,4406241.41
2021-11-26,8.716218223652117,9.039800543251559,8.682715670463345,9.005187278869707,3936849.28
2021-11-27,9.005187278869707,9.430669079647283,8.833573269416611,9.254307526014973,3974553.56
2021-11-28,9.254307526014973,9.432602288014253,9.127492662856648,9.305091514915084,3743362.14
2021-11-29,9.305091514915084,9.479295077577936,9.102174581832482,9.275830336719206,3799945.92
2021-11-30,9.275830336719206,9.316569388055225,8.974651172832537,9.01424133643293,2670660.54
2021-12-01,9.01424133643293,9.159617036675595,8.87155764015498,9.016891393447693,3100326.84
2021-12-02,9.016891393447693,9.148427965229496,8.96074692470304,9.091816965806816,4031865.62
2021-12-03,9.091816965806816,9.173593255180354,9.017442490709353,9.099158721763676,2398558.14
2021-12-04,9.099158721763676,9.264598213233363,8.673790406940899,8.834416394510887,2542440.81
2021-12-05,8.834416394510887,8.917482845299537,8.713125102627359,8.795828729177217,3863270.03
2021-12-06,8.795828729177217,9.011539795300397,8.67207442057786,8.886509637269493,4067391.14
2021-12-07,8.886509637269493,9.046208826268927,8.588409668507905,8.745576146109983,3883534.48
2021-12-08,8.745576146109983,8.924447415076225,8.590991697241485,8.769441135089117,2316616.45
2021-12-09,8.769441135089117,8.849244469986147,8.750496243333519,8.830168387291257,6191536.82
2021-12-10,8.830168387291257,9.031230842911864,8.78736083505483,8.987659792037611,2933003.13
2021-12-11,8.987659792037611,9.404928452293825,8.82107181459074,9.233778615807765,3423092.07
2021-12-12,9.233778615807765,9.345724198165271,9.068992396676906,9.180289504562884,3063758.8
2021-12-13,9.180289504562884,9.305958314337536,9.082578177029703,9.207952552393996,5811520.5
2021-12-14,9.207952552393996,9.269575536828992,9.178720604561972,9.24024108448467,4666641.07
2021-12-15,9.24024108448467,9.35897855826584,9.217593804888265,9.336096343149471,3731363.61
2021-12-16,9.336096343149471,9.596806504817508,9.157203057347209,9.4163749630288,3666254.44
2021-12-17,9.4163749630288,9.732046578335078,9.317226942651676,9.630642466953855,4392870.27
2021-12-18,9.630642466953855,9.7862304238058,9.135592948896166,9.285606675997617,3075433.76
2021-12-19,9.285606675997617,9.403624697515363,9.230264227322957,9.347910914019486,4619421.02
2021-12-20,9.347910914019486,9.479936227087508,9.289324797333471,9.420892711933762,3661684.6
2021-12-21,9.420892711933762,9.534740392122659,9.273873940739021,9.387315858223701,4782647.77
2021-12-22,9.387315858223701,9.554114051953265,8.899573584009985,9.060565933115544,4742266.34
2021-12-23,9.060565933115544,9.12575162058513,8.987876578992816,9.053007890587677,3620751.57
2021-12-24,9.053007890587677,9.124693225621451,8.882763397387642,8.953662072524713,2514079.28
2021-12-25,8.953662072524713,9.303356924621063,8.847012232313427,9.193846177199148,3948667.64
2021-12-26,9.193846177199148,9.274485693083408,9.168837993529609,9.249326597107485,2923309.2
2021-12-27,9.249326597107485,9.330884556913066,9.0550801047814,9.135635569086771,4283383.34
2021-12-28,9.135635569086771,9.245382799780476,8.740681075502378,8.846960425129701,3939057.8
2021-12-29,8.846960425129701,8.949129308205036,8.82849785876569,8.930492420386893,3625839.35
2021-12-30,8.930492420386893,9.151522143433647,8.810073095209964,9.029764230879243,3037983.45
2021-12-31,9.029764230879243,9.056106740459823,8.974073528587486,9.000330170253445,5650713.5
2022-01-01,9.000330170253445,9.223110728627859,8.865691886154059,9.087173334999598,3749655.43
2022-01-02,9.087173334999598,9.236477522069332,8.89021918381656,9.038727393787271,7564167.09
2022-01-03,9.038727393787271,9.349787652539359,8.884180470206848,9.192609603897825,4236836.69
2022-01-04,9.192609603897825,9.470040731115079,9.062800893087003,9.338176472600475,4585879.3
2022-01-05,9.338176472600475,9.451245642878408,8.991831254698612,9.102041235561597,4241375.27
2022-01-06,9.102041235561597,9.170635191282782,8.838781583082183,8.905897377723747,4574408.76
2022-01-07,8.905897377723747,9.284352577710742,8.820017391319192,9.19567822103352,5519329.35
2022-01-08,9.19567822103352,9.365714064626909,9.162877153813902,9.332425219628949,5535274.22
2022-01-09,9.332425219628949,9.469871573395883,9.01561464659493,9.150379867724785,2700488.27
2022-01-10,9.150379867724785,9.172746311657818,8.906774228288757,8.928598568060428,5201561.53
2022-01-11,8.928598568060428,9.04346947954457,8.844295923226598,8.958880912823243,4755821.18
2022-01-12,8.958880912823243,9.058430139724486,8.702907479381766,8.800699021913378,4237856.4
2022-01-13,8.800699021913378,8.92128277929169,8.638119674636075,8.758120031233522,6444469.08
2022-01-14,8.758120031233522,8.829740258835425,8.681123446788892,8.752699346305898,6509588.41
2022-01-15,8.752699346305898,8.839965342957168,8.654202945592678,8.741355845487707,5265802.7
2022-01-16,8.741355845487707,9.010339004018379,8.631452804558034,8.898460719917066,3666366.17
2022-01-17,8.898460719917066,9.330216546862845,8.732796775427731,9.159689272214623,3117289.09
2022-01-18,9.159689272214623,9.28879965733908,8.964025927244945,9.09218480323757,5071743.07
2022-01-19,9.09218480323757,9.152009735796517,8.874504794922029,8.933284190168862,5900091.83
2022-01-20,8.933284190168862,9.144174110161496,8.779178381066028,8.989105344549305,2529243.09
2022-01-21,8.989105344549305,9.251095546529328,8.962217487780281,9.22350655811092,5510515.68
2022-01-22,9.22350655811092,9.287161510538837,9.10316078485582,9.166421773313774,3940738.49
2022-01-23,9.166421773313774,9.327454961063966,9.130244362145804,9.290786714787833,2672017.53
2022-01-24,9.290786714787833,9.384128420124522,9.078452176365383,9.17058626437447,4722949.81
2022-01-25,9.17058626437447,9.298316563798034,9.047107168400965,9.17478098718463,5272112.78
2022-01-26,9.17478098718463,9.280822333161169,8.905872863779457,9.010009798230616,3846822.03
2022-01-27,9.010009798230616,9.16228810686904,8.8604191316106,9.012653546832198,3224396.71
2022-01-28,9.012653546832198,9.122741189833622,8.887396655654925,8.997296718267075,6443728.02
2022-01-29,8.997296718267075,9.140961486546972,8.941621400894409,9.084745038528435,3553472.44
2022-01-30,9.084745038528435,9.452020374443109,8.978856943298833,9.34312075686998,5612255.03
2022-01-31,9.34312075686998,9.485498811855386,9.145855098298803,9.287383788130267,2877212.5
2022-02-01,9.287383788130267,9.390038732291783,8.90189612727641,9.001389935466214,4660327.79
2022-02-02,9.001389935466214,9.091002839739962,8.884634920021826,8.97397489518148,4627243.41
2022-02-03,8.97397489518148,9.121278288867341,8.870561030793795,9.017364414405053,5224914.99
2022-02-04,9.017364414405053,9.154458010656192,8.910372960887987,9.047113581865942,6100253.78
2022-02-05,9.047113581865942,9.115781430487491,8.957382997287597,9.025889756472601,3426972.09
2022-02-06,9.025889756472601,9.40092773239707,8.869055225268582,9.240366438427696,4784005.75
2022-02-07,9.240366438427696,9.31443792895317,9.187342496678472,9.261293899275364,2984531.19
2022-02-08,9.261293899275364,9.285289709786504,9.22324686159311,9.24720617110781,2976076.4
2022-02-09,9.24720617110781,9.389121748547527,8.995881094649304,9.13609140941004,3634606.6
2022-02-10,9.13609140941004,9.292881793159381,8.73743986717584,8.890007037587694,4652554.13
2022-02-11,8.890007037587694,9.0584586622347,8.769376283692234,8.93718770197159,6387235.08
2022-02-12,8.93718770197159,9.066486945964336,8.843874412813172,8.972801809461856,6684697.26
2022-02-13,8.972801809461856,9.148253266548531,8.65328916692498,8.825867515190879,3843416.53
2022-02-14,8.825867515190879,8.902420303398133,8.744298617496742,8.820807516876224,4533381.55
2022-02-15,8.820807516876224,8.902895374947613,8.720077417471284,8.801990158166163,5316610.05
2022-02-16,8.801990158166163,8.913247572990189,8.606985906863251,8.717171207654836,5085687.38
2022-02-17,8.717171207654836,8.802143437100144,8.52638465139238,8.610315283061778,4025786.68
2022-02-18,8.610315283061778,8.770283248764494,8.507031358705389,8.666327437843291,4280675.33
2022-02-19,8.666327437843291,8.834438129921308,8.469180723650773,8.636717028663963,4085888.86
2022-02-20,8.636717028663963,8.690912224714989,8.504291108084416,8.557992308368728,3986808.51
2022-02-21,8.557992308368728,8.597993499758102,8.404549982354052,8.44401844478477,3856391.57
2022-02-22,8.44401844478477,8.525283021362064,8.34673088819653,8.427839762393171,4076219.24
2022-02-23,8.427839762393171,8.646821561864462,8.334526938507558,8.552132571214088,3794797.33
2022-02-24,8.552132571214088,8.708306261712284,8.425239974771259,8.580985557967127,3162080.23
2022-02-25,8.580985557967127,8.74568141991338,8.386044078735406,8.550148073221193,5210780.21
2022-02-26,8.550148073221193,8.716427412973044,8.427059576674312,8.592725962321667,4778606.41
2022-02-27,8.592725962321667,8.953460882088867,8.422855049794915,8.779889897135924,6714255.56
2022-02-28,8.779889897135924,8.905788639355885,8.723399238452348,8.848854257325158,4606480.1
2022-03-01,8.848854257325158,8.93736349407866,8.79788466570088,8.886178911639458,3784237.78
2022-03-02,8.886178911639458,9.044316809618891,8.819375946311995,8.976832345722238,3591161.47
2022-03-03,8.976832345722238,9.121971841207666,8.810892627184218,8.955690293087136,4250030.0
2022-03-04,8.955690293087136,9.030843155738918,8.907712286886946,8.98272034240146,4822552.33
2022-03-05,8.98272034240146,9.032407549388665,8.865801549308575,8.91511480159481,3950755.69
2022-03-06,8.91511480159481,8.999017119526396,8.619850196509134,8.701744433914026,2908158.78
2022-03-07,8.701744433914026,8.817306519677576,8.634603538809499,8.749794877099351,3491501.76
2022-03-08,8.749794877099351,8.918625372192716,8.630477375239298,8.798641764592901,4218968.97
2022-03-09,8.798641764592901,8.957219743109775,8.602177576274983,8.760060198980527,5053875.83
2022-03-10,8.760060198980527,8.94484227812631,8.720675929364484,8.904807241686004,2896863.46
2022-03-11,8.904807241686004,9.010254306362059,8.70128891756417,8.805560746060593,4487767.62
2022-03-12,8.805560746060593,8.837183389569441,8.534301269702473,8.565060224631779,4438712.73
2022-03-13,8.565060224631779,8.616338224218888,8.422131664180165,8.472857657937439,3751629.96
2022-03-14,8.472857657937439,8.536944894533526,8.208757825066524,8.271320670587892,3626811.8
2022-03-15,8.271320670587892,8.4196888832446,8.168558998266757,8.316367555051723,3493847.59
2022-03-16,8.316367555051723,8.416062687828585,8.121208178098716,8.219745017102934,4350479.64
2022-03-17,8.219745017102934,8.462195437592115,8.108160395946312,8.34885808172508,5566626.37
2022-03-18,8.34885808172508,8.61912922688168,8.20909556328796,8.477217924182987,5666267.7
2022-03-19,8.477217924182987,8.522741752649834,8.311136752188178,8.356009675657182,3171134.59
2022-03-20,8.356009675657182,8.484532496147272,8.124745607730361,8.2516634916057,4008190.85
2022-03-21,8.2516634916057,8.438794378966687,8.136087580305578,8.322230085337809,2427124.14
2022-03-22,8.322230085337809,8.48134127340259,8.293644900853335,8.452309293033906,4316222.52
2022-03-23,8.452309293033906,8.52165639784501,8.123174365809584,8.190372405296877,4876835.3
2022-03-24,8.190372405296877,8.248250567060268,8.16990803679723,8.227692949885315,6220341.58
2022-03-25,8.227692949885315,8.257504505018227,7.920789596738522,7.949593508918871,2687120.51
2022-03-26,7.949593508918871,8.006100510602359,7.826358602799398,7.882387896072514,3199739.96
2022-03-27,7.882387896072514,8.071048600216375,7.832129073866585,8.019912906037659,4354103.47
2022-03-28,8.019912906037659,8.562154522149802,7.873925406064006,8.409082910823685,2802431.5
2022-03-29,8.409082910823685,8.561188034984616,8.227084832577475,8.378639286552515,4384771.71
2022-03-30,8.378639286552515,8.48254794785905,8.115262492426051,8.217168657101238,4907846.06
2022-03-31,8.217168657101238,8.342321395259031,8.028020235729617,8.152183203839412,3048844.28
2022-04-01,8.152183203839412,8.324825894731488,7.989198042793514,8.161651436970452,4341547.57
2022-04-02,8.161651436970452,8.238236036629845,8.001407298603578,8.077199445657627,3101952.62
2022-04-03,8.077199445657627,8.169309063061212,7.870936675335197,7.961729513157472,5923579.98
2022-04-04,7.961729513157472,8.070970006553145,7.80099380633021,7.909517920179393,4422680.89
2022-04-05,7.909517920179393,8.10759672878165,7.762637794140545,7.959783174564999,3578946.62
2022-04-06,7.959783174564999,8.089896161659597,7.809832325331695,7.939615648029372,3081908.91
2022-04-07,7.939615648029372,7.964701594078083,7.8066817436097695,7.831425854051436,4629143.9
2022-04-08,7.831425854051436,7.947590216938374,7.635449912096505,7.750412596823337,5897735.13
2022-04-09,7.750412596823337,7.801060299548065,7.6508318375893465,7.701157667252547,3463253.79
2022-04-10,7.701157667252547,7.751894669371951,7.532222962161927,7.582176086195583,3762837.62
2022-04-11,7.582176086195583,7.672027059599569,7.410503366747212,7.49937310089409,3480059.36
2022-04-12,7.49937310089409,7.6865985928550735,7.390381596963033,7.57648636976073,6196333.02
2022-04-13,7.57648636976073,7.613354316184839,7.513325643088117,7.5500650205636255,2606281.28
2022-04-14,7.5500650205636255,7.6079076289626,7.289640624563731,7.345919229871988,5792029.98
2022-04-15,7.345919229871988,7.577195373176998,7.236537184403601,7.4660249324098205,3822042.64
2022-04-16,7.4660249324098205,7.551562514740989,7.4306655704655356,7.515966627138672,4125473.27
2022-04-17,7.515966627138672,7.645953410311687,7.228184720955903,7.355394448020759,3857139.56
2022-04-18,7.355394448020759,7.430483980369159,7.239546668906211,7.314215818080491,4459268.53
2022-04-19,7.314215818080491,7.405993314548342,7.134040735362132,7.224694939556845,3499551.57
2022-04-20,7.224694939556845,7.327971956143053,7.199790179443677,7.302797961544142,5472197.7
2022-04-21,7.302797961544142,7.442873092808379,7.121921267276887,7.261198477913893,5528042.56
2022-04-22,7.261198477913893,7.39433676778192,7.120797179556653,7.253799810563217,3284558.57
2022-04-23,7.253799810563217,7.293125683374052,7.193959376344813,7.23317342492014,4962706.55
2022-04-24,7.23317342492014,7.333973779532651,6.969372283857606,7.06786898204128,3841877.04
2022-04-25,7.06786898204128,7.344090075408049,6.952831569467979,7.226471235127237,4254566.59
2022-04-26,7.226471235127237,7.333560569950405,7.19615320207914,7.3029217952108585,6149509.05
2022-04-27,7.3029217952108585,7.393435406126456,7.1291373309875965,7.218605917075937,3548680.99
2022-04-28,7.218605917075937,7.3666125952041694,7.09366505334043,7.241279296742091,5294782.41
2022-04-29,7.241279296742091,7.435582683818922,7.16075008869164,7.353802125842071,4708483.21
2022-04-30,7.353802125842071,7.49827358961645,7.216814498852292,7.36114910215191,4001132.68
2022-05-01,7.36114910215191,7.565821689629291,7.340093019916837,7.544241882553532,4604045.7
2022-05-02,7.544241882553532,8.04541206855792,7.404327939587573,7.898920332724107,4469102.06
2022-05-03,7.898920332724107,8.053659588510167,7.729812191340133,7.884264337276642,3144001.01
2022-05-04,7.884264337276642,7.922163663368077,7.775877832768858,7.813436693363689,3608901.98
2022-05-05,7.813436693363689,7.889673204175977,7.618860075820076,7.693930552845789,3234167.1
2022-05-06,7.693930552845789,7.795288613634263,7.334099349971247,7.432006889019538,3919365.71
2022-05-07,7.432006889019538,7.717074223104159,7.297648919223735,7.580040066712428,5878745.27
2022-05-08,7.580040066712428,7.616966012925336,7.502284575713615,7.539010648299984,4856613.94
2022-05-09,7.539010648299984,7.705545659003895,7.478604301014321,7.6442957147813715,2935674.55
2022-05-10,7.6442957147813715,7.902795308164991,7.519214117426725,7.775565773416045,3922552.55
2022-05-11,7.775565773416045,7.848501218968687,7.573921680712139,7.645638396801353,4452611.33
2022-05-12,7.645638396801353,7.744182896650294,7.438502487412891,7.535629079085907,5058685.39
2022-05-13,7.535629079085907,7.839457588934337,7.4445979306341314,7.74588650981599,3569383.05
2022-05-14,7.74588650981599,7.897063678002591,7.587293498640005,7.738323050098642,3082455.65
2022-05-15,7.738323050098642,7.773513554181034,7.624616675596169,7.6594484927363276,4141254.66
2022-05-16,7.6594484927363276,7.805528959128975,7.3919758253634305,7.535696094668242,4842068.2
2022-05-17,7.535696094668242,7.62729031706782,7.428500870846285,7.519903134347604,4453971.4
2022-05-18,7.519903134347604,7.841768236733324,7.38247885489191,7.701033840598058,3366639.8
2022-05-19,7.701033840598058,7.817427951547225,7.669282797948937,7.785329361964869,6512603.02
2022-05-20,7.785329361964869,7.9143271119411125,7.679861082745474,7.808544338179529,4097514.79
2022-05-21,7.808544338179529,8.143849642050748,7.674846593083743,8.006758085016227,4408401.24
2022-05-22,8.006758085016227,8.31749659322461,7.877337912025119,8.185192234370541,3559402.43
2022-05-23,8.185192234370541,8.247194901660897,8.16735760245406,8.22926424169694,5538432.54
2022-05-24,8.22926424169694,8.684164186003931,8.145821984299547,8.59699326719804,4845479.69
2022-05-25,8.59699326719804,8.632036683962651,8.529800917994587,8.564712751596756,4543739.64
2022-05-26,8.564712751596756,8.756143034891121,8.524023069405297,8.714740592639988,3149270.44
2022-05-27,8.714740592639988,8.842962128997819,8.534745989014384,8.66219440390314,5521182.63
2022-05-28,8.66219440390314,8.95582929012533,8.495720613838637,8.786957744344898,5074917.5
2022-05-29,8.786957744344898,8.90482383342012,8.63640968249345,8.753831423248505,5413077.98
2022-05-30,8.753831423248505,8.852455941208056,8.720192312827974,8.818568061668863,4239061.35
2022-05-31,8.818568061668863,9.215492355463896,8.762200315607906,9.156961618546672,4122126.76
2022-06-01,9.156961618546672,9.377989892232854,9.076199605631285,9.296001583098192,4013089.14
2022-06-02,9.296001583098192,9.40689341346615,9.256433748036617,9.367023279106505,7424861.35
2022-06-03,9.367023279106505,9.528730190852682,9.095133876143732,9.254905246549223,3667363.3
2022-06-04,9.254905246549223,9.334514016884253,9.203993149324047,9.283444920251346,3122154.52
2022-06-05,9.283444920251346,9.323660055309306,9.099197996626256,9.138786482994906,3825811.05
2022-06-06,9.138786482994906,9.40770323965125,9.001135119118674,9.268104052629516,3675917.56
2022-06-07,9.268104052629516,9.435788800398937,9.228408926806416,9.395547835108331,5754868.74
2022-06-08,9.395547835108331,9.48373209865901,9.282291003739516,9.370237712808589,2992431.97
2022-06-09,9.370237712808589,9.727916487952239,9.264549400930953,9.619417638444565,3650126.46
2022-06-10,9.619417638444565,9.887376384987313,9.586287139675681,9.853439883817488,4404890.13
2022-06-11,9.853439883817488,9.996414471352216,9.73515734222522,9.877839037737225,5767033.01
2022-06-12,9.877839037737225,10.073254383328232,9.772709670541472,9.967174226007705,5019687.1
2022-06-13,9.967174226007705,10.107028561560005,9.738130523194059,9.876715589013031,6295523.74
2022-06-14,9.876715589013031,9.935428976602172,9.777335210477577,9.835805402276726,4579238.65
2022-06-15,9.835805402276726,9.918616240593451,9.590471078198377,9.671901960234615,3991550.11
2022-06-16,9.671901960234615,9.806087955959887,9.467511893557816,9.60071018916708,5201638.42
2022-06-17,9.60071018916708,9.62606316091471,9.560852918311065,9.586167486573878,2984088.36
2022-06-18,9.586167486573878,9.625320356429958,9.30246584462322,9.340615805545808,2739055.82
2022-06-19,9.340615805545808,9.49373242092025,9.2742606970238,9.426765312078976,5360999.46
2022-06-20,9.426765312078976,9.617970440406811,9.389865043082015,9.580468513334758,4427018.05
2022-06-21,9.580468513334758,9.606443313734838,9.5544837544373,9.580458527764257,5344593.44
2022-06-22,9.580458527764257,9.769891819141737,9.002692760821333,9.184292711626998,3393939.75
2022-06-23,9.184292711626998,9.278006292537185,9.055653244847571,9.149006779408213,5790858.05
2022-06-24,9.149006779408213,9.255193007419956,8.8482037383404,8.952104658889873,4966295.77
2022-06-25,8.952104658889873,9.011083703796213,8.809486810619108,8.867911164525493,4167450.38
2022-06-26,8.867911164525493,9.092937333158877,8.848948286184324,9.073534755426726,4423456.94
2022-06-27,9.073534755426726,9.21429282072231,8.598800615830603,8.734296059244516,4580538.18
2022-06-28,8.734296059244516,8.865551162132776,8.494508685754784,8.62410793062531,3390242.6
2022-06-29,8.62410793062531,8.908708211000585,8.455888380759104,8.738262002249938,3814581.22
2022-06-30,8.738262002249938,8.759057645701672,8.622971790186421,8.643542015463183,4562474.42
2022-07-01,8.643542015463183,8.682147300038624,8.501442843669176,8.539583812109257,3776512.81
2022-07-02,8.539583812109257,8.948265169527719,8.413039657389652,8.817601203288234,2908768.53
2022-07-03,8.817601203288234,8.941691863811858,8.74757776224916,8.87124244025133,4521332.34
2022-07-04,8.87124244025133,9.031804717227152,8.84331651097637,9.003462570041554,5176313.22
2022-07-05,9.003462570041554,9.142099410505068,8.936681669244447,9.074789460582213,5486103.08
2022-07-06,9.074789460582213,9.131546544064848,9.042311654303223,9.098982154441094,4797822.49
2022-07-07,9.098982154441094,9.441049996150126,8.94359971332248,9.282533073677829,5153423.95
2022-07-08,9.282533073677829,9.735756793994815,9.117445109198412,9.565633938167316,5376092.41
2022-07-09,9.565633938167316,9.694425811391104,9.1917734505465,9.317220683084415,4284476.95
2022-07-10,9.317220683084415,9.40052362957784,9.229936091489067,9.313203117934432,2472810.49
2022-07-11,9.313203117934432,9.460707551377958,9.160612674338667,9.308035258152197,5612688.45
2022-07-12,9.308035258152197,9.432470888586096,9.123027507349741,9.246642399697233,3359375.03
2022-07-13,9.246642399697233,9.544013261529138,9.096331980222804,9.391350513890014,3165671.84
2022-07-14,9.391350513890014,9.536059477035614,9.286201832001314,9.430472769370935,3187486.46
2022-07-15,9.430472769370935,9.908291595674875,9.248934204373827,9.721157293052874,7816438.44
2022-07-16,9.721157293052874,9.963214870287505,9.650964641507427,9.891790146054426,4689009.88
2022-07-17,9.891790146054426,10.237435061944122,9.764430096550875,10.107300249027888,3237108.27
2022-07-18,10.107300249027888,10.274524993996218,9.755856458524484,9.919982033582551,3540367.08
2022-07-19,9.919982033582551,10.099431639115007,9.619202184301496,9.796416525535964,4199238.84
2022-07-20,9.796416525535964,9.982954689253923,9.502462072095264,9.686915169105418,4809944.14
2022-07-21,9.686915169105418,9.981614211444915,9.598665458675294,9.891500686543731,4503737.51
2022-07-22,9.891500686543731,10.035799571459814,9.601470277177311,9.743611733027773,3329868.84
2022-07-23,9.743611733027773,9.813995181980975,9.532979074397865,9.602342055023417,4546561.17
2022-07-24,9.602342055023417,9.733786859366496,9.30673758614844,9.435904049336052,3604876.72
2022-07-25,9.435904049336052,9.90636304823473,9.38574208994158,9.853978573942108,5456531.22
2022-07-26,9.853978573942108,9.94844000809652,9.738944906522462,9.833207223996187,4259529.36
2022-07-27,9.833207223996187,10.100684301937518,9.650660936061273,9.916590072509376,3473806.62
2022-07-28,9.916590072509376,10.081168912273297,9.580080932030217,9.741758207313064,4989436.9
2022-07-29,9.741758207313064,9.999005119607299,9.635211519586251,9.890828038636322,4622315.49
2022-07-30,9.890828038636322,9.936753288341666,9.575672229002725,9.620341551558955,3729850.31
2022-07-31,9.620341551558955,9.708601343370653,9.387822968073957,9.474747033730445,5041015.44
2022-08-01,9.474747033730445,9.517347596136373,9.325591751440122,9.367711056371107,4915354.13
2022-08-02,9.367711056371107,9.431519598265027,9.33742058621381,9.401121096825886,5671990.28
2022-08-03,9.401121096825886,9.573323358265089,9.115822552775466,9.285914552333143,5015931.56
2022-08-04,9.285914552333143,9.615152700316472,9.185201691390208,9.511987900626815,3981257.82
2022-08-05,9.511987900626815,9.62323654211733,9.47765916643374,9.588631202490685,2752341.67
2022-08-06,9.588631202490685,9.731502139606947,9.345179337131116,9.486528947104784,4400623.23
2022-08-07,9.486528947104784,9.669640104656938,9.454888839971888,9.637496480488835,4574674.65
2022-08-08,9.637496480488835,9.725496244091255,9.491874381895032,9.579343148733141,4254102.28
2022-08-09,9.579343148733141,9.638210413433775,9.433778099462439,9.4921092920701,1978553.31
2022-08-10,9.4921092920701,9.675548683813268,9.444996677949726,9.627762774645186,4976824.39
2022-08-11,9.627762774645186,9.739482233853373,9.157620920604572,9.265132459063404,3343679.88
2022-08-12,9.265132459063404,9.513993998356549,9.126577841412475,9.373814110401781,4985407.91
2022-08-13,9.373814110401781,9.474764606808039,9.170740223286135,9.270578937246757,6425379.57
2022-08-14,9.270578937246757,9.42608774622064,9.01447043928647,9.16826295451853,3942776.34
2022-08-15,9.16826295451853,9.630767160544698,8.998531226450735,9.455713863949217,4686591.38
2022-08-16,9.455713863949217,9.61200981577249,9.223306645334118,9.378323389899462,4234558.07
2022-08-17,9.378323389899462,9.704301951086647,9.198101558009494,9.521331945269086,4789760.55
2022-08-18,9.521331945269086,9.743422813741425,9.34306740365352,9.564352807684283,4310034.04
2022-08-19,9.564352807684283,9.78668600826033,9.401899376305522,9.623232487670663,3690786.01
2022-08-20,9.623232487670663,9.69316824052937,9.516959295838731,9.586629037264728,3349626.91
2022-08-21,9.586629037264728,9.6358849183495,9.49331558807567,9.542343933307551,6250746.87
2022-08-22,9.542343933307551,9.9227445179974,9.3983861798726,9.775272752723458,4686672.17
2022-08-23,9.775272752723458,10.091192310425443,9.606947222471508,9.920368304045882,5169175.79
2022-08-24,9.920368304045882,10.087191433016526,9.678508078322626,9.844047784389655,4640630.55
2022-08-25,9.844047784389655,9.977781181064278,9.553321063812282,9.684892300785123,5360335.43
2022-08-26,9.684892300785123,9.848931393777173,9.435035383959564,9.597595882788156,3357151.02
2022-08-27,9.597595882788156,9.891439067964422,9.45623297461517,9.747862878489105,4288254.98
2022-08-28,9.747862878489105,10.069991217192998,9.611621039491972,9.93118713110433,4765755.39
2022-08-29,9.93118713110433,10.047780733918815,9.902998678387446,10.01934206427091,5802285.69
2022-08-30,10.01934206427091,10.12242648093147,9.66886749249695,9.769380165790839,8193601.54
2022-08-31,9.769380165790839,9.912717424727468,9.743889605545025,9.88692017555673,4650450.89
2022-09-01,9.88692017555673,10.129598341027554,9.850707739973167,10.092632451143144,3560173.72
2022-09-02,10.092632451143144,10.240229396255717,9.974164286109108,10.12142328203723,3114827.44
2022-09-03,10.12142328203723,10.47211935952549,10.092530438289973,10.44231050385953,3349733.67
2022-09-04,10.44231050385953,10.634845479173118,10.040593881836344,10.229199523958865,3460989.96
2022-09-05,10.229199523958865,10.445574203720833,10.12582182982695,10.341065971914558,2033612.8
2022-09-06,10.341065971914558,10.492039327309474,10.029381909179206,10.177974222943966,3547243.32
2022-09-07,10.177974222943966,10.398075652298335,10.130541674465164,10.349842145457092,5024217.4
2022-09-08,10.349842145457092,10.631567538595423,10.171237874413317,10.45121392371569,4279920.61
2022-09-09,10.45121392371569,10.866416412115273,10.340376662844259,10.752385168604091,3937036.86
2022-09-10,10.752385168604091,10.969114217528949,10.62273326787575,10.838424853161975,2799935.45
2022-09-11,10.838424853161975,10.986615549802906,10.623939778566378,10.771211485977638,5461300.89
2022-09-12,10.771211485977638,10.897430357677235,10.564525686753678,10.689790453065955,4773299.8
2022-09-13,10.689790453065955,10.819536375781938,10.519938068259387,10.649191223173506,4186443.7
2022-09-14,10.649191223173506,10.813203889022837,10.402708721622526,10.565431366750547,2421663.55
2022-09-15,10.565431366750547,10.970892295584449,10.390927581503721,10.79263589030637,3715047.26
2022-09-16,10.79263589030637,11.095074122271749,10.711572519325752,11.012360402863187,4681011.04
2022-09-17,11.012360402863187,11.217156028302075,10.557847717629523,10.757911383325707,4170111.11
2022-09-18,10.757911383325707,10.855831245018553,10.66786615653288,10.765720653538995,4406448.53
2022-09-19,10.765720653538995,10.852004387690931,10.69141714697555,10.777618762037516,4985063.12
2022-09-20,10.777618762037516,10.859590610052,10.566532095188949,10.647514402281695,4365659.51
2022-09-21,10.647514402281695,10.813001179367578,10.557508058046114,10.722362126894915,4940681.53
2022-09-22,10.722362126894915,11.057061967025426,10.639748997598565,10.972521422668676,3401434.49
2022-09-23,10.972521422668676,11.319904952622457,10.783931175780857,11.128631562214157,3093773.63
2022-09-24,11.128631562214157,11.505500773473578,10.993966793320325,11.367940191107618,4732363.19
2022-09-25,11.367940191107618,11.588678498395009,11.023506024725814,11.241794890903272,4981278.78
2022-09-26,11.241794890903272,11.28912788979122,11.202322696671674,11.249628191272574,4781852.26
2022-09-27,11.249628191272574,11.396454323802818,10.971467645260095,11.116556979827292,4340463.2
2022-09-28,11.116556979827292,11.201415017778332,11.075109593558134,11.159806378834464,3873173.86
2022-09-29,11.159806378834464,11.334171641798108,11.045314560241758,11.219071801365692,4427482.01
2022-09-30,11.219071801365692,11.492107279188092,11.119342887186372,11.390851376783903,4617758.94
2022-10-01,11.390851376783903,11.795434123742544,11.228486768206839,11.629665471366902,4687544.51
2022-10-02,11.629665471366902,11.938896226044958,11.450359211919302,11.757617205904776,8059644.22
2022-10-03,11.757617205904776,11.831521892679183,11.528382782341813,11.601304939331676,3336370.63
2022-10-04,11.601304939331676,11.664959753039168,11.296648773347444,11.358973949215741,9408210.88
2022-10-05,11.358973949215741,11.562914684549135,11.250482255976287,11.453519964562734,3067550.17
2022-10-06,11.453519964562734,11.80258185637123,11.380724009838962,11.728041108012741,4625117.18
2022-10-07,11.728041108012741,11.894335725292114,11.558671334434404,11.724921721204119,3115450.86
2022-10-08,11.724921721204119,11.857630924183507,11.31888529567506,11.448465411968009,4534185.52
2022-10-09,11.448465411968009,12.030678479160231,11.255151360991032,11.830906683086395,5368858.05
2022-10-10,11.830906683086395,12.158100630656712,11.59827678638765,11.923647187003874,4234351.53
2022-10-11,11.923647187003874,12.062502294286773,11.81864824667674,11.9572078209781,5356734.92
2022-10-12,11.9572078209781,12.177411053712403,11.525126932298551,11.741355032840264,3777883.65
2022-10-13,11.741355032840264,11.933597905817468,11.553621329928859,11.745793239967297,2515869.55
2022-10-14,11.745793239967297,11.93025576493574,11.690773343829306,11.874632357843723,4912396.01
2022-10-15,11.874632357843723,12.17432851756979,11.67220894927048,11.970274721406188,4232293.76
2022-10-16,11.970274721406188,12.097963217404335,11.718271013824804,11.844619125037514,3725425.36
2022-10-17,11.844619125037514,12.019503690807019,11.660719761333286,11.835469229854922,3790296.1
2022-10-18,11.835469229854922,12.008823452737,11.551275488531257,11.722982111593526,4649361.78
2022-10-19,11.722982111593526,12.250840824911347,11.512585286683706,12.034846844853238,3426198.37
2022-10-20,12.034846844853238,12.398314874654815,11.845888139828435,12.206658559962547,4613079.91
2022-10-21,12.206658559962547,12.412258084492084,11.904121731128633,12.108060546914441,5653324.5
2022-10-22,12.108060546914441,12.202217849415687,11.796934638541163,11.889391479648577,7029404.98
2022-10-23,11.889391479648577,12.175926211454343,11.6573524625147,11.942843989719009,5966832.16
2022-10-24,11.942843989719009,12.108952933264769,11.68739247269025,11.852241253683593,4373313.17
2022-10-25,11.852241253683593,12.041005376664726,11.588544683195638,11.77609608396898,4479452.37
2022-10-26,11.77609608396898,11.981705109909486,11.367461019344987,11.56946224676803,3800081.04
2022-10-27,11.56946224676803,11.618379066369208,11.340420993621528,11.388572995751414,3738459.6
2022-10-28,11.388572995751414,11.51109392264869,11.296833533347542,11.419108484796423,5223107.21
2022-10-29,11.419108484796423,11.613768285571497,11.17888675590866,11.372756399759416,3889213.73
2022-10-30,11.372756399759416,12.048870779670459,11.161272308337875,11.82890430958258,4602545.11
2022-10-31,11.82890430958258,12.127672674484215,11.644258879669184,11.941273201939723,3301764.92
2022-11-01,11.941273201939723,12.06882463729248,11.603424392919857,11.728705271000981,5916012.68
2022-11-02,11.728705271000981,11.805178783845804,11.376016849226236,11.450677565619324,3874708.21
2022-11-03,11.450677565619324,11.655870969393256,11.319561641483796,11.5239164240883,5512836.7
2022-11-04,11.5239164240883,11.629376439472034,11.348918184080219,11.453735949585674,3522351.23
2022-11-05,11.453735949585674,11.907034158564874,11.24824041447454,11.697171067741742,3476085.84
2022-11-06,11.697171067741742,11.893989155594724,11.554339600258206,11.75050642235437,5853808.47
2022-11-07,11.75050642235437,11.856933042537559,11.288564366344236,11.391741583663407,3591545.63
2022-11-08,11.391741583663407,11.516739046733532,11.089192042677203,11.212219676747505,2838028.05
2022-11-09,11.212219676747505,11.423056675000527,10.886685046235538,11.095323911290313,3238464.8
2022-11-10,11.095323911290313,11.319677696629935,10.950655837176019,11.173984000932247,5203136.91
2022-11-11,11.173984000932247,11.242386987695944,10.92484976620232,10.992139568779917,5079636.28
2022-11-12,10.992139568779917,11.141141448141708,10.871210683849966,11.019907081793425,3471057.33
2022-11-13,11.019907081793425,11.13431408502088,10.680390116078549,10.792435544319138,3586421.29
2022-11-14,10.792435544319138,10.876717875439583,10.71055034685866,10.794814627218257,4969595.67
2022-11-15,10.794814627218257,11.024695708463655,10.630157096649674,10.85905824486228,5836111.07
2022-11-16,10.85905824486228,11.18841106760208,10.78489994338495,11.112521821515456,4128378.19
2022-11-17,11.112521821515456,11.278060909887163,10.99177447168813,11.156832089916026,4824196.19
2022-11-18,11.156832089916026,11.267718066248095,10.906531422375796,11.016017868600558,5224937.27
2022-11-19,11.016017868600558,11.396060121308643,10.90141241814124,11.27872162496158,7194633.01
2022-11-20,11.27872162496158,11.416344135469927,11.110468679008594,11.247712821334364,3146074.64
2022-11-21,11.247712821334364,11.549397496338528,11.086877830127758,11.386576839819625,3553395.67
2022-11-22,11.386576839819625,11.438659010042088,11.227317374700988,11.278907063672236,3700493.51
2022-11-23,11.278907063672236,11.377608201433242,11.197813393072547,11.29638883945593,5165312.28
2022-11-24,11.29638883945593,11.4761263805118,10.979010402580643,11.156522522014548,3943643.71
2022-11-25,11.156522522014548,11.4201715799296,10.951918410543723,11.214504119796816,4540994.25
2022-11-26,11.214504119796816,11.390201028521915,11.183060604387103,11.358354182602161,4329903.54
2022-11-27,11.358354182602161,11.396070510329912,11.234405768416735,11.271834801587836,4201824.38
2022-11-28,11.271834801587836,11.4838460013102,10.965895117967172,11.176105756371719,4314293.88
2022-11-29,11.176105756371719,11.292699855141231,11.123992289354351,11.240287114551695,5433370.74
2022-11-30,11.240287114551695,11.46090252669794,10.87917386507228,11.096976490311077,3295105.26
2022-12-01,11.096976490311077,11.284604150746606,10.653703294986686,10.83693416012673,4046978.19
2022-12-02,10.83693416012673,10.944024055768015,10.791715105205993,10.898547906420353,3099575.26
2022-12-03,10.898547906420353,10.940457737908073,10.839629824141324,10.881473998754451,4444750.59
2022-12-04,10.881473998754451,11.094656707116929,10.64803913086088,10.86081714365389,3999631.81
2022-12-05,10.86081714365389,11.023532176336209,10.789279000401686,10.951397398122356,5487074.9
2022-12-06,10.951397398122356,11.196419820296551,10.823309748694138,11.066980311994643,4194938.67
2022-12-07,11.066980311994643,11.136173758386137,10.971370289641142,11.040397534054456,3758893.91
2022-12-08,11.040397534054456,11.181848666566244,10.709813290439985,10.848809773504449,3948781.35
2022-12-09,10.848809773504449,11.034546970841141,10.557983997834267,10.741890685449455,6462011.06
2022-12-10,10.741890685449455,10.99224041045819,10.593390864008612,10.842351778167632,2836481.49
2022-12-11,10.842351778167632,10.897791822287347,10.811569258741285,10.866939495875075,3590191.34
2022-12-12,10.866939495875075,11.00509533341226,10.637875179705576,10.774860377829699,4237979.13
2022-12-13,10.774860377829699,10.924612613599633,10.496335339616504,10.644272627734669,3582202.78
2022-12-14,10.644272627734669,10.809735930313574,10.584492646751135,10.749365729234325,4748149.41
2022-12-15,10.749365729234325,10.918325573482257,10.544944298377235,10.713337852048472,4141107.09
2022-12-16,10.713337852048472,10.986080925315132,10.571021007955528,10.842054202836914,4477571.17
2022-12-17,10.842054202836914,11.018032224261622,10.81850689623527,10.99415457858263,4325559.77
2022-12-18,10.99415457858263,11.204252777088076,10.73253342703217,10.94162784001991,4093184.11
2022-12-19,10.94162784001991,11.218682601358495,10.831987995425095,11.107381830073777,3041584.48
2022-12-20,11.107381830073777,11.201754300577937,11.038706873726351,11.13292143740374,4389027.31
2022-12-21,11.13292143740374,11.220917845182262,11.093382206129778,11.181207124424873,2702648.77
2022-12-22,11.181207124424873,11.278927754160822,10.7103469187083,10.804777659981653,3550520.74
2022-12-23,10.804777659981653,10.886243997981019,10.562364715039791,10.642608321525792,4746397.2
2022-12-24,10.642608321525792,10.720971512664592,10.414550275913951,10.491803064335965,5654809.43
2022-12-25,10.491803064335965,10.662584653438044,10.27077288665168,10.440723014078303,7556730.0
2022-12-26,10.440723014078303,10.603321672618154,10.298451658326728,10.460777048940187,3773568.22
2022-12-27,10.460777048940187,10.533695432358208,10.414802412947598,10.487602897987765,3383136.94
2022-12-28,10.487602897987765,10.691423232185446,10.332959691797528,10.536065429783859,4785810.59
2022-12-29,10.536065429783859,10.694345328076922,10.268031298604962,10.424637247406036,6703144.4
2022-12-30,10.424637247406036,10.658369845064742,10.307288822383807,10.539725886185726,6161194.82
2022-12-31,10.539725886185726,11.060868219217907,10.32973442942331,10.844798553727177,3242403.01
2023-01-01,10.844798553727177,10.921825111836796,10.709516354584382,10.786126184746838,4055026.52
2023-01-02,10.786126184746838,10.81904761514897,10.643035351596186,10.675619493310165,5194894.65
2023-01-03,10.675619493310165,10.702506166791547,10.536049014707753,10.562651176151299,5285738.33
2023-01-04,10.562651176151299,10.660331385035509,10.480580802022509,10.578140659709891,4869786.06
2023-01-05,10.578140659709891,10.694103775251882,10.377437654657848,10.492461510513527,3754283.22
2023-01-06,10.492461510513527,10.528221488310622,10.177663814101276,10.212469534708282,4858966.83
2023-01-07,10.212469534708282,10.3369020928395,9.861108520897504,9.98274199251481,5298491.87
2023-01-08,9.98274199251481,10.330003264857845,9.800899656942695,10.145201618325304,3327028.31
2023-01-09,10.145201618325304,10.52194627249306,9.979393204570533,10.352745853171673,5857034.98
2023-01-10,10.352745853171673,10.76719033884028,10.206726231007107,10.617437392291954,5382077.24
2023-01-11,10.617437392291954,10.804793380503295,10.46973641043567,10.65654831986506,3488926.69
2023-01-12,10.65654831986506,10.81794611532559,10.33438488693853,10.493310376793488,5292612.51
2023-01-13,10.493310376793488,10.607642495195414,10.309107037256911,10.422669472504216,5146737.09
2023-01-14,10.422669472504216,10.518895692013977,10.088663423616786,10.182673908870704,5195914.73
2023-01-15,10.182673908870704,10.259245570518763,9.867428178900356,9.942191460862889,6228140.35
2023-01-16,9.942191460862889,10.021221816566362,9.904479430536101,9.983353652671648,4189029.48
2023-01-17,9.983353652671648,10.191483134263336,9.862366130416708,10.06945219021948,4562929.51
2023-01-18,10.06945219021948,10.494296381606615,9.963669317201212,10.385196511711491,2171465.88
2023-01-19,10.385196511711491,10.428193843545149,10.329987011888939,10.372933572060756,5551344.77
2023-01-20,10.372933572060756,10.443768836266347,10.086008684317482,10.155358157462071,5419378.44
2023-01-21,10.155358157462071,10.31956676869562,9.973269480276395,10.137184225345175,5894932.61
2023-01-22,10.137184225345175,10.204098489787098,10.026939546123142,10.093565891487994,3323154.3
2023-01-23,10.093565891487994,10.191099459259815,9.92044582148293,10.017241874508954,5341977.33
2023-01-24,10.017241874508954,10.12209279538529,9.968121950271097,10.072700925593786,5418244.39
2023-01-25,10.072700925593786,10.123640981710363,9.833663831669671,9.88364780094821,3569249.58
2023-01-26,9.88364780094821,10.059839385440315,9.72932232076757,9.905177732114652,5468889.79
2023-01-27,9.905177732114652,10.040302581734695,9.873479820025603,10.008274745221621,4715451.66
2023-01-28,10.008274745221621,10.308145659257454,9.936911036486919,10.235164122490787,2747198.27
2023-01-29,10.235164122490787,10.488619562069514,10.033989916239099,10.286437565989141,4860808.25
2023-01-30,10.286437565989141,10.56810012609934,10.177750321414521,10.457604321188255,3466976.23
2023-01-31,10.457604321188255,10.59263123673645,10.252139248224983,10.386244780793046,2762404.64
2023-02-01,10.386244780793046,10.52681442799249,10.198093405233399,10.338010235836421,4603067.11
2023-02-02,10.338010235836421,10.618851078997311,10.280835909227218,10.56044656908621,4131959.91
2023-02-03,10.56044656908621,10.651774976307559,10.247312548152802,10.336706011752359,5965768.71
2023-02-04,10.336706011752359,10.431935184582992,10.178103744039618,10.272743649570204,4395205.58
2023-02-05,10.272743649570204,10.52202365085284,10.209542673303384,10.457684861210513,5102417.04
2023-02-06,10.457684861210513,10.522644952354925,10.359606775004448,10.424359860957697,4769716.49
2023-02-07,10.424359860957697,10.559268251868938,10.244672362363632,10.378993639629257,5421236.16
2023-02-08,10.378993639629257,10.420017241353479,10.296256482537478,10.3371145546388,3365184.16
2023-02-09,10.3371145546388,10.402216996731653,10.292410482585414,10.357425089373413,4413723.58
2023-02-10,10.357425089373413,10.666687723487351,10.229827444751837,10.536879303995992,4054796.7
2023-02-11,10.536879303995992,10.800097830382118,10.430582367747812,10.692233666091637,4945635.01
2023-02-12,10.692233666091637,10.834675522880362,10.553076357874582,10.695476016118448,4477378.84
2023-02-13,10.695476016118448,10.908909000061263,10.668894856976342,10.881864614692152,3602309.11
2023-02-14,10.881864614692152,11.102492415226097,10.722026530300951,10.941774347734125,3859745.08
2023-02-15,10.941774347734125,11.283617422208838,10.752503386772426,11.091752143306666,6342101.64
2023-02-16,11.091752143306666,11.218581064666536,10.790611730753506,10.915424428382376,2749713.56
2023-02-17,10.915424428382376,11.411140782160901,10.72838725815831,11.218903460557222,5014961.29
2023-02-18,11.218903460557222,11.362668813774745,11.11575767271635,11.259152974807915,5728456.37
2023-02-19,11.259152974807915,11.297666446219333,10.748027583208279,10.784918872063047,4853954.89
2023-02-20,10.784918872063047,11.168401198215145,10.690056935824874,11.071022750890265,6874621.5
2023-02-21,11.071022750890265,11.184382819050677,10.959929122905523,11.073266674124312,5310645.74
2023-02-22,11.073266674124312,11.26793114370811,10.812584821421575,11.006067959192102,4623331.06
2023-02-23,11.006067959192102,11.094390523547764,10.81573372981188,10.90323103844639,3737444.67
2023-02-24,10.90323103844639,11.064329425111964,10.819583468588105,10.980092190723793,4644814.27
2023-02-25,10.980092190723793,11.177561614462196,10.634559229590716,10.829317066172834,4980374.08
2023-02-26,10.829317066172834,10.899895927904831,10.663029471905755,10.732980470660534,4203677.05
2023-02-27,10.732980470660534,10.878563021762732,10.497173361221071,10.641515274966043,3488172.2
2023-02-28,10.641515274966043,10.72536410313264,10.510623297263978,10.594098509444343,3108153.62
2023-03-01,10.594098509444343,10.796723420072006,10.309014860312258,10.510031895563916,4399259.57
2023-03-02,10.510031895563916,10.710704442573903,10.453138479383163,10.653036904717542,2900854.86
2023-03-03,10.653036904717542,10.86062381132845,10.492912288320719,10.699796358763038,3732950.18
2023-03-04,10.699796358763038,10.895508435299664,10.572456434884138,10.767364374067398,2286790.73
2023-03-05,10.767364374067398,11.085721802325038,10.556143778523042,10.872439966131447,5172412.21
2023-03-06,10.872439966131447,11.088725587036265,10.641900141237175,10.857896447698858,5604647.71
2023-03-07,10.857896447698858,11.034734292726746,10.512590216068245,10.686638863175741,4283718.93
2023-03-08,10.686638863175741,11.037719232916775,10.645364828443926,10.995253264809566,6638919.89
2023-03-09,10.995253264809566,11.274457211767857,10.880439455835068,11.1579445599534,5882202.19
2023-03-10,11.1579445599534,11.644485536158445,10.96400571999919,11.445547797178097,4735233.1
2023-03-11,11.445547797178097,11.791414141473103,11.291116463117817,11.634434219722971,4082791.46
2023-03-12,11.634434219722971,11.841776696775952,11.346180984949672,11.55205535119163,3848698.33
2023-03-13,11.55205535119163,11.741377270561335,10.952772891876203,11.135264191065113,4834159.58
2023-03-14,11.135264191065113,11.220262876845501,10.840374992369387,10.923759199497923,4054299.06
2023-03-15,10.923759199497923,11.09566642185958,10.863556430915471,11.034851404491121,4816955.43
2023-03-16,11.034851404491121,11.120991111859357,10.932580470325666,11.01859326420908,4907172.59
2023-03-17,11.01859326420908,11.178660476969794,10.788503608368194,10.947538609460265,3965729.06
2023-03-18,10.947538609460265,11.064230279878757,10.41591137193637,10.528132521747,5523606.39
2023-03-19,10.528132521747,10.557498301501287,10.497896996633957,10.52726034365007,3966748.38
2023-03-20,10.52726034365007,10.689007337112072,10.192179356436087,10.351221587344902,4222465.35
2023-03-21,10.351221587344902,10.380252039560782,10.206702061056635,10.235407708199403,3289394.07
2023-03-22,10.235407708199403,10.471414953082453,10.13952776487895,10.374234552531046,3925251.17
2023-03-23,10.374234552531046,10.48130825912403,10.10381925687335,10.209189514027448,7203983.52
2023-03-24,10.209189514027448,10.322046829300682,9.950611806442364,10.061840251752415,3353444.02
2023-03-25,10.061840251752415,10.13790129312978,10.01652538588582,10.092448578501296,4685687.34
2023-03-26,10.092448578501296,10.391115411532052,9.936417070201747,10.232912302696025,3748897.28
2023-03-27,10.232912302696025,10.409826055115463,9.993841345404169,10.169661574957738,2414782.33
2023-03-28,10.169661574957738,10.559529146045906,10.021568828163698,10.407966157887437,4829906.61
2023-03-29,10.407966157887437,10.6069588914803,10.007269586986133,10.202330720770277,3654844.18
2023-03-30,10.202330720770277,10.270023302519492,9.907080844126842,9.973253495852315,4548715.25
2023-03-31,9.973253495852315,10.02205403831743,9.688639574156246,9.736280574540698,5379063.38
2023-04-01,9.736280574540698,9.767546835467117,9.45763360167373,9.488102885940686,4453695.15
2023-04-02,9.488102885940686,9.682526425253647,9.345901317374196,9.539553744393785,4559255.02
2023-04-03,9.539553744393785,9.586468610235034,9.349155154425825,9.395360889776182,3380756.65
2023-04-04,9.395360889776182,9.572813566735286,9.017143258324749,9.19073103689349,5011778.62
2023-04-05,9.19073103689349,9.364931898495126,9.073362565499693,9.246846811345511,4005480.39
2023-04-06,9.246846811345511,9.522756439475847,9.094510169930603,9.368416997087806,2548429.72
2023-04-07,9.368416997087806,9.619048802848157,9.276376315067393,9.525465189641272,5164951.09
2023-04-08,9.525465189641272,9.805552884855071,9.380418782732836,9.658481015957635,5575211.41
2023-04-09,9.658481015957635,9.754927906533757,9.42633197726495,9.521410116165567,6082191.89
2023-04-10,9.521410116165567,9.675834459349764,9.410031054874239,9.563957687270632,7226756.19
2023-04-11,9.563957687270632,9.793571041302517,9.411656718575774,9.64005821199383,5096062.4
2023-04-12,9.64005821199383,9.700662982916628,9.50945786805499,9.569619809363935,4775876.68
2023-04-13,9.569619809363935,9.767556192882385,9.398121014096807,9.595591946498306,5517757.13
2023-04-14,9.595591946498306,9.738502733333148,9.269856522386323,9.410003266689237,3364689.68
2023-04-15,9.410003266689237,9.555272285117344,9.175009553682656,9.318871708410098,2765142.49
2023-04-16,9.318871708410098,9.433528196116194,9.260284575900581,9.374590761590069,3727852.47
2023-04-17,9.374590761590069,9.63511725381644,9.340633248031907,9.600342003138797,5779953.11
2023-04-18,9.600342003138797,9.809081963210177,9.568551275847105,9.776707217304828,3560175.15
2023-04-19,9.776707217304828,10.014733209118537,9.643291356406223,9.879909025582098,4718482.16
2023-04-20,9.879909025582098,9.940001094992343,9.833473029473932,9.893501215010978,4847237.0
2023-04-21,9.893501215010978,10.091227250354128,9.685522127086887,9.883039071831355,4464471.35
2023-04-22,9.883039071831355,10.07377043848623,9.475642750222047,9.662110446735433,3051631.72
2023-04-23,9.662110446735433,9.686509030495335,9.513266387357953,9.537349928148783,4575705.81
2023-04-24,9.537349928148783,9.680896930907172,9.27726230617311,9.419028448004234,3779894.73
2023-04-25,9.419028448004234,9.5692239418446,9.355978442045151,9.50559447184112,6428876.68
2023-04-26,9.50559447184112,9.727387187428977,9.428255090901285,9.648881991129464,5580643.77
2023-04-27,9.648881991129464,9.824086833010526,9.587847140278924,9.76233432942541,3813362.16
2023-04-28,9.76233432942541,10.115143785799214,9.596864507891222,9.946551515889553,6530729.45
2023-04-29,9.946551515889553,10.13920655193946,9.766642848947622,9.959071430517568,4576856.36
2023-04-30,9.959071430517568,9.986232089191937,9.780997729908718,9.807745688779828,2765372.63
2023-05-01,9.807745688779828,9.87503355268312,9.734023510003528,9.801266925143603,4118579.01
2023-05-02,9.801266925143603,9.900030100159348,9.593879530532424,9.69153700406254,6321168.04
2023-05-03,9.69153700406254,9.904952609816045,9.581123294539049,9.793378639260537,3421656.87
2023-05-04,9.793378639260537,9.828415859694804,9.70466879657811,9.73951330603658,4128955.83
2023-05-05,9.73951330603658,9.904505603986369,9.560897295816172,9.725654824048267,2989550.21
2023-05-06,9.725654824048267,10.018357404563623,9.542699324318075,9.833375502406364,3110555.36
2023-05-07,9.833375502406364,9.924349678888312,9.63087152968282,9.720804245129974,3409360.0
2023-05-08,9.720804245129974,10.042325850415983,9.551368552369842,9.870284681741243,3090197.37
2023-05-09,9.870284681741243,10.010189926699399,9.52781346820251,9.664806181163472,3598496.09
2023-05-10,9.664806181163472,9.835517361966069,9.542532997220508,9.712639026283869,6486060.57
2023-05-11,9.712639026283869,9.87525679645063,9.53757544221046,9.699981285047311,4162294.08
2023-05-12,9.699981285047311,9.9313696425415,9.597990510681946,9.828032469755048,5111357.12
2023-05-13,9.828032469755048,9.944582017746567,9.505312692597384,9.619387948329708,5517786.48
2023-05-14,9.619387948329708,9.686184838501767,9.32685748252811,9.39207592128655,3183481.5
2023-05-15,9.39207592128655,9.645369561078825,9.252891689444867,9.504518998653742,3411685.4
2023-05-16,9.504518998653742,9.55074061158373,9.401574113567385,9.447518526381664,5086241.79
2023-05-17,9.447518526381664,9.507764484412938,9.375053116447253,9.435220652063371,3584122.86
2023-05-18,9.435220652063371,9.53559797514145,9.239774000453291,9.339129045559629,5002717.77
2023-05-19,9.339129045559629,9.559790643443769,9.255678092962588,9.475124486618384,6387961.03
2023-05-20,9.475124486618384,9.581021885393184,9.415313615405054,9.5209219219877,2918993.32
2023-05-21,9.5209219219877,9.61027873488003,9.468994872498056,9.558148651039547,3841454.17
2023-05-22,9.558148651039547,9.725379445747173,9.221153188211915,9.385360861985323,3996890.49
2023-05-23,9.385360861985323,9.580269344427405,9.266772508792107,9.460728684120776,3682135.61
2023-05-24,9.460728684120776,9.543917513466273,9.233704306703208,9.315617160574572,3607774.22
2023-05-25,9.315617160574572,9.476069798788723,9.0620953135983,9.220916828740233,3713795.21
2023-05-26,9.220916828740233,9.37631591432765,8.874318785553914,9.026440381204413,4184017.23
2023-05-27,9.026440381204413,9.062509739314235,8.969404441343688,9.00538968155186,4376746.87
2023-05-28,9.00538968155186,9.270143403373936,8.895423595910056,9.158309986287128,5330458.39
2023-05-29,9.158309986287128,9.261052629490536,9.089613205424076,9.192102370852565,4173708.04
2023-05-30,9.192102370852565,9.299971947204225,9.022538724328964,9.129675722227011,5554610.27
2023-05-31,9.129675722227011,9.282965644465873,8.993424636132191,9.146464010317043,3622391.73
2023-06-01,9.146464010317043,9.18221525042337,9.126770423718702,9.162487163786535,3110376.61
2023-06-02,9.162487163786535,9.276273287503262,9.059462186437985,9.173128654938257,3891894.34
2023-06-03,9.173128654938257,9.26655193362386,9.106612628441244,9.199842202329613,4714805.62
2023-06-04,9.199842202329613,9.306672575018293,8.946825151235302,9.051938031675123,5208027.58
2023-06-05,9.051938031675123,9.104277718245875,9.015937038545431,9.068212000959395,6050512.15
2023-06-06,9.068212000959395,9.219798005858914,8.675289886170006,8.822773086179833,4516035.92
2023-06-07,8.822773086179833,9.008922633696569,8.718787599057318,8.903980038820562,5070001.06
2023-06-08,8.903980038820562,8.955615484391231,8.701448257322777,8.752203529346371,5913745.38
2023-06-09,8.752203529346371,9.058017096832856,8.613443249066071,8.91664963453598,3456556.29
2023-06-10,8.91664963453598,8.940547001967056,8.558825954768842,8.581825966742224,3985047.67
2023-06-11,8.581825966742224,8.923196506900585,8.473087185952247,8.811546972365411,8396482.16
2023-06-12,8.811546972365411,8.90875339686352,8.493940913883131,8.588688832168108,5202721.02
2023-06-13,8.588688832168108,8.61199518642912,8.406538867667113,8.429413009419005,4771971.84
2023-06-14,8.429413009419005,8.525145864151485,8.374666513238148,8.470134891622626,5251465.79
2023-06-15,8.470134891622626,8.582867186127393,8.441433602921894,8.553882117611845,3007668.64
2023-06-16,8.553882117611845,8.683755408579243,8.387639960489057,8.516952551149327,3572901.17
2023-06-17,8.516952551149327,8.765250058356612,8.39172032451165,8.638234516561509,3260922.25
2023-06-18,8.638234516561509,8.669395767811995,8.501133937835613,8.53191164384383,4663361.8
2023-06-19,8.53191164384383,8.565746896038368,8.445948584129205,8.479576288470263,3829916.53
2023-06-20,8.479576288470263,8.630895004381562,8.28986846537327,8.440489677592627,4301361.7
2023-06-21,8.440489677592627,8.487885170797686,8.323461852453015,8.37046413444865,3885806.14
2023-06-22,8.37046413444865,8.43295717661935,8.060429589815676,8.12106061039524,2796819.96
2023-06-23,8.12106061039524,8.23733018402762,8.002677632234793,8.118916508670672,5240037.39
2023-06-24,8.118916508670672,8.144028463626109,8.08019706857079,8.105266804746202,2703468.06
2023-06-25,8.105266804746202,8.40180238265716,7.950798111529702,8.244676838499911,3501434.85
2023-06-26,8.244676838499911,8.264580825078644,8.061350876712607,8.08085938139053,3022899.46
2023-06-27,8.08085938139053,8.220533522262702,7.862820574002198,8.00111639197434,3370797.06
2023-06-28,8.00111639197434,8.224050671290827,7.933136434618795,8.154765265624476,4417390.63
2023-06-29,8.154765265624476,8.231933136725669,8.116432008846292,8.19341818345761,5719264.8
2023-06-30,8.19341818345761,8.33811859913539,8.121358386206419,8.265425509018591,2842931.61
2023-07-01,8.265425509018591,8.487953191885174,8.104157569532237,8.32551287883987,3653854.07
2023-07-02,8.32551287883987,8.483248801978851,8.22958964853103,8.386621502542905,2712371.79
2023-07-03,8.386621502542905,8.657437941691496,8.360899370767484,8.630966393541078,3610085.73
2023-07-04,8.630966393541078,8.808240334630446,8.467428969156659,8.644447474054463,4276169.12
2023-07-05,8.644447474054463,8.68407455473223,8.470292204332125,8.50929975326408,5087842.74
2023-07-06,8.50929975326408,8.621798717768511,8.483904794903221,8.596144581700209,2473029.78
2023-07-07,8.596144581700209,8.620365648999059,8.49704997530462,8.521059477833168,4819752.03
2023-07-08,8.521059477833168,8.664844075407375,8.363856685112246,8.50741097750763,3293413.36
2023-07-09,8.50741097750763,8.598750296417284,8.466963804121209,8.558062309086871,3098867.84
2023-07-10,8.558062309086871,8.602749875479782,8.405314788857394,8.449435137606605,4271463.25
2023-07-11,8.449435137606605,8.609924353383327,8.22380571112184,8.38303369278862,4912932.93
2023-07-12,8.38303369278862,8.556834998413429,8.273978802305988,8.44694863836436,4095835.97
2023-07-13,8.44694863836436,8.507239113557537,8.315740792827802,8.375521453280202,3195686.28
2023-07-14,8.375521453280202,8.612369049732656,8.270356853042415,8.505571516785459,4095297.13
2023-07-15,8.505571516785459,8.559800194243813,8.322504889463659,8.375906868519124,3503596.08
2023-07-16,8.375906868519124,8.46717722602858,8.157908644216146,8.247782863501158,4884625.62
2023-07-17,8.247782863501158,8.56761291911387,8.181609217608596,8.499420334414468,5495469.27
2023-07-18,8.499420334414468,8.611674538784909,8.18904487122008,8.298647411854127,5408382.27
2023-07-19,8.298647411854127,8.428592247674697,8.166283083378836,8.296189430764692,4179315.18
2023-07-20,8.296189430764692,8.612649726756095,8.227553932833302,8.54198076386165,5560842.89
2023-07-21,8.54198076386165,8.581192167036956,8.500000665659021,8.539199300709923,3253851.77
2023-07-22,8.539199300709923,8.796084782855228,8.467441583424668,8.722784339739995,6558757.03
2023-07-23,8.722784339739995,8.951606803088879,8.586300783205592,8.813700697585862,3249298.11
2023-07-24,8.813700697585862,8.956287288145017,8.67120544740325,8.813790584714855,2528319.18
2023-07-25,8.813790584714855,8.956044435244845,8.65483240432634,8.7968122255446,5908805.1
2023-07-26,8.7968122255446,8.968722199271324,8.343625835724609,8.509929459386282,3516798.01
2023-07-27,8.509929459386282,8.653288502713517,8.325777465166178,8.468437531717544,4324382.03
2023-07-28,8.468437531717544,8.665621534927576,8.303859252973835,8.500421666448867,3245867.06
2023-07-29,8.500421666448867,8.645782433211005,8.387516830989384,8.53245216031076,7583579.95
2023-07-30,8.53245216031076,8.924768025074966,8.480162984300115,8.870407765652486,6622937.1
2023-07-31,8.870407765652486,9.02609918350362,8.755557865754012,8.910727245793527,6182501.78
2023-08-01,8.910727245793527,9.050497683468928,8.861174575722828,9.000446085762638,4293807.89
2023-08-02,9.000446085762638,9.20015335232857,8.968621655406539,9.167737401200434,5366947.62
2023-08-03,9.167737401200434,9.31566660295433,9.099677575223135,9.247018208856428,4144663.11
2023-08-04,9.247018208856428,9.325894904352275,9.156890709782939,9.235670610720522,5560204.35
2023-08-05,9.235670610720522,9.371988950630346,9.088879721039401,9.225041170595171,3790250.77
2023-08-06,9.225041170595171,9.303780409906743,9.097200205080322,9.17551673447053,6241750.23
2023-08-07,9.17551673447053,9.25988731342763,9.156645713260097,9.240881857649462,3742921.47
2023-08-08,9.240881857649462,9.411883853502614,9.046770180198527,9.217336469985337,3850726.37
2023-08-09,9.217336469985337,9.426765508271574,9.101112535647415,9.309380959611573,3737632.1
2023-08-10,9.309380959611573,9.363316211386921,9.111068362443651,9.164162268624176,4407015.12
2023-08-11,9.164162268624176,9.24654118609529,9.104217858790241,9.186450981837341,3811548.6
2023-08-12,9.186450981837341,9.454116221839955,9.147550732302893,9.41425134613673,4744084.23
2023-08-13,9.41425134613673,9.58670010983495,9.210397782484785,9.382260543736198,3724146.8
2023-08-14,9.382260543736198,9.718284495726143,9.324618237504675,9.6589423245353,5118091.7
2023-08-15,9.6589423245353,9.868345410170816,9.476082624148988,9.684992536332976,6139088.51
2023-08-16,9.684992536332976,9.750439884978883,9.61219823399231,9.677595597048406,4282218.91
2023-08-17,9.677595597048406,9.855421483480725,9.5190134683795,9.696529100548952,7313095.42
2023-08-18,9.696529100548952,9.717746451551331,9.629300224419028,9.650416675036587,5567615.48
2023-08-19,9.650416675036587,9.753665756500663,9.255960276960982,9.356060059152675,7168121.7
2023-08-20,9.356060059152675,9.569465891260537,9.27516885881526,9.487438808440375,4136230.2
2023-08-21,9.487438808440375,9.899795205094977,9.411325416370401,9.821005757611474,2772417.62
2023-08-22,9.821005757611474,10.093130749660123,9.625972237986161,9.896596095625924,3520314.1
2023-08-23,9.896596095625924,10.131799475955019,9.748388623172765,9.982308410096307,3611236.93
2023-08-24,9.982308410096307,10.04823160022958,9.88921281092574,9.954955361456213,3309602.74
2023-08-25,9.954955361456213,10.296443643993971,9.800216017265658,10.138845913957999,2425671.43
2023-08-26,10.138845913957999,10.182769806492418,10.089942582293236,10.133844808850565,5426238.73
2023-08-27,10.133844808850565,10.36769570531518,9.944679244582412,10.177711297921434,2638154.8
2023-08-28,10.177711297921434,10.276180166646947,9.835745398527086,9.931835430021883,5297867.32
2023-08-29,9.931835430021883,9.985784488837119,9.797328442082543,9.85083752575603,7253412.28
2023-08-30,9.85083752575603,9.977526449102971,9.782760665969342,9.909047314926395,3457345.88
2023-08-31,9.909047314926395,10.100636263196769,9.861556430778723,10.05245805737842,4627316.67
2023-09-01,10.05245805737842,10.393680721940454,9.863974027463213,10.202385545049061,3801616.81
2023-09-02,10.202385545049061,10.278965518413795,9.8790171499272,9.95373069887453,5164733.54
2023-09-03,9.95373069887453,9.999232346970633,9.682147813069198,9.726611226293393,3115787.19
2023-09-04,9.726611226293393,9.980735606650104,9.564836147393313,9.817449683101724,4063874.2
2023-09-05,9.817449683101724,9.874770475005386,9.647530470409093,9.704189976922093,5558785.18
2023-09-06,9.704189976922093,9.879051143753118,9.66833584507081,9.842685312313543,4148998.14
2023-09-07,9.842685312313543,9.980789096973066,9.46048180904578,9.595111863809988,2795266.93
2023-09-08,9.595111863809988,9.6155811382995,9.56103697139442,9.581477158936265,5728752.99
2023-09-09,9.581477158936265,9.744204853542827,9.414847864307012,9.577508150986505,3037669.31
2023-09-10,9.577508150986505,9.768287639466996,9.461344736664897,9.651230068800272,4283489.84
2023-09-11,9.651230068800272,9.71341035363179,9.436197325457288,9.497386437062932,4858577.01
2023-09-12,9.497386437062932,9.59734346261478,9.112762758710407,9.209691889011145,4327747.09
2023-09-13,9.209691889011145,9.297728273230478,9.147770810157095,9.23563278158672,7920416.64
2023-09-14,9.23563278158672,9.42139877154012,9.128578607441723,9.31344266966526,5045707.48
2023-09-15,9.31344266966526,9.579415365604275,9.198984238820781,9.463117491934888,3992816.99
2023-09-16,9.463117491934888,9.613489067944096,9.261602063597422,9.411147827139802,4882953.45
2023-09-17,9.411147827139802,9.626642317734817,9.313370014492888,9.527654055062545,4426329.49
2023-09-18,9.527654055062545,9.756952279467688,9.37369211405386,9.601792302880561,4246847.23
2023-09-19,9.601792302880561,9.83629925569805,9.570621178477937,9.804470160728957,4463937.94
2023-09-20,9.804470160728957,9.986678128139369,9.615082305575958,9.797154314027287,3768069.42
2023-09-21,9.797154314027287,9.849462859198978,9.484867875446291,9.53578090695839,4429602.9
2023-09-22,9.53578090695839,9.698445996772142,9.36431715882937,9.52682955293627,3701402.27
2023-09-23,9.52682955293627,9.645278734700439,9.422954985320185,9.541246968636157,2614402.18
2023-09-24,9.541246968636157,9.657761750248646,9.50418005127938,9.62038737925717,5585280.63
2023-09-25,9.62038737925717,9.701934047753586,9.313155481194693,9.39277278750151,3646335.05
2023-09-26,9.39277278750151,9.566820407582595,9.174795417523493,9.348013653033341,4351111.3
2023-09-27,9.348013653033341,9.638835501562435,9.188865111601094,9.477482767718048,3472861.61
2023-09-28,9.477482767718048,9.619660969839419,9.321208296639027,9.463171810298663,3499168.91
2023-09-29,9.463171810298663,9.546799996917077,9.335772574473395,9.419010497597291,3239235.16
2023-09-30,9.419010497597291,9.828706813437853,9.300347593242655,9.706423018702958,5323647.9
2023-10-01,9.706423018702958,9.766391197493649,9.486898938855846,9.54587522197497,5654857.58
2023-10-02,9.54587522197497,9.866695803467168,9.415467271387588,9.733721648427165,4227319.76
2023-10-03,9.733721648427165,9.958541251901982,9.66853563619917,9.892293297099226,3672674.31
2023-10-04,9.892293297099226,10.059691898566417,9.691765655826046,9.858593993541799,2750594.33
2023-10-05,9.858593993541799,10.003327696943026,9.710041712293094,9.854718519990959,5124035.55
2023-10-06,9.854718519990959,9.94291443810393,9.762136333148998,9.850292641360534,3546443.46
2023-10-07,9.850292641360534,10.016731890363218,9.713662435724714,9.87969386984914,3176466.31
2023-10-08,9.87969386984914,9.957273679548841,9.712225526001479,9.78909390392936,4230839.26
2023-10-09,9.78909390392936,9.836098715815847,9.678004926760924,9.724700537601771,3863421.16
2023-10-10,9.724700537601771,9.785317621153688,9.611512260961417,9.671799596491285,2873615.45
2023-10-11,9.671799596491285,9.738442015604122,9.557696970365026,9.624010101476784,2973989.67
2023-10-12,9.624010101476784,9.682515412428668,9.52011517143842,9.57834286674567,4568661.71
2023-10-13,9.57834286674567,9.71445502686244,9.116887879380696,9.24831013979356,3564991.58
2023-10-14,9.24831013979356,9.405506551688898,9.106682401925262,9.263643992662804,4771444.88
2023-10-15,9.263643992662804,9.358397227731095,9.094382586341453,9.188365838382147,4356710.73
2023-10-16,9.188365838382147,9.370114378689141,8.74750785063038,8.924027706038892,5457386.53
2023-10-17,8.924027706038892,9.0850026276778,8.71609111700045,8.876203365445933,3411145.83
2023-10-18,8.876203365445933,8.907863924789904,8.792876074927143,8.82435168433709,4451601.78
2023-10-19,8.82435168433709,9.096582362637514,8.733565767526573,9.00394873132619,4926620.09
2023-10-20,9.00394873132619,9.169194427518613,8.765258956114325,8.929131564205411,3591357.1
2023-10-21,8.929131564205411,9.078196833406672,8.875871475357048,9.024368678433515,5567161.61
2023-10-22,9.024368678433515,9.304873362628136,8.944853806741202,9.223603011632449,2769079.91
2023-10-23,9.223603011632449,9.399267031004385,8.960247937191811,9.134209451362342,3410467.15
2023-10-24,9.134209451362342,9.280074763264228,8.98275020876193,9.128524740823455,2743302.76
2023-10-25,9.128524740823455,9.54017486283987,8.973505502813062,9.380870329884004,3494239.59
2023-10-26,9.380870329884004,9.583711950507809,9.213602770310057,9.415821192311803,4040783.11
2023-10-27,9.415821192311803,9.520542690580946,9.367977878496735,9.472411830559405,5170449.9
2023-10-28,9.472411830559405,9.610585260760212,9.27587999864275,9.413189557555912,4040069.69
2023-10-29,9.413189557555912,9.673017263984176,9.258338605464406,9.51646734852184,3619156.89
2023-10-30,9.51646734852184,9.574295408741762,9.453918627896867,9.511717827027379,2851310.82
2023-10-31,9.511717827027379,9.538164943807697,9.217413219625634,9.243113488102795,3100427.06
2023-11-01,9.243113488102795,9.291273849666752,9.144932784210784,9.192831154469411,4538679.06
2023-11-02,9.192831154469411,9.333897462202565,8.886239125844027,9.02472581483139,5235426.0
2023-11-03,9.02472581483139,9.172840976125402,8.893892275726717,9.04176048151478,3782098.59
2023-11-04,9.04176048151478,9.204973938871868,8.752718539858842,8.913618904555548,5685039.96
2023-11-05,8.913618904555548,9.051107685590804,8.84493809477645,8.981900753623021,3312175.34
2023-11-06,8.981900753623021,9.10790633657604,8.863416969976777,8.989324621766773,3809314.95
2023-11-07,8.989324621766773,9.011638654136593,8.794077710891086,8.815961406995514,3890540.64
2023-11-08,8.815961406995514,8.98197933845951,8.584359519780849,8.74911870167015,6156066.22
2023-11-09,8.74911870167015,8.94174221233832,8.644296674912239,8.835880701606197,4342713.17
2023-11-10,8.835880701606197,9.136918313351165,8.699181354483317,8.997715234485673,2679087.7
2023-11-11,8.997715234485673,9.061677177161881,8.809136573534689,8.872206312550192,5328118.11
2023-11-12,8.872206312550192,8.90303881509267,8.6913889735627,8.721698434330177,6662977.25
2023-11-13,8.721698434330177,9.02229695722888,8.69439256653593,8.994138136018254,3945790.62
2023-11-14,8.994138136018254,9.144015438217753,8.843994664179306,8.993867455794117,3356215.31
2023-11-15,8.993867455794117,9.050557897700688,8.951281249429357,9.00790522213154,5212965.45
2023-11-16,9.00790522213154,9.15952658302659,8.755132383775907,8.905022011033074,6863041.32
2023-11-17,8.905022011033074,8.996810763331133,8.844692428576469,8.936269486044587,5192770.99
2023-11-18,8.936269486044587,9.289155585012939,8.831331795000933,9.181340055543957,2799197.97
2023-11-19,9.181340055543957,9.281124741342245,9.119691959942323,9.219222285557526,5072100.23
2023-11-20,9.219222285557526,9.403049913247877,9.19247263239502,9.375845815559048,4646602.8
2023-11-21,9.375845815559048,9.491603808267717,9.265576302309638,9.381270495250174,3308275.13
2023-11-22,9.381270495250174,9.462026042017621,9.153031713408064,9.232506676320373,5796701.14
2023-11-23,9.232506676320373,9.323280494456563,9.045293554865827,9.135109768583206,4686435.69
2023-11-24,9.135109768583206,9.252295507281914,8.862110231590766,8.977271207717513,5834707.72
2023-11-25,8.977271207717513,9.078018134473036,8.908631955031709,9.009135252717137,3221076.07
2023-11-26,9.009135252717137,9.29666799204573,8.899687793017879,9.185083031149196,4640299.73
2023-11-27,9.185083031149196,9.33692879913582,9.057962241092463,9.209470488682312,3357883.41
2023-11-28,9.209470488682312,9.242733335336805,9.133091854200915,9.166198410381739,4468269.82
2023-11-29,9.166198410381739,9.242293789921202,8.979193254282235,9.05436018212942,6076269.19
2023-11-30,9.05436018212942,9.1391163543133,9.021591987533922,9.106160691015301,2940207.31
2023-12-01,9.106160691015301,9.125509502936426,8.912950824861843,8.93192942940072,2982715.82
2023-12-02,8.93192942940072,8.958029802214664,8.749712399068097,8.775355239749118,5333209.39
2023-12-03,8.775355239749118,9.014063322101086,8.664260416507174,8.901373129238689,4185197.23
2023-12-04,8.901373129238689,8.932683663558477,8.832551629362554,8.86372975330058,5628822.83
2023-12-05,8.86372975330058,9.020024153962154,8.667927741094376,8.823512998567644,3432412.38
2023-12-06,8.823512998567644,8.961777389434014,8.663289635568407,8.801204451650781,4254095.53
2023-12-07,8.801204451650781,8.922412948177632,8.782205037453185,8.903193367562176,4988407.55
2023-12-08,8.903193367562176,9.037434197459676,8.793520149900175,8.927462028397624,4426612.3
2023-12-09,8.927462028397624,8.946964376534114,8.805707693145088,8.82498617926132,2685582.61
2023-12-10,8.82498617926132,8.859981720592017,8.694004627508486,8.728618020264372,8505679.27
2023-12-11,8.728618020264372,8.901344164290448,8.530770380310583,8.702989372167542,4428963.77
2023-12-12,8.702989372167542,8.834901996565401,8.613988969372908,8.745467197791557,3004106.7
2023-12-13,8.745467197791557,8.76724167628091,8.719904711821254,8.741669735382509,4543213.12
2023-12-14,8.741669735382509,8.892950111322449,8.574670060933695,8.725673613404009,4675662.14
2023-12-15,8.725673613404009,8.89476300593846,8.564142137723024,8.733094159571172,5384720.57
2023-12-16,8.733094159571172,8.83676386376717,8.62558061028605,8.729204136398511,5295570.68
2023-12-17,8.729204136398511,8.857584173610519,8.497119123724863,8.62395121059452,3981359.68
2023-12-18,8.62395121059452,8.91705037852346,8.485604228964737,8.776260031305629,2730718.07
2023-12-19,8.776260031305629,8.909870619826485,8.578498269679661,8.71111711648409,4713474.32
2023-12-20,8.71111711648409,8.82505510679586,8.61615376015256,8.729887131061465,2785647.97
2023-12-21,8.729887131061465,8.878193246395144,8.309409846467876,8.453012324005117,5691055.18
2023-12-22,8.453012324005117,8.550153609387367,8.32871245298457,8.425538005882935,3496963.55
2023-12-23,8.425538005882935,8.481745265420631,8.227076050523808,8.282327947338866,4922539.76
2023-12-24,8.282327947338866,8.299498936455102,8.140069410157945,8.156980527993182,3564566.05
2023-12-25,8.156980527993182,8.545897433495941,8.088016368370024,8.474250874090552,3713874.27
2023-12-26,8.474250874090552,8.538234535395846,8.444705041771412,8.508569051307527,3437835.54
2023-12-27,8.508569051307527,8.702262126483674,8.48186086121392,8.675031415102545,5023389.51
2023-12-28,8.675031415102545,8.885268484422477,8.584411723189934,8.793412182729748,3595732.7
2023-12-29,8.793412182729748,9.10090492311169,8.626459232319043,8.931333381579176,5089693.17
2023-12-30,8.931333381579176,8.966158969945676,8.86983450686541,8.904555682027052,3619322.8
2023-12-31,8.904555682027052,9.196424803555708,8.842869372540324,9.133154873172334,3963906.24
2024-01-01,9.133154873172334,9.413353498098996,8.978426380356925,9.256534776146342,4237509.69
2024-01-02,9.256534776146342,9.349217909808488,9.171069804874547,9.263686903420227,4364658.4
2024-01-03,9.263686903420227,9.448886574128766,9.118631766241474,9.303212526282357,3333535.46
2024-01-04,9.303212526282357,9.412637079042156,9.175200557776842,9.28440388293592,5007999.02
2024-01-05,9.28440388293592,9.41277881716456,9.16490651510153,9.293168640210997,3924542.26
2024-01-06,9.293168640210997,9.33871056167273,9.242436905987129,9.287953269102662,4811744.54
2024-01-07,9.287953269102662,9.422864230098158,9.210481710578097,9.344917528148489,4182994.84
2024-01-08,9.344917528148489,9.73165103861572,9.221643133481983,9.60494644700301,4863206.53
2024-01-09,9.60494644700301,9.62878426759848,9.402649008084731,9.426042820733837,3789556.86
2024-01-10,9.426042820733837,9.649567900457669,9.375237606832197,9.597836738424741,3447622.98
2024-01-11,9.597836738424741,9.683803630688887,9.458194245549478,9.543676025564448,4672989.81
2024-01-12,9.543676025564448,9.874767992831766,9.408702653843042,9.737059653966543,3712297.91
2024-01-13,9.737059653966543,9.84584790863084,9.579170459263448,9.687403930483482,6048323.57
2024-01-14,9.687403930483482,9.897258872807377,9.542701449844277,9.751597521054363,4271643.73
2024-01-15,9.751597521054363,9.898685906252707,9.581763832164793,9.728503884101805,2979265.24
2024-01-16,9.728503884101805,9.753398982445596,9.444628283072316,9.468858953858707,3628132.44
2024-01-17,9.468858953858707,9.909610010474827,9.29623385810443,9.732184277242977,3271532.04
2024-01-18,9.732184277242977,9.896034093202962,9.42889251180429,9.590354499678664,5492119.36
2024-01-19,9.590354499678664,9.6702484899722,9.524380247709368,9.60417913515925,5096070.1
2024-01-20,9.60417913515925,9.707149847752227,9.346635120590214,9.44793062279474,4136391.14
2024-01-21,9.44793062279474,9.519231312584406,9.182955883478186,9.252783859358454,4515892.99
2024-01-22,9.252783859358454,9.422290777930646,9.055209244998741,9.224192380287063,4108938.26
2024-01-23,9.224192380287063,9.306202293493838,9.05849224021076,9.13975141055427,5207943.41
2024-01-24,9.13975141055427,9.223187802598012,8.892711617362261,8.974640721122633,4782877.9
2024-01-25,8.974640721122633,9.139903494866632,8.80556342594401,8.970754639766689,5003203.72
2024-01-26,8.970754639766689,9.085692344812061,8.653188352022472,8.765496185149345,4003316.05
2024-01-27,8.765496185149345,8.823232807217398,8.726212272065304,8.783866564466084,3586563.76
2024-01-28,8.783866564466084,8.90041356878213,8.651074137318895,8.767402694010888,4959725.0
2024-01-29,8.767402694010888,8.91031187861179,8.296057563693187,8.433524514133348,6189904.22
2024-01-30,8.433524514133348,8.501677014901095,8.29796120442162,8.365564510819892,5537743.65
2024-01-31,8.365564510819892,8.52517073275708,8.269476801382897,8.42836172820961,6236999.4
2024-02-01,8.42836172820961,8.540316904227696,8.179679620529337,8.28979418334452,4373626.32
2024-02-02,8.28979418334452,8.451216042706148,8.197052103697287,8.357714108833346,3295595.08
2024-02-03,8.357714108833346,8.583911215414082,8.190691534448764,8.415729252408752,3369578.75
2024-02-04,8.415729252408752,8.509331275897964,8.191198254103629,8.28332767129411,5929719.95
2024-02-05,8.28332767129411,8.395821174208631,8.170265678919296,8.282751355047782,2636885.92
2024-02-06,8.282751355047782,8.528440589312204,8.147869980679078,8.391783666292943,6118235.28
2024-02-07,8.391783666292943,8.4291984112825,8.24119784550853,8.278105757847896,3449315.68
2024-02-08,8.278105757847896,8.301204866271432,8.229385824403495,8.252413240793313,6793267.29
2024-02-09,8.252413240793313,8.567848950720583,8.091377155227537,8.403857607429286,4126518.52
2024-02-10,8.403857607429286,8.531433751916618,8.166577433646536,8.292462526765583,5031545.69
2024-02-11,8.292462526765583,8.429339366912357,8.217174632911298,8.353497333436552,7624342.77
2024-02-12,8.353497333436552,8.372861060389884,8.195101672298613,8.214142369104065,3867265.14
2024-02-13,8.214142369104065,8.255173608851452,8.153484516538317,8.194417225353817,3851070.92
2024-02-14,8.194417225353817,8.271073480277957,8.176590596258242,8.253119147483117,3530271.31
2024-02-15,8.253119147483117,8.328521548773475,7.8756732065952555,7.948290624144216,3269505.36
2024-02-16,7.948290624144216,8.04356993163072,7.788357797686342,7.882852674555626,3867577.9
2024-02-17,7.882852674555626,7.975970998778983,7.844301602314198,7.937154364253343,3656017.02
2024-02-18,7.937154364253343,8.074018863156692,7.829864423236113,7.9663344818958866,3072588.25
2024-02-19,7.9663344818958866,8.119099640752513,7.750694144770937,7.902230014400169,3984708.85
2024-02-20,7.902230014400169,8.058916287061177,7.613294726894314,7.767305705748965,4699852.7
2024-02-21,7.767305705748965,7.978651446887407,7.635284843547432,7.845304833835952,3357202.96
2024-02-22,7.845304833835952,7.923678725788429,7.728661753485516,7.806649481938015,4032844.97
2024-02-23,7.806649481938015,7.968101486074771,7.714114386494804,7.87475906265218,5969783.39
2024-02-24,7.87475906265218,8.010516408445877,7.78766796340893,7.922892971012139,2945273.67
2024-02-25,7.922892971012139,7.960938711440719,7.830610295435487,7.86839433334835,6807339.3
2024-02-26,7.86839433334835,8.142111948207827,7.731645927492341,8.00302375634265,3548690.39
2024-02-27,8.00302375634265,8.116380480461203,7.81734862743763,7.929666299156811,4416336.7
2024-02-28,7.929666299156811,8.189233966463538,7.822751868537441,8.080288717710012,5782726.69
2024-02-29,8.080288717710012,8.299929416111443,8.032082030108548,8.2507060254929,6241181.95
2024-03-01,8.2507060254929,8.428824389404975,8.21145851115621,8.388919412317321,4723451.12
2024-03-02,8.388919412317321,8.537524728833874,8.21799653210711,8.366199375055542,3530565.82
2024-03-03,8.366199375055542,8.754211349604198,8.32244874473832,8.708669787022892,3453477.54
2024-03-04,8.708669787022892,8.759581461769342,8.679696631160912,8.730535559958465,3637735.67
2024-03-05,8.730535559958465,8.880953986828397,8.614760856649308,8.76472588920032,6735544.56
2024-03-06,8.76472588920032,8.893376101458763,8.634148877677838,8.76277038672158,3816364.05
2024-03-07,8.76277038672158,8.799163954358985,8.573989477289327,8.609747509796211,4553933.56
2024-03-08,8.609747509796211,8.838008799461678,8.560469884279804,8.787712596237311,3235376.22
2024-03-09,8.787712596237311,8.930053753101515,8.569068916857677,8.710153795792971,3145580.81
2024-03-10,8.710153795792971,9.003490797867386,8.546990547193735,8.837933904096552,4227803.46
2024-03-11,8.837933904096552,9.096646278145027,8.744456872117937,9.001439876701138,3872492.82
2024-03-12,9.001439876701138,9.235982510058179,8.85511166433451,9.088243214856611,3943852.79
2024-03-13,9.088243214856611,9.158669848460827,8.921461068535825,8.991135192446734,2901758.9
2024-03-14,8.991135192446734,9.122929148626646,8.8131052039495,8.944211340408435,4123542.84
2024-03-15,8.944211340408435,9.051809919030022,8.473888952998406,8.577070843086736,6186701.49
2024-03-16,8.577070843086736,8.724406020118588,8.415370406866716,8.562454507460416,3393375.08
2024-03-17,8.562454507460416,8.810595312307777,8.425744477406226,8.672134113563164,5256383.94
2024-03-18,8.672134113563164,8.733831542310078,8.579441755746197,8.640917092687806,1766488.5
2024-03-19,8.640917092687806,8.681444669992416,8.522118141963004,8.562276881422381,3436653.67
2024-03-20,8.562276881422381,8.703878291600109,8.382430423015418,8.52338870749853,2605141.16
2024-03-21,8.52338870749853,8.711193005221958,8.501310861155945,8.688686992306438,5720953.32
2024-03-22,8.688686992306438,8.812263568830385,8.558856731333126,8.682343080308636,5231923.31
2024-03-23,8.682343080308636,9.034947152079635,8.59060148074874,8.940477981344056,3243007.72
2024-03-24,8.940477981344056,8.970476749418152,8.832068490950212,8.86180327489763,4514993.8
2024-03-25,8.86180327489763,9.021189340180234,8.734245574662625,8.893180000161383,5671830.37
2024-03-26,8.893180000161383,8.988263511245362,8.739500959823904,8.833951212490888,5896638.53
2024-03-27,8.833951212490888,9.28714817109012,8.679517632660719,9.127581400016862,3794819.55
2024-03-28,9.127581400016862,9.207190711888368,9.07504874873602,9.154503116043578,2417830.09
2024-03-29,9.154503116043578,9.486076386629728,9.135815183935994,9.466751034028855,3354992.5
2024-03-30,9.466751034028855,9.507919688019495,9.364759601685979,9.405662596557026,5086656.17
2024-03-31,9.405662596557026,9.701222899178648,9.341205773339263,9.63519310782219,7097964.61
2024-04-01,9.63519310782219,9.78690688812202,9.502801713629452,9.654253595234133,4143344.35
2024-04-02,9.654253595234133,9.866558238546355,9.571926193749094,9.783131817952308,3608813.61
2024-04-03,9.783131817952308,9.823520934106982,9.559096173873547,9.598723972483999,7651677.44
2024-04-04,9.598723972483999,9.842422835667533,9.409933175368776,9.65257292009322,4648374.97
2024-04-05,9.65257292009322,9.690682185456875,9.455568116062365,9.493047560308002,3089911.73
2024-04-06,9.493047560308002,9.612624076015699,9.413380327678517,9.532624705407821,4076984.49
2024-04-07,9.532624705407821,9.702104063880013,9.143668867289886,9.309175550812386,5392809.2
2024-04-08,9.309175550812386,9.437149501351547,9.16877801066622,9.296578792603807,4126753.33
2024-04-09,9.296578792603807,9.532435737998215,9.224471158285885,9.459067780204318,5122664.28
2024-04-10,9.459067780204318,9.727670027157586,9.27493527738276,9.541924613171354,2811822.03
2024-04-11,9.541924613171354,9.647074465719221,9.25682561267506,9.359970370595486,2934511.47
2024-04-12,9.359970370595486,9.38005666226753,9.066690408109514,9.08618917131669,3495129.8
2024-04-13,9.08618917131669,9.177831626568484,9.067008770686503,9.158498585100695,3913907.27
2024-04-14,9.158498585100695,9.567727672789093,8.985053400885933,9.389900166564706,4565699.49
2024-04-15,9.389900166564706,9.456204611778745,9.184663447886143,9.249979880793587,4924755.29
2024-04-16,9.249979880793587,9.719753160681933,9.096271398272842,9.560878424399405,7780440.67
2024-04-17,9.560878424399405,9.587701137954221,9.534260170229361,9.561082316133199,3491897.65
2024-04-18,9.561082316133199,9.60548883912422,9.229566514116495,9.272633333509631,3882919.33
2024-04-19,9.272633333509631,9.434181440540018,8.89158259199173,9.049238710942959,3516340.14
2024-04-20,9.049238710942959,9.34267455903584,8.869216380242891,9.160440028936295,5501009.45
2024-04-21,9.160440028936295,9.207168715705912,9.133557684677646,9.180228300532802,5576560.14
2024-04-22,9.180228300532802,9.444713610495935,9.134166821563268,9.39756166884441,3755309.28
2024-04-23,9.39756166884441,9.53864175553123,9.085079844728867,9.223547559559265,7039386.23
2024-04-24,9.223547559559265,9.348433477600475,9.1171903418364,9.24186504003551,3517884.36
2024-04-25,9.24186504003551,9.330023243658715,9.155847408592946,9.243985872800959,5433394.06
2024-04-26,9.243985872800959,9.294831637670425,9.173649012240709,9.22438697502548,6041879.66
2024-04-27,9.22438697502548,9.399814857915807,8.995865186364586,9.170263762857473,2988254.92
2024-04-28,9.170263762857473,9.217039755538176,9.072792353219565,9.119308431214977,4852493.02
2024-04-29,9.119308431214977,9.207435106974694,9.057529747519716,9.145479130084478,2125108.83
2024-04-30,9.145479130084478,9.26219552958253,9.073802660740366,9.19016881084335,5161037.44
2024-05-01,9.19016881084335,9.269302188685323,9.148863619771802,9.227827739651058,3188922.45
2024-05-02,9.227827739651058,9.514995930180152,9.120303291289513,9.405402347854602,4840180.09
2024-05-03,9.405402347854602,9.481998546585526,9.155611762964238,9.230785911391052,5072489.35
2024-05-04,9.230785911391052,9.350243865809768,8.856869763913348,8.97299153557457,5557337.6
2024-05-05,8.97299153557457,9.19717177429503,8.895631377375786,9.118556634517603,5246904.92
2024-05-06,9.118556634517603,9.155902809561239,8.948759099510943,8.985560572755624,4259101.72
2024-05-07,8.985560572755624,9.144665672482192,8.775098561501713,8.93327790495441,3818911.36
2024-05-08,8.93327790495441,9.033096005638603,8.750041310178661,8.848916781833383,4122613.03
2024-05-09,8.848916781833383,8.91787912303409,8.694117444605466,8.762405577272666,3177466.39
2024-05-10,8.762405577272666,8.782511491166037,8.545440395434285,8.565093563981144,3983506.8
2024-05-11,8.565093563981144,8.674394748389307,8.381541537962423,8.48988294183589,3905596.85
2024-05-12,8.48988294183589,8.715925303876858,8.353322513018163,8.57794833632499,3448812.27
2024-05-13,8.57794833632499,8.696010938189724,8.460420986895771,8.578476354331674,2717700.78
2024-05-14,8.578476354331674,8.787684042325633,8.439685634332465,8.647772188649457,3052162.93
2024-05-15,8.647772188649457,8.68919281296505,8.540622836156492,8.581727121436174,1910866.18
2024-05-16,8.581727121436174,8.87500373487232,8.414463650693092,8.705331140998515,3888854.83
2024-05-17,8.705331140998515,8.755856875847128,8.587050645820282,8.637180836356285,4596104.92
2024-05-18,8.637180836356285,8.695931223638395,8.300071864149745,8.356915880008236,2147797.64
2024-05-19,8.356915880008236,8.493863998155993,8.26313513719103,8.399604209799152,4456052.21
2024-05-20,8.399604209799152,8.520280237578914,8.382019474715229,8.502480129751978,4073350.93
2024-05-21,8.502480129751978,8.587199460627481,8.345192043539164,8.429181016717228,3129569.91
2024-05-22,8.429181016717228,8.637917815457373,8.382626186746112,8.59047216560737,3770785.08
2024-05-23,8.59047216560737,8.723472657299432,8.346275411595345,8.47752725332048,5461839.11
2024-05-24,8.47752725332048,8.70234782835973,8.344942449431304,8.568342710594472,3292138.19
2024-05-25,8.568342710594472,8.922656569779479,8.456241136154071,8.807427001243719,4283615.06
2024-05-26,8.807427001243719,8.898120233689735,8.722960842056716,8.813594922086969,4580158.03
2024-05-27,8.813594922086969,8.880439097143881,8.716773656368218,8.783388741337411,3419631.16
2024-05-28,8.783388741337411,8.931778082308012,8.62174583594841,8.769907419208979,5404069.48
2024-05-29,8.769907419208979,9.098271297590017,8.672318650689792,8.998142797640503,4646177.14
2024-05-30,8.998142797640503,9.155394799414255,8.899735489429148,9.056350903944146,3943650.4
2024-05-31,9.056350903944146,9.405484831223825,9.019747017312408,9.367622848138254,7582891.89
2024-06-01,9.367622848138254,9.465759605681775,9.312064461924637,9.409950180510096,5409892.03
2024-06-02,9.409950180510096,9.489829433867175,9.235913447014912,9.314986572608317,2755349.52
2024-06-03,9.314986572608317,9.450793032995225,9.096580114133411,9.231164503133643,3810632.46
2024-06-04,9.231164503133643,9.400325115876731,9.07225113387708,9.24123832697337,7781469.31
2024-06-05,9.24123832697337,9.424875455611584,8.772951471400113,8.950817507077023,3285566.73
2024-06-06,8.950817507077023,9.037584743353012,8.799267309195693,8.885400406633957,4270231.21
2024-06-07,8.885400406633957,8.975655445088492,8.73390901499073,8.823535651164176,5713506.14
2024-06-08,8.823535651164176,8.997772389683954,8.684220054942124,8.857913990772703,4943951.56
2024-06-09,8.857913990772703,9.204369969595945,8.78898094607476,9.133293894918127,5125365.61
2024-06-10,9.133293894918127,9.24951881725084,9.026166535580671,9.142285986758633,5050475.35
2024-06-11,9.142285986758633,9.27198130648194,8.745636388655184,8.871490113684454,4226747.17
2024-06-12,8.871490113684454,8.926959059423607,8.691478886396231,8.74616423271725,3445282.58
2024-06-13,8.74616423271725,8.84511347067792,8.68465579117927,8.783343561085543,4682235.06
2024-06-14,8.783343561085543,8.87126109396448,8.709463068649248,8.79726351479153,3797680.06
2024-06-15,8.79726351479153,9.13756976642624,8.688192164761395,9.025666600247837,3723807.72
2024-06-16,9.025666600247837,9.226829387871868,8.96368303196473,9.163896528574513,6084244.11
2024-06-17,9.163896528574513,9.353313548935231,9.111231431166615,9.299867026345655,3818415.43
2024-06-18,9.299867026345655,9.343494077866948,9.225871195361195,9.269355110975264,6434133.17
2024-06-19,9.269355110975264,9.588151504719512,9.11578434566876,9.431887963672166,4478446.0
2024-06-20,9.431887963672166,9.601166649821094,9.134337355838708,9.301271810279056,4036175.53
2024-06-21,9.301271810279056,9.617641989623179,9.131198101519228,9.444941285228916,2666306.27
2024-06-22,9.444941285228916,9.603516239783401,9.246414751609265,9.404307488856244,7135258.34
2024-06-23,9.404307488856244,9.446356085087737,9.152915405350972,9.19402377979721,4193736.64
2024-06-24,9.19402377979721,9.316107446312165,9.159458526125826,9.281214396470654,2380688.13
2024-06-25,9.281214396470654,9.592542579849084,9.179260646822984,9.488313851402484,5376383.48
2024-06-26,9.488313851402484,9.596344805566853,9.321732066375477,9.42908870163129,4147627.87
2024-06-27,9.42908870163129,9.811340792359772,9.285853136310292,9.664528700984805,3327606.12
2024-06-28,9.664528700984805,9.722630432317711,9.361006956097805,9.417624334534855,5300919.94
2024-06-29,9.417624334534855,9.594271599975379,9.070052068299631,9.243431991579252,2220875.36
2024-06-30,9.243431991579252,9.31348552490929,9.153395776811863,9.223296710154179,3513317.43
2024-07-01,9.223296710154179,9.33767076470353,9.057161147135432,9.170885270423199,3897104.83
2024-07-02,9.170885270423199,9.331887910134514,8.91708879843534,9.076433253178237,5197259.73
2024-07-03,9.076433253178237,9.200529343408508,8.972761633944517,9.096627069077746,7353286.91
2024-07-04,9.096627069077746,9.238207282129869,8.882119836404888,9.022547065766233,3950698.2
2024-07-05,9.022547065766233,9.16223839453777,8.834014081461245,8.97293732889015,4711802.7
2024-07-06,8.97293732889015,9.159564549656231,8.827392853830714,9.013364333127278,8349332.53
2024-07-07,9.013364333127278,9.162975984876672,8.772408276427226,8.920478122149987,4204976.59
2024-07-08,8.920478122149987,9.001336306829879,8.82600428762262,8.906737926593793,4721536.56
2024-07-09,8.906737926593793,8.982837205590661,8.742654912724138,8.817995979426914,3082517.55
2024-07-10,8.817995979426914,8.963166345686968,8.511229551417163,8.653695036878648,6854300.84
2024-07-11,8.653695036878648,8.868094952617831,8.546088181717815,8.759176458439939,3514300.28
2024-07-12,8.759176458439939,9.11478698378083,8.645842883516663,8.998358668720988,4491682.48
2024-07-13,8.998358668720988,9.237327589695887,8.91364352642293,9.151173768038563,4459976.39
2024-07-14,9.151173768038563,9.251887301018995,9.099661226539794,9.200099354271124,4290567.92
2024-07-15,9.200099354271124,9.294168072412583,9.015870821584883,9.109008154963758,3767855.87
2024-07-16,9.109008154963758,9.286211487427888,8.892750250552217,9.069178756378887,4461192.41
2024-07-17,9.069178756378887,9.28883054332751,9.00355777186635,9.22210305914472,6517047.23
2024-07-18,9.22210305914472,9.285700049891012,8.837294851094239,8.898661339762796,7428455.91
2024-07-19,8.898661339762796,8.937407136027348,8.8106070934449,8.849137256146074,4020067.96
2024-07-20,8.849137256146074,9.048289093044348,8.754794409819342,8.95284063923844,3753612.48
2024-07-21,8.95284063923844,9.01724332028922,8.732053089420317,8.795322657445864,3431142.92
2024-07-22,8.795322657445864,8.982315328377117,8.66894946357634,8.855083477470336,8220396.36
2024-07-23,8.855083477470336,8.948242919012994,8.815835600405764,8.90875714722979,4337478.77
2024-07-24,8.90875714722979,8.966233104784889,8.652502036096896,8.708687217554269,5550262.19
2024-07-25,8.708687217554269,8.748818136578846,8.681574297127247,8.721664812759515,4999058.95
2024-07-26,8.721664812759515,8.745618658323675,8.614851244264235,8.638576890821314,7294969.13
2024-07-27,8.638576890821314,8.841110059111223,8.494704999266977,8.696277193111824,3947803.92
2024-07-28,8.696277193111824,8.950201869442985,8.537084830907702,8.789306530251732,3184570.56
2024-07-29,8.789306530251732,8.984948456562153,8.650874960867549,8.845629795799848,6685543.2
2024-07-30,8.845629795799848,9.01245073957587,8.690186052339843,8.856810517929182,5264104.98
2024-07-31,8.856810517929182,8.929840005234377,8.825291514827597,8.898173801348072,4707492.09
2024-08-01,8.898173801348072,9.059821737706688,8.577722899681131,8.736432577511538,6164966.37
2024-08-02,8.736432577511538,8.827192903642267,8.642563835997759,8.733291530681713,4775110.65
2024-08-03,8.733291530681713,8.871588344343508,8.48921352254948,8.625808275579214,6218692.64
2024-08-04,8.625808275579214,8.882461379082427,8.512951381372808,8.767747405646574,4467069.05
2024-08-05,8.767747405646574,8.936958556217261,8.694995647735084,8.863412998062913,5262318.62
2024-08-06,8.863412998062913,9.020348196214316,8.803439754674137,8.959723280606601,4790727.87
2024-08-07,8.959723280606601,9.24318901293034,8.922752389871036,9.205205179698156,3871970.66
2024-08-08,9.205205179698156,9.291989275079258,9.072414237834572,9.15876046546243,3989783.28
2024-08-09,9.15876046546243,9.258534617995924,8.98233263976235,9.081262541624234,3807104.67
2024-08-10,9.081262541624234,9.260127739737813,8.854195096880588,9.032091825034861,4488220.5
2024-08-11,9.032091825034861,9.056218606800137,8.785239753169535,8.808769991271282,3747668.54
2024-08-12,8.808769991271282,8.919960319403351,8.493011759287405,8.60158688028881,4683564.27
2024-08-13,8.60158688028881,8.786424437609655,8.503099512222898,8.686959560314632,4643925.01
2024-08-14,8.686959560314632,8.707913648462881,8.47926482469414,8.499767380703323,4421031.58
2024-08-15,8.499767380703323,8.567216111428392,8.292205861432986,8.358533852995077,4440265.59
2024-08-16,8.358533852995077,8.438881877986791,8.265992846290763,8.346222526270692,3645687.34
2024-08-17,8.346222526270692,8.437170108873914,8.203021624144,8.293393536872374,3914119.63
2024-08-18,8.293393536872374,8.462737730360095,8.241956172294087,8.410573590534172,2766083.22
2024-08-19,8.410573590534172,8.441607591861082,8.388589999992892,8.419600406991215,4076004.37
2024-08-20,8.419600406991215,8.480972356472464,8.255103846079514,8.31571858265672,3282586.63
2024-08-21,8.31571858265672,8.58862637151141,8.173898050622306,8.44460769835662,4306164.64
2024-08-22,8.44460769835662,8.684167245195464,8.304921711817423,8.54285608862927,3512971.44
2024-08-23,8.54285608862927,8.587736102187096,8.312787895537335,8.356689882335047,2515360.98
2024-08-24,8.356689882335047,8.505289511743777,8.242759761574925,8.390893084939282,7375732.88
2024-08-25,8.390893084939282,8.547178945767554,8.1436648445829,8.298224696181649,3963895.21
2024-08-26,8.298224696181649,8.340528534819784,8.161364082475545,8.20318340646975,6030614.97
2024-08-27,8.20318340646975,8.485076664863637,8.167777038518441,8.448610988732515,3681561.93
2024-08-28,8.448610988732515,8.486464603556485,8.428345873286808,8.466157400711456,6421255.32
2024-08-29,8.466157400711456,8.509363642273378,8.395262872375827,8.438327084524996,3149236.55
2024-08-30,8.438327084524996,8.59134554855923,8.297819264862223,8.450632824223174,4388960.54
2024-08-31,8.450632824223174,8.711180004527629,8.309914447072423,8.568498942541806,3196358.43
2024-09-01,8.568498942541806,8.668991475336206,8.376258213491655,8.475661941179526,8046766.41
2024-09-02,8.475661941179526,8.543502500419295,8.339054911607283,8.406340611794704,3946263.4
2024-09-03,8.406340611794704,8.634865311826463,8.267450652552087,8.49451847375636,5166511.3
2024-09-04,8.49451847375636,8.541325601291428,8.249952253172934,8.295663635989678,4700782.02
2024-09-05,8.295663635989678,8.464840914432642,8.258189038837621,8.426774042823213,4173293.86
2024-09-06,8.426774042823213,8.457159169187806,8.188406611406048,8.218039084614206,4780353.47
2024-09-07,8.218039084614206,8.360407301024248,8.045557101176726,8.187394433729432,5899559.93
2024-09-08,8.187394433729432,8.309117848467174,7.866664720183071,7.9853848229597535,4963623.45
2024-09-09,7.9853848229597535,8.091131705573037,7.75097949774512,7.854999749093113,4374088.89
2024-09-10,7.854999749093113,8.13871293125217,7.73643312839841,8.017690587634489,4782269.67
2024-09-11,8.017690587634489,8.188630655776308,7.980948586779291,8.151276482002801,6779098.96
2024-09-12,8.151276482002801,8.375102494312616,8.078516528729626,8.30100602466051,3784379.48
2024-09-13,8.30100602466051,8.439251594344254,7.980113517060555,8.115265754516496,2642202.37
2024-09-14,8.115265754516496,8.26541260941778,7.835703965310424,7.98341127780085,3192994.79
2024-09-15,7.98341127780085,8.117312112568904,7.893711892777221,8.027121610425143,3252921.93
2024-09-16,8.027121610425143,8.15287029122327,7.993430929914549,8.118794848412774,3369500.85
2024-09-17,8.118794848412774,8.278031304704147,7.861223610297295,8.018492811445046,3398580.28
2024-09-18,8.018492811445046,8.09154540041817,7.874509175442337,7.94690960462582,4175293.4
2024-09-19,7.94690960462582,8.008433815512566,7.747491790384067,7.807940112812718,4467991.63
2024-09-20,7.807940112812718,8.048249647508024,7.775460358675379,8.014908936905407,4456004.25
2024-09-21,8.014908936905407,8.032760809498463,7.938614770527282,7.956336182080195,3499132.38
2024-09-22,7.956336182080195,8.063658259390506,7.853969005167897,7.961228141935165,5384688.93
2024-09-23,7.961228141935165,8.076508726247075,7.85754303056146,7.972674539754362,4800396.32
2024-09-24,7.972674539754362,8.163733855234454,7.923113680430525,8.113298827461147,6236453.58
2024-09-25,8.113298827461147,8.153181870372903,7.9545463751541385,7.993842197751429,5190213.25
2024-09-26,7.993842197751429,8.236521992114064,7.901879770812102,8.142845408633304,3848569.75
2024-09-27,8.142845408633304,8.2229492122414,7.90343555621075,7.981956645021206,5820909.97
2024-09-28,7.981956645021206,8.19111377374125,7.922365171131739,8.13041395134938,4497317.23
2024-09-29,8.13041395134938,8.178612602353565,7.868397562905579,7.9153211023070185,5127299.87
2024-09-30,7.9153211023070185,8.05358201678933,7.765259526780945,7.903310648597648,5028853.16
2024-10-01,7.903310648597648,8.2684412450501,7.747545063559894,8.108629059317177,4071471.85
2024-10-02,8.108629059317177,8.267782189479,8.040512754571647,8.198907503266636,4309845.77
2024-10-03,8.198907503266636,8.374573360635624,8.079479312932872,8.25433775364425,4064297.32
2024-10-04,8.25433775364425,8.399447772029857,7.9778022041965455,8.120560437449045,3393452.89
2024-10-05,8.120560437449045,8.140738909942783,8.0084411400839,8.02839058320424,2456925.65
2024-10-06,8.02839058320424,8.35113087151182,7.8811084103985785,8.200687875950807,3531183.69
2024-10-07,8.200687875950807,8.353521010407174,8.11060592850474,8.262757250626322,4414417.72
2024-10-08,8.262757250626322,8.480850691933602,8.163426624338005,8.380109319313837,5509537.85
2024-10-09,8.380109319313837,8.489181682662233,8.281913546805125,8.390859937423334,5124751.43
2024-10-10,8.390859937423334,8.444332282286126,8.301608296682248,8.354851168844279,3916432.85
2024-10-11,8.354851168844279,8.593075752954828,8.220502271790156,8.457082933755103,3543235.76
2024-10-12,8.457082933755103,8.621578068721124,8.328686733549691,8.492642007433716,4015315.71
2024-10-13,8.492642007433716,8.524270833739331,8.439502670433521,8.471051086486614,3291465.51
2024-10-14,8.471051086486614,8.573807039875229,8.185544314027716,8.2860562339128,2475066.14
2024-10-15,8.2860562339128,8.573879800881123,8.126744608801161,8.412143953800092,2854219.34
2024-10-16,8.412143953800092,8.621297656789466,8.263410233123029,8.471514220287196,5922566.38
2024-10-17,8.471514220287196,8.583899688811345,8.280948634711404,8.39228299978386,6681922.54
2024-10-18,8.39228299978386,8.597868663371544,8.345483599906002,8.550188705454488,5071160.92
2024-10-19,8.550188705454488,8.654862753376868,8.479649508920296,8.58404424806294,4139381.45
2024-10-20,8.58404424806294,8.661257586500339,8.543643913783292,8.620684805443439,2964888.52
2024-10-21,8.620684805443439,8.889071975268727,8.4759025500847,8.74224809472724,4034173.79
2024-10-22,8.74224809472724,8.977131017382193,8.602231593897772,8.835619079855551,4894168.22
2024-10-23,8.835619079855551,9.040779623673844,8.673163415559438,8.87755294449191,5168357.0
2024-10-24,8.87755294449191,8.905438402305023,8.824587645492755,8.852394076285428,4989258.37
2024-10-25,8.852394076285428,9.31047281258772,8.680968857748057,9.133602045960137,5682984.54
2024-10-26,9.133602045960137,9.310754578628293,8.85493126857788,9.030075838812214,6826571.64
2024-10-27,9.030075838812214,9.26680061210308,8.902396198655037,9.137600638345448,3795548.52
2024-10-28,9.137600638345448,9.300902980260009,8.963593599330851,9.126701151408014,8469000.84
2024-10-29,9.126701151408014,9.284172924822926,9.036420903149255,9.193234536191635,2534762.99
2024-10-30,9.193234536191635,9.44581185746668,9.122986480730935,9.374181138817452,3457364.74
2024-10-31,9.374181138817452,9.418976902731846,9.284996297760653,9.329578924095225,4415338.88
2024-11-01,9.329578924095225,9.443519829586442,9.30561654942192,9.419326943366853,4817913.77
2024-11-02,9.419326943366853,9.485924389114263,9.393367727150856,9.45985348368428,4013547.89
2024-11-03,9.45985348368428,9.596531345757965,9.23089872675883,9.366223808490385,3710412.44
2024-11-04,9.366223808490385,9.631268262791739,9.290747555255535,9.55427661535294,7284369.43
2024-11-05,9.55427661535294,9.691492467083975,9.525870698648069,9.662764005419415,3666376.63
2024-11-06,9.662764005419415,9.701604853321347,9.559655271591906,9.598236743027362,3255158.72
2024-11-07,9.598236743027362,9.903720300759206,9.464100350147783,9.767222316281929,6409562.0
2024-11-08,9.767222316281929,9.951786131156018,9.459530941522114,9.64172329630866,5193317.47
2024-11-09,9.64172329630866,9.731811774043912,9.548473188323843,9.638531846403952,5522130.97
2024-11-10,9.638531846403952,9.792727500234829,9.421788409395175,9.574967165877945,4410783.49
2024-11-11,9.574967165877945,9.878980803232158,9.3880209819737,9.689792711118152,2977511.4
2024-11-12,9.689792711118152,9.832711217447274,9.476402374517972,9.618265904264753,4289797.18
2024-11-13,9.618265904264753,9.880864841625796,9.473856146182714,9.73470682606006,2876754.15
2024-11-14,9.73470682606006,9.955814774430216,9.6073163664326,9.827213749380391,4462286.45
2024-11-15,9.827213749380391,10.019809226455816,9.579194801228962,9.770682366236533,4945288.27
2024-11-16,9.770682366236533,10.131105277697134,9.698413429906994,10.056720656687084,5495554.25
2024-11-17,10.056720656687084,10.218571428317492,9.78095871896518,9.94094624122057,4104104.21
2024-11-18,9.94094624122057,10.035100970345505,9.6325077740477,9.724613528408927,5063748.08
2024-11-19,9.724613528408927,9.90473178858035,9.677959174179126,9.857440191321343,3350545.41
2024-11-20,9.857440191321343,10.00834481303854,9.385549040950957,9.531463380570552,5348105.52
2024-11-21,9.531463380570552,9.923787562521854,9.37010300220821,9.758582235807825,4971536.81
2024-11-22,9.758582235807825,9.946899340033244,9.58737001687044,9.775392194007672,3438447.72
2024-11-23,9.775392194007672,9.957154007575703,9.382207909547379,9.55996409331579,4795486.61
2024-11-24,9.55996409331579,9.70726792701423,9.274655237065334,9.419799355196565,5515238.12
2024-11-25,9.419799355196565,9.528100050566033,9.076727371475629,9.182297475915524,4283395.37
2024-11-26,9.182297475915524,9.413390810517207,9.008784029363024,9.238809483808692,3419370.15
2024-11-27,9.238809483808692,9.292137575189928,8.997180559333616,9.049415433755895,4390852.84
2024-11-28,9.049415433755895,9.15310759924555,9.018723655894751,9.122169071910125,4822040.66
2024-11-29,9.122169071910125,9.211285940400911,8.991026617153565,9.079728876212217,3412959.02
2024-11-30,9.079728876212217,9.193043298553507,8.900831047535325,9.013316649633884,3264718.5
2024-12-01,9.013316649633884,9.216210000971307,8.884968742723053,9.086815484692707,4785019.55
2024-12-02,9.086815484692707,9.33040737331182,8.935269252268101,9.177351222480201,5159883.56
2024-12-03,9.177351222480201,9.3683096269514,9.154576527725812,9.345118597389648,7188797.15
2024-12-04,9.345118597389648,9.498722761776687,9.101615812576146,9.25371763449603,4960547.81
2024-12-05,9.25371763449603,9.37218665396216,9.132099306879205,9.250527485043218,3104380.26
2024-12-06,9.250527485043218,9.42770338011805,8.984390168437042,9.15982890835695,6993844.53
2024-12-07,9.15982890835695,9.260317573224532,9.084148994843028,9.184434365642783,5467553.79
2024-12-08,9.184434365642783,9.304802001362154,8.955070518585437,9.073990722743233,2544074.03
2024-12-09,9.073990722743233,9.217340460477491,8.872459027372729,9.01487486031986,3246287.46
2024-12-10,9.01487486031986,9.1166989317781,8.855692073163286,8.956860869777438,3714317.4
2024-12-11,8.956860869777438,9.042579627858045,8.91381118406,8.999325841206074,5178984.91
2024-12-12,8.999325841206074,9.02692308841887,8.973260230769602,9.000853054567884,2316878.45
2024-12-13,9.000853054567884,9.110159031519888,8.964802730766628,9.073816473763506,4076775.76
2024-12-14,9.073816473763506,9.172796227051501,8.960875121730915,9.059700898334734,5105644.74
2024-12-15,9.059700898334734,9.182124255369922,8.857376480280793,8.978705347850326,2067947.19
2024-12-16,8.978705347850326,9.117333397578838,8.868542207349934,9.006825243417104,5062063.11
2024-12-17,9.006825243417104,9.140418893754077,8.747431072415143,8.87913069456254,5216467.18
2024-12-18,8.87913069456254,8.984155534064692,8.855140139513075,8.95994662217075,3398796.48
2024-12-19,8.95994662217075,8.999855415987014,8.8812374151389,8.920972613537653,3147985.45
2024-12-20,8.920972613537653,9.091303707906894,8.78090868710466,8.950771916857699,3385532.27
2024-12-21,8.950771916857699,9.127133712613164,8.807011039321143,8.982857499465906,2153425.98
2024-12-22,8.982857499465906,9.347651013362192,8.85133688661124,9.212764269046959,3871093.6
2024-12-23,9.212764269046959,9.412185945874116,9.070724257690843,9.2692746717774,4437022.7
2024-12-24,9.2692746717774,9.460596160792402,9.089989088185206,9.281082196974072,3096431.52
2024-12-25,9.281082196974072,9.457385041582375,9.007437846004821,9.181855792165209,5355354.6
2024-12-26,9.181855792165209,9.425900471973824,9.056976372793452,9.299422072057935,4309088.17
2024-12-27,9.299422072057935,9.371474202739954,9.189434386215371,9.261190296241312,4482087.79
2024-12-28,9.261190296241312,9.282064815754095,9.022713891023331,9.043096832659458,3798420.64
2024-12-29,9.043096832659458,9.163993507482894,8.896006276399046,9.01654802159633,5057364.57
2024-12-30,9.01654802159633,9.133124600714927,8.928515232308836,9.04481581965056,5799227.37
2024-12-31,9.04481581965056,9.086842503284915,8.888914664690086,8.930409761245352,3793180.56
2025-01-01,8.930409761245352,8.982872698859193,8.86257941333543,8.914951539469584,5080158.53
2025-01-02,8.914951539469584,9.083065484947866,8.738102231284097,8.906048283363868,5094142.7
2025-01-03,8.906048283363868,8.934476440532126,8.870923439438588,8.899330152293965,4662501.83
2025-01-04,8.899330152293965,9.221443537986737,8.755388168475063,9.074665595605545,6387532.69
2025-01-05,9.074665595605545,9.240159255352781,8.728639934238107,8.890780094707889,3502447.84
2025-01-06,8.890780094707889,9.312541194725327,8.762839498046752,9.18043242701232,3779899.59
2025-01-07,9.18043242701232,9.208929862141423,9.148345244720575,9.17683150204007,3458533.59
2025-01-08,9.17683150204007,9.421505089834538,9.01875734356836,9.261964485700476,5034629.49
2025-01-09,9.261964485700476,9.409428708639698,9.134527255250948,9.281719662739702,3923417.01
2025-01-10,9.281719662739702,9.346567252833047,8.97152571292219,9.034647107833386,3529468.31
2025-01-11,9.034647107833386,9.155113257354785,8.76858564852042,8.887084224527102,6365364.09
2025-01-12,8.887084224527102,8.926700803120903,8.776011276694732,8.815307892901412,6602583.28
2025-01-13,8.815307892901412,9.087022029547155,8.685390918053097,8.955045647744273,3868672.01
2025-01-14,8.955045647744273,9.118510344685587,8.60359584265565,8.763565271919315,2983903.99
2025-01-15,8.763565271919315,8.863384583108324,8.549160341653579,8.647659455133622,6692342.0
2025-01-16,8.647659455133622,8.837090343502833,8.482161351686301,8.671142817644933,4724525.63
2025-01-17,8.671142817644933,8.823213794263165,8.585422419403718,8.736843894269805,4665827.11
2025-01-18,8.736843894269805,8.952297136867355,8.584506479341423,8.79887808104385,4311710.86
2025-01-19,8.79887808104385,8.93900612280608,8.527038442432499,8.665034942337059,3438396.03
2025-01-20,8.665034942337059,8.696157419192664,8.420997079380724,8.451352064765619,3787715.86
2025-01-21,8.451352064765619,8.681327356847982,8.295612692155427,8.524244736567208,4975443.62
2025-01-22,8.524244736567208,8.879651776212935,8.36750350064095,8.719323491107017,3755398.61
2025-01-23,8.719323491107017,8.791916093152969,8.601034025030378,8.673242984482627,4680151.15
2025-01-24,8.673242984482627,8.814459858305494,8.381068898679452,8.519787221128896,4214057.33
2025-01-25,8.519787221128896,8.571276333768283,8.412364224478424,8.46351324681663,3224773.71
2025-01-26,8.46351324681663,8.538790268903181,8.44195603918951,8.517096580477205,6298850.69
2025-01-27,8.517096580477205,8.566009144949149,8.438279104864819,8.487018937391941,4872429.86
2025-01-28,8.487018937391941,8.770665444572256,8.396107848304114,8.677711696391793,4561933.03
2025-01-29,8.677711696391793,8.832524820434731,8.651333057667276,8.805756947826197,4825140.39
2025-01-30,8.805756947826197,8.875474907558113,8.762783873875232,8.832371949437144,2682801.54
2025-01-31,8.832371949437144,9.00113988703963,8.402807788868477,8.56649538800854,3712812.31
2025-02-01,8.56649538800854,8.659777124767103,8.382638483621202,8.474923076994576,2866980.51
2025-02-02,8.474923076994576,8.61743576929013,8.262032511490764,8.403341501649015,4332982.4
2025-02-03,8.403341501649015,8.451401972082426,8.25891469027581,8.30642085120578,4556535.5
2025-02-04,8.30642085120578,8.362316334010178,8.27657263763245,8.332374857557618,4351058.86
2025-02-05,8.332374857557618,8.495311670510404,8.198641365896156,8.361116873375009,5639141.36
2025-02-06,8.361116873375009,8.430338634507196,8.077757588724449,8.1451917034499,2888526.39
2025-02-07,8.1451917034499,8.334549602089746,8.061487805145497,8.249770996786065,3439313.14
2025-02-08,8.249770996786065,8.416765703811851,8.085944384125579,8.252877403132452,4658397.59
2025-02-09,8.252877403132452,8.364271326811176,8.189350463652168,8.300378743371915,4486481.17
2025-02-10,8.300378743371915,8.487393458619167,8.213086778902555,8.399063661940971,3022930.85
2025-02-11,8.399063661940971,8.511834563456395,8.188104691369228,8.299539318945788,5664490.73
2025-02-12,8.299539318945788,8.496788764958735,8.269634103048514,8.466282732847386,6177354.19
2025-02-13,8.466282732847386,8.592394599687262,8.322647781451112,8.448494681428594,4671504.94
2025-02-14,8.448494681428594,8.740285484142293,8.362901643865598,8.65262437631343,2880075.98
2025-02-15,8.65262437631343,8.697187646687347,8.489118960533455,8.533066476567416,4371105.0
2025-02-16,8.533066476567416,8.814155330830326,8.449871182038441,8.729049252550249,4573003.3
2025-02-17,8.729049252550249,8.818888813009387,8.518492508471827,8.60707672508555,3924048.68
2025-02-18,8.60707672508555,9.080900206164044,8.490594870169947,8.959646925107114,5881993.19
2025-02-19,8.959646925107114,9.128701205052554,8.661249904131099,8.827816758616878,4080011.72
2025-02-20,8.827816758616878,9.118181705664911,8.688591666217295,8.976609968677481,7107994.34
2025-02-21,8.976609968677481,9.056359075829672,8.847467110218002,8.926773464850292,5108285.5
2025-02-22,8.926773464850292,9.204320209642535,8.753114978670062,9.028679281549707,4500122.23
2025-02-23,9.028679281549707,9.175259538486468,8.877543090293827,9.024048161171388,5286684.87
2025-02-24,9.024048161171388,9.04663654948917,8.849622177786834,8.87182954273228,6158331.27
2025-02-25,8.87182954273228,8.9081912280611,8.456873246465836,8.491676854923993,5258509.02
2025-02-26,8.491676854923993,8.886136559172025,8.44137045511483,8.833803333365616,4121123.3
2025-02-27,8.833803333365616,8.876013801428877,8.802857950560432,8.845029094059985,3561224.54
2025-02-28,8.845029094059985,8.940004274034516,8.355848625308493,8.446545006704625,3172619.83
2025-03-01,8.446545006704625,8.556853824724787,8.377849891687712,8.487822998903102,2281663.42
2025-03-02,8.487822998903102,8.748733503490724,8.3222030086143,8.581289728833955,4386987.93
2025-03-03,8.581289728833955,8.671472645775852,8.397331143668408,8.486518081701321,3812050.05
2025-03-04,8.486518081701321,8.535899326890764,8.344838550068642,8.393679587791768,3863418.41
2025-03-05,8.393679587791768,8.557131013073198,8.228678694269133,8.392099347281867,5431953.93
2025-03-06,8.392099347281867,8.649357647407747,8.297689301752284,8.553135960552007,4083957.11
2025-03-07,8.553135960552007,8.596030449484344,8.524781665796096,8.567628112146174,6745397.61
2025-03-08,8.567628112146174,8.79814246137657,8.538020589743127,8.767843047576209,3639366.28
2025-03-09,8.767843047576209,9.052431090271876,8.643731877044843,8.92608003276415,3294804.17
2025-03-10,8.92608003276415,9.02343077152584,8.798153249048184,8.895166838434738,3066925.0
2025-03-11,8.895166838434738,9.012904642435476,8.564667759692616,8.679551647681482,5031772.41
2025-03-12,8.679551647681482,8.829654773610173,8.500191114359447,8.64977936194693,5601060.97
2025-03-13,8.64977936194693,8.847088519779792,8.5263910810988,8.722660595065125,3620042.63
2025-03-14,8.722660595065125,8.884860217747368,8.569907466030134,8.731944506830802,3219058.26
2025-03-15,8.731944506830802,8.956012195449508,8.597748553574434,8.820455963360198,6157393.66
2025-03-16,8.820455963360198,9.068392923382946,8.69574181161977,8.941960791122051,2922630.47
2025-03-17,8.941960791122051,9.05782405196663,8.902396393991124,9.017923551726115,5406703.48
2025-03-18,9.017923551726115,9.114333243857804,8.884121022929959,8.980126632085652,3641294.26
2025-03-19,8.980126632085652,9.143551317978922,8.892160288797001,9.054852980158723,4638348.45
2025-03-20,9.054852980158723,9.48955333177201,8.94861677025168,9.379508100384959,5497618.27
2025-03-21,9.379508100384959,9.464304213841574,9.080904157228497,9.16374969136532,4731056.66
2025-03-22,9.16374969136532,9.356884689471372,9.043082622385635,9.235275774296236,3901146.6
2025-03-23,9.235275774296236,9.592145298536645,9.15156533461374,9.505981129816831,5954271.38
2025-03-24,9.505981129816831,9.620405783911114,9.221060668526428,9.33340803928505,4514795.41
2025-03-25,9.33340803928505,9.568821336620745,9.248401640154515,9.482457432051858,10545633.65
2025-03-26,9.482457432051858,9.830133779685063,9.309575047440768,9.65412164534826,2742296.91
2025-03-27,9.65412164534826,9.738319895942574,9.351698552326285,9.43397681367819,2732188.08
2025-03-28,9.43397681367819,9.685889138330907,9.290988054105176,9.54127409689023,5385174.24
2025-03-29,9.54127409689023,9.66576132362536,9.377909069679095,9.501882343021252,4166793.24
2025-03-30,9.501882343021252,9.586823693360751,9.409166981456185,9.494038209766504,5120422.08
2025-03-31,9.494038209766504,9.651044530204276,9.290654776749292,9.446881245529177,3191494.5
2025-04-01,9.446881245529177,9.825139117775022,9.270260378898321,9.644817591835164,4257225.74
2025-04-02,9.644817591835164,9.796132414954036,9.477971612877324,9.629038888367479,4708709.58
2025-04-03,9.629038888367479,9.812708807435726,9.37805674272693,9.560417741916343,3666204.07
2025-04-04,9.560417741916343,9.654621513680942,9.401253338852136,9.494810649792594,4450613.5
2025-04-05,9.494810649792594,9.669964469870207,9.271031310182462,9.445271261256634,2988294.97
2025-04-06,9.445271261256634,9.613132749407344,9.122592551971636,9.28765284347732,4635714.03
2025-04-07,9.28765284347732,9.433682346071318,9.075218690311258,9.220187436217808,6028188.38
2025-04-08,9.220187436217808,9.395741497159618,9.063134336134173,9.238378536915517,3082343.04
2025-04-09,9.238378536915517,9.439173900903903,9.098487262827085,9.298374148929359,3036167.99
2025-04-10,9.298374148929359,9.583363180350327,9.194031956915161,9.477016345579646,5655139.58
2025-04-11,9.477016345579646,9.627750735132542,9.363827177038786,9.514118436114156,3022774.36
2025-04-12,9.514118436114156,9.604677259480487,9.354763874884446,9.44466158277748,5182226.39
2025-04-13,9.44466158277748,9.576483259367503,9.167286162828235,9.297047550754773,4258519.85
2025-04-14,9.297047550754773,9.414584321018289,9.224100890773618,9.341290521056028,3783422.56
2025-04-15,9.341290521056028,9.48434183527922,9.182434105712236,9.325239618490622,6060035.95
2025-04-16,9.325239618490622,9.428675889628167,9.210737168319389,9.314049315763132,5296898.59
2025-04-17,9.314049315763132,9.431850443535513,9.23620824323558,9.353678177453746,4504214.13
2025-04-18,9.353678177453746,9.47529690300718,9.310182614917524,9.431439741226699,2452034.03
2025-04-19,9.431439741226699,9.53515419743152,9.369197271909606,9.472639829517641,5018584.66
2025-04-20,9.472639829517641,9.600744083398693,9.320697193586048,9.448474647047583,3213528.47
2025-04-21,9.448474647047583,9.53027280850344,9.250686374361615,9.331471606860198,3973864.46
2025-04-22,9.331471606860198,9.355705851741018,9.219245579983962,9.243250711293328,4207707.84
2025-04-23,9.243250711293328,9.442689746307654,9.16990288687257,9.368349229549649,6749064.18
2025-04-24,9.368349229549649,9.448864931614278,9.227398474741392,9.307390268761527,3942338.25
2025-04-25,9.307390268761527,9.365258184576621,9.057187762599035,9.113852372831651,2942888.45
2025-04-26,9.113852372831651,9.348869816750968,9.04865487581331,9.282466112593683,6064762.92
2025-04-27,9.282466112593683,9.41881341417757,9.012883014976568,9.14724408156407,5035523.93
2025-04-28,9.14724408156407,9.294699815796962,9.00607652813746,9.153436693059383,5082628.13
2025-04-29,9.153436693059383,9.403127421304863,8.977139842028816,9.225443702216726,6093295.24
2025-04-30,9.225443702216726,9.265114456986653,9.18738331520248,9.227047453553887,6461663.15
2025-05-01,9.227047453553887,9.297274973800853,8.808425771958962,8.875981310208012,3360705.79
2025-05-02,8.875981310208012,8.961924474496918,8.84592012367972,8.931674665630743,2966364.38
2025-05-03,8.931674665630743,9.239718877502819,8.8152103866958,9.120788652931472,5184647.4
2025-05-04,9.120788652931472,9.25646861133877,9.099856540752697,9.23527375707333,3933256.45
2025-05-05,9.23527375707333,9.287881701128512,8.882547228032285,8.933435777953962,4023451.13
2025-05-06,8.933435777953962,9.354104392991944,8.821181432815468,9.238022717773843,3172967.21
2025-05-07,9.238022717773843,9.316151407141582,8.9722674420664,9.048795783303932,4860098.37
2025-05-08,9.048795783303932,9.155560467630778,8.79296462250759,8.897949505900193,4644191.59
2025-05-09,8.897949505900193,9.130818926496948,8.777611188490628,9.008979015450196,4039859.86
2025-05-10,9.008979015450196,9.229567818822693,8.854917175021283,9.074387434177899,2968328.39
2025-05-11,9.074387434177899,9.169396736435578,8.992066823822201,9.086962052238398,5682390.65
2025-05-12,9.086962052238398,9.15075383857941,8.943954285873644,9.007186033035127,4477257.31
2025-05-13,9.007186033035127,9.30614240754548,8.901815535653345,9.19853343404659,5554150.34
2025-05-14,9.19853343404659,9.228467886005365,9.164068658711276,9.19398831967006,2482662.06
2025-05-15,9.19398831967006,9.219312756050384,8.947080479684175,8.971792888523849,4260090.11
2025-05-16,8.971792888523849,9.24098499066821,8.880816484185026,9.14821957208229,3510855.79
2025-05-17,9.14821957208229,9.235307102833124,9.09401255173056,9.180906399382868,4238126.66
2025-05-18,9.180906399382868,9.364121198908148,9.161352001956057,9.34421896232237,5316882.67
2025-05-19,9.34421896232237,9.563943167280009,9.211263170286628,9.429770096533815,4606974.57
2025-05-20,9.429770096533815,9.95527956334972,9.272379692999342,9.791845826346679,4219071.52
2025-05-21,9.791845826346679,9.837493592932026,9.700070741089714,9.745502463525021,4213440.92
2025-05-22,9.745502463525021,9.867622148590705,9.627092260554464,9.749167415569786,2843805.82
2025-05-23,9.749167415569786,10.055587418046716,9.556994468028435,9.861205996346653,3348265.71
2025-05-24,9.861205996346653,9.928633001159657,9.748372134439741,9.815486527708778,5558934.27
2025-05-25,9.815486527708778,10.091861002983416,9.666736115820603,9.941205364221307,3701359.99
2025-05-26,9.941205364221307,9.990094685203998,9.4460738629878,9.492757787671897,5585585.64
2025-05-27,9.492757787671897,9.671009695622894,9.30501358205695,9.483083835694634,5163823.32
2025-05-28,9.483083835694634,9.502124014410015,9.449915178359936,9.468926932781468,5232482.35
2025-05-29,9.468926932781468,9.53809880039363,9.380385521221452,9.449414850275922,4564518.91
2025-05-30,9.449414850275922,9.634394566894345,9.138863566701533,9.321336040024955,3766260.0
2025-05-31,9.321336040024955,9.589149282080392,9.19016224437571,9.456079321800578,4044251.58
2025-06-01,9.456079321800578,9.511049598698111,9.32808553095279,9.382628823888888,4929221.18
2025-06-02,9.382628823888888,9.56625853360122,9.230211954913788,9.413342730104963,2468673.58
2025-06-03,9.413342730104963,9.584341188069768,9.238091161971145,9.40901093045425,5731794.3
2025-06-04,9.40901093045425,9.586554018424454,9.307667592705217,9.4843986881034,3706376.31
2025-06-05,9.4843986881034,9.747768320423177,9.438793661154872,9.701121199369195,4110371.8
2025-06-06,9.701121199369195,9.796851363577403,9.636563396470606,9.732087490096642,4119240.87
2025-06-07,9.732087490096642,10.04989490279111,9.547410871268436,9.862739033211037,4158383.35
2025-06-08,9.862739033211037,9.934861652882939,9.814413087938542,9.886419676004639,3024283.2
2025-06-09,9.886419676004639,9.961698069375245,9.734693844363628,9.809385675970976,4362371.29
2025-06-10,9.809385675970976,9.854701880576286,9.743590821288182,9.788811982049356,4872833.93
2025-06-11,9.788811982049356,9.826997221368998,9.708506558124327,9.746526847090339,2519276.22
2025-06-12,9.746526847090339,9.947168906513525,9.635451030924923,9.835083854744832,3034018.83
2025-06-13,9.835083854744832,9.942845385789395,9.74518364241027,9.85278338615787,5254321.41
2025-06-14,9.85278338615787,9.880676929861718,9.704310040538946,9.731861249821904,5015503.48
2025-06-15,9.731861249821904,9.776759267418807,9.654449158187367,9.699196476598852,4525689.02
2025-06-16,9.699196476598852,9.725169477959012,9.445362218140152,9.470723402689124,3541489.85
2025-06-17,9.470723402689124,9.493856772501644,9.42140475234601,9.444474004878243,5022800.66
2025-06-18,9.444474004878243,9.495068193267615,9.395245045959514,9.445832155043185,3109181.02
2025-06-19,9.445832155043185,9.868649046815158,9.300501535573392,9.719113801399988,4058244.6
2025-06-20,9.719113801399988,9.9508242560593,9.697091655763575,9.928328060321887,3029692.99
2025-06-21,9.928328060321887,10.002597848140056,9.69653770244675,9.769620261714856,4033296.53
2025-06-22,9.769620261714856,9.921081975862089,9.650761251508477,9.801831082837948,3246205.6
2025-06-23,9.801831082837948,9.988213611082694,9.651013599109039,9.836857192367113,5073532.09
2025-06-24,9.836857192367113,9.976560771186458,9.663319237028212,9.802535375545455,4680383.18
2025-06-25,9.802535375545455,9.996543626319024,9.584591637006167,9.778116600169415,3641663.67
2025-06-26,9.778116600169415,9.846184912552339,9.65742036949227,9.725119755431543,5516035.13
2025-06-27,9.725119755431543,10.036642025667863,9.705645231284784,10.016583845524758,3306881.78
2025-06-28,10.016583845524758,10.043507891680191,9.925811652322201,9.952563615494574,4163114.23
2025-06-29,9.952563615494574,10.044803120061372,9.915188387218771,10.007222628782198,3601603.61
2025-06-30,10.007222628782198,10.202906646021267,9.430694519164412,9.618782877364769,5056514.78
2025-07-01,9.618782877364769,9.864669136315866,9.500848237705029,9.74518470042463,4932989.23
2025-07-02,9.74518470042463,10.092054005817447,9.585474438901622,9.929325921293016,5815772.71
2025-07-03,9.929325921293016,10.125245644081378,9.575114218892704,9.767847747646552,4288043.8
2025-07-04,9.767847747646552,9.93582368598268,9.524191349699796,9.690843051997222,2004080.47
2025-07-05,9.690843051997222,9.852136241794573,9.600358819192756,9.760996975786266,3771102.53
2025-07-06,9.760996975786266,9.938671056883232,9.587584413055835,9.765184106156392,6211481.61
2025-07-07,9.765184106156392,9.934660571298645,9.669411901937892,9.83817253189066,3872250.51
2025-07-08,9.83817253189066,9.878031148078167,9.755421129610797,9.79510526199295,2600491.52
2025-07-09,9.79510526199295,10.206869019501719,9.678872974425271,10.087170973793151,4699318.46
2025-07-10,10.087170973793151,10.273616715656564,9.798355423511305,9.982873385901206,4787935.75
2025-07-11,9.982873385901206,10.5830366563903,9.821932601920773,10.415127210510438,3501826.82
2025-07-12,10.415127210510438,10.719628145472749,10.318946749510781,10.621541512582064,3948742.8
2025-07-13,10.621541512582064,10.94970017778537,10.436858470506445,10.762565075380179,3398249.82
2025-07-14,10.762565075380179,10.874014503058246,10.479800091272221,10.589456934835349,4786152.97
2025-07-15,10.589456934835349,10.89699866940422,10.437791078356938,10.743131828074016,4259851.87
2025-07-16,10.743131828074016,10.933571871606906,10.65722509379551,10.846835874862515,3138172.85
2025-07-17,10.846835874862515,10.906546102342011,10.43528651527983,10.493049199428432,4189990.93
2025-07-18,10.493049199428432,10.573241984478257,10.186960111537664,10.265413195881326,3496730.65
2025-07-19,10.265413195881326,10.507786176483492,10.083171876250832,10.324495963703749,6051763.39
2025-07-20,10.324495963703749,10.529084913304667,10.099991631300327,10.304177961861091,5251474.84
2025-07-21,10.304177961861091,10.373736345569712,10.153203037089526,10.222208082888493,4073549.32
2025-07-22,10.222208082888493,10.449901349802472,10.171336840842251,10.398154503106287,4285985.71
2025-07-23,10.398154503106287,10.432255137692703,10.222477900029128,10.256112710100451,5411512.25
2025-07-24,10.256112710100451,10.415787585494199,10.02575658000669,10.184313633380267,4021608.42
2025-07-25,10.184313633380267,10.301474024249362,9.966616232927374,10.08260658544939,5076807.69
2025-07-26,10.08260658544939,10.287035454972324,9.961516460411971,10.164956325726278,6076513.28
2025-07-27,10.164956325726278,10.19355761536679,9.867549950294542,9.895392764912408,3714945.5
2025-07-28,9.895392764912408,9.929621184250944,9.785608016386965,9.819574177271178,6338364.69
2025-07-29,9.819574177271178,10.000875074864485,9.382189556715883,9.558673387238688,5893580.74
2025-07-30,9.558673387238688,9.67702080251442,9.395217685041215,9.512999606161284,4469266.16
2025-07-31,9.512999606161284,9.680024954050639,9.456437971648532,9.622810415185663,3758825.44
2025-08-01,9.622810415185663,9.792449856386519,9.567630301305677,9.736617140223318,4455380.25
2025-08-02,9.736617140223318,9.798310852148358,9.566193194090333,9.627193570114942,3950962.82
2025-08-03,9.627193570114942,9.739914583046993,9.596890610933935,9.70935301534244,3444888.58
2025-08-04,9.70935301534244,9.737468762963331,9.654319470850492,9.682357045200508,4797780.06
2025-08-05,9.682357045200508,10.040735131201014,9.53751153710702,9.892742314952056,3251782.96
2025-08-06,9.892742314952056,9.959494807166635,9.807166711947502,9.873791330067043,3859145.85
2025-08-07,9.873791330067043,9.961869201193139,9.340519540584125,9.424590373007149,3871856.48
2025-08-08,9.424590373007149,9.67068762239737,9.314581534133625,9.559108614952267,2985507.24
2025-08-09,9.559108614952267,9.633298326145399,9.417948051795094,9.491613926335958,4951559.27
2025-08-10,9.491613926335958,9.59239735836771,9.351636335123544,9.45199913110184,3966959.83
2025-08-11,9.45199913110184,9.670133229830183,9.285925693706393,9.503160870855693,5811248.02
2025-08-12,9.503160870855693,9.563922092131047,9.234640173632146,9.29406447633186,3950812.58
2025-08-13,9.29406447633186,9.45726938471651,9.143104015827824,9.306113220389241,3794056.38
2025-08-14,9.306113220389241,9.449069321300344,9.243286944772853,9.385705710749603,3349877.73
2025-08-15,9.385705710749603,9.491329180306849,9.33535086517924,9.440679397775332,4241181.25
2025-08-16,9.440679397775332,9.47190781982453,9.32252063429037,9.35346054881684,4247175.12
2025-08-17,9.35346054881684,9.637481589519103,9.219559892864568,9.501462197117782,5055750.0
2025-08-18,9.501462197117782,9.59086533666234,9.266925246625663,9.354949791085616,4270962.76
2025-08-19,9.354949791085616,9.503391182421295,9.117645179768536,9.264653782533362,7089139.39
2025-08-20,9.264653782533362,9.305307827825681,9.20545690446588,9.246029223697382,4707414.61
2025-08-21,9.246029223697382,9.409647083920097,9.127122421993596,9.290172584908518,3281744.95
2025-08-22,9.290172584908518,9.310924664041881,9.22343880460294,9.244087941389388,3213033.28
2025-08-23,9.244087941389388,9.483840879500141,9.18669195655588,9.425319637986343,4800806.35
2025-08-24,9.425319637986343,9.5931561487002,9.303038843126746,9.47029189947589,3256009.93
2025-08-25,9.47029189947589,9.511249279450558,9.441798668388227,9.482718660015893,4873418.4
2025-08-26,9.482718660015893,9.606412990319008,9.399364449037394,9.522707274719709,5254024.14
2025-08-27,9.522707274719709,9.750789740558163,9.407387948970534,9.634121199889428,5285779.33
2025-08-28,9.634121199889428,9.817818367900207,9.488679128958365,9.671807365577337,3379702.58
2025-08-29,9.671807365577337,9.81400043004863,9.26378952103788,9.402016166838283,5288064.6
2025-08-30,9.402016166838283,9.610075533491068,9.358134599377138,9.565431266774278,4552751.77
2025-08-31,9.565431266774278,9.616743183301244,9.533357740997696,9.58460536549929,3607867.08
2025-09-01,9.58460536549929,9.774448852681566,9.500505713482996,9.689429427052964,4035919.83
2025-09-02,9.689429427052964,9.750807202339436,9.568053184183618,9.62904847580735,4725174.38
2025-09-03,9.62904847580735,9.701289883426885,9.287714971151786,9.357922269289936,3549730.73
2025-09-04,9.357922269289936,9.434327118833338,8.956354333691298,9.030082461795349,4529218.41
2025-09-05,9.030082461795349,9.112700497053517,8.816847102529367,8.898259059041001,6028420.36
2025-09-06,8.898259059041001,9.073634578741968,8.797399005564607,8.971939373089649,5344663.35
2025-09-07,8.971939373089649,9.177645441145641,8.95249298871442,9.157796218153521,4286973.79
2025-09-08,9.157796218153521,9.270225259807484,9.090357817046483,9.202457967676155,4453187.7
2025-09-09,9.202457967676155,9.264653778479829,8.99158846359446,9.052772609662496,3671384.32
2025-09-10,9.052772609662496,9.109370676062275,8.88718048872398,8.943092835576376,3697328.1
2025-09-11,8.943092835576376,9.28535258526328,8.798258145331276,9.137371523389486,2859896.55
2025-09-12,9.137371523389486,9.196977923289186,8.893925327879971,8.95232459934822,4472117.25
2025-09-13,8.95232459934822,9.297507335890417,8.910093229693945,9.253853544583933,4981390.82
2025-09-14,9.253853544583933,9.696903492179635,9.093457721582089,9.53169193303475,4126269.19
2025-09-15,9.53169193303475,9.945499155938107,9.446927102466024,9.85783396161568,3372834.46
2025-09-16,9.85783396161568,9.970855129829443,9.80546311511962,9.918163774448843,4270012.03
2025-09-17,9.918163774448843,10.072110947737217,9.713190001690032,9.866332665915175,5873940.29
2025-09-18,9.866332665915175,10.060144225216032,9.729889790787672,9.92291881246397,5257102.08
2025-09-19,9.92291881246397,10.258170568251751,9.734230583690833,10.066747382295018,4169165.66
2025-09-20,10.066747382295018,10.245938711410318,9.788236813185893,9.965628188245258,7007227.57
2025-09-21,9.965628188245258,10.110106641987446,9.653973579964646,9.79599271346804,8246293.06
2025-09-22,9.79599271346804,9.843971920961128,9.705844543722113,9.753616197810759,3724933.02
2025-09-23,9.753616197810759,9.857953188573127,9.534141284332533,9.637233296675165,3949596.15
2025-09-24,9.637233296675165,9.868741131364743,9.597352532311675,9.828070644570667,4994899.79
2025-09-25,9.828070644570667,9.944918237911123,9.618861411906973,9.734597689482673,3342905.82
2025-09-26,9.734597689482673,9.930833905043983,9.554487150389994,9.75043042699485,5193293.51
2025-09-27,9.75043042699485,9.923818749684958,9.730258609313344,9.90333061010973,4307903.89
2025-09-28,9.90333061010973,10.28517637757277,9.727365594247887,10.105617081806306,4608922.73
2025-09-29,10.105617081806306,10.258733292572163,9.987303292655062,10.14001676142033,3637239.68
2025-09-30,10.14001676142033,10.250831349050255,10.09213061989407,10.202649425310042,3449256.45
2025-10-01,10.202649425310042,10.380232490275285,9.867458902622003,10.042250124182148,2556702.03
2025-10-02,10.042250124182148,10.325183335029738,9.925115970488783,10.20613757609419,6087757.27
2025-10-03,10.20613757609419,10.516757601277996,10.103392566313712,10.411940774274575,5314538.28
2025-10-04,10.411940774274575,10.526419303489096,10.000660515079838,10.111839452151376,4970022.05
2025-10-05,10.111839452151376,10.44533206795182,10.064792214408115,10.396958261243546,4582139.66
2025-10-06,10.396958261243546,10.43885059157566,10.24302403326239,10.284463088239361,2360863.85
2025-10-07,10.284463088239361,10.526618183139451,10.141426607674694,10.382222069073055,3480963.88
2025-10-08,10.382222069073055,10.58170073020984,10.196926257274754,10.39615622968336,3939541.27
2025-10-09,10.39615622968336,10.546903164746523,10.236962598482664,10.387585252170869,3205114.89
2025-10-10,10.387585252170869,10.565567523782008,10.177802671512675,10.355230573746972,2750283.61
2025-10-11,10.355230573746972,10.53340152698961,10.020905656388491,10.196342804222041,3289527.09
2025-10-12,10.196342804222041,10.308319984717848,10.170069578480796,10.281826490569417,4251918.37
2025-10-13,10.281826490569417,10.445072984615827,10.07447448787008,10.23700941273799,4252190.54
2025-10-14,10.23700941273799,10.39975397197901,9.870454849382915,10.029906962994321,5269656.78
2025-10-15,10.029906962994321,10.113151032268323,9.787519059082337,9.869431246444114,7034871.68
2025-10-16,9.869431246444114,9.961979688199309,9.5816429049853,9.672343196481666,4985456.16
2025-10-17,9.672343196481666,9.82147931522832,9.446246438732746,9.594177332085962,4019659.13
2025-10-18,9.594177332085962,9.859765462583807,9.404615717050808,9.668730820811687,6587448.88
2025-10-19,9.668730820811687,9.859986562965092,9.37338922003851,9.562544506324421,2828086.74
2025-10-20,9.562544506324421,9.813591869843528,9.461858835189068,9.711339510589118,2497708.6
2025-10-21,9.711339510589118,9.86877890503524,9.537207775445335,9.694372095630749,3364918.26
2025-10-22,9.694372095630749,9.795087963344132,9.551334799815619,9.651606369833434,5145545.49
2025-10-23,9.651606369833434,9.825148907738066,9.481861014104,9.655337924174797,4380770.35
2025-10-24,9.655337924174797,10.00559157684161,9.523107126061719,9.870415273375514,3167693.11
2025-10-25,9.870415273375514,10.05656663708661,9.47912331044561,9.661331452177906,3501918.26
2025-10-26,9.661331452177906,10.114986580079158,9.468584770021456,9.917136504527775,3079334.96
2025-10-27,9.917136504527775,10.149014700521409,9.838360941723563,10.069032569870755,3079315.78
2025-10-28,10.069032569870755,10.266665815718914,9.86925965220318,10.066850060124024,6189466.95
2025-10-29,10.066850060124024,10.405239417734657,9.921230724371801,10.256871379249745,4052061.58
2025-10-30,10.256871379249745,10.321341473600869,10.142170800176993,10.206323171157656,6537011.13
2025-10-31,10.206323171157656,10.27455618626581,10.185338816617005,10.25347488708529,3362150.94
2025-11-01,10.25347488708529,10.400192811406532,10.022432341886281,10.167926141259239,4748675.7
2025-11-02,10.167926141259239,10.386664599892855,10.106889765966143,10.324687213864047,4445334.82
2025-11-03,10.324687213864047,10.388337002316838,10.148961660483263,10.211916236704328,5233105.66
2025-11-04,10.211916236704328,10.33383656166107,10.083103508157983,10.204940550218208,4475963.57
2025-11-05,10.204940550218208,10.341997035923685,10.178849919655594,10.315623426150037,5372833.23
2025-11-06,10.315623426150037,10.587691560574424,10.2176802273279,10.488110656458629,4824146.98
2025-11-07,10.488110656458629,10.659997391543126,10.185312340100266,10.355017854181671,3197171.63
2025-11-08,10.355017854181671,10.505599613020353,10.329226773800972,10.47949849067287,5044321.81
2025-11-09,10.47949849067287,10.618152194700164,10.183869223029806,10.32041814318439,4093129.22
2025-11-10,10.32041814318439,10.370480776849927,9.93058004213003,9.978986447368355,3458740.93
2025-11-11,9.978986447368355,10.153929143881308,9.690747687137751,9.863668736318772,4995707.13
2025-11-12,9.863668736318772,10.08530805424758,9.774576482812916,9.995029304182921,5288180.11
2025-11-13,9.995029304182921,10.161128719379288,9.82825613372419,9.994344163107826,3721747.2
2025-11-14,9.994344163107826,10.144546810389091,9.762991638876604,9.911956095267904,3847575.83
2025-11-15,9.911956095267904,10.098436525137474,9.735513044984536,9.921817924120486,2969235.31
2025-11-16,9.921817924120486,10.038736478250119,9.809666872424541,9.92653213952357,2674875.25
2025-11-17,9.92653213952357,10.132951465183922,9.819821580596376,10.025180433730764,3953129.13
2025-11-18,10.025180433730764,10.051985255730754,9.749711576961753,9.775849751153276,5119711.79
2025-11-19,9.775849751153276,9.889334204352592,9.648037638993602,9.761353813878797,3639215.37
2025-11-20,9.761353813878797,9.893094751971459,9.650117578153298,9.781627486101435,6001641.06
2025-11-21,9.781627486101435,9.907958242777662,9.451655526109809,9.575321823264364,3990098.94
2025-11-22,9.575321823264364,9.617054805330847,9.330505337865855,9.371349328352803,3994155.61
2025-11-23,9.371349328352803,9.48117612935084,9.209769559559684,9.318982653375311,3907163.24
2025-11-24,9.318982653375311,9.41620175424471,9.224184542973557,9.321379264124818,5368146.38
2025-11-25,9.321379264124818,9.442967679395665,9.202740777155572,9.324292118870034,3304736.96
2025-11-26,9.324292118870034,9.453805617914663,9.115925019147896,9.24432782198566,4066751.34
2025-11-27,9.24432782198566,9.322956574157663,9.081248340628248,9.159152624824017,3662850.02
2025-11-28,9.159152624824017,9.260571511137721,9.002811297867522,9.103615220998996,3649873.52
2025-11-29,9.103615220998996,9.230867225708167,9.02066525716877,9.147517237209899,4237074.74
2025-11-30,9.147517237209899,9.476408077183569,9.003180220234327,9.329204253696156,4082680.27
2025-12-01,9.329204253696156,9.481602650598443,8.863451250541978,9.010645795428653,5463023.28
2025-12-02,9.010645795428653,9.166536201845187,8.945111862813869,9.100349856514605,4188702.31
2025-12-03,9.100349856514605,9.161065815380605,9.024982634413641,9.085600186031519,4825121.72
2025-12-04,9.085600186031519,9.292235157467578,8.956495479951348,9.162044196077199,4385366.98
2025-12-05,9.162044196077199,9.484089111992855,9.016071835416295,9.335355505003962,5965687.33
2025-12-06,9.335355505003962,9.355852014093113,9.20619496048127,9.226452364137808,3894200.06
2025-12-07,9.226452364137808,9.45622463872451,9.137012540417636,9.365437514132386,3896940.18
2025-12-08,9.365437514132386,9.436045006793751,9.114711354392446,9.18395058884634,5059887.11
2025-12-09,9.18395058884634,9.348896269745616,9.038868340133178,9.203505111045866,3880964.93
2025-12-10,9.203505111045866,9.245691521536397,9.127622419121815,9.169653663614195,4757310.3
2025-12-11,9.169653663614195,9.324367842457752,9.022861840133116,9.177451192722762,7535032.36
2025-12-12,9.177451192722762,9.305066580129292,8.911471470138345,9.037135726207598,3288219.92
2025-12-13,9.037135726207598,9.256747754943728,8.881943413378233,9.100467856394951,6159540.26
2025-12-14,9.100467856394951,9.516133011375597,8.920056721126615,9.331148769959572,3713715.54
2025-12-15,9.331148769959572,9.429853588500434,9.09374023485173,9.190962160537056,5867943.26
2025-12-16,9.190962160537056,9.35401694237861,9.056871473728016,9.219509762981346,4985810.56
2025-12-17,9.219509762981346,9.483522643717048,9.083251890992873,9.345404141333834,4880103.56
2025-12-18,9.345404141333834,9.506166759775743,9.143071150920035,9.303106145770847,4044442.59
2025-12-19,9.303106145770847,9.612805191119701,9.197736809333652,9.505147483321691,3945038.48
2025-12-20,9.505147483321691,9.542575515994555,9.40521265034602,9.442393579524087,3506374.61
2025-12-21,9.442393579524087,9.627733915308028,9.241303236094748,9.426328232685023,4206595.02
2025-12-22,9.426328232685023,9.454824703535289,9.253548196175776,9.281607164788593,4011265.04
2025-12-23,9.281607164788593,9.480947375959797,9.102261072331757,9.301222265980515,4405435.36
2025-12-24,9.301222265980515,9.364176149552257,9.239867236386738,9.302810642316476,2951816.52
2025-12-25,9.302810642316476,9.49942578549752,9.201738297123624,9.397326552297685,4223844.81
2025-12-26,9.397326552297685,9.576927384047098,9.127222787189547,9.305060233631155,5758907.41
2025-12-27,9.305060233631155,9.437004961604021,9.076522015429381,9.20707735701718,5317996.63
2025-12-28,9.20707735701718,9.391643132420755,9.091619647456652,9.275329533454887,4224221.44
2025-12-29,9.275329533454887,9.556833112126808,9.202369128530586,9.482245094612278,7970036.33
2025-12-30,9.482245094612278,9.64711231472616,9.41337262034211,9.577547628721032,3635498.35
2025-12-31,9.577547628721032,9.88621043574073,9.5527417999615,9.860671317207386,4109973.23
2026-01-01,9.860671317207386,10.073147375149214,9.736880645865213,9.948257152969148,2922547.82
2026-01-02,9.948257152969148,10.128666280915402,9.851342994810446,10.030946577041568,3796864.89
2026-01-03,10.030946577041568,10.200984889661942,9.97038552405948,10.139766842862443,6566874.9
2026-01-04,10.139766842862443,10.473339780027237,10.049362159674349,10.380786203352246,3833254.69
2026-01-05,10.380786203352246,10.786258960073994,10.184205672885673,10.5857961642307,2866600.2
2026-01-06,10.5857961642307,10.768625589511073,10.228508573976576,10.408271942540821,5223064.23
2026-01-07,10.408271942540821,10.643991991615975,10.30681906679313,10.54124300287883,4629213.97
2026-01-08,10.54124300287883,10.794474347100667,10.334221903152628,10.586563197079574,5169345.28
2026-01-09,10.586563197079574,10.695796625617675,10.44674309148866,10.555657632707579,3899396.34
2026-01-10,10.555657632707579,10.643106546343217,10.18205039534444,10.267108810738275,3265143.0
2026-01-11,10.267108810738275,10.35933384430672,9.932983484992814,10.023015936999169,4011554.01
2026-01-12,10.023015936999169,10.200855314651088,9.790199239386554,9.967045528462782,4824927.8
2026-01-13,9.967045528462782,10.035016647732553,9.675205504349615,9.741639447576162,4124739.19
2026-01-14,9.741639447576162,9.800068337138056,9.63226968383291,9.690391194071191,4627761.71
2026-01-15,9.690391194071191,9.989967544040214,9.503464983716746,9.800909452848913,3672526.9
2026-01-16,9.800909452848913,9.950048327218868,9.565301013415446,9.713103762615829,4670932.16
2026-01-17,9.713103762615829,9.880223127850043,9.560141273587659,9.727041152051148,4196836.56
2026-01-18,9.727041152051148,9.876110267489503,9.419556591499996,9.566160169329297,3520545.84
2026-01-19,9.566160169329297,9.749712473951933,9.42943742713663,9.612329859198761,4349548.58
2026-01-20,9.612329859198761,9.725826516134447,9.577317299340846,9.69052911833594,3812981.73
2026-01-21,9.69052911833594,9.841374019240536,9.33004405556459,9.477574051203806,4900688.19
2026-01-22,9.477574051203806,9.538994362653296,9.306781488655668,9.367488379539598,5224576.56
2026-01-23,9.367488379539598,9.408548842228228,9.143811871811597,9.184068350448612,4761053.53
2026-01-24,9.184068350448612,9.441286577423234,9.003196813768142,9.258940504508638,2790826.18
2026-01-25,9.258940504508638,9.307185037802773,9.235778819468973,9.283960763382026,3299898.92
2026-01-26,9.283960763382026,9.307815433434769,9.25402121640857,9.277860211399947,3582068.08
2026-01-27,9.277860211399947,9.348171784590402,9.190152870540139,9.260331604487517,3441839.32
2026-01-28,9.260331604487517,9.46860894095664,9.101094302438492,9.308542619782543,3666995.94
2026-01-29,9.308542619782543,9.54342902827384,9.126067312945707,9.359946060095513,5293060.61
2026-01-30,9.359946060095513,9.398635387886209,9.250141385509751,9.288535537977836,5001551.35
2026-01-31,9.288535537977836,9.373227634150542,9.113563995670745,9.197425356772523,3777723.93
2026-02-01,9.197425356772523,9.337386560114808,9.050193049233963,9.190041895245795,4869702.95
2026-02-02,9.190041895245795,9.315205748589314,9.039025089591474,9.163831976727995,4559874.21
2026-02-03,9.163831976727995,9.525073739286393,9.107009068662848,9.466374829484026,4165639.57
2026-02-04,9.466374829484026,9.541402541990488,9.336055539058401,9.410641525733576,5596496.07
2026-02-05,9.410641525733576,9.574772139068,9.291138200630655,9.454709209738967,3559999.66
2026-02-06,9.454709209738967,9.550432034046409,9.429774134690074,9.52531076025553,4255764.47
2026-02-07,9.52531076025553,9.890699029672446,9.376257539273777,9.738312728000007,3229636.2
2026-02-08,9.738312728000007,9.806064979609124,9.549337240253474,9.61624019804806,3268568.63
2026-02-09,9.61624019804806,9.987972317576975,9.453627351891456,9.821882020631865,2988863.66
2026-02-10,9.821882020631865,9.962394249372952,9.660178973060317,9.800383645200768,3282548.94
2026-02-11,9.800383645200768,10.333058461572145,9.666927299446193,10.194238808345862,4288168.27
2026-02-12,10.194238808345862,10.415849651801118,10.033042405384569,10.253712816081972,3894103.48
2026-02-13,10.253712816081972,10.288087582244312,10.025256642541231,10.058978577476882,3925982.75
2026-02-14,10.058978577476882,10.126167255041532,9.962132015484512,10.029121261910795,3897337.96
2026-02-15,10.029121261910795,10.359730445151003,9.914876789449654,10.243049062408849,6542178.29
2026-02-16,10.243049062408849,10.421441640261724,10.079274856098202,10.257437381788657,3160687.25
2026-02-17,10.257437381788657,10.434716708449937,10.071966284839402,10.249101543172301,3077326.48
2026-02-18,10.249101543172301,10.45878435883073,10.158111395252746,10.366749745956978,3399841.72
2026-02-19,10.366749745956978,10.535579083988033,10.14407411809668,10.312012016196487,4125184.79
2026-02-20,10.312012016196487,10.373522487099462,10.21789750205429,10.27921232496442,4776830.99
2026-02-21,10.27921232496442,10.315023398231983,10.093816902284582,10.129105026585796,4902432.1
2026-02-22,10.129105026585796,10.476150585779932,10.063888767146846,10.40913137622644,5318780.8
2026-02-23,10.40913137622644,10.599167420726507,10.026013139475154,10.212458594506415,4087873.09
2026-02-24,10.212458594506415,10.36170133261304,10.09202658777245,10.2409335307634,3803813.99
2026-02-25,10.2409335307634,10.42971956585196,10.131721307353521,10.319667698913861,6318296.93
2026-02-26,10.319667698913861,10.478384440119088,10.16002562160971,10.31872790882035,2093908.53
2026-02-27,10.31872790882035,10.341239996488188,10.096720477404707,10.118796379900655,4266416.64
2026-02-28,10.118796379900655,10.160581505706125,9.921426329980862,9.962566310567814,4676669.73
2026-03-01,9.962566310567814,10.08398576599108,9.92477980026468,10.045883247123143,6709373.15
2026-03-02,10.045883247123143,10.087975578289107,9.883247734576402,9.924832863667362,2773036.65
2026-03-03,9.924832863667362,10.025690072863583,9.510656240019438,9.608296775758797,3781232.88
2026-03-04,9.608296775758797,9.73623422552383,9.540536256832864,9.668052293212584,2991221.93
2026-03-05,9.668052293212584,9.824124146140695,9.383706574038618,9.537673719107735,2679192.47
2026-03-06,9.537673719107735,9.798632702476619,9.374553707500235,9.633867516808891,3990645.92
2026-03-07,9.633867516808891,9.813528628220974,9.425483672738059,9.604598957472472,5172509.49
2026-03-08,9.604598957472472,9.657703968256726,9.515272427125888,9.568176051174444,5677874.32
2026-03-09,9.568176051174444,9.683049442458557,9.46243497708217,9.577208547268345,3677070.31
2026-03-10,9.577208547268345,9.60475796941793,9.381609234476537,9.40867385635013,4961539.55
2026-03-11,9.40867385635013,9.468121115550602,9.229963129571475,9.288652049438035,3997442.78
2026-03-12,9.288652049438035,9.41006766774626,9.131022154369878,9.25195813207568,4827013.58
2026-03-13,9.25195813207568,9.340805256639195,9.00103656382976,9.088312186282845,5605248.2
2026-03-14,9.088312186282845,9.324550921083109,8.957144334983216,9.191888200011348,4000930.33
2026-03-15,9.191888200011348,9.349125493027318,8.992257126442198,9.148756606413311,5497690.64
2026-03-16,9.148756606413311,9.176858219599072,8.916511787206503,8.943984415586419,3101319.62
2026-03-17,8.943984415586419,9.112981300117728,8.699367847660968,8.866908377883211,4949131.74
2026-03-18,8.866908377883211,8.906649027204008,8.84240680538382,8.882105461213412,5438497.58
2026-03-19,8.882105461213412,9.056816804326663,8.647679495644304,8.821192682139024,5299629.05
2026-03-20,8.821192682139024,8.997492508956498,8.702306195243665,8.877842531027646,3123109.68
2026-03-21,8.877842531027646,8.984234621946072,8.853167452414779,8.959333048560483,3989363.82
2026-03-22,8.959333048560483,9.389354919834792,8.877934652231513,9.304817685464213,4529575.87
2026-03-23,9.304817685464213,9.538627229258275,9.242961562946732,9.475635551888363,4691947.0
2026-03-24,9.475635551888363,9.630792472493189,9.0851554180263,9.236394940548879,4323449.21
2026-03-25,9.236394940548879,9.292350804159355,9.129780857746466,9.185427953510427,6003730.92
2026-03-26,9.185427953510427,9.340402888716465,8.993830381025786,9.148176821644919,3037919.85
2026-03-27,9.148176821644919,9.30266866673061,9.0784480895232,9.232298745093203,3955163.01
2026-03-28,9.232298745093203,9.415140600327858,8.918860509998227,9.099063700319483,2754239.88
2026-03-29,9.099063700319483,9.16155028214942,8.962611533297899,9.024586654147525,4905694.77
2026-03-30,9.024586654147525,9.153902613677031,8.724214123147028,8.85104332927318,4824655.76
2026-03-31,8.85104332927318,8.99623130897101,8.62497364286814,8.768812754347996,9701062.03
2026-04-01,8.768812754347996,8.820516037265607,8.641182989457347,8.69243593406141,5428562.9
2026-04-02,8.69243593406141,8.721673841208418,8.621785409822035,8.650883551232477,4562751.36
2026-04-03,8.650883551232477,8.754023318212345,8.39099558211145,8.49224397594638,4476351.4
2026-04-04,8.49224397594638,8.747647067688701,8.371760917296283,8.625276618645895,3880375.0
2026-04-05,8.625276618645895,8.835769883117193,8.481139868526162,8.690542477109123,4339271.38
2026-04-06,8.690542477109123,8.750591961957788,8.437401243514197,8.496107229208047,4500312.17
2026-04-07,8.496107229208047,8.651091727984875,8.345716394181666,8.500620994146036,2569971.2
2026-04-08,8.500620994146036,8.657744769759953,8.141927873236169,8.29525571822874,4411933.03
2026-04-09,8.29525571822874,8.60877831132854,8.162321212580709,8.472995461315511,4307410.53
2026-04-10,8.472995461315511,8.710138926918845,8.4548908450642,8.691567278801767,6511617.21
2026-04-11,8.691567278801767,8.722595262785516,8.654029542576131,8.68503420416835,4063995.43
2026-04-12,8.68503420416835,8.858381167380642,8.399520576081896,8.570583180132584,3468416.63
2026-04-13,8.570583180132584,8.700950976515253,8.353664305991233,8.48269523207274,4491638.45
2026-04-14,8.48269523207274,8.59536450627307,8.311626266415693,8.423509419893929,4278795.49
2026-04-15,8.423509419893929,8.577023803322623,8.257151873716895,8.41042785189844,4065083.85
2026-04-16,8.41042785189844,8.617763565542663,8.387605765894234,8.594442148211868,3050597.04
2026-04-17,8.594442148211868,8.861857862160715,8.460086939904382,8.725454562779197,4039333.29
2026-04-18,8.725454562779197,8.98274326003781,8.60518118464081,8.860606915346827,3633827.71
2026-04-19,8.860606915346827,9.038901674790507,8.707602176948974,8.88546764198739,3978735.88
2026-04-20,8.88546764198739,9.02765534940846,8.587381396577195,8.727033801929377,5043613.71
2026-04-21,8.727033801929377,8.820664012983032,8.530688919182804,8.623205178330045,3548255.03
2026-04-22,8.623205178330045,8.660787862217697,8.594943208424295,8.632495444096225,3974012.96
2026-04-23,8.632495444096225,8.791067718774185,8.316623453017131,8.47225218273519,4808502.8
2026-04-24,8.47225218273519,8.647873259782404,8.338873174120186,8.513839539725085,3926443.11
2026-04-25,8.513839539725085,8.695788734579573,8.442194480304726,8.62322319755003,8063768.65
2026-04-26,8.62322319755003,8.8699095228497,8.453253359201938,8.698456777344608,4469609.97
2026-04-27,8.698456777344608,8.835458295979977,8.63234895847276,8.768815752557732,3079016.62
2026-04-28,8.768815752557732,8.844842183276153,8.442778381316455,8.516618236616472,3405047.33
2026-04-29,8.516618236616472,8.86787828748273,8.35016806516931,8.697885401102461,3320451.7
2026-04-30,8.697885401102461,8.819881936407144,8.368425243426227,8.48747049944929,3417222.05
