Date,Open,High,Low,Close,Volume
2020-01-01,1100.0,1112.7495988304308,1087.2504011695694,1100.0,166107.81
2020-01-02,1100.0,1122.9402320383235,1085.1992957197422,1108.0314629327875,286247.32
2020-01-03,1108.0314629327875,1126.233724799892,1074.285716337356,1092.2283718559834,198238.16
2020-01-04,1092.2283718559834,1106.2736988619301,1074.4397234595126,1088.4362867854243,191067.65
2020-01-05,1088.4362867854243,1109.4991771751234,1083.984075587865,1104.9792973617493,193806.99
2020-01-06,1104.9792973617493,1124.9455557236752,1087.0270005541913,1106.9610617317376,178966.92
2020-01-07,1106.9610617317376,1109.423340551662,1101.1626512862897,1103.6174928085284,248124.89
2020-01-08,1103.6174928085284,1127.960197022472,1087.3979850836643,1111.6230344530702,218415.45
2020-01-09,1111.6230344530702,1128.8781199822342,1098.9677289861304,1116.1710376378958,130016.51
2020-01-10,1116.1710376378958,1158.419513841053,1103.9905344942204,1145.9144283069277,229674.81
2020-01-11,1145.9144283069277,1164.3064551954867,1128.2514663638087,1146.6324261359962,190904.56
2020-01-12,1146.6324261359962,1159.3587891995028,1143.4283979886354,1156.1282269924623,201680.39
2020-01-13,1156.1282269924623,1166.9861146847607,1143.4612133591988,1154.3019493925271,108927.2
2020-01-14,1154.3019493925271,1176.1726377345522,1118.5792699805525,1140.1824342882035,180034.03
2020-01-15,1140.1824342882035,1148.9462568019374,1137.6194753608422,1146.3693905258524,173855.01
2020-01-16,1146.3693905258524,1166.766447719673,1105.5463992589885,1125.5734394166957,151367.37
2020-01-17,1125.5734394166957,1155.323456414199,1110.182426467792,1139.7387480203697,235389.43
2020-01-18,1139.7387480203697,1160.6478402145601,1100.600082822075,1121.1684941801625,119584.78
2020-01-19,1121.1684941801625,1124.3376889103295,1105.7573460242452,1108.8918384658662,383641.71
2020-01-20,1108.8918384658662,1127.2236847779943,1077.4882166732393,1095.6003320390105,136119.01
2020-01-21,1095.6003320390105,1117.0749238391793,1082.9299773085775,1104.303914270415,202450.08
2020-01-22,1104.303914270415,1111.451533830788,1081.9550927858254,1089.0036814162038,189908.91
2020-01-23,1089.0036814162038,1107.6042382247333,1077.5926053344326,1096.118608697543,241056.05
2020-01-24,1096.118608697543,1116.5239070339717,1066.768242538151,1087.0038611134303,273351.27
2020-01-25,1087.0038611134303,1097.7751844979432,1074.772639883358,1085.5293520837154,161445.47
2020-01-26,1085.5293520837154,1090.3746323765188,1073.543567063188,1078.356832683303,188088.83
2020-01-27,1078.356832683303,1114.0010319653798,1074.9285994722065,1110.4707046800588,161768.72
2020-01-28,1110.4707046800588,1112.9780968862622,1085.1673041020276,1087.6231074757484,141349.9
2020-01-29,1087.6231074757484,1100.8066507393899,1081.3125409808285,1094.4564361579826,181541.76
2020-01-30,1094.4564361579826,1107.4677575972378,1081.4369544066697,1094.4481776657751,178782.48
2020-01-31,1094.4481776657751,1103.5380549860536,1074.9004068745871,1083.9026993220648,180502.13
2020-02-01,1083.9026993220648,1108.7524359752078,1064.6627175561114,1089.4146141169515,163756.59
2020-02-02,1089.4146141169515,1107.0070957809698,1059.0876595485727,1076.4711224078026,195983.18
2020-02-03,1076.4711224078026,1087.6300400305604,1051.1583452388693,1062.1690042084263,218854.61
2020-02-04,1062.1690042084263,1068.6970204234065,1040.6626635782761,1047.098054795016,133149.1
2020-02-05,1047.098054795016,1058.2232062786206,1037.186910287821,1048.3006785227428,210015.23
2020-02-06,1048.3006785227428,1062.434370132051,1026.5230568024629,1040.5522808042776,265956.23
2020-02-07,1040.5522808042776,1043.068284377746,1026.9099036207658,1029.3989389693497,130846.9
2020-02-08,1029.3989389693497,1052.5782621659932,1010.8634988187501,1033.960682887237,187099.28
2020-02-09,1033.960682887237,1062.6295022959328,1019.7072311381547,1048.1800326335326,201657.22
2020-02-10,1048.1800326335326,1068.4371237325565,1009.8780939271253,1029.7795784849575,218938.77
2020-02-11,1029.7795784849575,1048.6190108663395,1015.4081231924059,1034.186059362126,225221.6
2020-02-12,1034.186059362126,1050.010145603304,1025.3657037565397,1041.130561795585,243241.01
2020-02-13,1041.130561795585,1068.5015335452301,1030.8389743827604,1058.0427687745841,186222.65
2020-02-14,1058.0427687745841,1060.2914171895388,1052.0809041555492,1054.321644098984,140278.34
2020-02-15,1054.321644098984,1078.360254245891,1051.126916134374,1075.1025574847135,164591.18
2020-02-16,1075.1025574847135,1087.3117713479205,1070.9593883332298,1083.1376370632893,258215.64
2020-02-17,1083.1376370632893,1092.975771347653,1048.3790180413018,1057.988724869354,144465.21
2020-02-18,1057.988724869354,1069.7167331480198,1050.4088176269056,1062.1073184481077,204931.4
2020-02-19,1062.1073184481077,1071.8924166070647,1052.2098246736393,1061.9938777134216,222348.08
2020-02-20,1061.9938777134216,1085.3360293715482,1052.1069294910405,1075.324971363385,209764.03
2020-02-21,1075.324971363385,1100.581670008808,1066.3819052329504,1091.5040486859632,227082.03
2020-02-22,1091.5040486859632,1103.7815235217738,1066.2544103740083,1078.3843115542925,178577.33
2020-02-23,1078.3843115542925,1111.407093175474,1058.0668425700062,1090.8546743622094,175493.6
2020-02-24,1090.8546743622094,1103.3020482140707,1076.7801987978453,1089.2087920430647,283423.44
2020-02-25,1089.2087920430647,1107.46799014156,1061.5711787441853,1079.6704791761965,294732.63
2020-02-26,1079.6704791761965,1117.2540099751106,1062.362420648889,1099.626046318683,258413.67
2020-02-27,1099.626046318683,1110.087994329967,1082.7926215948596,1093.193368490329,206491.44
2020-02-28,1093.193368490329,1100.6644196026643,1086.2912507266349,1093.758732289762,155859.43
2020-02-29,1093.758732289762,1096.5698022146914,1090.0475056304026,1092.8562561007777,186253.02
2020-03-01,1092.8562561007777,1103.3725948402523,1089.575180170132,1100.0698615442745,174275.11
2020-03-02,1100.0698615442745,1125.2321938575724,1093.531974079053,1118.5842723494593,237020.43
2020-03-03,1118.5842723494593,1161.8661568066066,1098.6859223778213,1141.5591104318405,198454.19
2020-03-04,1141.5591104318405,1159.2398661649493,1137.109788265697,1154.7391735996143,208283.46
2020-03-05,1154.7391735996143,1174.2050549066314,1111.555187626025,1130.614388168682,178507.86
2020-03-06,1130.614388168682,1163.4152976487567,1119.0481798601686,1151.6340576912407,96478.68
2020-03-07,1151.6340576912407,1176.2948974692429,1135.9487835970442,1160.4890186664052,249897.96
2020-03-08,1160.4890186664052,1182.1296412888978,1155.1638260903992,1176.7299232815496,177123.51
2020-03-09,1176.7299232815496,1195.901619923448,1153.315087943484,1172.4165089257913,229289.67
2020-03-10,1172.4165089257913,1176.654887396833,1168.127536477126,1172.3657313833326,165406.37
2020-03-11,1172.3657313833326,1200.1159988584527,1158.9841141519562,1186.5722258542485,270023.59
2020-03-12,1186.5722258542485,1221.7677228950438,1181.9977790192765,1217.0756798232615,157470.59
2020-03-13,1217.0756798232615,1241.397759818477,1195.908983283913,1220.1771246921842,176830.58
2020-03-14,1220.1771246921842,1235.5408410482219,1186.2053259721843,1201.3317530538898,180719.64
2020-03-15,1201.3317530538898,1224.8182953774526,1187.1299472072742,1210.5080103993337,123454.97
2020-03-16,1210.5080103993337,1218.870503739497,1199.4682154373977,1207.8120846454042,199450.7
2020-03-17,1207.8120846454042,1221.3378699484952,1178.6842334372795,1192.0333189039643,221364.58
2020-03-18,1192.0333189039643,1194.8605018961105,1187.3708023244496,1190.1936220495838,199914.01
2020-03-19,1190.1936220495838,1210.2429744872177,1177.5117648563614,1197.4834421529074,321282.29
2020-03-20,1197.4834421529074,1220.6719349763591,1190.4681505001129,1213.56244669223,144053.74
2020-03-21,1213.56244669223,1235.4765260366696,1184.5736700219054,1206.357647666225,116955.26
2020-03-22,1206.357647666225,1214.6837362016615,1191.560497318033,1199.8416132205198,133640.01
2020-03-23,1199.8416132205198,1213.2834594346698,1185.0194430249603,1198.4456502418686,183825.24
2020-03-24,1198.4456502418686,1227.8347650858257,1195.9809800120663,1225.314836877169,242907.17
2020-03-25,1225.314836877169,1265.4480185962477,1206.479677838968,1246.2904292677197,188027.7
2020-03-26,1246.2904292677197,1261.4436947971112,1240.193047815507,1255.3022238231604,159117.86
2020-03-27,1255.3022238231604,1289.0288015651915,1230.2238188083454,1263.7810075629095,261709.59
2020-03-28,1263.7810075629095,1272.9696862670296,1249.780017339647,1258.9334505035572,174868.1
2020-03-29,1258.9334505035572,1289.1195018105977,1241.33623913916,1271.3487509583365,127678.48
2020-03-30,1271.3487509583365,1295.8590855762452,1231.509369352704,1255.7183657489807,231051.3
2020-03-31,1255.7183657489807,1283.1692574120966,1236.1121087489835,1263.4424005894873,211501.34
2020-04-01,1263.4424005894873,1273.9227226564713,1221.5222551279708,1231.739600780463,191015.62
2020-04-02,1231.739600780463,1254.617918166102,1184.3381535472156,1206.7523581718212,269979.53
2020-04-03,1206.7523581718212,1213.7855315046072,1171.052046146618,1177.9171626891762,175365.68
2020-04-04,1177.9171626891762,1222.419683596881,1162.108898342383,1206.2314270151264,193046.38
2020-04-05,1206.2314270151264,1224.8202623669117,1185.4177291067515,1203.9717411842325,141038.02
2020-04-06,1203.9717411842325,1214.1142354365568,1173.848592072824,1183.8213353514752,150957.3
2020-04-07,1183.8213353514752,1241.4746321814455,1163.7403255009283,1220.7669191203363,159890.82
2020-04-08,1220.7669191203363,1233.591764014065,1196.372129660694,1209.0741352663038,214053.82
2020-04-09,1209.0741352663038,1238.5369637130682,1187.90641472984,1217.226516341847,152007.48
2020-04-10,1217.226516341847,1224.362111009893,1198.3770951937688,1205.4436164423914,175706.62
2020-04-11,1205.4436164423914,1239.727747769096,1183.5991144143647,1217.6618327709987,170243.33
2020-04-12,1217.6618327709987,1231.780758658417,1203.4530859887132,1217.5709581749709,177645.43
2020-04-13,1217.5709581749709,1229.401673561247,1194.6161167971368,1206.3376823318472,148691.72
2020-04-14,1206.3376823318472,1213.8609762911162,1179.0000537280337,1186.3990006110714,170920.39
2020-04-15,1186.3990006110714,1190.973159695005,1171.4728791586754,1176.0069717953315,134937.96
2020-04-16,1176.0069717953315,1184.5233798961644,1152.973305154568,1161.3838152703754,178222.88
2020-04-17,1161.3838152703754,1172.0195179774641,1125.6907139439552,1136.0948255326937,178735.92
2020-04-18,1136.0948255326937,1161.4138928038897,1121.5707398338138,1146.753543711506,183295.83
2020-04-19,1146.753543711506,1180.5473619951342,1129.5294534492741,1163.078079314482,207019.97
2020-04-20,1163.078079314482,1166.2994367397846,1150.1101247533481,1153.3044122203858,282946.0
2020-04-21,1153.3044122203858,1175.3624435070858,1102.1588736215738,1123.6497312517154,118898.26
2020-04-22,1123.6497312517154,1136.2236593659336,1116.373609616575,1128.9134528398672,164057.78
2020-04-23,1128.9134528398672,1147.3255616659155,1112.8659084120138,1131.2448759761999,143263.49
2020-04-24,1131.2448759761999,1149.933604433958,1098.7857551695363,1117.2431684492342,194586.26
2020-04-25,1117.2431684492342,1127.8699678408698,1105.9181227007207,1116.538216856316,214850.48
2020-04-26,1116.538216856316,1127.5683533292504,1067.9878539885854,1078.643634791965,132905.14
2020-04-27,1078.643634791965,1081.963812657048,1075.5579217407972,1078.8774307776398,194901.67
2020-04-28,1078.8774307776398,1088.9611956320832,1066.8616523508858,1076.9271892056884,223475.92
2020-04-29,1076.9271892056884,1115.8513875643414,1056.607195947672,1095.1868617996506,200177.84
2020-04-30,1095.1868617996506,1108.309762970015,1085.7178165925293,1098.8093971253297,165428.6
2020-05-01,1098.8093971253297,1120.158457675489,1078.8645163341937,1100.1885435070906,213140.32
2020-05-02,1100.1885435070906,1144.2833089253234,1084.1081167994732,1127.7993213086252,168882.11
2020-05-03,1127.7993213086252,1148.0181980678697,1096.7168522113266,1116.7374141341843,225728.26
2020-05-04,1116.7374141341843,1122.9080938492036,1090.014614068674,1096.071099338446,196587.06
2020-05-05,1096.071099338446,1124.4038920374867,1080.685509293601,1108.8390774181103,171722.37
2020-05-06,1108.8390774181103,1127.8812000923144,1104.6367005310274,1123.6227945600588,131430.34
2020-05-07,1123.6227945600588,1151.2148138948044,1111.5179071598384,1138.9448605274533,180774.21
2020-05-08,1138.9448605274533,1156.0708277220467,1118.6676152072423,1135.745474203515,137695.91
2020-05-09,1135.745474203515,1141.3235844736844,1120.2427471451745,1125.771872982949,137166.86
2020-05-10,1125.771872982949,1147.451581246047,1087.1071425766543,1108.4533367213905,165000.56
2020-05-11,1108.4533367213905,1120.0441683297256,1084.8256009232807,1096.2892354317978,176609.46
2020-05-12,1096.2892354317978,1107.3133956999268,1065.0600250802172,1075.8789417489315,133533.77
2020-05-13,1075.8789417489315,1095.1883814926216,1050.8666359676529,1070.0718524227566,172715.58
2020-05-14,1070.0718524227566,1111.838152337089,1051.3632215263353,1092.7333190604847,169613.82
2020-05-15,1092.7333190604847,1112.95095569969,1065.321425017478,1085.4034451016407,154934.03
2020-05-16,1085.4034451016407,1102.561664653244,1070.1466105019504,1087.2784739505337,168811.94
2020-05-17,1087.2784739505337,1110.1374109582694,1072.1483416068902,1094.9012037556686,211476.62
2020-05-18,1094.9012037556686,1101.6185513153227,1083.3827405858337,1090.0704509090558,163373.55
2020-05-19,1090.0704509090558,1106.8148479862161,1068.4864334953495,1085.1553301927988,208162.77
2020-05-20,1085.1553301927988,1117.4963801290805,1070.8450588715268,1102.9514263095482,176448.37
2020-05-21,1102.9514263095482,1114.7013679917268,1093.9344421781568,1105.662222228192,232194.42
2020-05-22,1105.662222228192,1143.3423521680288,1084.2139136534383,1121.5851607429652,220497.24
2020-05-23,1121.5851607429652,1168.2959766641384,1109.526233369095,1155.8684462941962,170687.91
2020-05-24,1155.8684462941962,1173.2303080489608,1126.2600084193682,1143.4351138000782,151829.54
2020-05-25,1143.4351138000782,1159.4287976860708,1125.366869796306,1141.331124340919,203204.35
2020-05-26,1141.331124340919,1143.8301680652537,1136.573412611025,1139.0674999329187,157876.04
2020-05-27,1139.0674999329187,1150.7101323245383,1120.5544370633038,1132.126120251362,121649.33
2020-05-28,1132.126120251362,1146.7596057577412,1111.5767711449314,1126.1327888438661,216337.29
2020-05-29,1126.1327888438661,1169.2084113312317,1103.6118480940352,1146.2844676940933,154455.18
2020-05-30,1146.2844676940933,1153.3284715872217,1140.807505203328,1147.8440573562286,107277.58
2020-05-31,1147.8440573562286,1201.349562182117,1131.4584509137424,1184.4415226965568,176593.95
2020-06-01,1184.4415226965568,1196.119025448646,1166.924826771125,1178.5441872258789,227458.83
2020-06-02,1178.5441872258789,1213.7652451404583,1166.2056872180806,1201.1896634755515,155327.01
2020-06-03,1201.1896634755515,1234.1222606698075,1195.3637075750062,1228.1654679397682,165000.72
2020-06-04,1228.1654679397682,1242.3412306163889,1212.862057966623,1227.0246531012217,203898.11
2020-06-05,1227.0246531012217,1237.5633505868373,1223.558050548762,1234.0768241688206,160645.68
2020-06-06,1234.0768241688206,1259.7784995902716,1222.4099828280748,1247.9802169370016,175386.57
2020-06-07,1247.9802169370016,1259.5856132264087,1227.8939859150798,1239.4197757240797,225139.2
2020-06-08,1239.4197757240797,1272.2237854255336,1233.0697604543666,1265.7389272098758,213220.99
2020-06-09,1265.7389272098758,1291.0001923476423,1228.037141030203,1253.045065612069,190474.26
2020-06-10,1253.045065612069,1271.6197387616542,1226.5609970929181,1245.0166601514572,118652.61
2020-06-11,1245.0166601514572,1268.9230726474054,1213.4541487514193,1237.210673177177,208299.72
2020-06-12,1237.210673177177,1259.9221431687079,1218.2011456290302,1240.856596638524,163067.55
2020-06-13,1240.856596638524,1259.6888760798256,1227.3430339514978,1246.118013869418,203438.57
2020-06-14,1246.118013869418,1262.3542213976637,1220.2262386120697,1236.3349787685365,123192.07
2020-06-15,1236.3349787685365,1242.5442504224054,1228.517037695831,1234.7181893133775,227553.59
2020-06-16,1234.7181893133775,1240.586466397776,1211.902126123083,1217.6894703743935,145888.08
2020-06-17,1217.6894703743935,1249.0632976531176,1204.5942816083275,1235.7736295198183,200480.24
2020-06-18,1235.7736295198183,1253.8011399664172,1228.7853133122412,1246.7507480087058,227298.77
2020-06-19,1246.7507480087058,1266.5246216889973,1221.7737440137196,1241.4637644089676,198471.26
2020-06-20,1241.4637644089676,1250.5825295765128,1229.5117036920526,1238.6095038240103,198243.78
2020-06-21,1238.6095038240103,1243.034089781148,1224.0845783160544,1228.472954285619,184015.27
2020-06-22,1228.472954285619,1243.8746426598573,1199.1278906542373,1214.3525477800813,132689.86
2020-06-23,1214.3525477800813,1228.9224394581888,1183.7363036039544,1198.111331973665,250714.69
2020-06-24,1198.111331973665,1206.1395916164138,1176.4542439300067,1184.3905639631828,236708.64
2020-06-25,1184.3905639631828,1204.0496140857624,1179.2767092504391,1198.8732274354097,163580.39
2020-06-26,1198.8732274354097,1230.8837214633982,1182.911593794578,1214.7112229239203,76399.05
2020-06-27,1214.7112229239203,1233.328308350293,1175.8260788222215,1194.1276939457507,231511.88
2020-06-28,1194.1276939457507,1211.3005250613585,1187.675215268735,1204.7904302025188,114178.9
2020-06-29,1204.7904302025188,1223.3757509334532,1168.2816241214211,1186.586121813246,205611.92
2020-06-30,1186.586121813246,1214.706740989954,1170.2116488126683,1198.1723816603883,150025.64
2020-07-01,1198.1723816603883,1218.6966311813267,1179.071892515413,1199.5738015075692,202961.92
2020-07-02,1199.5738015075692,1203.3527415507137,1188.131171188801,1191.885892507653,139927.9
2020-07-03,1191.885892507653,1221.9574691291355,1168.776467771279,1198.7156230387786,180250.5
2020-07-04,1198.7156230387786,1236.2489405549945,1182.0870811973275,1219.3343760814043,117492.52
2020-07-05,1219.3343760814043,1227.452537630976,1183.1584280969087,1191.0885326833472,180687.73
2020-07-06,1191.0885326833472,1229.8695013872587,1169.900555695229,1208.3740368740976,179801.28
2020-07-07,1208.3740368740976,1223.4223494106222,1181.5956695367415,1196.4960614116117,215391.09
2020-07-08,1196.4960614116117,1224.1809835766962,1190.6456162262025,1218.2242949664333,159711.89
2020-07-09,1218.2242949664333,1253.0629991247044,1197.0923219673657,1231.6973158679423,193194.8
2020-07-10,1231.6973158679423,1250.1719092994579,1196.3877430594353,1214.6059784507775,163010.92
2020-07-11,1214.6059784507775,1223.1640275294983,1197.3967808638304,1205.8934418735387,201612.44
2020-07-12,1205.8934418735387,1227.6323355386578,1191.6783098689682,1213.3295463636803,198489.32
2020-07-13,1213.3295463636803,1239.2664451990136,1202.1846152811856,1227.9868804722769,224273.96
2020-07-14,1227.9868804722769,1238.11523924642,1225.3803455257819,1235.492772232987,134260.58
2020-07-15,1235.492772232987,1254.8629863294207,1222.3973839797188,1241.7017867195834,175932.19
2020-07-16,1241.7017867195834,1249.4512249681352,1224.2279323875325,1231.9162995890251,193234.63
2020-07-17,1231.9162995890251,1238.4697530471076,1226.028347571341,1232.5786353911221,283664.27
2020-07-18,1232.5786353911221,1237.099223885166,1227.0652387683078,1231.5821726492698,295487.92
2020-07-19,1231.5821726492698,1238.9983679144013,1201.432659063004,1208.7111322129904,128137.17
2020-07-20,1208.7111322129904,1232.977304271364,1189.7693230984144,1213.953344034803,154352.95
2020-07-21,1213.953344034803,1224.2202135677023,1198.2850158518145,1208.5058135276126,96375.85
2020-07-22,1208.5058135276126,1235.2521715803414,1203.063759270554,1229.714611428638,311692.25
2020-07-23,1229.714611428638,1254.364627689909,1223.5017325946935,1248.0590672854169,194873.89
2020-07-24,1248.0590672854169,1268.2849203605267,1230.9084078416668,1251.0925748645902,208119.66
2020-07-25,1251.0925748645902,1280.4606901104103,1239.5059957652663,1268.7109443234745,166320.06
2020-07-26,1268.7109443234745,1295.5724555021084,1251.9692497791837,1278.6989607857897,179826.91
2020-07-27,1278.6989607857897,1282.4576956765682,1274.7257952872712,1278.4838980011127,238717.91
2020-07-28,1278.4838980011127,1297.8050434539796,1237.1063031393096,1256.0890047600813,138574.09
2020-07-29,1256.0890047600813,1280.3681847526595,1229.482107128,1253.7154074121972,135733.36
2020-07-30,1253.7154074121972,1273.972443272733,1228.4359662890467,1248.610519395517,169488.57
2020-07-31,1248.610519395517,1267.3286846613914,1228.3232998608457,1247.0175851367228,180448.09
2020-08-01,1247.0175851367228,1253.9698097114358,1236.6452539898828,1243.5783042938558,206812.31
2020-08-02,1243.5783042938558,1272.8073627352737,1232.0116538354648,1261.0779462962525,180888.3
2020-08-03,1261.0779462962525,1286.7513055983811,1255.0216822151085,1280.6012816706557,145727.28
2020-08-04,1280.6012816706557,1300.7291263098352,1252.9092275194882,1272.9162832317436,163657.53
2020-08-05,1272.9162832317436,1292.467597381305,1232.8220982133778,1252.0529629074356,188142.51
2020-08-06,1252.0529629074356,1257.333559026066,1231.8003461495596,1237.017529574597,212322.47
2020-08-07,1237.017529574597,1275.975243006772,1217.9501497912024,1256.6059277866295,231089.86
2020-08-08,1256.6059277866295,1287.566861359479,1241.1747844266245,1271.9473253617425,168057.71
2020-08-09,1271.9473253617425,1296.9449889404625,1229.364568416501,1254.0097027300476,150820.45
2020-08-10,1254.0097027300476,1278.8550186929099,1206.8587720682112,1231.2532207175489,143800.31
2020-08-11,1231.2532207175489,1235.5051787819218,1218.0590596266156,1222.2800300519134,240965.91
2020-08-12,1222.2800300519134,1271.6419947292693,1201.424585365142,1250.3083108135831,161400.28
2020-08-13,1250.3083108135831,1263.198288743733,1244.1950276517653,1257.052032689521,148715.74
2020-08-14,1257.052032689521,1272.008017933268,1238.5531082709965,1253.466433250164,187682.28
2020-08-15,1253.466433250164,1267.3703513767662,1237.7468582960132,1251.6304105729157,269491.77
2020-08-16,1251.6304105729157,1260.3039350881197,1214.0628422223635,1222.5347401161132,142861.33
2020-08-17,1222.5347401161132,1240.8702649930995,1199.9270223995522,1218.1974974931657,208673.74
2020-08-18,1218.1974974931657,1251.8750867921017,1204.011193756363,1237.4644135878254,160647.65
2020-08-19,1237.4644135878254,1253.7961691625428,1215.2352013932602,1231.4880828019352,185069.16
2020-08-20,1231.4880828019352,1249.2711493698087,1210.125173321684,1227.8557884421614,220466.44
2020-08-21,1227.8557884421614,1244.5256377815842,1216.4605233121556,1233.0818713528759,243948.03
2020-08-22,1233.0818713528759,1236.4680649202107,1212.590260656037,1215.9293513063683,157678.25
2020-08-23,1215.9293513063683,1229.2702929124716,1207.8572889991135,1221.1634833234598,217142.89
2020-08-24,1221.1634833234598,1227.4661366390264,1202.4290019754765,1208.6671594243298,191009.02
2020-08-25,1208.6671594243298,1227.474269463879,1182.5538348678826,1201.2454617626174,199069.19
2020-08-26,1201.2454617626174,1209.0455768203565,1187.9222138699083,1195.6862308593857,245149.67
2020-08-27,1195.6862308593857,1205.93831189926,1179.9582572858692,1190.1629807445322,150702.72
2020-08-28,1190.1629807445322,1203.7792179984533,1178.226009716608,1191.8255716913577,218475.15
2020-08-29,1191.8255716913577,1212.127887932471,1170.5724542698247,1190.8582932740094,187199.36
2020-08-30,1190.8582932740094,1211.3419186155206,1167.83446035326,1188.2736275722839,241994.65
2020-08-31,1188.2736275722839,1197.3208466687229,1181.193312135007,1190.2288808759818,199432.41
2020-09-01,1190.2288808759818,1201.357865715725,1165.8623738676552,1176.8664157877822,173327.04
2020-09-02,1176.8664157877822,1184.3983039819448,1138.19294160963,1145.524241402197,223802.76
2020-09-03,1145.524241402197,1167.9457271452236,1123.1080549416333,1145.5294389759588,156178.53
2020-09-04,1145.5294389759588,1158.813661147111,1122.6347303061998,1135.806196127468,162854.78
2020-09-05,1135.806196127468,1144.7418901950691,1133.5181512139252,1142.4404807293781,149182.29
2020-09-06,1142.4404807293781,1146.5889539694142,1130.5543869865282,1134.6746606860368,153893.58
2020-09-07,1134.6746606860368,1154.4269166740503,1088.7783954018328,1108.0674773052685,90845.88
2020-09-08,1108.0674773052685,1118.2230095738848,1096.3838269017992,1106.5252242909303,158425.35
2020-09-09,1106.5252242909303,1141.882442734711,1086.2799435141642,1121.3656377923996,176722.5
2020-09-10,1121.3656377923996,1141.6016794935608,1105.735595849337,1125.908319834616,217683.54
2020-09-11,1125.908319834616,1138.9670318046788,1093.2897335771822,1106.1189205847666,142983.51
2020-09-12,1106.1189205847666,1124.5571149578118,1079.2906541819293,1097.5866213598417,158830.79
2020-09-13,1097.5866213598417,1114.2111633625905,1074.3596878124795,1090.882689032579,172238.43
2020-09-14,1090.882689032579,1104.489353416614,1074.911531305614,1088.4883306721242,217963.37
2020-09-15,1088.4883306721242,1092.3301186542528,1076.799406573379,1080.6134002169463,188282.99
2020-09-16,1080.6134002169463,1098.3836761833472,1039.76928894046,1057.1537803901172,197665.88
2020-09-17,1057.1537803901172,1075.087409595381,1037.543707372793,1055.4484064984442,224413.67
2020-09-18,1055.4484064984442,1094.1718001250533,1036.3578811301898,1074.7324723463673,204114.11
2020-09-19,1074.7324723463673,1078.8486145062207,1061.9834391932727,1066.066390932266,154819.26
2020-09-20,1066.066390932266,1086.8532968877605,1029.1929582283549,1049.6599601548544,276043.56
2020-09-21,1049.6599601548544,1079.288277692555,1039.2945358697102,1068.73449182244,111887.51
2020-09-22,1068.73449182244,1101.445011789753,1062.4063057467915,1094.9615302867692,225322.69
2020-09-23,1094.9615302867692,1111.1601478125506,1073.372593513933,1089.490270437482,200931.17
2020-09-24,1089.490270437482,1110.2930354685984,1072.1225335507247,1092.871399468662,245675.71
2020-09-25,1092.871399468662,1098.2325943344117,1090.6749529070084,1096.0298000377238,169807.66
2020-09-26,1096.0298000377238,1117.1638704587292,1087.4243562462948,1108.4608248635855,158996.51
2020-09-27,1108.4608248635855,1120.0226424008824,1081.7368852132238,1093.1388870444453,136654.85
2020-09-28,1093.1388870444453,1112.0320934276804,1073.9639117115112,1092.8521625068252,137976.93
2020-09-29,1092.8521625068252,1095.429744657843,1075.5690216265007,1078.111837502688,172639.39
2020-09-30,1078.111837502688,1099.7396300266278,1061.3678731292885,1082.920975776791,145828.63
2020-10-01,1082.920975776791,1124.5388127220729,1062.5998893883536,1103.825452396029,150670.73
2020-10-02,1103.825452396029,1129.588541929391,1082.909415611858,1108.582367869613,138088.74
2020-10-03,1108.582367869613,1115.292535420103,1090.2929753665203,1096.932627897651,233092.67
2020-10-04,1096.932627897651,1125.4324759886354,1082.5475596210988,1110.8647038173842,150251.12
2020-10-05,1110.8647038173842,1122.6183900830074,1090.829368572796,1102.4944924436236,199016.0
2020-10-06,1102.4944924436236,1123.717009365801,1088.061648232368,1109.1964295559385,174410.62
2020-10-07,1109.1964295559385,1122.3253234196225,1085.5512393781953,1098.5541671552558,196313.18
2020-10-08,1098.5541671552558,1118.6394396075477,1060.7391907027775,1080.4942673217995,168574.33
2020-10-09,1080.4942673217995,1096.9046540708055,1054.0953635785356,1070.3517066192237,218476.52
2020-10-10,1070.3517066192237,1083.0123707087398,1022.5001115003454,1034.739536741422,209839.42
2020-10-11,1034.739536741422,1055.3851351566761,1000.4935969934581,1020.862310620377,243545.66
2020-10-12,1020.862310620377,1068.6340045819456,1001.5707480045253,1048.814225659545,152587.93
2020-10-13,1048.814225659545,1053.7383780747207,1007.6820674759927,1012.4354224637162,145658.27
2020-10-14,1012.4354224637162,1026.0467891137366,979.4194530716475,992.766385599279,163326.29
2020-10-15,992.766385599279,1033.965588475117,974.0575856177602,1014.8407936622351,185178.63
2020-10-16,1014.8407936622351,1032.306761708383,985.5368190788018,1002.7954806654321,205345.75
2020-10-17,1002.7954806654321,1020.9387882489593,979.7869258380624,997.8405858489461,153895.22
2020-10-18,997.8405858489461,1010.9130494275028,984.6897228838623,997.761145737093,189224.6
2020-10-19,997.761145737093,1001.1592428297494,974.0964313784531,977.4252701320115,171964.91
2020-10-20,977.4252701320115,992.7215512012331,975.1710290282211,990.4373003828063,168411.66
2020-10-21,990.4373003828063,997.7955816648225,981.7022260767158,989.0502021542252,179606.93
2020-10-22,989.0502021542252,1002.0006060086313,968.4544877124864,981.3034574103947,261961.8
2020-10-23,981.3034574103947,1011.6521734920087,962.9937403492032,993.121940463848,219334.73
2020-10-24,993.121940463848,1002.1554209736353,967.8829783142766,976.7676999385552,233976.61
2020-10-25,976.7676999385552,990.3310722635848,963.7936050840755,977.3492528269576,197071.58
2020-10-26,977.3492528269576,988.6913856381357,953.8770311312855,965.0767415148349,279568.36
2020-10-27,965.0767415148349,971.1066325918123,944.1447973061465,950.0809935264374,224847.54
2020-10-28,950.0809935264374,981.8444122360022,942.8168051381385,974.3943274460877,126038.67
2020-10-29,974.3943274460877,984.5565444720082,965.9004868041028,976.0482861947357,215908.77
2020-10-30,976.0482861947357,1003.4185196958114,960.6637824089985,987.8480280084796,195892.13
2020-10-31,987.8480280084796,1001.7113791752846,967.7538748069868,981.5285389556985,210293.24
2020-11-01,981.5285389556985,991.8738472444339,958.8178676513127,969.0314567253216,123712.92
2020-11-02,969.0314567253216,988.2609893493943,913.4368854320445,931.9301774993012,124840.07
2020-11-03,931.9301774993012,938.800753004628,921.4872245564837,928.3312674050337,175773.02
2020-11-04,928.3312674050337,942.4392558763008,895.4760882218637,909.294776303908,116047.07
2020-11-05,909.294776303908,914.1112809614492,905.6654949835453,910.4772798974839,214602.2
2020-11-06,910.4772798974839,919.7005287041401,886.8370443664921,895.9127526895404,186776.43
2020-11-07,895.9127526895404,915.7229291051169,881.5717514035676,901.2957612450165,292919.18
2020-11-08,901.2957612450165,934.8226718782296,891.7359347861775,925.0113004230986,197668.76
2020-11-09,925.0113004230986,970.5728883016384,913.4071531396437,958.5480271136674,214095.36
2020-11-10,958.5480271136674,972.7275273919018,948.3872290117164,962.5245770762184,208033.94
2020-11-11,962.5245770762184,968.3604592177944,956.6602849931878,962.4959938317126,183567.75
2020-11-12,962.4959938317126,979.5133139137042,937.2949065396822,954.164930030057,185371.69
2020-11-13,954.164930030057,967.4744558851546,931.7685617166248,944.9495433085937,177479.17
2020-11-14,944.9495433085937,959.4810401193096,919.8467148917327,934.213106057628,99118.72
2020-11-15,934.213106057628,970.0481659477842,916.3845158172048,951.882374122273,238295.63
2020-11-16,951.882374122273,965.6498341219294,933.6125177985241,947.313902139046,238889.88
2020-11-17,947.313902139046,976.56962387768,944.3114023234781,973.4841776941234,223387.57
2020-11-18,973.4841776941234,986.4597545511252,949.4743535960791,962.3008680469655,184039.26
2020-11-19,962.3008680469655,972.9739303710933,950.0526442779576,960.7080402453746,174023.5
2020-11-20,960.7080402453746,966.4600304604502,939.9678989609982,945.6296109917638,135550.72
2020-11-21,945.6296109917638,964.1525998828016,933.6400864728365,952.0812754829216,131621.51
2020-11-22,952.0812754829216,965.5195893678568,936.3599382794245,949.7655666969172,155160.35
2020-11-23,949.7655666969172,961.2241165918139,938.0185718461869,949.4735992683118,189382.56
2020-11-24,949.4735992683118,953.9912829030075,941.3908586307724,945.891498296102,197615.6
2020-11-25,945.891498296102,965.4312579433148,933.1873404873729,952.6365086908202,158253.55
2020-11-26,952.6365086908202,963.1535171598675,950.3054792093918,960.8025061004361,129936.94
2020-11-27,960.8025061004361,975.723849615905,956.123600477611,970.9953072008378,152370.49
2020-11-28,970.9953072008378,986.8883409701658,943.9886571205028,959.696758779162,174711.45
2020-11-29,959.696758779162,974.107211111418,949.3155698189902,963.682903405445,121819.05
2020-11-30,963.682903405445,975.8543397546824,945.6913085792575,957.7882952861129,188424.36
2020-12-01,957.7882952861129,981.9129728131709,950.0248495776773,974.0179758583814,269341.86
2020-12-02,974.0179758583814,989.0709001445467,962.1451582049411,977.1597853222747,147251.11
2020-12-03,977.1597853222747,983.593702620535,974.539166730409,980.9628845988314,305753.0
2020-12-04,980.9628845988314,983.3464113217419,975.2924912975277,977.6680121962183,150929.91
2020-12-05,977.6680121962183,995.5299343775116,950.1549175235793,967.837232080174,170243.18
2020-12-06,967.837232080174,975.7709407883651,960.9134738848005,968.840008882503,203113.77
2020-12-07,968.840008882503,1000.1751539262339,952.8882605217997,983.9742238771018,177928.19
2020-12-08,983.9742238771018,995.0867162917642,963.6120583260739,974.6188965462687,117816.4
2020-12-09,974.6188965462687,994.3486403215092,971.3493376385726,991.0240469732735,191622.71
2020-12-10,991.0240469732735,1001.3743002033082,987.9227784497529,998.250417782176,183532.89
2020-12-11,998.250417782176,1001.3615345082641,970.18924561922,973.2223606678502,168551.73
2020-12-12,973.2223606678502,983.9701810985852,951.5748486380921,962.2009537162029,183255.08
2020-12-13,962.2009537162029,998.3030821631495,954.4980653736045,990.3746496314754,201042.92
2020-12-14,990.3746496314754,1009.7894431824035,969.5899923001093,988.9773947881386,144209.27
2020-12-15,988.9773947881386,992.8691346804071,974.0718840404912,977.9201122531518,205805.49
2020-12-16,977.9201122531518,986.8600363045002,958.5306353040183,967.374150563511,154567.17
2020-12-17,967.374150563511,969.5513307542418,963.6576049682318,965.8313128357292,264222.02
2020-12-18,965.8313128357292,989.8965428887005,953.2280914307046,977.1456792780084,233456.02
2020-12-19,977.1456792780084,980.7620107324799,969.5177449516874,973.1191746616138,140303.46
2020-12-20,973.1191746616138,986.989272776974,950.0564413372348,963.7936201145363,244801.76
2020-12-21,963.7936201145363,978.1908810731255,922.8618068188749,936.8566806493358,199301.01
2020-12-22,936.8566806493358,955.3587522757955,908.0201286352841,926.313991695603,205511.77
2020-12-23,926.313991695603,931.854233201399,912.8352886405945,918.3277648900961,172017.54
2020-12-24,918.3277648900961,934.8885585895089,905.6392682514949,922.1472877618093,165215.32
2020-12-25,922.1472877618093,933.9173097096643,915.2274792288921,926.9613761774776,168232.4
2020-12-26,926.9613761774776,951.0356206093651,920.0279422816686,943.9749296868646,141837.48
2020-12-27,943.9749296868646,960.4181929836421,913.8679504354258,930.0689836421737,112754.02
2020-12-28,930.0689836421737,948.5318590987464,913.3022323857178,931.7350725452318,153467.59
2020-12-29,931.7350725452318,940.1096565985431,925.3604497981728,933.7214437575965,153282.98
2020-12-30,933.7214437575965,945.6444895736463,910.3944019039636,922.1699421835037,137069.67
2020-12-31,922.1699421835037,947.2066002365206,908.0390801931264,932.9111455229828,208193.33
2021-01-01,932.9111455229828,960.935152460396,925.3471973281598,953.2066503869795,191325.63
2021-01-02,953.2066503869795,958.150080244097,948.6583386836255,953.5998921521112,155218.79
2021-01-03,953.5998921521112,969.5204170327603,932.1777415020941,948.0048562331734,166515.59
2021-01-04,948.0048562331734,977.0984960520902,937.185038220449,966.0724678409315,190324.32
2021-01-05,966.0724678409315,978.2976071747302,959.3095196893587,971.4966870135531,150090.51
2021-01-06,971.4966870135531,973.921978624641,954.4994601568842,956.8882826363106,95048.84
2021-01-07,956.8882826363106,973.577211372541,938.0180510236742,954.6682607285572,242757.66
2021-01-08,954.6682607285572,964.2216673315623,940.9329393576203,950.4440743446596,174916.16
2021-01-09,950.4440743446596,961.8340095949095,929.2339228555152,940.504747159497,192581.29
2021-01-10,940.504747159497,944.6566842162308,927.1036713885081,931.214596295381,187910.2
2021-01-11,931.214596295381,934.4632116783791,920.2988762488419,923.5206506972955,125488.56
2021-01-12,923.5206506972955,940.9245576688346,915.7558433136376,933.0793820683186,151595.19
2021-01-13,933.0793820683186,938.7937689078706,924.0463909523512,929.7403286821132,179400.91
2021-01-14,929.7403286821132,933.2874939542323,927.3065071833445,930.850765616639,171256.47
2021-01-15,930.850765616639,947.2126101831349,926.0380485663399,942.3404885670459,135549.35
2021-01-16,942.3404885670459,955.314581995031,925.9886890018779,938.9156291486324,196095.29
2021-01-17,938.9156291486324,945.0338816829044,918.9141669129289,924.9413589606802,207529.68
2021-01-18,924.9413589606802,954.2290804915292,907.0113840549075,936.0831226571647,163659.13
2021-01-19,936.0831226571647,953.1343519561317,914.7534712112832,931.7253209396476,231268.42
2021-01-20,931.7253209396476,960.7572925438766,924.0637409744257,952.9214170202723,205650.61
2021-01-21,952.9214170202723,980.8606041753351,937.4424175338448,965.1824399268567,198263.23
2021-01-22,965.1824399268567,976.8178351408127,960.1297450776299,971.7308595538196,158871.01
2021-01-23,971.7308595538196,984.7188333183335,961.649673562889,974.6078006084564,172522.0
2021-01-24,974.6078006084564,998.1743216005366,965.130759656134,988.5615946039889,221689.02
2021-01-25,988.5615946039889,1009.3415267021913,971.0510280050026,991.7740571845895,125289.63
2021-01-26,991.7740571845895,1000.9892492069275,956.2253021700084,965.193517804254,127339.79
2021-01-27,965.193517804254,969.9488044559954,959.3199751341283,964.0697251175603,162554.33
2021-01-28,964.0697251175603,985.28357136956,950.0160403920445,971.1270093877957,179092.41
2021-01-29,971.1270093877957,984.2641604829568,946.0883787816675,959.0623219542832,175665.07
2021-01-30,959.0623219542832,998.6453803456922,951.585085153208,990.9197700263792,205094.72
2021-01-31,990.9197700263792,1006.1324801484682,974.0234592513526,989.2099195595919,191206.0
2021-02-01,989.2099195595919,1009.80144928358,975.8319789131018,996.3272547621358,180941.78
2021-02-02,996.3272547621358,1016.0578326149013,991.562563675002,1011.2219114798394,166919.71
2021-02-03,1011.2219114798394,1024.7865007088299,1005.5208130310983,1019.0413177673088,220774.04
2021-02-04,1019.0413177673088,1033.22723597525,1003.623429337035,1017.7919553621646,242984.67
2021-02-05,1017.7919553621646,1036.142530435848,1004.7608917627397,1023.0442206738288,167156.73
2021-02-06,1023.0442206738288,1025.7320595010715,1017.9978046478345,1020.6794304739291,198400.35
2021-02-07,1020.6794304739291,1027.4193038923513,1012.8532455696317,1019.585898042923,168770.85
2021-02-08,1019.585898042923,1023.3267488777334,1001.4220000975465,1005.1097380408069,133026.38
2021-02-09,1005.1097380408069,1024.7423326272624,982.3723904500914,1001.9431324025935,118648.99
2021-02-10,1001.9431324025935,1012.6605809594372,976.4702368441548,987.028144797128,241516.99
2021-02-11,987.028144797128,998.0594154990854,976.0491657414766,987.079861188132,219835.74
2021-02-12,987.079861188132,991.6565370985659,977.6025366948663,982.156384505961,199050.94
2021-02-13,982.156384505961,998.7905842260261,971.9089476767974,988.4771984879,231022.9
2021-02-14,988.4771984879,1007.5998829986813,951.4198075893673,970.1886899285992,147339.52
2021-02-15,970.1886899285992,987.2332188493228,942.2000247321861,959.048845957375,224892.26
2021-02-16,959.048845957375,969.2820407265928,938.0161931513312,948.1329132846655,196384.96
2021-02-17,948.1329132846655,965.0590876400702,931.1398100554073,948.0647678713037,161618.22
2021-02-18,948.0647678713037,957.157121664633,936.1922703630123,945.257703184145,101177.76
2021-02-19,945.257703184145,970.9609970931125,932.9460146061757,958.4771295839735,125899.22
2021-02-20,958.4771295839735,967.6081273032365,949.9635224788408,959.0890845502535,276684.22
2021-02-21,959.0890845502535,972.8695285107414,945.4197220356237,959.1986050612704,274319.79
2021-02-22,959.1986050612704,973.2361452809558,932.820863460675,946.6751269038963,126273.71
2021-02-23,946.6751269038963,950.3380798991876,939.7029904669303,943.3530895630514,109262.67
2021-02-24,943.3530895630514,960.4977717970221,910.9140519340837,927.7756263262925,249311.36
2021-02-25,927.7756263262925,939.7322967051039,921.7344773632286,933.6528784080417,176392.08
2021-02-26,933.6528784080417,958.3827405230005,918.9802845677426,943.5545395447984,150332.75
2021-02-27,943.5545395447984,961.4433189987157,908.4018856869196,925.9570353847764,132222.93
2021-02-28,925.9570353847764,933.3225698356699,919.2180068810832,926.5790146253685,131954.68
2021-03-01,926.5790146253685,944.6959402614183,907.3727712692238,925.4679732820557,249409.83
2021-03-02,925.4679732820557,954.6568346397879,910.7187018565713,939.6810480845479,191575.78
2021-03-03,939.6810480845479,953.966263461489,913.9510653271072,928.0596093152318,114993.73
2021-03-04,928.0596093152318,931.6862287725455,915.7546987835807,919.3472726587789,151023.89
2021-03-05,919.3472726587789,932.0452314749385,909.8401349668715,922.5054346542801,267363.19
2021-03-06,922.5054346542801,932.2118912043516,907.3243843920935,916.9726255987317,194092.21
2021-03-07,916.9726255987317,933.5800379620111,895.5557642325317,912.0744653687917,126939.84
2021-03-08,912.0744653687917,921.948951693046,897.1727207220138,906.9921842190597,153013.83
2021-03-09,906.9921842190597,921.2346668952326,898.8808704632796,913.0690075545946,175138.27
2021-03-10,913.0690075545946,935.2267691581153,904.2681815291066,926.2984283122331,228222.87
2021-03-11,926.2984283122331,944.2192977842805,907.5395153624306,925.4438515464958,175620.97
2021-03-12,925.4438515464958,937.5201439847443,910.369989026788,922.4066484251426,253984.85
2021-03-13,922.4066484251426,940.4428330662232,912.2924157264704,930.2426779319303,192209.88
2021-03-14,930.2426779319303,947.4572702262669,915.5913383343129,932.7661853397203,101500.96
2021-03-15,932.7661853397203,941.3297628992347,926.1848160712407,934.734505645774,205751.42
2021-03-16,934.734505645774,964.7457197565489,918.4723763382146,948.2484798432181,171975.7
2021-03-17,948.2484798432181,960.7810161892533,923.365172937358,935.7322889098083,158627.96
2021-03-18,935.7322889098083,942.0557820351939,926.444686902428,932.7480128826098,198649.65
2021-03-19,932.7480128826098,936.2512460563701,917.968607761241,921.4293300051553,169148.8
2021-03-20,921.4293300051553,931.6064822740659,905.2351726652852,915.3451251202408,189286.78
2021-03-21,915.3451251202408,929.7393941990904,886.7367157494896,900.9038890231526,157923.79
2021-03-22,900.9038890231526,908.0147033800461,889.6575530986596,896.7354661868259,156366.86
2021-03-23,896.7354661868259,918.4376772772474,879.3969191577927,901.0163584010187,237402.22
2021-03-24,901.0163584010187,911.5071237531448,861.6697797741988,871.8206115315215,185211.88
2021-03-25,871.8206115315215,886.9135886489926,853.3179300359643,868.3508383660068,199405.74
2021-03-26,868.3508383660068,872.0223502977216,863.8017794888361,867.4695652714661,155792.06
2021-03-27,867.4695652714661,877.7203624129482,854.3524923236507,864.5690139535195,234859.58
2021-03-28,864.5690139535195,881.5179015190647,830.0579009580445,846.6556168430858,189507.16
2021-03-29,846.6556168430858,865.393805323886,838.3401026776512,856.9769194363338,165422.09
2021-03-30,856.9769194363338,881.1647953198268,843.258370884881,867.2812936009506,247055.32
2021-03-31,867.2812936009506,892.8567875049422,854.5393400565863,879.9290157158864,165406.07
2021-04-01,879.9290157158864,887.0870117750936,866.7675654352063,873.8763244085214,188315.68
2021-04-02,873.8763244085214,890.7110912593548,859.0694531613003,875.8704320556916,133262.82
2021-04-03,875.8704320556916,884.6002776809354,859.3261240320121,867.977298388202,153938.36
2021-04-04,867.977298388202,875.7218838630132,848.8175183038541,856.4593339711026,218570.18
2021-04-05,856.4593339711026,868.3996309909414,832.7635024450474,844.5375929408295,177741.55
2021-04-06,844.5375929408295,851.7165750135879,839.598559836518,846.7645183818855,184195.64
2021-04-07,846.7645183818855,871.4903109373962,831.2400499404008,855.8001838037433,176001.51
2021-04-08,855.8001838037433,872.6251679444175,853.0599128325583,869.839941688457,177812.22
2021-04-09,869.839941688457,885.630368865309,853.6144715484529,869.3968552639931,157257.82
2021-04-10,869.3968552639931,879.6061623186904,851.9521762241727,862.0755088785135,160017.32
2021-04-11,862.0755088785135,874.1806367936426,849.0346486805405,861.1264500619083,167244.71
2021-04-12,861.1264500619083,888.5600944652015,844.5675168512371,871.7959925007194,167411.0
2021-04-13,871.7959925007194,907.018072664624,854.9732369306311,889.84699297807,202052.84
2021-04-14,889.84699297807,918.8738488368981,874.4104445483893,903.2055636869428,200380.33
2021-04-15,903.2055636869428,930.0523657567178,888.9816651496989,915.6327607303266,250228.16
2021-04-16,915.6327607303266,942.9382481635473,904.4221854557773,931.5329978913119,214027.72
2021-04-17,931.5329978913119,938.1538463050082,925.8848986431706,932.499884599923,144236.04
2021-04-18,932.499884599923,945.2000777499431,923.2459741059392,935.912303212722,152244.91
2021-04-19,935.912303212722,960.3436218263255,924.2922608384683,948.5664686437044,227144.16
2021-04-20,948.5664686437044,960.9239122042794,942.5131595415053,954.8306281556273,212296.11
2021-04-21,954.8306281556273,977.7987425466757,942.5643178338058,965.39669438463,233397.43
2021-04-22,965.39669438463,977.108037719827,946.5384729454031,958.1620519638274,179819.71
2021-04-23,958.1620519638274,989.8099248981009,943.8624516638108,975.2552262464031,168679.9
2021-04-24,975.2552262464031,988.2803898259191,956.3251875552339,969.2704201834837,196091.53
2021-04-25,969.2704201834837,1000.2864236082189,952.2446782273569,983.0191775371957,127665.76
2021-04-26,983.0191775371957,992.4098141629441,972.6437513347064,982.0248896757606,171319.38
2021-04-27,982.0248896757606,994.1812789877474,963.499485647937,975.576045351693,293760.09
2021-04-28,975.576045351693,988.153040187224,939.287747211308,951.5550668305976,165743.13
2021-04-29,951.5550668305976,959.4158720545232,941.2216617300734,949.0618706371436,179300.15
2021-04-30,949.0618706371436,962.2672764763033,921.4119474445268,934.413533872294,171086.07
2021-05-01,934.413533872294,941.8389373542907,916.407949880427,923.7486035078974,262082.1
2021-05-02,923.7486035078974,944.6610384532433,908.9657242914448,929.7816121484311,133860.31
2021-05-03,929.7816121484311,946.834939318437,895.588016371496,912.3210964174165,213067.86
2021-05-04,912.3210964174165,932.7020741046059,906.3498181420479,926.6370954703717,162883.06
2021-05-05,926.6370954703717,968.5430160466298,915.0224975332764,956.5534424650364,153006.94
2021-05-06,956.5534424650364,973.2925661454206,934.233038070618,950.8727530206819,118387.95
2021-05-07,950.8727530206819,977.5607975378741,938.9738855539736,965.4791510466072,276323.68
2021-05-08,965.4791510466072,974.72044012926,939.7088363566646,948.7903853683923,215686.48
2021-05-09,948.7903853683923,967.4965046457243,935.0433466678659,953.6786399483028,129185.11
2021-05-10,953.6786399483028,966.9040835873984,944.8647034480392,958.0497491196661,131388.74
2021-05-11,958.0497491196661,1006.4634581448898,947.8839844314294,995.896109722047,153165.66
2021-05-12,995.896109722047,1015.6839647970551,971.6647719471981,991.3625478826496,203930.72
2021-05-13,991.3625478826496,1006.0548785947476,982.607793345667,997.2481481327089,174317.54
2021-05-14,997.2481481327089,1015.5313894011588,976.8085324604262,995.0515010763897,143260.6
2021-05-15,995.0515010763897,1010.3328062948136,975.3187738625909,990.5306510269108,176401.96
2021-05-16,990.5306510269108,1000.0062070348489,979.4644414243,988.9246340471417,247134.34
2021-05-17,988.9246340471417,1006.96139712224,968.6988289039613,986.694924838884,208869.71
2021-05-18,986.694924838884,991.3431976066261,974.3750250377202,978.9869860732766,114588.89
2021-05-19,978.9869860732766,1001.2245798033122,960.2254737057781,982.3977037258451,138373.65
2021-05-20,982.3977037258451,996.85633106705,957.2167005170653,971.5151619545848,174205.81
2021-05-21,971.5151619545848,983.0163767094907,955.3169956707808,966.7619397346361,186131.47
2021-05-22,966.7619397346361,1000.4548083926676,957.0394393861138,990.4936438067269,249686.47
2021-05-23,990.4936438067269,1009.054508801175,970.628352929439,989.1643074843644,179545.34
2021-05-24,989.1643074843644,1016.9385485358347,972.7674149428337,1000.356134555211,205975.91
2021-05-25,1000.356134555211,1012.2517389457604,987.6267321392354,999.5123022075742,104184.03
2021-05-26,999.5123022075742,1026.150765621509,982.8456762739042,1009.3205888794605,162970.81
2021-05-27,1009.3205888794605,1021.4889483364209,995.0777582904846,1007.2208027457104,214364.08
2021-05-28,1007.2208027457104,1022.427698944866,960.4186832904284,975.1412462788553,288611.51
2021-05-29,975.1412462788553,988.2726483550722,961.7447464268836,974.8725299273614,128772.32
2021-05-30,974.8725299273614,980.2409324715355,957.4909643775517,962.7928468389107,172439.77
2021-05-31,962.7928468389107,968.4873110304783,953.6045342869809,959.2782110707547,115879.48
2021-06-01,959.2782110707547,982.2287439573843,944.8937117564809,967.7176935256308,171055.89
2021-06-02,967.7176935256308,997.1399418769212,960.9004816096734,990.1645998387004,233545.53
2021-06-03,990.1645998387004,1008.0678596519915,955.3188501130965,972.9101302288545,226725.25
2021-06-04,972.9101302288545,984.178923525783,958.8672981010187,970.1035844028935,177818.84
2021-06-05,970.1035844028935,974.7829977378341,965.7425259948808,970.4205145839971,168738.73
2021-06-06,970.4205145839971,986.4626178870429,955.0953534833563,971.1263106510219,344867.4
2021-06-07,971.1263106510219,986.9637833847237,956.0879557294195,971.9132424482478,170458.85
2021-06-08,971.9132424482478,992.3512753715003,958.583889818625,978.9257493660627,156839.69
2021-06-09,978.9257493660627,996.9000213794221,955.7897012426956,973.6674239816538,156334.73
2021-06-10,973.6674239816538,988.6909829429808,956.3641611554474,971.3519933295097,124681.63
2021-06-11,971.3519933295097,991.805783041875,955.9093610977679,976.2847297688911,200833.22
2021-06-12,976.2847297688911,987.1009354811436,957.1381728638676,967.8610531181573,211638.92
2021-06-13,967.8610531181573,983.1119963316958,945.6693658037462,960.8091902153305,209785.79
2021-06-14,960.8091902153305,970.1195037357547,950.8131155860008,960.1167190081995,218398.39
2021-06-15,960.1167190081995,969.8008123966187,943.5081181244009,953.1216567197223,155038.77
2021-06-16,953.1216567197223,965.3335903969507,929.5275745318924,941.5917809199751,172687.23
2021-06-17,941.5917809199751,956.3040299883786,914.322003066714,928.8349279675017,239980.56
2021-06-18,928.8349279675017,932.2207907895329,925.0468157744828,928.4312069205009,159981.89
2021-06-19,928.4312069205009,954.7838929836704,918.4793036279168,944.6580532654633,156354.55
2021-06-20,944.6580532654633,951.5615956739306,942.5409785464024,949.4338179807004,230743.04
2021-06-21,949.4338179807004,959.9077056930008,927.8998945701792,938.2504100615116,147461.36
2021-06-22,938.2504100615116,966.1577750854068,929.0605773917623,956.7863890230875,135164.19
2021-06-23,956.7863890230875,959.7654714811306,947.9263032932647,950.8870172679025,138400.31
2021-06-24,950.8870172679025,978.2764204783809,942.9170565768904,970.145046566128,353609.41
2021-06-25,970.145046566128,977.0101661343016,962.491648108396,969.3511497573354,231426.52
2021-06-26,969.3511497573354,990.2884904460262,951.8303320370994,972.7070161480983,210196.38
2021-06-27,972.7070161480983,982.3222609301124,958.7864537409339,968.3587154095408,142299.69
2021-06-28,968.3587154095408,971.8209443910276,961.3915462594812,964.8411988603918,203844.58
2021-06-29,964.8411988603918,990.8888569477562,955.9608836058535,981.851975966541,274880.76
2021-06-30,981.851975966541,995.1654801241626,966.4655798679896,979.7505901079434,196973.01
2021-07-01,979.7505901079434,1009.8748375497147,961.6300814772645,991.5363510128698,136503.6
2021-07-02,991.5363510128698,1009.8078181037152,973.9781285061537,992.2371851575432,205699.38
2021-07-03,992.2371851575432,1002.066831562772,981.09062174708,990.907091514309,172918.0
2021-07-04,990.907091514309,1012.1965760054111,977.6337105632791,998.8172372121927,186262.78
2021-07-05,998.8172372121927,1018.2080101560972,978.0839084512068,997.4481013546863,141375.81
2021-07-06,997.4481013546863,1002.1178469571877,983.1126433816607,987.7369242360884,148775.57
2021-07-07,987.7369242360884,1005.4144845981237,960.968524366314,978.4804207802196,159927.03
2021-07-08,978.4804207802196,1002.7267562523795,961.6137298197174,985.7350132553482,148182.39
2021-07-09,985.7350132553482,1003.9352392911027,941.1564374077383,958.8604622367067,177361.69
2021-07-10,958.8604622367067,982.206360712547,940.2554279980765,963.511089077536,151713.36
2021-07-11,963.511089077536,968.2948608303114,941.6735591435389,946.3722375802153,271008.84
2021-07-12,946.3722375802153,960.0301818071559,934.9296843183716,948.5611623335183,203540.56
2021-07-13,948.5611623335183,969.559651372234,943.8376875908729,964.7555347982051,217565.47
2021-07-14,964.7555347982051,971.3824820722186,947.6535739103642,954.2080701962565,173850.5
2021-07-15,954.2080701962565,976.2752876825839,938.6557227501814,960.6184592527641,109032.53
2021-07-16,960.6184592527641,991.7605566637177,943.4942962265457,974.390883839496,222025.7
2021-07-17,974.390883839496,984.3592350937397,957.5798232434638,967.4774476866418,175135.17
2021-07-18,967.4774476866418,982.433502262246,944.9166351799536,959.7532833301753,199754.36
2021-07-19,959.7532833301753,969.8734900882243,954.3006894115509,964.3945281190289,176820.27
2021-07-20,964.3945281190289,989.7082648881646,954.6101774923413,979.7679419217458,103161.19
2021-07-21,979.7679419217458,1010.4724479468517,977.7351240454158,1008.3802653576389,161637.47
2021-07-22,1008.3802653576389,1024.531293631986,983.153711644532,999.1570128992672,146402.29
2021-07-23,999.1570128992672,1014.2798207358486,992.3660025742046,1007.4325636449285,189589.75
2021-07-24,1007.4325636449285,1010.0676767466161,998.8657288455857,1001.4852858194662,201847.81
2021-07-25,1001.4852858194662,1009.8274509713074,979.2677348734169,987.4933500966205,308471.1
2021-07-26,987.4933500966205,995.8294008735533,976.3953222009742,984.7078588995029,202277.38
2021-07-27,984.7078588995029,999.4309863304883,967.2864267379562,981.9685973547705,156468.97
2021-07-28,981.9685973547705,991.5954540621723,973.5294951484414,983.1462311937813,161939.56
2021-07-29,983.1462311937813,995.7740484011553,975.8542176440648,988.4427504712394,204767.78
2021-07-30,988.4427504712394,993.5748013427576,986.321138245346,991.4467412941115,222333.07
2021-07-31,991.4467412941115,1022.9889597698801,975.5143338076999,1006.809672179022,131830.93
2021-08-01,1006.809672179022,1034.383326516113,1003.4703542494797,1030.9638954994234,169207.42
2021-08-02,1030.9638954994234,1039.7044018801762,1022.5425743732166,1031.2804946468318,173168.07
2021-08-03,1031.2804946468318,1037.915639219381,1018.4439645614638,1025.0389517376764,120190.6
2021-08-04,1025.0389517376764,1044.7107438454068,1002.9649620711859,1022.5897509219221,215508.49
2021-08-05,1022.5897509219221,1035.7946696050635,1006.5805537379794,1019.7487864433001,190420.29
2021-08-06,1019.7487864433001,1022.3223306923531,1009.7601178898324,1012.3149012118415,171375.49
2021-08-07,1012.3149012118415,1026.6487216062071,979.477733570262,993.5457937601167,191295.3
2021-08-08,993.5457937601167,1011.3201339833066,959.4992598342212,976.9771909894873,211937.46
2021-08-09,976.9771909894873,999.3399063138435,963.2733252549045,985.5162646822766,291914.31
2021-08-10,985.5162646822766,1006.3231028960391,974.2568790231692,994.9558710527496,212015.56
2021-08-11,994.9558710527496,1007.0176759946502,987.1146983591751,999.1435009038893,135192.75
2021-08-12,999.1435009038893,1012.2769340104066,983.1275937002291,996.2226328978275,364297.04
2021-08-13,996.2226328978275,998.9541405821174,987.3185588035467,990.0330956139627,135960.46
2021-08-14,990.0330956139627,996.0204146052303,967.3351344915912,973.2207794069523,198420.01
2021-08-15,973.2207794069523,991.2909868626149,947.4727221927304,965.3976747095123,170926.71
2021-08-16,965.3976747095123,979.6785636367813,942.5171229407988,956.6688891024027,174745.98
2021-08-17,956.6688891024027,960.2125335230041,936.4462958016429,939.9279292069341,197898.31
2021-08-18,939.9279292069341,955.8699316727984,926.7039634910919,942.608256096662,201688.13
2021-08-19,942.608256096662,959.7571647267588,917.0125783309052,934.0049669879492,254182.67
2021-08-20,934.0049669879492,947.7382591948207,920.8604617019749,934.5855827457718,152687.94
2021-08-21,934.5855827457718,946.3922766937402,905.8917983870167,917.4824268066421,198916.19
2021-08-22,917.4824268066421,934.4644578362938,907.4771920971637,924.3839612256602,209537.13
2021-08-23,924.3839612256602,941.235130787294,912.7004999921211,929.4871691572354,324181.28
2021-08-24,929.4871691572354,945.9202973048076,907.2867810376558,923.6161101569958,203949.31
2021-08-25,923.6161101569958,947.0197304451438,916.5161398424798,939.795387689601,135015.6
2021-08-26,939.795387689601,954.7392101192537,924.0163446450854,938.9466715160702,253804.12
2021-08-27,938.9466715160702,953.3908593223547,926.2342825660671,940.655336771718,161121.0
2021-08-28,940.655336771718,944.7489478024545,918.4674191266594,922.4819418804418,145139.22
2021-08-29,922.4819418804418,928.2900892413367,907.8074219660514,913.5593910019464,250782.74
2021-08-30,913.5593910019464,929.9176852276611,889.9954205424718,906.2223366720712,186065.26
2021-08-31,906.2223366720712,922.4450547004698,899.1202643960374,915.2720596671958,171247.46
2021-09-01,915.2720596671958,935.2023965222855,906.6991999263987,926.5241445708862,274357.77
2021-09-02,926.5241445708862,933.9263168826271,912.6650041739147,920.0151751280331,158348.22
2021-09-03,920.0151751280331,933.1623563612233,908.9676766883046,922.0899441932967,158062.13
2021-09-04,922.0899441932967,935.1459153168277,919.1492230417199,932.1730372534203,203791.5
2021-09-05,932.1730372534203,941.4476113831437,919.069154895303,928.3052467819099,102380.99
2021-09-06,928.3052467819099,938.5128186835973,901.4897505706624,911.5126726402395,187398.43
2021-09-07,911.5126726402395,935.1130645498506,896.3305414930851,919.7930162174437,183614.12
2021-09-08,919.7930162174437,930.2098566971507,914.4321939436023,924.8197372254951,145402.97
2021-09-09,924.8197372254951,936.6540422529537,916.5094003345471,928.3123213532596,179232.62
2021-09-10,928.3123213532596,950.4669008117864,917.652660758312,939.6767443809589,192060.35
2021-09-11,939.6767443809589,967.9448198375297,924.1026044091815,952.1637215354631,178061.82
2021-09-12,952.1637215354631,973.7762358652745,938.2291163322742,959.7308876564264,220749.36
2021-09-13,959.7308876564264,962.4283856932921,943.1650673264809,945.823476056154,192563.86
2021-09-14,945.823476056154,953.6611451750724,920.4328440967525,928.1238432833725,172537.07
2021-09-15,928.1238432833725,937.8385760447596,922.6349509846476,932.3248392015173,214499.68
2021-09-16,932.3248392015173,937.1252053948526,928.3987194432189,933.1954195295457,192491.85
2021-09-17,933.1954195295457,941.4527133490155,926.7024997309533,934.9476023392173,381194.1
2021-09-18,934.9476023392173,966.8621472412498,923.460887996686,955.1275037501882,232473.86
2021-09-19,955.1275037501882,982.4517318691521,939.1725239958407,966.3099542571964,157682.3
2021-09-20,966.3099542571964,983.6362303862126,946.8968688048762,964.1850445583037,117109.27
2021-09-21,964.1850445583037,971.9367531121422,947.7362159419082,955.4174360074801,151936.94
2021-09-22,955.4174360074801,969.2204144938473,949.5434273602018,963.2979555689162,108032.12
2021-09-23,963.2979555689162,980.9658572261585,951.4222657709118,969.0196297227809,212559.66
2021-09-24,969.0196297227809,982.5817049509753,952.985870411031,966.512861751591,167372.46
2021-09-25,966.512861751591,978.0625094119725,922.8044066952706,933.9651148770203,148530.55
2021-09-26,933.9651148770203,949.7857997665162,907.2583564646062,922.8914617824521,209025.06
2021-09-27,922.8914617824521,941.3848195382951,914.470584402879,932.8728673188534,164123.13
2021-09-28,932.8728673188534,940.3087505815628,910.6380973275029,917.9550715817892,198638.09
2021-09-29,917.9550715817892,936.0453133402796,906.7544100677925,924.7616002413404,168412.96
2021-09-30,924.7616002413404,942.942924466518,911.927037617902,930.035171114141,183495.96
2021-10-01,930.035171114141,937.4930590526263,911.2655693906893,918.6320162159595,248524.38
2021-10-02,918.6320162159595,935.282228718983,912.5996865130339,929.180630021227,226260.76
2021-10-03,929.180630021227,947.2073209173936,910.3470670807982,928.3577944473019,257543.21
2021-10-04,928.3577944473019,942.0423238250501,913.0721853337727,926.7327607778954,196177.7
2021-10-05,926.7327607778954,938.81309715973,901.6403934195745,913.5488724848874,114493.75
2021-10-06,913.5488724848874,935.2851868816023,907.0386544160044,928.6672309419132,151692.79
2021-10-07,928.6672309419132,945.9285662384592,897.9597881507416,914.966464385933,120193.49
2021-10-08,914.966464385933,925.503603410596,890.9588168396591,901.3390164362818,226469.82
2021-10-09,901.3390164362818,909.2404616186175,895.154971591505,903.0447140621885,180694.11
2021-10-10,903.0447140621885,910.7266050449873,884.5036512981422,892.0923744928256,246612.98
2021-10-11,892.0923744928256,923.6404419571697,884.3315928729596,915.6745069414254,233324.19
2021-10-12,915.6745069414254,918.0685640530704,902.1168796058597,904.4816727332698,174426.62
2021-10-13,904.4816727332698,922.1963686385344,896.0131896189387,913.6421180851048,278496.96
2021-10-14,913.6421180851048,939.0432268601406,907.5270967865799,932.7999816744242,228784.97
2021-10-15,932.7999816744242,950.876476428702,923.3402987564916,941.3302862444622,183702.53
2021-10-16,941.3302862444622,952.7125826962449,921.2708504601161,932.5469412172571,200671.45
2021-10-17,932.5469412172571,944.2162562326051,925.0478862436636,936.6839337280248,256321.73
2021-10-18,936.6839337280248,955.3047846369208,934.2958376074231,952.875407999485,201310.75
2021-10-19,952.875407999485,970.6899952992738,917.7197689659839,935.2039780987685,152390.27
2021-10-20,935.2039780987685,952.1985469978003,931.3543063577636,948.2949874526892,134131.1
2021-10-21,948.2949874526892,962.2022731462457,940.4134221558573,954.2710390841313,168477.02
2021-10-22,954.2710390841313,992.0569706585296,939.8710426854984,977.3093253987518,151830.42
2021-10-23,977.3093253987518,1000.214437780827,959.8844326828153,982.6935473219727,189427.2
2021-10-24,982.6935473219727,998.1073498727022,969.2985435870354,984.6851981320492,158246.9
2021-10-25,984.6851981320492,999.5766362655218,978.4550558863313,993.2920382018199,163542.36
2021-10-26,993.2920382018199,1007.1411122075077,964.4137984076291,978.0503638376699,243741.6
2021-10-27,978.0503638376699,987.0912798511714,959.2396201400039,968.1893830777976,272311.03
2021-10-28,968.1893830777976,984.0736066013382,953.2731046237196,969.1426418945516,148206.04
2021-10-29,969.1426418945516,977.9796304746876,954.1165505415951,962.896585348382,164542.93
2021-10-30,962.896585348382,966.3441522607034,952.2141410939258,955.6357110816997,169947.14
2021-10-31,955.6357110816997,991.7838175071504,944.664713149011,980.5270590860964,194688.85
2021-11-01,980.5270590860964,1005.7570168812932,977.8204945813357,1002.9884518353142,196168.62
2021-11-02,1002.9884518353142,1016.2486045905254,958.7370800105557,971.5820195205617,158547.7
2021-11-03,971.5820195205617,979.678610849503,964.0891781095482,972.1811489517755,204466.43
2021-11-04,972.1811489517755,989.5623499166034,940.7182026498169,957.8430591875674,160373.0
2021-11-05,957.8430591875674,982.6048287074748,947.2913266141785,971.898262061254,163958.28
2021-11-06,971.898262061254,977.2758925765545,969.359120296989,974.7293544158595,143406.03
2021-11-07,974.7293544158595,1006.3457132374267,961.5770458226801,992.9475807813527,233182.79
2021-11-08,992.9475807813527,1009.7877710818152,965.7109847767272,982.3718121790022,225920.42
2021-11-09,982.3718121790022,985.1300634511745,968.100664189496,970.8264991464148,196299.74
2021-11-10,970.8264991464148,985.7852644465704,953.3493549739227,968.2687091326053,212446.56
2021-11-11,968.2687091326053,983.4774643660912,946.0434674047272,961.1402548388572,237480.48
2021-11-12,961.1402548388572,974.8372007561064,946.4510602022006,960.1336614331574,217230.74
2021-11-13,960.1336614331574,985.2151543045397,949.7431334717105,974.6673434197556,215921.39
2021-11-14,974.6673434197556,993.9049885202262,961.359283964733,980.5170573618357,161697.68
2021-11-15,980.5170573618357,991.1189862716508,966.418467933142,976.982175616011,123612.04
2021-11-16,976.982175616011,986.3329381061243,968.4105333809896,977.7545196403544,147721.64
2021-11-17,977.7545196403544,980.5846931542618,955.8420392777629,958.6168174785447,311591.29
2021-11-18,958.6168174785447,969.097763760187,925.262805650461,935.4909069775229,169628.64
2021-11-19,935.4909069775229,965.2280079094095,920.434866955264,949.9394295140359,268574.84
2021-11-20,949.9394295140359,952.7099450974425,938.2590616277168,941.0035154556247,206094.67
2021-11-21,941.0035154556247,960.7739643865002,938.490662150423,958.2151491800071,178656.39
2021-11-22,958.2151491800071,963.0523666885459,949.8215781301111,954.6407515293357,143650.74
2021-11-23,954.6407515293357,963.3543709016155,947.6595600081225,956.3606022853056,150979.11
2021-11-24,956.3606022853056,977.1324876929468,945.8401199530413,966.5004614421478,174168.07
2021-11-25,966.5004614421478,994.7313134201271,950.1513377756133,978.1845442048951,174043.37
2021-11-26,978.1845442048951,980.6631393634036,969.5322627274871,971.995174811566,206345.46
2021-11-27,971.995174811566,988.6129195785855,956.3713806880708,972.9734014960416,151922.81
2021-11-28,972.9734014960416,987.4314292338208,958.404526136418,972.8608818738985,153316.44
2021-11-29,972.8608818738985,988.3464786177428,962.1728320124053,977.6062946746224,223869.96
2021-11-30,977.6062946746224,985.4456981573327,972.2662239997467,980.0920493114556,289341.35
2021-12-01,980.0920493114556,983.5524681027395,967.8241882626994,971.2534003658744,183888.14
2021-12-02,971.2534003658744,977.9059876814734,966.5454707455704,973.1886772473157,201103.2
2021-12-03,973.1886772473157,980.9655134821337,947.9342643063898,955.5703106253908,173516.56
2021-12-04,955.5703106253908,966.7582428372185,944.5286484136691,955.7149097751678,177133.42
2021-12-05,955.7149097751678,965.1806055914817,947.7925426516233,957.245550274164,170718.19
2021-12-06,957.245550274164,968.7879498460152,934.2312690126892,945.6336531450187,164929.42
2021-12-07,945.6336531450187,962.5280695135632,925.5599534157444,942.3965363960538,206793.13
2021-12-08,942.3965363960538,946.4824370778592,932.3832261793357,936.4433157856421,210020.09
2021-12-09,936.4433157856421,953.3925268001037,913.9030961460447,930.7492470272446,169352.48
2021-12-10,930.7492470272446,944.9226271936694,925.6322534198474,939.7561163902068,155928.54
2021-12-11,939.7561163902068,955.6082351587527,929.5454341786174,945.3369161796627,159755.95
2021-12-12,945.3369161796627,971.4808126910676,930.9625206751351,956.9301355690328,211851.35
2021-12-13,956.9301355690328,996.6399927030473,943.0131305503127,982.353249506885,147282.79
2021-12-14,982.353249506885,1011.6873151708869,966.9825668174092,996.1015161330434,139599.87
2021-12-15,996.1015161330434,1010.8891655102095,962.6671216145878,977.1737788051396,193163.81
2021-12-16,977.1737788051396,979.4096431515892,967.0514177014888,969.2691956276072,177015.24
2021-12-17,969.2691956276072,996.6333912424565,958.6774715932054,985.860366589987,173851.03
2021-12-18,985.860366589987,994.5602003658557,972.4348409964651,981.0926010987571,221692.55
2021-12-19,981.0926010987571,999.4419709961454,957.2876989164301,975.5330892929669,177687.68
2021-12-20,975.5330892929669,998.5430815198334,956.8178252440094,979.7469755246983,152821.49
2021-12-21,979.7469755246983,986.2258707647825,969.9033096407032,976.3598061224696,187850.19
2021-12-22,976.3598061224696,1012.4472648175656,961.8932848941532,997.6650679332786,152919.47
2021-12-23,997.6650679332786,1003.918760601663,989.5155486513711,995.7572826946184,224583.75
2021-12-24,995.7572826946184,1042.388495005808,980.3484602363416,1026.5038849795785,181014.59
2021-12-25,1026.5038849795785,1034.0835940223492,1011.8951918559093,1019.42261275452,139183.29
2021-12-26,1019.42261275452,1034.8676622894614,995.8360982381524,1011.1559006216318,187138.31
2021-12-27,1011.1559006216318,1013.6716677097423,998.2248321779565,1000.7146212472554,147553.65
2021-12-28,1000.7146212472554,1015.3744055798053,976.4647265846485,990.981933705566,232716.36
2021-12-29,990.981933705566,1009.7171497901267,981.4945831541208,1000.1421026511441,175606.96
2021-12-30,1000.1421026511441,1015.439218212402,968.467047064728,983.5097720929534,210682.77
2021-12-31,983.5097720929534,987.0981244881324,967.7448274199311,971.2885906233779,154224.75
2022-01-01,971.2885906233779,994.9923034203517,954.1702417245814,977.7599017439725,171502.22
2022-01-02,977.7599017439725,991.4271282879529,938.2732097906368,951.5744129303621,199657.59
2022-01-03,951.5744129303621,959.8295676208716,926.1339336021822,934.2386964586954,173057.69
2022-01-04,934.2386964586954,941.8506524053341,926.1264562937588,933.7343025581878,144028.86
2022-01-05,933.7343025581878,945.5083958015424,926.9008966070534,938.6390948035762,215388.27
2022-01-06,938.6390948035762,950.4636248010405,923.0124479171741,934.788469564733,193174.37
2022-01-07,934.788469564733,942.570294540247,932.2564959553227,940.0241395639317,137577.01
2022-01-08,940.0241395639317,953.9507460405526,916.2426936344411,930.0211035485544,164395.65
2022-01-09,930.0211035485544,963.3045238137349,914.9911955830878,947.9843155294827,146639.52
2022-01-10,947.9843155294827,965.2946710957541,941.7654635995493,959.0035322345393,159414.43
2022-01-11,959.0035322345393,963.3374539106076,945.0607976891193,949.351098156431,160779.78
2022-01-12,949.351098156431,967.8510337923569,928.7549880465066,947.2132638613871,169628.1
2022-01-13,947.2132638613871,959.9170410799392,911.8339841497123,924.2295092465804,126239.65
2022-01-14,924.2295092465804,948.7434579542514,910.8367194327656,935.1918159632851,162228.0
2022-01-15,935.1918159632851,947.7072283057514,908.0684869398283,920.3857538653211,229019.33
2022-01-16,920.3857538653211,926.3557385143043,908.3519124986084,914.2823077914833,276990.4
2022-01-17,914.2823077914833,929.3039123922298,896.0579203242879,911.0260243798964,135344.96
2022-01-18,911.0260243798964,920.7428133590153,885.9585650881678,895.509862337859,235712.25
2022-01-19,895.509862337859,901.5469745089598,880.3134258350515,886.2883709882287,314798.75
2022-01-20,886.2883709882287,901.8396197791683,875.0477305876528,890.5449933812498,171382.49
2022-01-21,890.5449933812498,906.4904856030273,869.2430724185064,885.0909074923981,204517.25
2022-01-22,885.0909074923981,909.2321879738197,870.9538830762114,894.9378837320833,231978.88
2022-01-23,894.9378837320833,916.7958818004022,881.6844734116786,903.4169030751826,161418.69
2022-01-24,903.4169030751826,909.5726181523203,887.844280719243,893.9353905299413,228285.53
2022-01-25,893.9353905299413,900.2124065719377,882.713825141215,888.9558761375791,171604.77
2022-01-26,888.9558761375791,904.0297688479951,869.0196061323819,884.0096260143736,228701.43
2022-01-27,884.0096260143736,898.5030166068964,865.2127992300403,879.6344586931408,262998.13
2022-01-28,879.6344586931408,911.8687982469621,864.2393978343143,896.1840913880151,246555.93
2022-01-29,896.1840913880151,915.5842823596994,879.0885674898215,898.4456177953036,166422.71
2022-01-30,898.4456177953036,906.1529433690837,872.4624259546695,880.0116152355657,209056.9
2022-01-31,880.0116152355657,891.274144516129,861.7292585199934,872.9007822233314,160103.65
2022-02-01,872.9007822233314,883.5133080134489,857.3934581478634,867.9457417015209,135372.11
2022-02-02,867.9457417015209,879.1885907650242,861.4667202491027,872.6742718889872,170320.04
2022-02-03,872.6742718889872,903.3180219131493,862.3507820787245,892.7569595875764,220837.87
2022-02-04,892.7569595875764,919.5111254879437,875.1549441733019,901.7321509857121,168165.79
2022-02-05,901.7321509857121,918.7218283250984,883.7084307293311,900.6782513804288,259022.29
2022-02-06,900.6782513804288,910.8982039623465,881.0918650235006,891.2043173337363,183528.58
2022-02-07,891.2043173337363,913.1712562657312,885.494928273554,907.3583782336201,137744.86
2022-02-08,907.3583782336201,922.8120959285457,888.6862591501214,904.0842127385359,168082.0
2022-02-09,904.0842127385359,919.8367913197275,872.7188244923834,888.1945447453744,153396.5
2022-02-10,888.1945447453744,903.1211020575159,877.4180453328208,892.2948534380133,250219.82
2022-02-11,892.2948534380133,901.5952008540454,869.4914138838958,878.649536804511,204232.97
2022-02-12,878.649536804511,890.7349506821292,874.0149717358591,886.0612912342754,177242.28
2022-02-13,886.0612912342754,893.0939150362253,874.7879437794417,881.7866398891517,216841.43
2022-02-14,881.7866398891517,883.7810874012845,876.5187597068297,878.5057865010908,148378.39
2022-02-15,878.5057865010908,887.1970460287478,840.4207926174917,848.8183474921997,135517.56
2022-02-16,848.8183474921997,864.1887033325072,845.1631718343881,860.4832961539889,131486.42
2022-02-17,860.4832961539889,870.218423924215,838.3342101194186,847.9272847247614,113969.6
2022-02-18,847.9272847247614,853.4112425354302,834.9278649633821,840.3629002234786,138061.14
2022-02-19,840.3629002234786,857.607227714658,825.2692542790155,842.4756352187882,207286.85
2022-02-20,842.4756352187882,846.0296427247833,837.4802413900771,841.0281426071881,216060.27
2022-02-21,841.0281426071881,874.321490924476,832.690971493182,865.7393558163747,144883.13
2022-02-22,865.7393558163747,869.6344574388569,843.4652814828694,847.2773194124884,108934.4
2022-02-23,847.2773194124884,857.6602551015651,832.9706978835753,843.3049543384122,162675.72
2022-02-24,843.3049543384122,858.3076382700923,836.8332388650166,851.7709527845324,203950.2
2022-02-25,851.7709527845324,855.0772292994561,843.8509284228087,847.1392261973342,221707.82
2022-02-26,847.1392261973342,858.0506156572719,836.288814805842,847.1994331176217,191291.82
2022-02-27,847.1994331176217,885.4869863302606,837.2987096566925,875.2583546906349,139957.47
2022-02-28,875.2583546906349,881.1498499625541,870.1947670135684,876.0815001837003,215935.83
2022-03-01,876.0815001837003,909.0352711047242,859.0835913580081,891.7336756343777,198661.12
2022-03-02,891.7336756343777,913.6997085644338,877.2964921512724,899.1425748757038,216557.71
2022-03-03,899.1425748757038,919.5133202237498,887.3541056725992,907.6137867434041,144063.22
2022-03-04,907.6137867434041,924.8421995073437,888.2690949191867,905.4565589768248,204651.44
2022-03-05,905.4565589768248,919.4400321796592,873.514595275954,887.2163750943777,223644.81
2022-03-06,887.2163750943777,909.1388837500807,877.732476550034,899.5234289658241,128411.3
2022-03-07,899.5234289658241,923.4575603488385,882.1292928932015,905.9393590683053,154322.95
2022-03-08,905.9393590683053,924.5244219480816,893.6581914687836,912.1589399684974,123060.95
2022-03-09,912.1589399684974,916.2237919961482,906.4869936366424,910.5446519157291,146918.26
2022-03-10,910.5446519157291,913.9810520109397,899.8541132415363,903.2630324683352,175398.03
2022-03-11,903.2630324683352,921.8618631291314,899.9565103989445,918.4995655755583,125344.78
2022-03-12,918.4995655755583,930.1273112241103,910.7860629087008,922.3812107407099,237700.52
2022-03-13,922.3812107407099,924.3649493230852,899.5954246795725,901.5343284754298,238561.5
2022-03-14,901.5343284754298,912.4058147589311,890.1650192040648,901.0304290290819,174227.22
2022-03-15,901.0304290290819,909.9102124417967,888.8507548665887,897.6976936971831,152743.51
2022-03-16,897.6976936971831,905.373269902281,861.2338821372956,868.6611877770521,178036.38
2022-03-17,868.6611877770521,877.1146731730062,852.2582513143212,860.6336153817721,259234.02
2022-03-18,860.6336153817721,897.8362819249635,852.3375005999854,889.2641815680105,210427.64
2022-03-19,889.2641815680105,906.8606815499481,846.300393153856,863.3847994791525,114793.54
2022-03-20,863.3847994791525,871.6181892084315,842.9370990104073,851.0528894707779,102464.24
2022-03-21,851.0528894707779,866.8800252170598,810.1745348802355,825.5269617954141,143518.83
2022-03-22,825.5269617954141,839.8638528693863,795.3085938640603,809.3647973260705,178070.9
2022-03-23,809.3647973260705,817.2153860866105,783.304699446795,790.9769315842149,117607.5
2022-03-24,790.9769315842149,793.1610198979394,777.2305546614256,779.3826281570056,170962.19
2022-03-25,779.3826281570056,810.2089775740383,765.924020299965,796.4555495028103,118375.96
2022-03-26,796.4555495028103,810.352399607457,791.8192612824064,805.6625162410828,180360.41
2022-03-27,805.6625162410828,808.1219365599968,800.6837493522521,803.1354553929518,190060.22
2022-03-28,803.1354553929518,834.7965015937986,788.9366558910954,820.2943464718318,275615.02
2022-03-29,820.2943464718318,831.6555432363663,804.2006021698143,815.495331879821,174151.32
2022-03-30,815.495331879821,819.7404724083174,801.6626393467347,805.8576097723238,164706.0
2022-03-31,805.8576097723238,811.6611693675842,795.803652826531,801.5763802119902,251227.24
2022-04-01,801.5763802119902,813.9387147038332,773.7568871207724,785.8770990022346,211928.69
2022-04-02,785.8770990022346,789.1944924985885,764.3222475034826,767.5623295510851,181929.34
2022-04-03,767.5623295510851,785.654381249222,756.0430424225817,774.0379110263101,166817.78
2022-04-04,774.0379110263101,785.3267088132746,766.1025173584707,777.3572851067461,275387.0
2022-04-05,777.3572851067461,790.6258563287289,751.9170467970689,764.9742543007968,149892.88
2022-04-06,764.9742543007968,780.0117029443775,754.5900404969175,769.5651693394734,124416.2
2022-04-07,769.5651693394734,789.813990563356,754.4222159838235,774.5725064078678,171577.52
2022-04-08,774.5725064078678,788.0713737930513,755.4023731882297,768.8006515351387,166314.25
2022-04-09,768.8006515351387,775.0946149755086,753.5185351945153,759.738307671535,243308.28
2022-04-10,759.738307671535,775.6049302917561,751.6330682966341,767.4177629390455,187143.45
2022-04-11,767.4177629390455,786.4298334797566,752.9052358170268,771.833795401927,226274.98
2022-04-12,771.833795401927,792.7180635888255,768.1764657559521,788.979489179371,94903.02
2022-04-13,788.979489179371,800.9467716451093,781.4771113333558,793.4023370958718,165571.3
2022-04-14,793.4023370958718,803.2196804842534,766.4141006602007,776.0163141588013,260316.19
2022-04-15,776.0163141588013,782.4739145589492,754.9726159036748,761.3078199360591,137446.24
2022-04-16,761.3078199360591,764.1207453011006,756.5088000677937,759.3143598781749,167864.52
2022-04-17,759.3143598781749,771.5413553842176,754.9745828079775,767.1567559683281,222010.35
2022-04-18,767.1567559683281,777.8870275854069,759.6434013838424,770.3424728319648,158662.13
2022-04-19,770.3424728319648,783.9774670495142,750.9516199355317,764.4829002318875,218889.46
2022-04-20,764.4829002318875,773.8833277258939,739.3724020218533,748.5772464027248,154767.6
2022-04-21,748.5772464027248,768.2267469915674,743.0581893427631,762.6042724718457,178326.05
2022-04-22,762.6042724718457,780.3287238251928,758.7727128400429,776.4277109647445,212876.36
2022-04-23,776.4277109647445,786.6221116269348,752.8915777678504,762.9084724861491,137006.87
2022-04-24,762.9084724861491,773.4308183192794,758.9017629225209,769.3900681436445,146852.98
2022-04-25,769.3900681436445,774.4750110889181,766.8716045383667,771.9481739723425,226222.21
2022-04-26,771.9481739723425,780.7197772572729,769.945407647762,778.699495095428,147819.51
2022-04-27,778.699495095428,805.3366279504722,767.3627960638903,793.7803738977867,185778.96
2022-04-28,793.7803738977867,822.7227841942341,779.5282621446997,808.2115643232878,229618.58
2022-04-29,808.2115643232878,822.8502290849026,798.8826793601552,813.4607546733056,184194.29
2022-04-30,813.4607546733056,819.1749803782643,805.3676960824002,811.065093255713,192705.22
2022-05-01,811.065093255713,815.6705781402519,803.5224944423925,808.1112062193104,265160.8
2022-05-02,808.1112062193104,813.7470867536067,800.3633836255418,805.9844317372557,319938.58
2022-05-03,805.9844317372557,840.4490983898116,799.9451063121055,834.1983630342511,186232.17
2022-05-04,834.1983630342511,845.5103735614233,823.4617785829703,834.7664771736702,161894.24
2022-05-05,834.7664771736702,858.779044344956,819.2209237100209,843.0786954538318,221690.5
2022-05-06,843.0786954538318,852.7064635767563,837.9915724997708,847.5921067731774,148227.88
2022-05-07,847.5921067731774,854.7688982422965,830.1288098853022,837.2177589472304,249939.49
2022-05-08,837.2177589472304,853.0520062313702,826.583657978607,842.3526829242875,156985.66
2022-05-09,842.3526829242875,850.755760246844,827.1335061112383,835.4679027717116,161923.23
2022-05-10,835.4679027717116,838.8927622259955,822.3012281282053,825.6859882773863,139273.81
2022-05-11,825.6859882773863,835.9750491290386,821.7076861426822,831.9664864357383,145569.9
2022-05-12,831.9664864357383,842.2939076936356,808.7807028706047,818.9465036191306,241786.15
2022-05-13,818.9465036191306,838.8452208899673,808.3378401419799,828.117752710862,196089.95
2022-05-14,828.117752710862,844.6706189419405,817.688268852485,834.1649751311724,177647.3
2022-05-15,834.1649751311724,861.7543635441681,820.2565069500093,847.6215272434349,300528.65
2022-05-16,847.6215272434349,857.5037024823495,842.990331057508,852.8439721380748,185404.37
2022-05-17,852.8439721380748,861.4716673631141,834.2367163068568,842.7624227290922,179209.7
2022-05-18,842.7624227290922,863.6092692340546,834.0152746222551,854.737826747493,136286.49
2022-05-19,854.737826747493,872.5403793395827,849.7177691268009,867.44568575165,147036.23
2022-05-20,867.44568575165,890.2959754006685,854.6314318649216,877.3356234075931,142458.42
2022-05-21,877.3356234075931,892.3011880802935,870.6495807863333,885.552525684602,151645.19
2022-05-22,885.552525684602,897.191037021163,857.9356537678328,869.3613703354588,160128.41
2022-05-23,869.3613703354588,887.2810173422691,861.0305252367343,878.8591576236428,167614.99
2022-05-24,878.8591576236428,884.4139364991977,859.8044570882894,865.2733677585743,214396.52
2022-05-25,865.2733677585743,870.2261429158851,853.7248937808556,858.6396981938371,178871.7
2022-05-26,858.6396981938371,867.959499760653,840.5876212243647,849.8116013294409,281461.47
2022-05-27,849.8116013294409,855.1900580514036,828.0497932629573,833.3238993365236,210720.15
2022-05-28,833.3238993365236,847.0826203869068,821.5458357698164,835.2769526839289,150855.95
2022-05-29,835.2769526839289,846.2253063904371,824.0998080346225,835.0451230449484,201541.85
2022-05-30,835.0451230449484,862.9641225574879,821.5013661044067,849.1909320290824,186935.86
2022-05-31,849.1909320290824,866.0358164553533,845.4564839014482,862.2439655989141,255208.81
2022-06-01,862.2439655989141,879.7119764334465,846.8277040680791,864.2596755528906,221024.0
2022-06-02,864.2596755528906,882.9237465985253,854.3924762030498,872.9572476056126,183074.94
2022-06-03,872.9572476056126,884.9363914951304,859.9486993728545,871.9135207346624,278691.04
2022-06-04,871.9135207346624,889.0238740401654,853.7142160952923,870.8027721698481,206909.86
2022-06-05,870.8027721698481,882.1716228469539,860.9240809617057,872.2762163724448,209192.54
2022-06-06,872.2762163724448,887.8361974054249,855.192095072851,870.72439413523,262104.17
2022-06-07,870.72439413523,879.9972612937061,863.8917619580443,873.1456295215618,222996.12
2022-06-08,873.1456295215618,895.4699628730082,858.3535882411217,880.5524420922445,189984.78
2022-06-09,880.5524420922445,897.1420694290108,850.9223616672979,867.2615890408474,176527.18
2022-06-10,867.2615890408474,871.9222670536616,858.2867874719686,862.924156048698,108656.24
2022-06-11,862.924156048698,881.0354155789736,853.4568319881239,871.4742862255737,113469.06
2022-06-12,871.4742862255737,887.2597793478395,849.8474308751265,865.5251642791154,174793.74
2022-06-13,865.5251642791154,872.8082737296473,852.6087454246949,859.8440501694024,156670.31
2022-06-14,859.8440501694024,883.6353093436386,847.3516001047617,870.98105267277,180849.01
2022-06-15,870.98105267277,874.3173778217689,859.7140345371569,863.0198640586012,232112.44
2022-06-16,863.0198640586012,874.2648687609862,856.6205110604004,867.8298493832611,148384.44
2022-06-17,867.8298493832611,881.6236126830812,855.793045074922,869.5627727194873,121373.37
2022-06-18,869.5627727194873,888.1649308356535,860.9077902028255,879.4119172436798,130082.86
2022-06-19,879.4119172436798,891.5938029426751,866.6080311987412,878.7811797266938,140739.75
2022-06-20,878.7811797266938,889.281105383598,859.7986263658461,870.1959735554053,135357.35
2022-06-21,870.1959735554053,886.493528812295,847.0266190321023,863.1930187254512,181954.49
2022-06-22,863.1930187254512,885.1054934486953,859.5995674706709,881.4360967100513,264464.63
2022-06-23,881.4360967100513,893.0919922001879,864.066629440461,875.6459575455924,209906.73
2022-06-24,875.6459575455924,884.5855265573466,860.3063930914527,869.1799498968944,213823.99
2022-06-25,869.1799498968944,885.4176489978678,848.1056255702098,864.2512484901686,190136.34
2022-06-26,864.2512484901686,879.3040038948824,846.4121095458049,861.4154739656931,132060.68
2022-06-27,861.4154739656931,868.0482485594521,850.5076508483684,857.1072527618018,315173.32
2022-06-28,857.1072527618018,877.9914435664559,842.5271684123901,863.3059149826818,166245.83
2022-06-29,863.3059149826818,875.1873966825906,852.6396293673341,864.5062803569439,218534.24
2022-06-30,864.5062803569439,870.7577824510885,852.0110514169626,858.2170743918052,102870.8
2022-07-01,858.2170743918052,869.2984490201985,855.0876093557305,866.1400929142695,176038.04
2022-07-02,866.1400929142695,873.6570318423604,861.8074311143225,869.3085207285792,172429.21
2022-07-03,869.3085207285792,895.7965494213421,857.7283393321147,884.0203891509228,168372.23
2022-07-04,884.0203891509228,897.3707830528776,874.3303568563738,887.6410633815964,126796.75
2022-07-05,887.6410633815964,891.5546255232646,882.4057702611057,886.313479154671,189149.73
2022-07-06,886.313479154671,902.3411069503782,868.1617268011343,884.1502356363856,244183.73
2022-07-07,884.1502356363856,896.855893798281,873.1794806995897,885.8638755928075,304268.65
2022-07-08,885.8638755928075,907.3068078826724,868.6962672552979,890.0579209979181,271827.36
2022-07-09,890.0579209979181,896.3266424562895,883.8672628649972,890.1354451165327,246930.97
2022-07-10,890.1354451165327,894.8615182993223,880.6201864032555,885.3206962229042,275936.94
2022-07-11,885.3206962229042,908.2128571012439,869.6517352814972,892.4182786937718,284137.64
2022-07-12,892.4182786937718,911.3118551668323,878.5712925051045,897.3877612386591,142884.42
2022-07-13,897.3877612386591,902.919412357161,892.1694418966732,897.6992815214294,191686.98
2022-07-14,897.6992815214294,912.9071234277594,890.2270265559031,905.3710106456759,130822.85
2022-07-15,905.3710106456759,912.3679230884643,897.6140117386193,904.6050043107767,205946.42
2022-07-16,904.6050043107767,918.1379450767924,891.3159484807688,904.8453583376398,169260.0
2022-07-17,904.8453583376398,917.5157939581554,899.5279381887036,912.1554154796236,173176.15
2022-07-18,912.1554154796236,924.6024894773071,909.0675326577638,921.4830302585351,168099.21
2022-07-19,921.4830302585351,944.7252971476489,906.0684620212082,929.1819415218146,96452.4
2022-07-20,929.1819415218146,931.2333744192142,918.3720081288113,920.4040613640367,111690.88
2022-07-21,920.4040613640367,936.8391007722986,908.4871895945727,924.8644780476956,222943.26
2022-07-22,924.8644780476956,932.4656254036097,917.8780419165455,925.4745805516378,152095.0
2022-07-23,925.4745805516378,939.0923869391385,916.5734672966623,930.1463412013942,232451.42
2022-07-24,930.1463412013942,954.8651962622517,927.1582472093853,951.8075157732252,172888.75
2022-07-25,951.8075157732252,956.5477172624086,944.6728021449773,949.4010187732787,121076.27
2022-07-26,949.4010187732787,960.239703247003,938.9363281498684,949.770935251206,126825.64
2022-07-27,949.770935251206,958.2243564817766,934.7924763912412,943.1873000808068,152177.68
2022-07-28,943.1873000808068,952.7224429237575,931.5109385090356,941.0242136507455,142741.97
2022-07-29,941.0242136507455,942.9947304722658,931.2017956990446,933.155836036515,176063.91
2022-07-30,933.155836036515,950.6103854627173,903.543179303354,920.7659781706989,191709.73
2022-07-31,920.7659781706989,931.223959419575,888.3170023076361,898.5223422415978,195974.76
2022-08-01,898.5223422415978,907.3574692172656,882.0491064429046,890.8083824226861,190567.11
2022-08-02,890.8083824226861,906.5048324121216,868.350004701987,883.9251693374782,224519.96
2022-08-03,883.9251693374782,886.6889346958445,880.6099929808187,883.3720288369526,231282.87
2022-08-04,883.3720288369526,892.2409671368002,868.69704538568,877.5071005817728,142674.92
2022-08-05,877.5071005817728,900.0629164397799,866.6503688477363,889.0632097069339,112931.02
2022-08-06,889.0632097069339,897.9366143155768,882.8450005288029,891.6999633824317,151915.95
2022-08-07,891.6999633824317,906.158759472057,885.7501743895979,900.1525712025225,183792.29
2022-08-08,900.1525712025225,915.9138113459016,895.7346339349535,911.4404732001888,157841.38
2022-08-09,911.4404732001888,941.2075613171756,898.0347496598454,927.5646784188435,210863.03
2022-08-10,927.5646784188435,952.2561238463833,914.5480394309094,939.077918029653,129013.63
2022-08-11,939.077918029653,947.8742821297689,920.1140416145412,928.8142658525505,267212.85
2022-08-12,928.8142658525505,942.5697209421334,925.2831022556942,938.9998338799364,218994.92
2022-08-13,938.9998338799364,947.9259227618486,933.9874144193599,942.8927229006997,163473.52
2022-08-14,942.8927229006997,967.9694481496578,934.158961870997,959.085695976982,148718.87
2022-08-15,959.085695976982,965.7104976236814,952.8826890325774,959.5047801995421,173290.92
2022-08-16,959.5047801995421,988.3638976632691,944.8642515684803,973.5096764187841,239822.57
2022-08-17,973.5096764187841,978.1832681049544,970.1729683975085,974.8419935617372,162905.44
2022-08-18,974.8419935617372,985.4866281285543,966.0369626958419,976.6651302099812,155643.52
2022-08-19,976.6651302099812,1002.6889741910425,959.1077524128433,984.982083639767,179777.58
2022-08-20,984.982083639767,992.9463816860736,973.2743362061368,981.2081189976738,131513.69
2022-08-21,981.2081189976738,1003.6756279712962,965.7971825272538,988.1555741907576,235534.1
2022-08-22,988.1555741907576,995.4767087088431,962.4101020162736,969.5937137793118,210251.72
2022-08-23,969.5937137793118,988.9024288411784,956.3847785830168,975.6115121839666,225740.67
2022-08-24,975.6115121839666,987.3620388210687,948.691169066994,960.2567589390443,254508.52
2022-08-25,960.2567589390443,978.0968502066123,949.3137563569182,967.0761346118969,147716.33
2022-08-26,967.0761346118969,971.5813308452339,925.6703498679362,930.0028373836738,180698.28
2022-08-27,930.0028373836738,932.7200551458083,906.4890088988551,909.1452865160633,175791.41
2022-08-28,909.1452865160633,913.8532008552381,905.1471420979859,909.8519487516078,267476.0
2022-08-29,909.8519487516078,924.9531077993006,895.6728595317455,910.7598695846335,162285.62
2022-08-30,910.7598695846335,928.9408891994277,889.8505294246506,907.9759756306091,115055.84
2022-08-31,907.9759756306091,922.472124935495,901.9166412524739,916.3568611176894,160444.17
2022-09-01,916.3568611176894,933.5295173276224,910.1603860543771,927.2593190115745,224630.65
2022-09-02,927.2593190115745,965.8576972139159,918.9916985252204,957.3220318607897,205655.86
2022-09-03,957.3220318607897,966.0908381714952,949.1955985702866,957.9589978585722,175838.87
2022-09-04,957.9589978585722,983.6821386158806,945.0460929937517,970.5988535423924,163682.04
2022-09-05,970.5988535423924,980.3574159180555,950.9980118113227,960.6566132487412,196016.88
2022-09-06,960.6566132487412,973.385701192844,941.5435662192231,954.1869282249385,207369.72
2022-09-07,954.1869282249385,957.767289765289,940.960269374614,944.5042991315477,190036.48
2022-09-08,944.5042991315477,959.0046308252299,928.8232427586845,943.3051649615619,164963.57
2022-09-09,943.3051649615619,961.0805659139788,928.3292412539822,946.0608922481297,178610.72
2022-09-10,946.0608922481297,976.9430805018434,927.9908665392238,958.6329254679058,156999.42
2022-09-11,958.6329254679058,976.1877691053652,945.4173236764886,962.9131604927145,233092.93
2022-09-12,962.9131604927145,991.4404681091197,951.0055664161224,979.3298615283582,174171.92
2022-09-13,979.3298615283582,1008.6478630555514,967.1244402619111,996.2317924509895,142482.18
2022-09-14,996.2317924509895,1000.4892739597136,992.5940218824417,996.8492487308555,316654.76
2022-09-15,996.8492487308555,1004.7561927346649,987.7596915424731,995.6571801349972,150033.28
2022-09-16,995.6571801349972,1013.6076901541949,959.2652649983108,976.8771942985181,143976.69
2022-09-17,976.8771942985181,994.3780635164097,952.9641858334104,970.3480852997677,133229.75
2022-09-18,970.3480852997677,988.9614228604365,942.2159153045658,960.6430904479136,151589.57
2022-09-19,960.6430904479136,974.1733838935711,938.1539746937957,951.5562839171467,216916.76
2022-09-20,951.5562839171467,957.283670433133,940.9132371048759,946.6108572576485,121230.51
2022-09-21,946.6108572576485,969.1534785303508,930.5615794591398,952.9959450043393,187395.66
2022-09-22,952.9959450043393,968.4616342025092,941.1608696419081,956.5820240070858,155591.32
2022-09-23,956.5820240070858,972.2564589689432,953.0130248968667,968.6424624689977,146948.25
2022-09-24,968.6424624689977,976.4203968359509,965.6819616061814,973.4452171211922,116539.03
2022-09-25,973.4452171211922,986.3171522008788,953.5707109761375,966.3488097584489,178018.55
2022-09-26,966.3488097584489,989.2122027275077,952.958377964649,975.6923007286545,117277.16
2022-09-27,975.6923007286545,983.0680747410383,951.8918206188948,959.1424858295061,167804.15
2022-09-28,959.1424858295061,989.4031779610046,941.0630179252813,971.0983466666005,196037.25
2022-09-29,971.0983466666005,976.1267940146352,956.9293353265397,961.9102055325915,102331.11
2022-09-30,961.9102055325915,966.5119177420145,930.1991750218767,934.6705747125178,214096.02
2022-10-01,934.6705747125178,949.3338266697681,926.5854370088491,941.1922746067162,109796.46
2022-10-02,941.1922746067162,951.517616766284,927.3649713342542,937.6514691161138,283422.08
2022-10-03,937.6514691161138,961.5833965441808,927.9122572744413,951.6982830523414,171469.22
2022-10-04,951.6982830523414,977.3084711284893,937.9458803135474,963.3871596697062,145069.13
2022-10-05,963.3871596697062,968.7628329735411,946.3229582429594,951.633043910857,189459.97
2022-10-06,951.633043910857,981.1297754956961,940.838238971645,970.1252055851481,143692.67
2022-10-07,970.1252055851481,980.8373513808608,937.07461885584,947.5373489971711,98067.34
2022-10-08,947.5373489971711,970.6288118565031,930.2065195433951,953.1945106981699,239261.26
2022-10-09,953.1945106981699,986.5232168218356,937.4729557524139,970.5159696427716,165030.32
2022-10-10,970.5159696427716,987.8215364999833,941.2322277730734,958.3203304608844,183439.29
2022-10-11,958.3203304608844,1001.6721235110871,941.3044136899707,984.1967456259891,172713.06
2022-10-12,984.1967456259891,990.0723013518658,980.4469079392894,986.3143953163816,146252.46
2022-10-13,986.3143953163816,1002.0352654630356,975.3869684014203,991.0553136745505,136143.77
2022-10-14,991.0553136745505,1023.6802667926264,973.5370338439345,1005.8995936853437,216010.4
2022-10-15,1005.8995936853437,1028.3548227421202,988.9470822743591,1011.3111105766795,204597.43
2022-10-16,1011.3111105766795,1029.9990589902354,976.3494820175322,994.731048606996,178060.63
2022-10-17,994.731048606996,997.4791719861427,952.8068776958153,955.4464703640118,232382.93
2022-10-18,955.4464703640118,964.5802949219047,934.8869131473309,943.9104563536924,176682.93
2022-10-19,943.9104563536924,947.7664138416516,929.7390958656995,933.5527411733676,238023.85
2022-10-20,933.5527411733676,937.4787171221521,918.7206399795048,922.600557459441,260328.16
2022-10-21,922.600557459441,933.722180730111,904.36674042207,915.401582598044,235943.97
2022-10-22,915.401582598044,933.4755609190705,865.8928354153529,883.3336544217389,199452.0
2022-10-23,883.3336544217389,897.1219745419719,856.7212510344566,870.3062205548308,139845.14
2022-10-24,870.3062205548308,886.6311768190167,860.1445679570963,876.3983923235463,201103.72
2022-10-25,876.3983923235463,903.1890535305773,861.4553327069423,888.0473725927116,159884.37
2022-10-26,888.0473725927116,899.913983338667,868.2950156923262,880.0548253258504,215508.04
2022-10-27,880.0548253258504,890.9643917739046,876.9422224213301,887.8243095369313,269557.38
2022-10-28,887.8243095369313,899.617931820345,848.0888478613383,859.5063012450889,175988.25
2022-10-29,859.5063012450889,865.452060643769,856.5896329008267,862.5251480756143,136050.56
2022-10-30,862.5251480756143,883.1833791519656,855.0116580916088,875.5563736570168,214498.89
2022-10-31,875.5563736570168,888.9367915758816,868.015417509469,881.3459710208028,179625.55
2022-11-01,881.3459710208028,898.7528153031226,863.7488934281931,881.1519048460124,264289.48
2022-11-02,881.1519048460124,884.9354229285508,849.8002465001689,853.4648811595504,182451.99
2022-11-03,853.4648811595504,889.1555802966956,838.7391753303514,874.0742793610871,176864.38
2022-11-04,874.0742793610871,902.4363112565991,867.549331880143,895.7495582407433,184367.29
2022-11-05,895.7495582407433,913.3973406481838,886.2109679902588,903.7733077003919,194409.36
2022-11-06,903.7733077003919,935.6370129849838,887.5376232237526,919.1255359704566,109677.27
2022-11-07,919.1255359704566,928.0474318986975,910.3325639906735,919.2532382333281,146944.4
2022-11-08,919.2532382333281,941.3515890508353,906.2202952651194,928.1919157439539,237391.9
2022-11-09,928.1919157439539,954.9365572047476,911.5682476240718,938.1348144375555,152923.95
2022-11-10,938.1348144375555,943.3686949948569,932.2631762295997,937.493478757073,178695.27
2022-11-11,937.493478757073,944.9434226524879,920.537623351532,927.9114218787242,169978.59
2022-11-12,927.9114218787242,950.4129599071051,915.9061923783466,938.273664697177,151600.21
2022-11-13,938.273664697177,969.1636131863769,930.095540456021,960.7892400473746,172895.57
2022-11-14,960.7892400473746,985.7278850266882,951.2195954629838,976.0066719105653,139425.33
2022-11-15,976.0066719105653,994.8765729683035,961.49943436444,980.3054390999838,124302.8
2022-11-16,980.3054390999838,1001.004654404415,963.0308013412961,983.670714803247,189515.59
2022-11-17,983.670714803247,996.4379603072936,975.0292236836651,987.7605403039771,269319.08
2022-11-18,987.7605403039771,994.4680304423897,953.4003854900915,959.9188135022711,216966.44
2022-11-19,959.9188135022711,974.4852965106288,944.1959774262002,958.7446427418638,218102.33
2022-11-20,958.7446427418638,970.9647442261634,944.0671441157691,956.2555193836305,234285.83
2022-11-21,956.2555193836305,970.9559556318237,927.4872499014867,941.9680460146415,189491.41
2022-11-22,941.9680460146415,972.6970252405149,924.1451742921565,954.6344930938495,181066.84
2022-11-23,954.6344930938495,964.0011566985695,948.7835671522265,958.128814168741,145205.42
2022-11-24,958.128814168741,973.1249113367786,912.7339963765841,927.2467446372558,219204.07
2022-11-25,927.2467446372558,936.5028552075639,920.854864038826,930.0913655061131,192911.33
2022-11-26,930.0913655061131,951.3039634140506,924.1166681281089,945.2320059729458,151548.27
2022-11-27,945.2320059729458,959.3738239807619,924.2518641136132,938.289818572402,166371.36
2022-11-28,938.289818572402,945.0055236259412,919.7623573842344,926.3929116492176,135819.66
2022-11-29,926.3929116492176,928.4589380521882,909.5815858510658,911.6146540242624,205258.65
2022-11-30,911.6146540242624,921.6197166189971,902.8682677803174,912.86136890663,264848.61
2022-12-01,912.86136890663,920.6325927262503,896.9731485897597,904.6746788027647,135715.39
2022-12-02,904.6746788027647,906.87592088576,886.0549403005426,888.2161356810124,233740.85
2022-12-03,888.2161356810124,914.0961999399353,880.8528594732732,906.5806823752699,243529.64
2022-12-04,906.5806823752699,916.7368921223739,898.8722835272123,909.0078557067221,134588.79
2022-12-05,909.0078557067221,919.5280830449568,892.6918830971471,903.1442491138412,107349.62
2022-12-06,903.1442491138412,932.4574820313298,893.3351828358644,922.4388566663349,182853.07
2022-12-07,922.4388566663349,930.3117189958153,917.8708645954193,925.7274415855228,172350.01
2022-12-08,925.7274415855228,939.1915872226274,910.8227242436963,924.2656084014459,170357.47
2022-12-09,924.2656084014459,943.9981489766569,907.2209884807966,926.9048579754696,238560.17
2022-12-10,926.9048579754696,942.0164740439662,905.8605614904966,920.8738522100102,164837.72
2022-12-11,920.8738522100102,925.3453701403655,914.8998856622139,919.3640725048133,329569.96
2022-12-12,919.3640725048133,937.3052776346964,908.3800609862469,926.2391270801328,122609.85
2022-12-13,926.2391270801328,951.2216302161468,921.2418357368637,946.1170922876826,144910.27
2022-12-14,946.1170922876826,954.8031443827266,931.0917161488491,939.7190293110746,144722.55
2022-12-15,939.7190293110746,964.1150017121058,923.0060234196872,947.2677411535669,171765.58
2022-12-16,947.2677411535669,951.1562266719384,926.1657942418101,929.9833281307606,256737.84
2022-12-17,929.9833281307606,953.7421236511906,912.3731140604337,936.0176434628047,136148.75
2022-12-18,936.0176434628047,965.3028643465959,928.4651980246888,957.5764672299531,143606.57
2022-12-19,957.5764672299531,970.5590435375061,944.9905786706574,957.9680087593712,153589.17
2022-12-20,957.9680087593712,968.397965238124,940.7960096308825,951.1517535635055,176004.82
2022-12-21,951.1517535635055,962.529710443767,933.6246674215214,944.9281760379156,187420.86
2022-12-22,944.9281760379156,963.4305933505804,932.3733616053803,950.7977921013374,163269.78
2022-12-23,950.7977921013374,955.0491752854183,947.3756637687187,951.6240729879289,130417.78
2022-12-24,951.6240729879289,956.956947525141,941.6003217774615,946.9067606289049,175675.92
2022-12-25,946.9067606289049,969.6733874849621,932.1759008091127,954.8194316514133,257583.16
2022-12-26,954.8194316514133,969.6225451151373,929.8125016309114,944.4549282519386,226290.61
2022-12-27,944.4549282519386,966.3346842771182,933.1272918216902,954.8819874212493,160569.76
2022-12-28,954.8819874212493,973.0505763590809,933.119287797886,951.2181649970491,183244.38
2022-12-29,951.2181649970491,961.9090481274457,948.564012015127,959.2325329164427,203931.2
2022-12-30,959.2325329164427,987.200810617294,941.7338403937476,969.514549552608,224573.11
2022-12-31,969.514549552608,979.0152093579665,936.9772375971841,946.249917997797,264169.52
2023-01-01,946.249917997797,963.6820463996148,928.0964151113701,945.5150046977362,192502.14
2023-01-02,945.5150046977362,955.339625266516,917.9930943735892,927.6318958296674,134265.07
2023-01-03,927.6318958296674,942.3475984648107,893.3802298719681,907.781023615048,122771.93
2023-01-04,907.781023615048,925.6748516519395,887.3689620924797,905.2121535574852,209279.92
2023-01-05,905.2121535574852,924.9309751745745,889.1590019214505,908.8139488265303,125347.59
2023-01-06,908.8139488265303,912.0927939648728,888.2314083693846,891.4475986895535,220719.46
2023-01-07,891.4475986895535,909.0188735918266,877.0716612357805,894.592224305704,155069.84
2023-01-08,894.592224305704,903.8397365714121,875.7723533648527,884.9198814062736,132841.37
2023-01-09,884.9198814062736,892.1560624984768,878.5450071127906,885.7750278158129,204643.89
2023-01-10,885.7750278158129,928.0274948539326,872.6491008495044,914.4762564718002,139381.43
2023-01-11,914.4762564718002,923.4483374691557,902.0032600220877,910.9406526128581,202549.94
2023-01-12,910.9406526128581,922.403415057617,886.8064810335409,898.1077616293989,188408.96
2023-01-13,898.1077616293989,912.5512759278095,883.5651633542064,898.0070581225301,111899.15
2023-01-14,898.0070581225301,913.0997013724048,880.907612414304,895.9659511460208,256464.65
2023-01-15,895.9659511460208,905.2921495770554,882.8987684060255,892.1856169636917,248732.37
2023-01-16,892.1856169636917,901.5329842136513,883.3280046407924,892.6705574055685,228343.24
2023-01-17,892.6705574055685,901.0939399623269,882.2959871308738,890.7007825764084,229562.7
2023-01-18,890.7007825764084,903.3321351677821,864.6206616782238,877.0585487774598,150021.85
2023-01-19,877.0585487774598,903.1794588172887,860.3436394089681,886.2886430741911,240506.11
2023-01-20,886.2886430741911,907.2849204649245,880.240973986184,901.1359395339398,217555.78
2023-01-21,901.1359395339398,907.5737938984848,890.6259201074571,897.0344729611888,106689.92
2023-01-22,897.0344729611888,913.4072451680701,884.7792526283063,901.096529313991,141400.56
2023-01-23,901.096529313991,910.1643647361333,869.4966834895112,878.3354718378794,148927.79
2023-01-24,878.3354718378794,880.838600726724,875.7294052992563,878.2322399922917,260447.9
2023-01-25,878.2322399922917,902.7855142582855,875.3306528744885,899.8126278048138,141387.36
2023-01-26,899.8126278048138,920.712967558076,888.2217176294531,909.003663326159,155446.18
2023-01-27,909.003663326159,918.8831991106451,901.0040085718772,910.8671448527582,130576.15
2023-01-28,910.8671448527582,922.9244443131828,898.411729048583,910.4636878821761,159744.68
2023-01-29,910.4636878821761,924.6217634592264,893.0465823001203,907.1531781224024,233120.46
2023-01-30,907.1531781224024,919.4833829317213,899.7620160345369,912.0523045011394,126105.07
2023-01-31,912.0523045011394,935.538497287708,900.6792451062009,924.0162505399979,202536.09
2023-02-01,924.0162505399979,932.891581944846,909.4948258079166,918.3153995810449,144563.64
2023-02-02,918.3153995810449,944.379463753225,901.2259372709801,927.1260391563272,288255.25
2023-02-03,927.1260391563272,945.0856792701442,900.0802352777409,917.8603876416782,185245.79
2023-02-04,917.8603876416782,930.8595422416953,900.0074508100024,912.9368764136607,176256.43
2023-02-05,912.9368764136607,921.0323975371715,892.3954202075053,900.3795888494188,155668.67
2023-02-06,900.3795888494188,919.5157192271334,883.1965546573688,902.2961097456199,189937.42
2023-02-07,902.2961097456199,910.6066867299293,895.042613604066,903.3447605568911,124614.76
2023-02-08,903.3447605568911,918.4282973026192,892.9279240065677,907.9582606032428,184435.37
2023-02-09,907.9582606032428,928.8404384478458,890.773890371142,911.5873820554251,155440.22
2023-02-10,911.5873820554251,931.9257770442694,899.78088014275,920.0101864602576,153765.51
2023-02-11,920.0101864602576,953.237283221037,911.5297735300711,944.530845280286,301234.64
2023-02-12,944.530845280286,955.8331059662653,942.095903314632,953.3753633812374,255683.28
2023-02-13,953.3753633812374,968.844869174032,915.0461230413899,930.1385880116584,259308.84
2023-02-14,930.1385880116584,933.4483182482617,924.0509878833356,927.350798273468,222632.54
2023-02-15,927.350798273468,930.7103878297848,923.6865119691621,927.0449936621113,199330.35
2023-02-16,927.0449936621113,932.6921352329808,903.3395390714625,908.8760033166552,259795.98
2023-02-17,908.8760033166552,930.7688054998137,896.7421965352462,918.5064292251296,195387.51
2023-02-18,918.5064292251296,956.46844057067,901.9007711789461,939.4835378276956,210088.54
2023-02-19,939.4835378276956,941.5031774071703,927.4182811529103,929.4162788047076,254592.54
2023-02-20,929.4162788047076,957.8027318029385,916.2147095890759,944.3884949673287,220740.68
2023-02-21,944.3884949673287,968.2181904122216,933.6332627768187,957.3157354697121,201101.88
2023-02-22,957.3157354697121,973.3903826451769,944.6981759114166,960.7278509128861,219613.04
2023-02-23,960.7278509128861,984.9167785187183,946.8727051920571,970.914722730344,185065.08
2023-02-24,970.914722730344,984.374151571755,948.4111208426954,961.7434112116134,204368.59
2023-02-25,961.7434112116134,992.3994837890324,945.4421385766472,975.8589567402881,209344.39
2023-02-26,975.8589567402881,995.544612216635,971.991873161446,991.6150910408443,132203.1
2023-02-27,991.6150910408443,1003.6957398407034,985.6445224527914,997.6886023097923,149735.94
2023-02-28,997.6886023097923,1018.8677573652881,980.5263378089603,1001.6375627474068,215925.85
2023-03-01,1001.6375627474068,1004.9239545943041,988.5626224081778,991.8167921203234,186030.61
2023-03-02,991.8167921203234,1023.5154716072931,972.3279819437792,1003.7913657647,179206.39
2023-03-03,1003.7913657647,1014.3108282275895,993.5685556308144,1004.0850273855787,193705.86
2023-03-04,1004.0850273855787,1012.4812354167487,994.0956316609154,1002.4784050375556,109648.17
2023-03-05,1002.4784050375556,1024.684902404956,992.4679626193918,1014.5538780108966,172535.17
2023-03-06,1014.5538780108966,1021.791571726578,1003.7828526568088,1010.9951589394345,172906.24
2023-03-07,1010.9951589394345,1028.0438072545717,985.2879391757543,1002.1880715114501,188285.22
2023-03-08,1002.1880715114501,1029.3914409608603,989.0698596045978,1016.0912425102408,222893.52
2023-03-09,1016.0912425102408,1023.3915911434932,989.9559149068026,997.1199598582741,164293.04
2023-03-10,997.1199598582741,1022.5334638387087,981.1281403813385,1006.3929244664744,251900.16
2023-03-11,1006.3929244664744,1021.2423948356476,976.4370679971116,991.0603033668473,141117.69
2023-03-12,991.0603033668473,1003.5163917310248,956.7071803401174,968.8845539854241,214090.17
2023-03-13,968.8845539854241,986.7797491664707,959.211581666362,977.0255007527414,158094.4
2023-03-14,977.0255007527414,998.0584435068981,960.1641057252851,981.1262777364183,241027.69
2023-03-15,981.1262777364183,986.7527568168674,967.893866472925,973.4764761252367,190218.28
2023-03-16,973.4764761252367,991.3064773963727,941.9786608273389,959.5536544697301,133144.16
2023-03-17,959.5536544697301,976.0256002701483,947.3317850098185,963.7502782618352,184707.03
2023-03-18,963.7502782618352,982.0684153009455,939.9950655068907,958.2078569651687,198959.6
2023-03-19,958.2078569651687,986.119781921609,940.1563655561124,967.8859664899798,190435.72
2023-03-20,967.8859664899798,971.2780113586196,957.6489123092393,961.0168838496887,195424.4
2023-03-21,961.0168838496887,968.7249458601507,948.3374471234017,956.0053126479938,170158.83
2023-03-22,956.0053126479938,982.8995655107606,942.8174665072083,969.5252158011525,156518.52
2023-03-23,969.5252158011525,973.7142916075915,953.0614181133549,957.1972277689334,119340.96
2023-03-24,957.1972277689334,968.535200729869,928.8256849212839,939.9594772350226,208242.4
2023-03-25,939.9594772350226,947.6152179888722,921.5234526047917,929.0906695703295,204359.01
2023-03-26,929.0906695703295,950.653894029334,910.5184721590651,932.0230787838921,290170.48
2023-03-27,932.0230787838921,960.1331179150712,926.7972619432591,954.7797055608143,178144.61
2023-03-28,954.7797055608143,960.5340246484441,950.9686330479001,956.715226363724,192931.68
2023-03-29,956.715226363724,966.473484180965,936.7483994307875,946.4014593851002,186923.96
2023-03-30,946.4014593851002,952.4492359024998,930.7172842013189,936.7030853294275,223531.74
2023-03-31,936.7030853294275,957.2456665175589,921.190782357333,941.6514165399028,158279.61
2023-04-01,941.6514165399028,943.8293207955785,919.34338323862,921.4746214700358,186907.0
2023-04-02,921.4746214700358,934.1365825691255,887.6827111974087,900.0502809371706,181229.39
2023-04-03,900.0502809371706,910.7987873848459,891.647348494341,902.3741590532109,216772.16
2023-04-04,902.3741590532109,929.6896520459493,885.4377286794997,912.5620085246759,313687.13
2023-04-05,912.5620085246759,940.1851198756823,895.7290204129018,923.1567035370854,195527.39
2023-04-06,923.1567035370854,942.5042996416253,908.0057572429874,927.2855896285546,125433.47
2023-04-07,927.2855896285546,950.60337605271,918.2603045325837,941.4403227189631,134279.89
2023-04-08,941.4403227189631,950.5479180366723,930.2286433348302,939.3156846747285,234333.95
2023-04-09,939.3156846747285,941.5537297420275,932.7360517886838,934.9637277373619,118745.65
2023-04-10,934.9637277373619,952.4453789036112,916.9922790622239,934.4645976546702,194820.57
2023-04-11,934.4645976546702,956.4203740636367,916.1582957782691,938.0439520959144,149949.19
2023-04-12,938.0439520959144,990.8516553081317,932.6085177555823,985.1433068366512,353348.62
2023-04-13,985.1433068366512,995.4983079498631,972.4904608408026,982.8210523604876,132939.54
2023-04-14,982.8210523604876,997.3749360450188,970.6216642553576,985.1466807888266,152546.86
2023-04-15,985.1466807888266,1018.7959706462957,973.6044428188843,1006.9977201443614,218829.34
2023-04-16,1006.9977201443614,1024.9334243802798,996.2897173413854,1014.1493738107854,169865.48
2023-04-17,1014.1493738107854,1027.2453376604115,980.2628713360812,993.0868495558309,150378.85
2023-04-18,993.0868495558309,1031.3306872270848,976.9897539363553,1014.8803376481386,141398.35
2023-04-19,1014.8803376481386,1028.7721725584327,1005.2844992647537,1019.1360953785463,152739.02
2023-04-20,1019.1360953785463,1022.5416801398261,980.2673168757041,983.5539991220646,143508.87
2023-04-21,983.5539991220646,990.4024959526159,971.8347359227712,978.6490797481839,179429.99
2023-04-22,978.6490797481839,982.7107607377598,965.9164744514054,969.9420185809466,291265.11
2023-04-23,969.9420185809466,982.4268614163544,951.8736962275598,964.2857328153123,301442.76
2023-04-24,964.2857328153123,975.0501166664596,953.2072687876826,963.9681069609242,300144.45
2023-04-25,963.9681069609242,977.4372585119426,959.4407410526373,972.8680929911516,174235.91
2023-04-26,972.8680929911516,996.6142002168775,964.9718898720655,988.5903883922743,215275.66
2023-04-27,988.5903883922743,1023.5529480987404,970.3673259885912,1005.0269051342457,185805.42
2023-04-28,1005.0269051342457,1043.7250683567781,987.2489630876995,1025.583500266913,146615.5
2023-04-29,1025.583500266913,1038.4661493396743,1010.2725186696466,1023.1242767288296,114652.56
2023-04-30,1023.1242767288296,1025.485379254227,994.430896612079,996.7310905852366,115866.09
2023-05-01,996.7310905852366,1012.8792734705063,950.3386983822892,965.9888213692603,187116.77
2023-05-02,965.9888213692603,978.3967646837979,963.1582911364902,975.5382528079743,128003.42
2023-05-03,975.5382528079743,993.5639905317001,956.8986920741476,974.9128742177483,147538.92
2023-05-04,974.9128742177483,1005.9397985187139,962.7418042043969,993.5362296140197,197395.01
2023-05-05,993.5362296140197,1006.0285511212518,986.9994073875365,999.4528016984036,100473.55
2023-05-06,999.4528016984036,1003.166865929048,974.144822926977,977.7783427511644,259802.37
2023-05-07,977.7783427511644,992.7031066089671,955.678652004607,970.4922005209924,182394.41
2023-05-08,970.4922005209924,980.1245963617295,966.2260557709685,975.8349655815226,163833.51
2023-05-09,975.8349655815226,985.9682694930566,952.3953963437967,962.3890749074312,153448.03
2023-05-10,962.3890749074312,983.2105425026435,960.0923032576296,980.8696663429432,202589.89
2023-05-11,980.8696663429432,998.9584351247573,957.5756271211901,975.5665990588069,141425.43
2023-05-12,975.5665990588069,991.0831255909725,956.2841050566382,971.7397652487662,250418.99
2023-05-13,971.7397652487662,976.4473786523985,947.8447645703067,952.4589717709051,223598.4
2023-05-14,952.4589717709051,990.4547331757759,939.6052689115969,977.2662491017282,150180.59
2023-05-15,977.2662491017282,987.6205624740765,964.6493346765717,974.9794186651759,171386.04
2023-05-16,974.9794186651759,982.1409761773449,971.5068275939362,978.6552927195628,243764.96
2023-05-17,978.6552927195628,988.8192319131728,959.242700871216,969.3095790607568,199217.49
2023-05-18,969.3095790607568,977.7161596502888,956.2585043084442,964.6244519573577,170103.31
2023-05-19,964.6244519573577,974.4259791810251,958.6899050517916,968.4677873696804,149433.63
2023-05-20,968.4677873696804,992.2253004604569,950.2126342961163,973.8683493843705,175014.39
2023-05-21,973.8683493843705,987.0257458988276,967.9395529793004,981.0532089107946,162320.45
2023-05-22,981.0532089107946,1007.5918533458604,967.3438619336226,993.7056990599668,194458.23
2023-05-23,993.7056990599668,1022.0798900186924,974.3078051902618,1002.5101269941536,166415.76
2023-05-24,1002.5101269941536,1011.9065308256818,1000.1369682102628,1009.5167857616606,141329.96
2023-05-25,1009.5167857616606,1014.074693112127,996.8002126300646,1001.321117030925,236826.98
2023-05-26,1001.321117030925,1015.976155787105,983.9840168525113,998.5992187125469,206193.38
2023-05-27,998.5992187125469,1010.4672168727491,971.7417855377439,983.4294969253474,140268.25
2023-05-28,983.4294969253474,999.8173569646934,961.0973930975981,977.3845196922521,155328.39
2023-05-29,977.3845196922521,993.1890363124792,967.0036367271103,982.7511538755319,214953.91
2023-05-30,982.7511538755319,1006.0858760557402,964.5860729459627,987.8269741365323,145950.69
2023-05-31,987.8269741365323,1001.9900284641373,982.0824199203664,996.1968008219231,172502.73
2023-06-01,996.1968008219231,1025.8153614496778,985.4769336146704,1014.8942943911453,167377.92
2023-06-02,1014.8942943911453,1032.6166350410258,980.9661438111098,998.400465044668,150223.21
2023-06-03,998.400465044668,1002.8374624175497,971.0332275379004,975.3678656002613,138042.03
2023-06-04,975.3678656002613,987.4717770237518,960.1953815808646,972.2607347974,177551.45
2023-06-05,972.2607347974,999.7951679967338,963.187794132423,990.5515412231077,142643.89
2023-06-06,990.5515412231077,1021.4889545677478,978.0639028401253,1008.7716201542881,155065.0
2023-06-07,1008.7716201542881,1016.2024624737811,1003.9871062951805,1011.4054565634003,222586.97
2023-06-08,1011.4054565634003,1023.9670303861748,995.3841366654926,1007.9022003296909,150457.66
2023-06-09,1007.9022003296909,1024.0219714610269,995.2567664320002,1011.3334876356768,201803.41
2023-06-10,1011.3334876356768,1038.6744179237019,998.6241818184178,1025.7835202909532,228668.55
2023-06-11,1025.7835202909532,1031.1273484611943,1010.6132025110136,1015.9055714207061,175243.76
2023-06-12,1015.9055714207061,1025.0691973050505,999.6596724346804,1008.7588336352968,204469.05
2023-06-13,1008.7588336352968,1020.3595401688767,998.4974856509917,1010.0847050874584,145287.97
2023-06-14,1010.0847050874584,1038.668036002172,996.1204805603235,1024.50446115292,216643.46
2023-06-15,1024.50446115292,1055.1898927431419,1004.9515016885301,1035.428445917888,211499.55
2023-06-16,1035.428445917888,1039.0279685481046,1006.7186213561448,1010.2305470039411,258968.59
2023-06-17,1010.2305470039411,1040.5052941867204,990.9639461543816,1021.0326805648693,241275.7
2023-06-18,1021.0326805648693,1038.856268029396,1003.1409877697783,1020.9633652359861,192302.38
2023-06-19,1020.9633652359861,1038.5388557907643,1011.775601916503,1029.2762835908266,358900.33
2023-06-20,1029.2762835908266,1041.7029192287193,1014.2137406405441,1026.6081635911312,224505.28
2023-06-21,1026.6081635911312,1040.1489644914702,1019.6882182028334,1033.1846894345651,247442.69
2023-06-22,1033.1846894345651,1045.1974908574407,1021.9009085638602,1033.905834106903,160402.37
2023-06-23,1033.905834106903,1051.1646858250897,1009.833900262933,1026.9770914065152,164148.32
2023-06-24,1026.9770914065152,1029.168934810244,1015.1805282198902,1017.3518287423258,183283.99
2023-06-25,1017.3518287423258,1035.7121220897816,996.7041014550218,1015.0223544481196,140101.67
2023-06-26,1015.0223544481196,1026.7584327298066,987.2142819607399,998.7623558944937,181711.32
2023-06-27,998.7623558944937,1011.7922927616277,980.3764012870972,993.3355394550429,178241.31
2023-06-28,993.3355394550429,1003.8349555594386,978.9839979432755,989.4422626628397,236633.36
2023-06-29,989.4422626628397,1008.9228277284991,983.1256479595116,1002.5227072645872,240990.52
2023-06-30,1002.5227072645872,1019.923449906353,993.6999570518014,1011.0258672177121,185531.23
2023-07-01,1011.0258672177121,1048.4832124866396,999.8628464147266,1037.0330391872283,163985.15
2023-07-02,1037.0330391872283,1047.078806260406,1005.6827442370629,1015.5201150326359,281626.8
2023-07-03,1015.5201150326359,1028.2399346613395,999.6853872705708,1012.3656964705303,123083.13
2023-07-04,1012.3656964705303,1030.921595196729,1009.7675151142234,1028.282564067671,122121.14
2023-07-05,1028.282564067671,1047.2682219800504,1013.0193446382203,1031.9505570281547,202984.61
2023-07-06,1031.9505570281547,1044.1827898765625,1017.0439623097822,1029.244114321415,176906.11
2023-07-07,1029.244114321415,1048.2086750263925,998.6271954124011,1017.3730227442983,166692.41
2023-07-08,1017.3730227442983,1037.5808301741554,1006.2914490982029,1026.4009215776002,113937.52
2023-07-09,1026.4009215776002,1031.6648523836925,1023.6670368945249,1028.92424666242,144515.68
2023-07-10,1028.92424666242,1046.0224677176366,1007.6520563914404,1024.6797441271706,260460.19
2023-07-11,1024.6797441271706,1057.5270462430753,1005.2634448078547,1037.8609802743272,249589.3
2023-07-12,1037.8609802743272,1081.5052391419408,1024.3228954593678,1067.579499485626,219337.29
2023-07-13,1067.579499485626,1077.0622546246366,1046.4712628522773,1055.8498294140404,146777.99
2023-07-14,1055.8498294140404,1076.3691406058147,1043.3083050268551,1063.7339673816095,165616.94
2023-07-15,1063.7339673816095,1084.4979392552502,1044.978058078968,1065.7072369810835,162771.08
2023-07-16,1065.7072369810835,1078.3339556934943,1061.9638518205807,1074.5594763073157,151979.38
2023-07-17,1074.5594763073157,1095.9396301450618,1071.3312361745568,1092.6570205521439,157105.92
2023-07-18,1092.6570205521439,1131.3963408148743,1074.076554033617,1112.4788078173958,175515.89
2023-07-19,1112.4788078173958,1118.0694092061472,1100.1033973663268,1105.6597304678692,124466.81
2023-07-20,1105.6597304678692,1121.8850141941678,1067.0916242607332,1082.984149430441,241812.3
2023-07-21,1082.984149430441,1102.9734392330033,1061.8653339024272,1081.8333833228176,174003.26
2023-07-22,1081.8333833228176,1088.6874431587248,1073.9186146466584,1080.76591141122,158763.06
2023-07-23,1080.76591141122,1101.1371469568928,1024.4692321898312,1044.1503042597176,121374.07
2023-07-24,1044.1503042597176,1075.1693329568352,1026.8480892439402,1057.6435269133517,218907.45
2023-07-25,1057.6435269133517,1072.7923985792638,1035.758116623664,1050.809097179468,138716.87
2023-07-26,1050.809097179468,1062.999854721442,1038.0619278894928,1050.2461545620854,203048.09
2023-07-27,1050.2461545620854,1056.5574183010033,1036.5931005791372,1042.8599784325434,144421.69
2023-07-28,1042.8599784325434,1055.8801310932683,1027.2746616624208,1040.2623832329236,185207.34
2023-07-29,1040.2623832329236,1060.182085802769,1037.3224378651494,1057.194288204259,130628.57
2023-07-30,1057.194288204259,1068.381980952433,1047.258171955981,1058.4342111990682,172498.37
2023-07-31,1058.4342111990682,1101.8841638651897,1044.0836426582812,1087.1443348555074,176538.11
2023-08-01,1087.1443348555074,1115.6068336859114,1067.5882556987326,1095.893372598186,187421.58
2023-08-02,1095.893372598186,1111.8089087252156,1089.85545892558,1105.7168716853785,224485.93
2023-08-03,1105.7168716853785,1108.7600670300917,1099.9726935624124,1103.0084346453677,204809.09
2023-08-04,1103.0084346453677,1105.2854891114812,1100.0259163158303,1102.3015114071409,266057.16
2023-08-05,1102.3015114071409,1135.4466756550316,1083.9143874869935,1116.8174167584325,125881.55
2023-08-06,1116.8174167584325,1143.3768728535088,1107.3106879229165,1133.7262106267067,303623.57
2023-08-07,1133.7262106267067,1142.3133927332938,1129.0842873586305,1137.6553818848859,227694.79
2023-08-08,1137.6553818848859,1164.649121033,1118.9101264237615,1145.7701576432512,161153.74
2023-08-09,1145.7701576432512,1150.1191989642487,1139.5438775448447,1143.885766212982,230491.53
2023-08-10,1143.885766212982,1160.9874556585628,1130.1188269035715,1147.1808591164454,279941.98
2023-08-11,1147.1808591164454,1164.2464795743867,1131.5214701942666,1148.5681536343586,237722.84
2023-08-12,1148.5681536343586,1170.219450123695,1127.6293460509228,1149.2678861663335,140625.81
2023-08-13,1149.2678861663335,1175.3591153958164,1138.006934228512,1163.9542609246648,181855.88
2023-08-14,1163.9542609246648,1180.5096850229359,1146.8067944667973,1163.353676189015,217381.08
2023-08-15,1163.353676189015,1165.986641266645,1151.7142083733586,1154.326743207129,178587.82
2023-08-16,1154.326743207129,1167.4395870127366,1137.4867658732792,1150.5567839475984,200923.1
2023-08-17,1150.5567839475984,1162.0449167513727,1135.1076371895253,1146.5558209925973,204463.64
2023-08-18,1146.5558209925973,1161.5291377439662,1138.1293919714628,1153.0549444521967,140654.7
2023-08-19,1153.0549444521967,1174.449570026591,1123.8807568773188,1145.1283057950905,246565.13
2023-08-20,1145.1283057950905,1177.6693851737662,1129.250574131283,1161.563768249158,184168.68
2023-08-21,1161.563768249158,1175.7088317050107,1143.672189612971,1157.771067056043,177995.04
2023-08-22,1157.771067056043,1186.102360858718,1152.722600312752,1180.9528100050536,143749.05
2023-08-23,1180.9528100050536,1198.31136523432,1164.1210849095844,1181.4722369208894,169436.86
2023-08-24,1181.4722369208894,1201.6436607056448,1169.384291201668,1189.473848445046,227498.37
2023-08-25,1189.473848445046,1222.1481151741737,1172.097246285775,1204.5512525583868,191117.85
2023-08-26,1204.5512525583868,1242.0089563995455,1186.1765837794712,1223.347561791659,214833.56
2023-08-27,1223.347561791659,1253.9076905038528,1202.7668231093858,1233.1618432551647,178477.99
2023-08-28,1233.1618432551647,1287.3596311249487,1220.8117643659236,1274.5946043752695,184005.56
2023-08-29,1274.5946043752695,1297.4634808857045,1251.9283988563072,1274.7937342265873,119404.89
2023-08-30,1274.7937342265873,1285.7276296702878,1240.2662339740398,1250.9960165879756,198499.51
2023-08-31,1250.9960165879756,1268.4350359599473,1233.1585262231652,1250.5919123383203,171438.07
2023-09-01,1250.5919123383203,1273.9571756343505,1240.024765650547,1263.282794593734,194861.17
2023-09-02,1263.282794593734,1293.6205124140595,1240.4612766790815,1270.665621887925,105135.1
2023-09-03,1270.665621887925,1282.9048123047362,1242.5728151384433,1254.657816621966,339094.62
2023-09-04,1254.657816621966,1261.9091839734701,1242.2614353869355,1249.4828939739627,183338.83
2023-09-05,1249.4828939739627,1274.108015987623,1212.5993657493368,1236.978038946205,202024.5
2023-09-06,1236.978038946205,1246.1541722705167,1217.7393212781285,1226.8402506016132,198299.44
2023-09-07,1226.8402506016132,1249.3632252309546,1203.0397633932223,1225.53884615953,166326.67
2023-09-08,1225.53884615953,1253.97492241834,1204.5731932012295,1232.8836202526109,200012.27
2023-09-09,1232.8836202526109,1247.2796999565464,1207.518059062496,1221.7845374988513,242197.16
2023-09-10,1221.7845374988513,1230.4884926363056,1203.5872380194655,1212.223077613354,188205.41
2023-09-11,1212.223077613354,1227.2083313515222,1208.2835287739795,1223.2330018583375,223079.96
2023-09-12,1223.2330018583375,1231.2539413006707,1202.3441933590823,1210.2801991493811,218157.27
2023-09-13,1210.2801991493811,1232.030228195139,1175.2795896555008,1196.7871338936627,214767.69
2023-09-14,1196.7871338936627,1239.174945958253,1188.2884880479517,1230.4373426581835,285910.28
2023-09-15,1230.4373426581835,1238.064877928972,1214.8816966426655,1222.4597786428217,196589.31
2023-09-16,1222.4597786428217,1226.159064748447,1191.2654830958095,1194.881313996722,176575.33
2023-09-17,1194.881313996722,1208.4012573426824,1163.235185767088,1176.5476862434964,178095.38
2023-09-18,1176.5476862434964,1190.4387889841744,1134.035761171379,1147.584910157896,199358.75
2023-09-19,1147.584910157896,1188.595599004288,1131.0816216033086,1171.7448688218362,128368.73
2023-09-20,1171.7448688218362,1192.3785880471341,1150.1960947465252,1170.8134115724044,255396.84
2023-09-21,1170.8134115724044,1175.3683024268857,1151.236285257029,1155.7325058924303,169354.68
2023-09-22,1155.7325058924303,1174.1777851868117,1145.6664812619472,1164.039410333178,175907.18
2023-09-23,1164.039410333178,1205.0344790801075,1148.820897779507,1189.483315936261,129950.62
2023-09-24,1189.483315936261,1195.9551248951511,1180.6052681156568,1187.0639134509215,184994.0
2023-09-25,1187.0639134509215,1220.1379187753903,1178.8998278048261,1211.8036842390034,128261.9
2023-09-26,1211.8036842390034,1231.5729128268808,1187.1444164482994,1206.8325464552204,118195.09
2023-09-27,1206.8325464552204,1209.9924624929595,1186.1461782884762,1189.2600833795777,149967.17
2023-09-28,1189.2600833795777,1238.7474384427646,1167.7567814658853,1216.7471364124915,169240.08
2023-09-29,1216.7471364124915,1236.3621902742889,1186.468491745502,1205.9088222738822,145264.1
2023-09-30,1205.9088222738822,1215.3675283492128,1188.115847904891,1197.508666240252,193332.96
2023-10-01,1197.508666240252,1223.383143871293,1187.6356357664524,1213.3792659812716,244572.83
2023-10-02,1213.3792659812716,1221.8040506485042,1205.6369589115695,1214.0574164493462,190092.64
2023-10-03,1214.0574164493462,1216.647005442527,1209.9263516270776,1212.5126456183195,103423.8
2023-10-04,1212.5126456183195,1230.3595996172828,1190.9865649790074,1208.7785569878781,179172.34
2023-10-05,1208.7785569878781,1228.5078509854059,1179.2740405841703,1198.8411392524165,208126.49
2023-10-06,1198.8411392524165,1208.0739825772914,1192.4866056647793,1201.7042727686364,164086.6
2023-10-07,1201.7042727686364,1220.312313777621,1190.6821583011458,1209.221253048581,194773.74
2023-10-08,1209.221253048581,1221.5293048975614,1193.6958094285962,1205.970776318119,192322.09
2023-10-09,1205.970776318119,1219.1050893173697,1201.6192680420788,1214.722003958162,136731.94
2023-10-10,1214.722003958162,1229.9829605741,1205.9523055007653,1221.1667343171707,243249.51
2023-10-11,1221.1667343171707,1236.1124992119264,1212.360101830347,1227.2619104213618,167431.55
2023-10-12,1227.2619104213618,1248.64696730283,1201.716335424678,1223.027609551059,165793.63
2023-10-13,1223.027609551059,1227.811676437701,1212.7090466561463,1217.4713794656845,201534.07
2023-10-14,1217.4713794656845,1230.9457004171802,1209.8518442088493,1223.2897509273394,120504.6
2023-10-15,1223.2897509273394,1235.737274890756,1192.8666946863573,1205.1294292000853,247016.69
2023-10-16,1205.1294292000853,1255.5958501098278,1199.7127463277425,1249.9775886755474,140802.8
2023-10-17,1249.9775886755474,1257.0307068371121,1204.4048256614774,1211.2393596587333,282947.47
2023-10-18,1211.2393596587333,1234.4787545020288,1179.7921082543403,1202.8709428071563,238549.45
2023-10-19,1202.8709428071563,1232.1509590090593,1181.6615741598853,1210.8017520377775,139819.5
2023-10-20,1210.8017520377775,1227.3485758340128,1205.5949044025667,1222.0931713645218,195640.26
2023-10-21,1222.0931713645218,1230.5189894740483,1200.9929701381843,1209.330797047728,141734.45
2023-10-22,1209.330797047728,1230.6905824730354,1178.4394031985655,1199.6278097697598,136948.45
2023-10-23,1199.6278097697598,1210.5012141131576,1189.649532518003,1200.515552782905,96398.39
2023-10-24,1200.515552782905,1212.4627606130812,1168.594212639765,1180.3406452171057,210930.8
2023-10-25,1180.3406452171057,1186.579149993638,1156.6332363333593,1162.7789213815563,160586.05
2023-10-26,1162.7789213815563,1189.7142661038363,1149.0061949084477,1175.787457877371,219031.07
2023-10-27,1175.787457877371,1193.5336394248525,1170.3631567789237,1188.052754408114,190438.85
2023-10-28,1188.052754408114,1201.941294050379,1174.4762512328816,1188.3612653583878,132768.52
2023-10-29,1188.3612653583878,1222.2900618777132,1166.3323066701273,1200.0445275506465,222119.48
2023-10-30,1200.0445275506465,1214.3112524562243,1187.3363037927288,1201.5866974376354,204950.83
2023-10-31,1201.5866974376354,1221.7540998055438,1170.1195516621156,1190.0940619104297,159662.25
2023-11-01,1190.0940619104297,1204.7725316750207,1158.5646373097027,1173.0326740727924,229692.16
2023-11-02,1173.0326740727924,1192.5863029414586,1162.9326216616705,1182.4055481581038,168231.41
2023-11-03,1182.4055481581038,1204.8212968988616,1150.3316644558008,1172.5607785151926,147883.47
2023-11-04,1172.5607785151926,1208.2978123293963,1149.1758833836252,1184.671389949469,171620.03
2023-11-05,1184.671389949469,1193.9767216356672,1170.9958390125576,1180.2665718268697,164109.2
2023-11-06,1180.2665718268697,1223.577568703815,1156.8998557304803,1199.8236646229939,124208.42
2023-11-07,1199.8236646229939,1223.4768367037786,1162.253130084504,1185.6264194686812,93114.3
2023-11-08,1185.6264194686812,1194.8013913416721,1159.8685521468153,1168.914196456287,271691.88
2023-11-09,1168.914196456287,1184.0355726573193,1156.9874689407345,1172.0765785564831,238895.74
2023-11-10,1172.0765785564831,1175.2834704062152,1163.9002981110166,1167.0935560270716,260468.25
2023-11-11,1167.0935560270716,1172.0686967619697,1164.4222559344591,1169.392135569497,225528.38
2023-11-12,1169.392135569497,1175.0604230437293,1162.787235409391,1168.4509608133656,162306.89
2023-11-13,1168.4509608133656,1176.4333499075929,1153.1100004175096,1161.041772906739,172251.98
2023-11-14,1161.041772906739,1181.9999207982519,1136.3729947208592,1157.262930126223,154308.07
2023-11-15,1157.262930126223,1166.3969999765939,1117.1044634183681,1125.9917151477368,206074.92
2023-11-16,1125.9917151477368,1164.4987766066672,1109.207010811846,1147.3950218112354,202591.61
2023-11-17,1147.3950218112354,1169.242582698976,1116.638613603645,1138.3132483456498,165214.15
2023-11-18,1138.3132483456498,1157.821238838135,1125.2528795811077,1144.68773280853,200836.33
2023-11-19,1144.68773280853,1164.271937347194,1096.2059098513107,1115.2871056840472,240563.81
2023-11-20,1115.2871056840472,1125.862720198674,1092.5913581856869,1103.0509443478193,179870.21
2023-11-21,1103.0509443478193,1113.9407631666134,1095.7776826659315,1106.6438109569485,134562.9
2023-11-22,1106.6438109569485,1150.1751718981748,1089.044766606551,1132.1701796801647,201761.45
2023-11-23,1132.1701796801647,1154.0597226166406,1116.792774518617,1138.5950532907516,132581.51
2023-11-24,1138.5950532907516,1162.5444239315952,1122.7667919405762,1146.6048143102303,147045.56
2023-11-25,1146.6048143102303,1155.7095773918195,1130.523863105596,1139.5727874731524,192867.48
2023-11-26,1139.5727874731524,1152.0343806678898,1126.9292347723765,1139.3888161821599,210108.52
2023-11-27,1139.3888161821599,1149.6640234554184,1126.3044474521428,1136.5540906758633,184341.3
2023-11-28,1136.5540906758633,1161.7729057237625,1115.7973697868642,1140.9361558208536,139731.14
2023-11-29,1140.9361558208536,1180.5858431711688,1119.5242831371907,1158.8380076294857,361127.65
2023-11-30,1158.8380076294857,1163.5159346235505,1149.0656062504563,1153.7228848269872,157988.63
2023-12-01,1153.7228848269872,1171.100031371191,1136.7041472324768,1154.0760836878367,201682.52
2023-12-02,1154.0760836878367,1161.8381626101811,1140.6337592689022,1148.357375332327,155541.63
2023-12-03,1148.357375332327,1165.433906883999,1127.5745244241896,1144.595109585733,142308.08
2023-12-04,1144.595109585733,1168.6577990936792,1137.0376346201751,1160.9920591748692,182354.94
2023-12-05,1160.9920591748692,1179.2081307319754,1149.3698493560073,1167.5205667325745,161159.08
2023-12-06,1167.5205667325745,1183.1759665805323,1156.5681312002941,1172.1798228653922,184337.75
2023-12-07,1172.1798228653922,1191.755484207842,1150.7616530472217,1170.3060214938575,152776.48
2023-12-08,1170.3060214938575,1180.064200848751,1148.0147263850554,1157.6675241374317,186164.26
2023-12-09,1157.6675241374317,1189.3606311123822,1136.319696501749,1167.8254867977048,149213.48
2023-12-10,1167.8254867977048,1184.7599338327657,1163.3051479678657,1180.1917286019625,235586.33
2023-12-11,1180.1917286019625,1200.757890733886,1172.8432979847069,1193.3276695496343,193917.44
2023-12-12,1193.3276695496343,1200.7884614243815,1185.6422008779073,1193.1015792155597,174444.96
2023-12-13,1193.1015792155597,1200.9800500475508,1173.703979821265,1181.5058801596958,179260.1
2023-12-14,1181.5058801596958,1206.2680444723085,1166.4217713730272,1191.061934963801,163811.08
2023-12-15,1191.061934963801,1218.2233197767391,1180.3284940721576,1207.343158096688,185452.49
2023-12-16,1207.343158096688,1232.6457894372588,1194.9810914439652,1220.1525664035114,261742.69
2023-12-17,1220.1525664035114,1244.3087505490307,1184.3451148231409,1208.2659720346828,156044.23
2023-12-18,1208.2659720346828,1234.4728684337292,1187.9038802451726,1214.013910512429,187365.09
2023-12-19,1214.013910512429,1225.8945196077207,1173.126340716102,1184.7202758121584,148571.93
2023-12-20,1184.7202758121584,1223.487653951119,1166.393174703883,1204.8491677461222,96783.82
2023-12-21,1204.8491677461222,1212.6863718139925,1199.6367935811652,1207.4626911203184,209805.36
2023-12-22,1207.4626911203184,1219.9640383881465,1198.0421343837966,1210.5196315722976,235698.45
2023-12-23,1210.5196315722976,1257.5298644826007,1187.7718022286824,1234.3345109536065,200709.87
2023-12-24,1234.3345109536065,1258.5538216736695,1201.2671676640393,1225.309393384244,322668.53
2023-12-25,1225.309393384244,1248.6936066676888,1203.8804214653107,1227.2310280085915,164518.32
2023-12-26,1227.2310280085915,1243.9228402373883,1197.6294159069982,1214.1432182435265,143894.02
2023-12-27,1214.1432182435265,1234.3104314329266,1171.8614988196766,1191.655180246361,242000.71
2023-12-28,1191.655180246361,1201.4243742083017,1186.222041585679,1195.971555805265,245786.68
2023-12-29,1195.971555805265,1210.7093284736516,1184.9088686646887,1199.6129585095375,236865.89
2023-12-30,1199.6129585095375,1214.9044708464703,1153.2745959617157,1168.1652430651793,137381.85
2023-12-31,1168.1652430651793,1194.031425717352,1153.3211475884498,1179.0490279389799,151146.25
2024-01-01,1179.0490279389799,1187.1881750599298,1170.42250479805,1178.5582641047927,119378.64
2024-01-02,1178.5582641047927,1205.7854580514384,1162.8072810902286,1189.883122609604,294774.94
2024-01-03,1189.883122609604,1202.0284738487983,1181.417876591065,1193.5372312195218,143008.41
2024-01-04,1193.5372312195218,1228.2625993522422,1174.978414702596,1209.4562512426598,133129.61
2024-01-05,1209.4562512426598,1240.38608819451,1196.613965206385,1227.353762249433,175370.22
2024-01-06,1227.353762249433,1245.0049128879577,1212.9554073571721,1230.568841202707,185359.16
2024-01-07,1230.568841202707,1268.7083075127366,1207.1943010773255,1245.0585369705032,212622.29
2024-01-08,1245.0585369705032,1283.7240039044711,1220.687277442318,1259.0783157789765,174232.47
2024-01-09,1259.0783157789765,1279.857966834357,1220.188898833319,1240.664653400223,151884.04
2024-01-10,1240.664653400223,1252.8538173262405,1215.0645215402722,1227.120619330291,163044.37
2024-01-11,1227.120619330291,1239.5333543674374,1199.5258676392202,1211.7834622080356,154790.43
2024-01-12,1211.7834622080356,1235.8709892492657,1198.0975795253705,1222.0689423516476,255022.66
2024-01-13,1222.0689423516476,1241.4239961281705,1192.2078657006243,1211.3938479800565,179715.6
2024-01-14,1211.3938479800565,1229.7461398816492,1163.099175735972,1180.9908706856193,210956.84
2024-01-15,1180.9908706856193,1189.2664132736054,1158.077555472068,1166.249803161579,170825.19
2024-01-16,1166.249803161579,1178.1215851391098,1148.9730723143473,1160.7892690560168,114005.55
2024-01-17,1160.7892690560168,1184.2101019133738,1144.3195142439,1167.643102103543,271429.09
2024-01-18,1167.643102103543,1190.8702228077832,1163.7318631880148,1186.8944977426208,208110.88
2024-01-19,1186.8944977426208,1206.0334798526471,1182.2329948055874,1201.3153393663526,198326.29
2024-01-20,1201.3153393663526,1224.4154387565832,1181.089904426215,1204.1424070926744,105938.68
2024-01-21,1204.1424070926744,1226.695297871291,1169.510704480407,1191.8330480848495,173848.13
2024-01-22,1191.8330480848495,1198.0547651096401,1156.2610358690304,1162.3287317348722,264690.24
2024-01-23,1162.3287317348722,1183.8333914274983,1133.993621637558,1155.3695265860479,248855.26
2024-01-24,1155.3695265860479,1175.471853899562,1131.3173717396426,1151.3497589316157,170467.23
2024-01-25,1151.3497589316157,1158.2795863703093,1146.0052650281498,1152.9277674495422,244153.57
2024-01-26,1152.9277674495422,1171.49671456324,1147.5844595741128,1166.0923944914387,266537.86
2024-01-27,1166.0923944914387,1188.844470066783,1153.4571971450284,1176.1008263296737,173178.79
2024-01-28,1176.1008263296737,1196.653288707087,1157.0873246697415,1177.6153031701974,250250.41
2024-01-29,1177.6153031701974,1190.3845817297604,1159.160141807679,1171.8670905658485,247456.08
2024-01-30,1171.8670905658485,1191.5485781223085,1130.4797485605793,1149.7904594790386,221997.46
2024-01-31,1149.7904594790386,1154.8377290037931,1133.416987488209,1138.4143188285393,227439.07
2024-02-01,1138.4143188285393,1145.7594222421387,1117.5694933647208,1124.8269303002987,144699.4
2024-02-02,1124.8269303002987,1179.7611453152322,1107.8263228637645,1162.1957464808918,219024.05
2024-02-03,1162.1957464808918,1205.1274892564775,1149.2215342831175,1191.8225373595071,174437.6
2024-02-04,1191.8225373595071,1202.9960926629299,1162.2568023842514,1173.2562957608552,143582.58
2024-02-05,1173.2562957608552,1199.2898166236905,1153.260315569892,1179.1926620657391,263253.56
2024-02-06,1179.1926620657391,1184.520697433403,1154.2411015442615,1159.4800680076585,174774.46
2024-02-07,1159.4800680076585,1173.7428992822872,1148.6422835619317,1162.873397026591,190867.39
2024-02-08,1162.873397026591,1184.1075400646953,1134.753062017082,1155.8591239780878,186454.39
2024-02-09,1155.8591239780878,1177.1098924164698,1132.7154045975865,1153.930718809019,121975.39
2024-02-10,1153.930718809019,1179.4711624657566,1143.9986924843115,1169.405938981438,167175.43
2024-02-11,1169.405938981438,1186.3961924687667,1158.0866742733115,1175.0225616617813,218407.96
2024-02-12,1175.0225616617813,1192.0736696191784,1171.0608248210087,1188.067948610134,180648.19
2024-02-13,1188.067948610134,1202.7260383297112,1181.114263643613,1195.727522372686,164798.38
2024-02-14,1195.727522372686,1198.4992630050601,1182.1642340105366,1184.9109013151422,195651.56
2024-02-15,1184.9109013151422,1198.657743385809,1152.1624102807993,1165.686215565694,235445.07
2024-02-16,1165.686215565694,1188.753776919887,1138.4562940036778,1161.439824260428,119625.83
2024-02-17,1161.439824260428,1166.8242827046013,1151.81708935038,1157.1818075431947,175351.37
2024-02-18,1157.1818075431947,1179.2850782225632,1127.776597722414,1149.7376784721123,180869.26
2024-02-19,1149.7376784721123,1160.4628146153957,1129.103954390525,1139.7357895817322,280147.55
2024-02-20,1139.7357895817322,1144.1328476796766,1136.424160582834,1140.8180739831723,243365.01
2024-02-21,1140.8180739831723,1165.710102917115,1135.2440707964447,1160.0421713622304,127462.98
2024-02-22,1160.0421713622304,1171.8241209569742,1118.4911706660441,1129.9676690634794,251617.83
2024-02-23,1129.9676690634794,1136.393049214286,1106.2619904647308,1112.5885470218523,173342.15
2024-02-24,1112.5885470218523,1132.042062277927,1096.973088444991,1116.3734812030134,120372.89
2024-02-25,1116.3734812030134,1123.3597028279153,1083.9237972351298,1090.7496660258616,128656.35
2024-02-26,1090.7496660258616,1108.1448636203147,1054.1871568584545,1071.2717215893267,253225.35
2024-02-27,1071.2717215893267,1106.597155448492,1065.089978249361,1100.2482041309818,201661.84
2024-02-28,1100.2482041309818,1122.1050365184885,1086.4160749319278,1108.1732747094998,140779.84
2024-02-29,1108.1732747094998,1159.1657891347318,1095.533602889817,1146.0936032676452,267385.95
2024-03-01,1146.0936032676452,1164.9616353296644,1103.4219620890494,1121.891558140144,214952.69
2024-03-02,1121.891558140144,1166.7033180734163,1107.3682637066631,1151.7929393798206,168838.61
2024-03-03,1151.7929393798206,1164.7761711545045,1120.3277585656324,1133.1002831199394,193970.59
2024-03-04,1133.1002831199394,1167.0159682615983,1112.3665623220352,1146.0453752902763,144565.09
2024-03-05,1146.0453752902763,1166.5180880597334,1095.3357242193133,1115.25846613972,296704.54
2024-03-06,1115.25846613972,1139.4803469123085,1095.3156470188978,1119.4623547330725,133806.24
2024-03-07,1119.4623547330725,1131.7210756860961,1112.4506634754978,1124.6767245085039,130433.61
2024-03-08,1124.6767245085039,1141.4708373323424,1101.7838549590592,1118.4855182693348,188977.29
2024-03-09,1118.4855182693348,1133.6106773291954,1084.3506276339251,1099.2151962064029,369870.4
2024-03-10,1099.2151962064029,1118.2124519316476,1076.538040705719,1095.4705798636326,126661.33
2024-03-11,1095.4705798636326,1113.597986367784,1080.819808415322,1098.901332200839,220692.94
2024-03-12,1098.901332200839,1104.896339483398,1077.3359956126392,1083.245593711034,183168.06
2024-03-13,1083.245593711034,1091.0120791189388,1072.811235906391,1080.5584554895304,198902.37
2024-03-14,1080.5584554895304,1092.1484237503594,1068.2366227479633,1079.8186559890005,239480.46
2024-03-15,1079.8186559890005,1099.081774651881,1066.89978047223,1086.0878944015037,151653.55
2024-03-16,1086.0878944015037,1096.606479743225,1054.385793873247,1064.6972139393783,168770.71
2024-03-17,1064.6972139393783,1083.3425635743113,1038.3803143311777,1056.888922436962,151505.19
2024-03-18,1056.888922436962,1077.718227218899,1038.5623738010968,1059.3490202661953,255538.47
2024-03-19,1059.3490202661953,1075.7529341466131,1037.8668603730032,1054.1909012958251,247403.01
2024-03-20,1054.1909012958251,1064.7505257747384,1029.446131833751,1039.8622287972205,135903.11
2024-03-21,1039.8622287972205,1068.821098262315,1023.5138896257587,1052.2775695778673,197985.66
2024-03-22,1052.2775695778673,1083.8804617883072,1033.9062317170483,1065.2820827810472,233957.01
2024-03-23,1065.2820827810472,1089.4148867989338,1051.5320039350563,1075.532501155401,120952.45
2024-03-24,1075.532501155401,1089.4115769065231,1056.9015584957092,1070.7185127303317,254676.5
2024-03-25,1070.7185127303317,1077.3833236868406,1061.4250099833432,1068.073355855602,177092.51
2024-03-26,1068.073355855602,1094.1847302015972,1059.1105222724466,1085.0791906271686,160708.47
2024-03-27,1085.0791906271686,1111.8973428352285,1069.5264733963077,1096.185436938809,255224.96
2024-03-28,1096.185436938809,1134.1700463149818,1076.194224860021,1113.8565646190086,238808.6
2024-03-29,1113.8565646190086,1131.1847731386645,1097.8465201228983,1115.1560504512527,127842.15
2024-03-30,1115.1560504512527,1133.0201289675101,1106.0594005754294,1123.852539321091,215555.14
2024-03-31,1123.852539321091,1151.7089717424303,1105.6935750665289,1133.395809410836,213392.91
2024-04-01,1133.395809410836,1166.5549465789293,1121.318401713322,1154.2552616269302,104360.39
2024-04-02,1154.2552616269302,1164.0428398434503,1112.2866623672412,1121.7990259445771,207110.24
2024-04-03,1121.7990259445771,1133.0236105690371,1112.448846993662,1123.6579376157406,162377.03
2024-04-04,1123.6579376157406,1155.9705738379037,1105.235035253303,1137.3236162231753,238698.36
2024-04-05,1137.3236162231753,1174.481383416049,1117.5307040520772,1154.3914388874693,145348.18
2024-04-06,1154.3914388874693,1163.49289153774,1138.9238656806108,1147.9747276983708,185604.5
2024-04-07,1147.9747276983708,1160.3130273294912,1141.4353081678216,1153.74076167932,157451.1
2024-04-08,1153.74076167932,1178.156937997317,1140.2912091966436,1164.5810169344347,153550.66
2024-04-09,1164.5810169344347,1203.5469125814027,1144.5668287843378,1183.2125280992761,104161.81
2024-04-10,1183.2125280992761,1193.2954263587799,1178.5852041012338,1188.6468497401436,234940.07
2024-04-11,1188.6468497401436,1205.482988624942,1175.8359921597846,1192.6292104280703,240595.85
2024-04-12,1192.6292104280703,1195.0242398913635,1186.326899134902,1188.7140662335837,183272.25
2024-04-13,1188.7140662335837,1220.9793474369121,1173.6636894713245,1205.7137368726644,197475.19
2024-04-14,1205.7137368726644,1232.9927505225721,1197.6847075176804,1224.8363806031064,149835.97
2024-04-15,1224.8363806031064,1251.9394783150249,1214.1779821100617,1241.1392142630655,235492.06
2024-04-16,1241.1392142630655,1262.6498020008326,1231.482584806144,1252.9016553844235,191442.23
2024-04-17,1252.9016553844235,1270.5448687784626,1239.3069213071935,1256.9066778069316,182828.34
2024-04-18,1256.9066778069316,1274.8168656639264,1230.0258677673621,1247.806381706967,260029.12
2024-04-19,1247.806381706967,1252.5424501285124,1231.7021576584327,1236.394913676568,130017.88
2024-04-20,1236.394913676568,1269.8928750588173,1219.36110505916,1252.635322384603,110771.2
2024-04-21,1252.635322384603,1279.6418713061428,1243.8486946142827,1270.7283298848108,201165.76
2024-04-22,1270.7283298848108,1294.558464751645,1251.0305986175763,1274.7976543371094,170847.26
2024-04-23,1274.7976543371094,1283.8786739860343,1269.8011256021166,1278.8661987211312,135527.59
2024-04-24,1278.8661987211312,1303.3941890242138,1257.9725222530046,1282.4420908592024,187910.1
2024-04-25,1282.4420908592024,1320.8428062644614,1263.9264357364987,1302.0441404756364,197116.55
2024-04-26,1302.0441404756364,1319.576378715235,1297.1407489454916,1314.6256064154156,224251.74
2024-04-27,1314.6256064154156,1338.2536427883176,1284.1774084263905,1307.6806211509183,136621.95
2024-04-28,1307.6806211509183,1320.6297802087408,1303.2968636298867,1316.2174046991274,162495.01
2024-04-29,1316.2174046991274,1322.093582945559,1284.6862585745073,1290.4473880373735,193976.74
2024-04-30,1290.4473880373735,1297.3807504198262,1273.7399251945492,1280.6204892599599,237477.78
2024-05-01,1280.6204892599599,1287.5843281185275,1246.1171136945743,1252.9303775172361,225978.43
2024-05-02,1252.9303775172361,1276.0861298230616,1216.7474361270906,1239.6578960374693,159132.39
2024-05-03,1239.6578960374693,1251.2755114050847,1216.449619064552,1227.9575834292596,204948.7
2024-05-04,1227.9575834292596,1233.9778931524033,1190.5116779876557,1196.377158307089,158033.53
2024-05-05,1196.377158307089,1228.671245367998,1182.1826568914394,1214.2645181068142,162355.18
2024-05-06,1214.2645181068142,1232.9402094725153,1188.1062860810061,1206.6650964447492,166505.26
2024-05-07,1206.6650964447492,1230.330248404819,1178.3423448174906,1201.9143244960171,153288.48
2024-05-08,1201.9143244960171,1217.2585102326,1173.9379519389133,1189.1187839768804,216302.34
2024-05-09,1189.1187839768804,1202.680724108569,1184.2056474964481,1197.7320000094114,227162.8
2024-05-10,1197.7320000094114,1224.0359230501376,1192.6123711957357,1218.8261287326516,162856.66
2024-05-11,1218.8261287326516,1249.8995407727132,1196.0729752180227,1226.993910390745,187994.35
2024-05-12,1226.993910390745,1251.9691093393628,1207.6207812129937,1232.5089033873642,163502.57
2024-05-13,1232.5089033873642,1238.2540338172007,1196.8452812814949,1202.4502986425143,142399.06
2024-05-14,1202.4502986425143,1221.9948452901558,1181.5336635403114,1201.0555398722834,137042.03
2024-05-15,1201.0555398722834,1215.542148502126,1196.5482301336385,1210.9975285634434,278671.12
2024-05-16,1210.9975285634434,1240.2637113690116,1200.4129755739582,1229.5172890269025,149452.54
2024-05-17,1229.5172890269025,1242.0089881696977,1226.5920280121939,1239.0610207590562,210975.07
2024-05-18,1239.0610207590562,1297.0011264535299,1214.839148018747,1272.1327486810965,198441.48
2024-05-19,1272.1327486810965,1282.4603527795557,1250.4530971154745,1260.687787143603,133641.23
2024-05-20,1260.687787143603,1266.038546645981,1244.0436534955816,1249.3462760214402,200129.39
2024-05-21,1249.3462760214402,1276.3671332306774,1228.6006130243377,1255.5189713038778,193787.38
2024-05-22,1255.5189713038778,1288.114332551364,1243.5768750403174,1275.9776399527316,178918.9
2024-05-23,1275.9776399527316,1316.511915986258,1259.1716277059552,1299.397439526528,161418.09
2024-05-24,1299.397439526528,1322.1574462421368,1244.5498188044694,1266.7377646580787,179878.6
2024-05-25,1266.7377646580787,1277.1290384786353,1258.2609787310585,1268.6395262978047,202589.29
2024-05-26,1268.6395262978047,1299.0653002236152,1253.8098529505642,1284.0554238164689,145136.26
2024-05-27,1284.0554238164689,1305.6817427613908,1277.6529138450205,1299.2037010068411,257814.35
2024-05-28,1299.2037010068411,1331.2639680207647,1276.7056531903102,1308.603151814976,213736.61
2024-05-29,1308.603151814976,1318.768274412107,1297.1950712213668,1307.3504630341763,98651.33
2024-05-30,1307.3504630341763,1321.426770544686,1245.0307534390952,1258.5819681375392,170190.49
2024-05-31,1258.5819681375392,1311.0807283472545,1239.6603737024418,1291.6618096528116,306542.47
2024-06-01,1291.6618096528116,1325.5573905762408,1268.0677651241265,1301.7785493727197,196829.08
2024-06-02,1301.7785493727197,1312.5351703054505,1276.9444229732426,1287.5837520252949,150166.03
2024-06-03,1287.5837520252949,1292.1272105495723,1277.9751039463454,1282.50062579414,211214.01
2024-06-04,1282.50062579414,1301.5570422382084,1267.845086616568,1286.8517810372314,105997.91
2024-06-05,1286.8517810372314,1297.5997260594258,1283.9722797584623,1294.7026574050865,192515.76
2024-06-06,1294.7026574050865,1306.4406618157,1260.902516391036,1272.438671548707,158791.35
2024-06-07,1272.438671548707,1284.332834259831,1245.0907063710179,1256.8390511124041,181940.21
2024-06-08,1256.8390511124041,1278.0444627690504,1243.7835773195304,1264.905201466185,129078.3
2024-06-09,1264.905201466185,1276.7325328590725,1244.1676339027179,1255.9108649228392,161636.87
2024-06-10,1255.9108649228392,1275.1085752452307,1209.5238923147522,1228.2995390573244,93697.99
2024-06-11,1228.2995390573244,1235.9946849952767,1208.665742369259,1216.2856225943053,154200.38
2024-06-12,1216.2856225943053,1230.0884407045808,1202.4326244818044,1216.2348665959482,185535.23
2024-06-13,1216.2348665959482,1225.7814487019775,1182.2308753094062,1191.5839653033104,237793.67
2024-06-14,1191.5839653033104,1232.4836727805373,1175.875566709274,1216.4475034386057,333299.5
2024-06-15,1216.4475034386057,1246.7283231287342,1204.7753496807618,1234.8793110259262,146673.13
2024-06-16,1234.8793110259262,1256.456645568651,1227.824468544027,1249.3193076552154,204258.7
2024-06-17,1249.3193076552154,1266.7585067115958,1233.4677174117871,1250.8870249859879,165499.9
2024-06-18,1250.8870249859879,1258.9672263839843,1223.8012609061934,1231.757896218748,167028.98
2024-06-19,1231.757896218748,1243.0116665111316,1207.8407796096362,1218.9777863552574,184043.48
2024-06-20,1218.9777863552574,1251.303305258191,1207.4173843975059,1239.5478235370758,173000.6
2024-06-21,1239.5478235370758,1262.071563677623,1205.0869533660912,1227.38977033963,287088.45
2024-06-22,1227.38977033963,1246.1790223697744,1208.2419825960892,1227.0256607266874,167061.53
2024-06-23,1227.0256607266874,1243.379729936521,1206.41180959375,1222.7083365527556,135240.44
2024-06-24,1222.7083365527556,1227.6274098949855,1215.5325575304842,1220.4425152555157,188452.18
2024-06-25,1220.4425152555157,1229.6738347397113,1209.434111372445,1218.6518867002674,137613.96
2024-06-26,1218.6518867002674,1222.1807366016758,1211.6216798426844,1215.1403614214,164143.62
2024-06-27,1215.1403614214,1229.3614691022913,1194.2621415935848,1208.4044167398235,234605.34
2024-06-28,1208.4044167398235,1213.383957597743,1198.743479141342,1203.7036492792363,169171.06
2024-06-29,1203.7036492792363,1206.740476630958,1197.6582812509175,1200.6874991489183,205010.38
2024-06-30,1200.6874991489183,1210.7991376145355,1176.667403343385,1186.6609163733374,170818.17
2024-07-01,1186.6609163733374,1204.9280659631559,1148.1432204533726,1166.0937646575712,192137.77
2024-07-02,1166.0937646575712,1177.3627459222605,1149.5950093269694,1160.8129575459404,151239.41
2024-07-03,1160.8129575459404,1164.9443462285205,1144.161788829668,1148.2484598657222,220478.26
2024-07-04,1148.2484598657222,1161.705783619678,1133.9786428623775,1147.426331376546,129476.63
2024-07-05,1147.426331376546,1159.0049515051276,1120.8521569439806,1132.277915183434,147343.73
2024-07-06,1132.277915183434,1154.1275910339068,1084.463664856376,1105.8024409333975,183699.41
2024-07-07,1105.8024409333975,1131.3566581518858,1100.8592454163002,1126.3217365845264,221211.5
2024-07-08,1126.3217365845264,1142.4173538726427,1101.5630620314855,1117.5330857564009,189773.79
2024-07-09,1117.5330857564009,1134.2627051374852,1070.5986207237463,1086.8691976084629,204605.78
2024-07-10,1086.8691976084629,1116.140444767771,1068.095974547124,1097.1889708140911,132735.6
2024-07-11,1097.1889708140911,1116.1035887566316,1071.7513071880471,1090.551500711054,166318.43
2024-07-12,1090.551500711054,1100.6680040470553,1079.6334107203982,1089.7424085108687,191062.78
2024-07-13,1089.7424085108687,1108.3396522191827,1072.9004746645967,1091.471003000711,182533.11
2024-07-14,1091.471003000711,1114.2787540162594,1081.5938026647507,1104.2855888663285,137356.51
2024-07-15,1104.2855888663285,1127.4348651988848,1084.292891867332,1107.3860357147532,145791.25
2024-07-16,1107.3860357147532,1123.6524446062745,1070.9813288301034,1086.9475160213797,174179.51
2024-07-17,1086.9475160213797,1089.9494016282752,1066.6746186583257,1069.6286738204528,216937.0
2024-07-18,1069.6286738204528,1075.3966586489623,1043.75368025482,1049.4126499439012,304298.03
2024-07-19,1049.4126499439012,1068.5903840364372,1022.7598519992921,1041.798438423006,137051.47
2024-07-20,1041.798438423006,1058.5232569656005,1029.1507045257772,1045.826619783382,182284.23
2024-07-21,1045.826619783382,1062.546982243469,1017.6070834757161,1034.1406135719387,139507.47
2024-07-22,1034.1406135719387,1052.0495276554386,1006.5721235937191,1024.3108082749393,178915.56
2024-07-23,1024.3108082749393,1027.2411259129499,1011.1444926760746,1014.0454434663313,163477.04
2024-07-24,1014.0454434663313,1018.0656918619859,1001.6090504752113,1005.5957997146344,199344.36
2024-07-25,1005.5957997146344,1032.3197565655082,986.6135420611846,1013.1940692067429,109503.58
2024-07-26,1013.1940692067429,1026.3209824346422,995.482802779772,1008.5495416420896,165649.04
2024-07-27,1008.5495416420896,1036.9937534771884,993.4724843732539,1021.7198105909496,184951.0
2024-07-28,1021.7198105909496,1031.0207984917927,1004.7617702567198,1013.9924136020855,189452.22
2024-07-29,1013.9924136020855,1020.4357639178556,1007.0317918549406,1013.4718341818868,195391.01
2024-07-30,1013.4718341818868,1017.3208398273692,1006.2988771002701,1010.1352107780818,187262.34
2024-07-31,1010.1352107780818,1018.8709595881722,1004.2220691865808,1012.9413911444433,246460.34
2024-08-01,1012.9413911444433,1022.8527147045578,1009.0432566742732,1018.9315282000432,250994.25
2024-08-02,1018.9315282000432,1037.9823812392679,999.428536614387,1018.470775000668,170830.4
2024-08-03,1018.470775000668,1071.344374301776,1000.4613624939441,1052.7291774016219,158036.35
2024-08-04,1052.7291774016219,1089.0441556145204,1036.3229240770888,1072.332396014075,189261.17
2024-08-05,1072.332396014075,1074.9036880494775,1061.788961396718,1064.3410914840465,220276.7
2024-08-06,1064.3410914840465,1094.1452013119413,1052.2207420908096,1081.8257427384633,181875.65
2024-08-07,1081.8257427384633,1105.035919601867,1074.9940637782595,1098.1014602469356,137110.59
2024-08-08,1098.1014602469356,1101.7883613022648,1076.2052636207104,1079.8308205807027,228785.5
2024-08-09,1079.8308205807027,1082.3973070502223,1048.7499001290355,1051.2484534955238,198683.46
2024-08-10,1051.2484534955238,1069.5450690094533,1035.582911649269,1053.840895000886,279402.93
2024-08-11,1053.840895000886,1063.137848454497,1042.5584461565988,1051.8377277272998,149311.54
2024-08-12,1051.8377277272998,1065.088621708526,1006.5124075377961,1019.354077362327,191021.05
2024-08-13,1019.354077362327,1037.0390530392278,1003.105539972338,1020.7679780263314,200566.13
2024-08-14,1020.7679780263314,1031.4274984527278,1010.4895674836886,1021.1452886592555,170214.06
2024-08-15,1021.1452886592555,1025.5627285300643,1008.765125018045,1013.1479687542976,142033.77
2024-08-16,1013.1479687542976,1052.8228254870219,993.9180846178795,1033.2121171658362,193111.66
2024-08-17,1033.2121171658362,1047.3078885720379,1016.0390050376996,1030.0922126173707,161666.9
2024-08-18,1030.0922126173707,1035.8423902267032,1019.0588341546845,1024.7793543427513,181254.01
2024-08-19,1024.7793543427513,1039.4231344114266,1009.92503835703,1024.565766318895,181872.45
2024-08-20,1024.565766318895,1034.5144672459628,997.1828129739915,1006.9605645162044,138178.93
2024-08-21,1006.9605645162044,1023.3384721191701,979.0413724811604,995.2284609851554,161484.52
2024-08-22,995.2284609851554,1010.1175291645471,946.0412111632949,960.4093699834877,162502.16
2024-08-23,960.4093699834877,971.3403267380564,953.9744104208073,964.8754434749006,183045.8
2024-08-24,964.8754434749006,990.7958659759611,950.0837333177893,975.8361266195415,202694.84
2024-08-25,975.8361266195415,990.7514863969619,964.2156417700182,979.0922271408106,195055.65
2024-08-26,979.0922271408106,995.2477573769812,965.2769288139514,981.3998971033627,223808.6
2024-08-27,981.3998971033627,990.344584106431,971.1376163238865,980.0701840398094,187185.49
2024-08-28,980.0701840398094,1002.3510080737698,976.2834192245436,998.4930615152413,296587.99
2024-08-29,998.4930615152413,1001.1362747102028,993.6503095148585,996.2876846309136,198450.41
2024-08-30,996.2876846309136,1023.5489911037754,980.0950555097726,1007.1793402817839,128972.52
2024-08-31,1007.1793402817839,1024.0634604902364,1000.0700025468797,1016.8856094894387,163372.64
2024-09-01,1016.8856094894387,1029.7043486837765,986.4490096975047,999.0428248685088,399983.07
2024-09-02,999.0428248685088,1024.1426446619923,981.9209254873966,1006.8863210607599,128757.83
2024-09-03,1006.8863210607599,1026.121693264555,973.4984595068833,992.4581995143302,202862.87
2024-09-04,992.4581995143302,1011.7696663781092,965.8930035746172,985.0605248811756,316647.98
2024-09-05,985.0605248811756,1001.314749948656,966.1978410933058,982.4083025362839,132490.37
2024-09-06,982.4083025362839,1008.9311793291168,971.2127155909052,997.5628897524977,267737.27
2024-09-07,997.5628897524977,1004.338545896931,981.4991363429539,988.2112743563802,267630.12
2024-09-08,988.2112743563802,994.2075937527532,985.9250938939131,991.9128498688431,168485.43
2024-09-09,991.9128498688431,997.9253443001155,966.3544598702938,972.2477540318795,112888.17
2024-09-10,972.2477540318795,978.3309020458547,963.4935621136681,969.5598927496105,210632.53
2024-09-11,969.5598927496105,980.6820824913354,952.301267744746,963.3522472271915,176961.52
2024-09-12,963.3522472271915,991.3394038983436,950.5458000567976,978.3337975591114,172691.51
2024-09-13,978.3337975591114,997.5506955972417,949.735578363704,968.7645119396999,214032.37
2024-09-14,968.7645119396999,977.5148641803393,940.9598318554612,949.536507407423,181528.84
2024-09-15,949.536507407423,967.475566308568,926.1849318334453,944.0197660444592,121772.84
2024-09-16,944.0197660444592,959.6247530819957,920.8932630275114,936.3718268735871,175837.16
2024-09-17,936.3718268735871,952.7075206569781,922.583240335927,938.8819708779719,198182.47
2024-09-18,938.8819708779719,959.1480664698421,934.047150117172,954.2341886777591,204744.93
2024-09-19,954.2341886777591,966.7568109891903,937.4087070854027,949.8741111534154,249116.6
2024-09-20,949.8741111534154,966.0018377518751,937.8377142015937,953.9142459464025,111411.17
2024-09-21,953.9142459464025,969.394255708352,936.9451842608482,952.400631259181,232937.69
2024-09-22,952.400631259181,969.9927660551882,940.566380470796,958.087847585489,164445.03
2024-09-23,958.087847585489,976.6196059290331,927.7875865073499,946.0872234786416,189570.34
2024-09-24,946.0872234786416,951.3692735850349,940.229770209542,945.5085897763691,224800.35
2024-09-25,945.5085897763691,961.2514482540928,940.8008711670369,956.4890575318358,149616.95
2024-09-26,956.4890575318358,970.9113685741482,932.7982925208458,947.0787107232765,164351.69
2024-09-27,947.0787107232765,965.9478403987397,925.8912718968727,944.7132737717938,208269.47
2024-09-28,944.7132737717938,950.6490751178987,937.6629249268607,943.5916790943337,156003.39
2024-09-29,943.5916790943337,946.3933172577692,923.120310171455,925.8693285261345,196485.41
2024-09-30,925.8693285261345,946.9082570471528,913.0628349474811,933.9894471365525,138172.71
2024-10-01,933.9894471365525,948.4206534283177,912.6973544760658,927.0208885594449,244761.72
2024-10-02,927.0208885594449,937.3918706807117,915.8106521846497,926.1721389786412,218294.89
2024-10-03,926.1721389786412,938.7293718575319,920.5208457857933,933.0361957407409,149363.81
2024-10-04,933.0361957407409,951.4367865195297,922.8358949393213,941.147806553622,237469.92
2024-10-05,941.147806553622,948.2421581096528,919.9063239489999,926.8932247797741,200892.83
2024-10-06,926.8932247797741,936.9367203225563,921.4078377833594,931.4245169781124,142406.94
2024-10-07,931.4245169781124,953.0952693933571,921.1593203705942,942.7057427957208,214591.82
2024-10-08,942.7057427957208,945.4010271363557,931.9878790952442,934.6601603593436,215993.59
2024-10-09,934.6601603593436,957.7947887753553,920.7308061107053,943.7302617013182,121594.38
2024-10-10,943.7302617013182,963.3050115758589,928.8373370476219,948.3393512829163,98412.18
2024-10-11,948.3393512829163,972.7655907407469,929.6241366640047,953.9398517943331,163280.52
2024-10-12,953.9398517943331,981.2393133140481,936.9432325390627,964.0623388116146,150221.94
2024-10-13,964.0623388116146,971.1041737510473,946.1855101908732,953.1476203629002,211728.74
2024-10-14,953.1476203629002,960.2729956534441,934.6129176984036,941.652358710155,152919.92
2024-10-15,941.652358710155,964.8017301292509,932.2460643050171,955.2595120058414,155384.36
2024-10-16,955.2595120058414,969.6227484406412,937.0465769921686,951.3510459173855,284208.42
2024-10-17,951.3510459173855,953.95541450225,931.4422488743826,933.9991157278239,247528.02
2024-10-18,933.9991157278239,952.0358881659748,913.9926038983509,931.9905889983279,123462.24
2024-10-19,931.9905889983279,945.6421768302288,917.0137802790906,930.6456680118808,253313.25
2024-10-20,930.6456680118808,949.6004645250555,914.5346836322004,933.4410869149228,267568.02
2024-10-21,933.4410869149228,946.9026121127553,915.4768910549494,928.8725312950088,174650.75
2024-10-22,928.8725312950088,966.942145787647,911.6187026916182,949.3087146098005,164025.42
2024-10-23,949.3087146098005,965.1684797461313,922.9459970779204,938.6273117930199,112768.21
2024-10-24,938.6273117930199,947.8701974840039,906.9390328231477,915.958695272447,129300.37
2024-10-25,915.958695272447,929.4779785377384,885.9021069108446,899.1736477692032,175988.26
2024-10-26,899.1736477692032,916.2203062975151,873.9440297970407,890.8325567670944,160853.19
2024-10-27,890.8325567670944,913.1435911155311,873.8975466943215,896.1082877203421,166078.52
2024-10-28,896.1082877203421,912.4209064700512,877.4614813014123,893.7308210093153,197886.5
2024-10-29,893.7308210093153,911.4701196470412,879.8763390877729,897.5563351753264,282106.58
2024-10-30,897.5563351753264,909.6057618097052,877.9958403110729,889.9430610058835,156163.41
2024-10-31,889.9430610058835,905.1075681928444,879.3552187299464,894.4659165406259,156232.03
2024-11-01,894.4659165406259,899.3156760228297,871.9970556362078,876.750764250279,175044.78
2024-11-02,876.750764250279,887.4136866978383,867.7590035142621,878.4049608891988,169519.6
2024-11-03,878.4049608891988,888.8275811856265,874.5176984463633,884.9115248234262,276461.8
2024-11-04,884.9115248234262,889.127692760075,870.428788463833,874.5958070819736,172315.13
2024-11-05,874.5958070819736,897.4564336829704,870.363514347793,893.1344299323908,227248.37
2024-11-06,893.1344299323908,902.5211888532745,863.0432501023264,872.2100962426213,345692.54
2024-11-07,872.2100962426213,882.9318302281299,869.0999947661377,879.7946838490308,279426.2
2024-11-08,879.7946838490308,904.4647101550559,864.4293598637945,888.9396719684546,172958.75
2024-11-09,888.9396719684546,905.2225804990052,863.0875767300944,879.1919337402727,161065.87
2024-11-10,879.1919337402727,895.059213871,866.7363803796552,882.5560016031892,142514.33
2024-11-11,882.5560016031892,892.5536335473952,863.054346977156,872.9430833745811,185771.38
2024-11-12,872.9430833745811,892.811174439719,856.2104089197524,876.0195302928887,122017.94
2024-11-13,876.0195302928887,882.8454283388377,866.6218199892787,873.4275212371692,316838.72
2024-11-14,873.4275212371692,884.6713923728215,862.0454064512569,873.2874747299555,157933.49
2024-11-15,873.2874747299555,887.5803146492204,852.5579076124214,866.7436466165926,182781.42
2024-11-16,866.7436466165926,879.9646598790245,847.1837309633507,860.3065550163778,193776.06
2024-11-17,860.3065550163778,875.0955113266501,837.1940644749525,851.8374337693189,134138.98
2024-11-18,851.8374337693189,863.9078003657942,846.5608786121576,858.5894212257671,232527.16
2024-11-19,858.5894212257671,891.0202092324407,844.4815456311393,876.6161285621445,203816.26
2024-11-20,876.6161285621445,904.2755861347981,874.3038757015044,901.8966507686849,169106.28
2024-11-21,901.8966507686849,923.2801459378959,891.1413806717951,912.3996260840178,199176.15
2024-11-22,912.3996260840178,914.3828642090541,910.20513805368,912.1879159949239,177393.98
2024-11-23,912.1879159949239,931.1907547237962,904.628145283941,923.5369289021608,180508.58
2024-11-24,923.5369289021608,939.0042876136534,912.0594073222246,927.4777898475693,153237.97
2024-11-25,927.4777898475693,941.1924353352423,909.6974027593145,923.3510256449703,186698.59
2024-11-26,923.3510256449703,956.7624429124293,913.2262829442211,946.3851263406284,201260.6
2024-11-27,946.3851263406284,976.2278186822901,928.3408769989012,957.9628232157529,147405.36
2024-11-28,957.9628232157529,968.6967617780207,938.3267719362747,948.9598323132071,194658.95
2024-11-29,948.9598323132071,963.5771017306358,945.8371637514041,960.4167328343667,111897.94
2024-11-30,960.4167328343667,972.4127710215968,955.356849426041,967.3165365159032,247135.47
2024-12-01,967.3165365159032,983.9698481847903,939.4656675695949,955.9228252205319,133414.98
2024-12-02,955.9228252205319,974.9496238707981,937.7473694672991,956.7582831237632,117727.2
2024-12-03,956.7582831237632,970.1941111833149,942.59360848884,956.0190555199152,159855.37
2024-12-04,956.0190555199152,970.7359152844732,911.0473083135794,925.2911457717188,191895.89
2024-12-05,925.2911457717188,937.4502090978707,897.0709419461108,909.01613870446,168357.37
2024-12-06,909.01613870446,933.9698607307764,896.7487486941073,921.533545326894,222268.89
2024-12-07,921.533545326894,938.5479472876735,896.3871071288946,913.2485419199749,170954.61
2024-12-08,913.2485419199749,929.1088460493872,904.2595205996068,920.0528505456518,172705.27
2024-12-09,920.0528505456518,947.9650685612792,907.1662383080499,934.8709089285667,175759.24
2024-12-10,934.8709089285667,948.0771295017961,898.0684573655398,910.9365755517674,278908.61
2024-12-11,910.9365755517674,938.1309671099707,902.6179900363318,929.6415693833126,164235.69
2024-12-12,929.6415693833126,939.009038732045,918.3777137504172,927.7258797846376,341766.3
2024-12-13,927.7258797846376,939.5781505490286,920.5220461028084,932.3384996638943,299708.53
2024-12-14,932.3384996638943,973.7245578979287,914.4672086208516,955.411007416613,135748.84
2024-12-15,955.411007416613,971.3786472336293,951.2356622045415,967.1519914743798,230365.54
2024-12-16,967.1519914743798,973.5025787045472,958.7579259514459,965.0950064495314,156656.69
2024-12-17,965.0950064495314,980.4472960653397,943.495962896333,958.7472757171571,189664.68
2024-12-18,958.7472757171571,966.5792224791345,945.6656686701347,953.4543780810894,122553.25
2024-12-19,953.4543780810894,967.2533620126916,933.1042082914361,946.8069870514922,179044.32
2024-12-20,946.8069870514922,976.559055160636,932.525449639561,962.0476294945942,367538.57
2024-12-21,962.0476294945942,980.2798055677879,950.550019852762,968.7026604171555,150722.09
2024-12-22,968.7026604171555,980.4500232842014,959.6421352825611,971.3646003408459,221763.64
2024-12-23,971.3646003408459,985.5669445048972,954.6373520954619,968.8022318102907,190131.52
2024-12-24,968.8022318102907,979.9511568919904,966.6857910683268,977.8150268409237,161462.65
2024-12-25,977.8150268409237,992.239789058275,940.9561937933578,955.0450525360984,249957.64
2024-12-26,955.0450525360984,989.8622728472351,943.2293395027873,977.765465349233,164476.98
2024-12-27,977.765465349233,994.5675884310758,957.8423035779098,974.5898563406809,182783.34
2024-12-28,974.5898563406809,989.5363746173317,948.3396450443176,963.1101074389429,195849.32
2024-12-29,963.1101074389429,989.0302312469307,951.4427587827809,977.19228765551,250364.93
2024-12-30,977.19228765551,1007.1048040229913,961.5021766968706,991.1899422587429,167437.02
2024-12-31,991.1899422587429,996.2029054652261,985.3696070472764,990.3784661971442,324822.09
2025-01-01,990.3784661971442,1016.347070694228,981.331021949636,1007.1464452530353,117885.42
2025-01-02,1007.1464452530353,1031.8326373811692,995.4937538463657,1020.030873054833,158831.23
2025-01-03,1020.030873054833,1041.3097708545836,1003.8258278433689,1025.0253788369143,251394.06
2025-01-04,1025.0253788369143,1030.7229110575472,998.6524880855701,1004.2344554054768,160057.49
2025-01-05,1004.2344554054768,1020.7335216057377,989.4699970716177,1005.9439302268639,192606.38
2025-01-06,1005.9439302268639,1013.1811423569762,998.9334097619671,1006.1690529897886,145003.58
2025-01-07,1006.1690529897886,1011.77767369455,997.5510333772907,1003.1427849590305,129331.08
2025-01-08,1003.1427849590305,1012.354358121139,989.4259436388596,998.5957627975115,162095.23
2025-01-09,998.5957627975115,1013.769395496851,993.0618425951587,1008.1823492883307,222788.47
2025-01-10,1008.1823492883307,1018.1172630500316,982.8683174687179,992.6501727739693,158590.78
2025-01-11,992.6501727739693,1019.6174640772381,980.9756473746831,1007.7651716825806,180319.64
2025-01-12,1007.7651716825806,1016.5175086154032,998.493512125849,1007.2412992807076,162678.8
2025-01-13,1007.2412992807076,1026.3071776360846,977.8872934722456,996.7546724697438,218643.43
2025-01-14,996.7546724697438,1010.8415656026392,979.2029832135772,993.2402072581581,123537.85
2025-01-15,993.2402072581581,1005.067442650707,984.0361536272145,995.8393039842562,179296.93
2025-01-16,995.8393039842562,1033.472052411414,976.8772267622782,1014.1611042519942,169004.17
2025-01-17,1014.1611042519942,1031.2639837712275,1006.3331249006809,1023.364962832323,146872.71
2025-01-18,1023.364962832323,1052.8126403339731,1009.541235914341,1038.7806762568484,249952.18
2025-01-19,1038.7806762568484,1049.6520973919273,1027.2097731499234,1038.0737963916042,119511.64
2025-01-20,1038.0737963916042,1056.455130385441,1017.0925870489531,1035.4270547778215,201894.75
2025-01-21,1035.4270547778215,1070.4707775224963,1025.1829382807455,1059.9837069663806,206567.43
2025-01-22,1059.9837069663806,1062.8582273292297,1055.4005954099484,1058.2704697246504,167127.83
2025-01-23,1058.2704697246504,1066.2511846989034,1043.205586379449,1051.1324717049383,299923.91
2025-01-24,1051.1324717049383,1059.2095118454254,1034.6920956031502,1042.7043731258284,205375.26
2025-01-25,1042.7043731258284,1056.2260312704914,1033.2066751586324,1046.692011042156,154097.1
2025-01-26,1046.692011042156,1062.5527050011385,1017.0029718764865,1032.6508985789376,215003.12
2025-01-27,1032.6508985789376,1050.4102846905398,1017.4231924723885,1035.1457883690744,163866.37
2025-01-28,1035.1457883690744,1041.495229924904,1031.0560087196382,1037.3965576628939,166614.7
2025-01-29,1037.3965576628939,1048.4011003978333,1034.2663148715149,1045.2471691530434,244365.03
2025-01-30,1045.2471691530434,1050.9025926816462,1017.1048051673915,1022.6378987788106,211147.14
2025-01-31,1022.6378987788106,1032.9559675653638,987.3333544605789,997.3967486219483,241180.9
2025-02-01,997.3967486219483,1009.723351830085,979.7780734944339,992.038454747715,99096.64
2025-02-02,992.038454747715,1002.2331200517858,980.2360421384274,990.4140139054545,201684.41
2025-02-03,990.4140139054545,1006.8710692975484,960.4926032196463,976.7221499534257,269884.52
2025-02-04,976.7221499534257,987.6036761894928,949.486767693625,960.1840451944316,139537.49
2025-02-05,960.1840451944316,980.3123372283108,945.4762033229192,965.5227189824966,192840.47
2025-02-06,965.5227189824966,984.6346481849555,942.8163856672797,961.8557290564006,174730.0
2025-02-07,961.8557290564006,985.2151317393984,948.5638708344804,971.7860467270259,221285.89
2025-02-08,971.7860467270259,984.545662552825,942.6988239838798,955.2412049296931,161343.95
2025-02-09,955.2412049296931,970.2974410337707,939.0139633018565,954.0514467814725,225595.59
2025-02-10,954.0514467814725,985.2181531910503,943.4770603965969,974.4180304211274,172108.79
2025-02-11,974.4180304211274,992.4579410192771,952.9198530173919,970.8945312323407,365033.19
2025-02-12,970.8945312323407,983.8978507355739,951.0037323981287,963.9135547555317,202697.47
2025-02-13,963.9135547555317,992.8953231078206,946.3539866350238,975.1314000249798,328108.77
2025-02-14,975.1314000249798,1000.9497035231029,964.630368654743,990.2854803280055,217728.09
2025-02-15,990.2854803280055,996.3710113356514,976.4880338132932,982.5258803021794,168410.9
2025-02-16,982.5258803021794,999.3781731433814,958.9910753596018,975.7267494464862,187123.37
2025-02-17,975.7267494464862,991.6743039048633,970.6115352132124,986.5025976545766,204045.57
2025-02-18,986.5025976545766,1009.4781893326218,967.4381036910765,990.3395450718506,104338.71
2025-02-19,990.3395450718506,1012.848004853524,972.0409006273286,994.4729862296064,235560.29
2025-02-20,994.4729862296064,1006.3838143708629,985.6630988877664,997.5466974810895,193204.84
2025-02-21,997.5466974810895,1015.0522643083783,979.5285847628364,997.0249964576867,212278.43
2025-02-22,997.0249964576867,1028.3283653870083,978.706558690455,1009.7756584598187,216169.66
2025-02-23,1009.7756584598187,1036.6942813518879,1000.8985306693709,1027.6599295694089,133998.04
2025-02-24,1027.6599295694089,1046.1644473688705,996.2972555237026,1014.5659979625491,189264.74
2025-02-25,1014.5659979625491,1040.4723280346752,1000.3066516772175,1026.051556512374,185483.79
2025-02-26,1026.051556512374,1033.9369363005753,1017.719554548821,1025.6014753874372,135621.83
2025-02-27,1025.6014753874372,1036.2143764833306,998.8366153115671,1009.2806286509858,266090.11
2025-02-28,1009.2806286509858,1027.9835675989555,979.2528074171596,997.7419230737439,295614.0
2025-03-01,997.7419230737439,1011.2135663310887,979.330858962091,992.7348966876915,167991.83
2025-03-02,992.7348966876915,1019.8807536876043,979.1698425274814,1006.1326285395596,210205.18
2025-03-03,1006.1326285395596,1021.3039799484994,978.280578153067,993.2577914612159,182212.75
2025-03-04,993.2577914612159,1008.5979309383064,956.152924612284,971.1516509316434,168898.5
2025-03-05,971.1516509316434,978.980916585209,960.2315663065086,968.0357117685523,165229.91
2025-03-06,968.0357117685523,984.7802656532624,945.7097431095169,962.3560533601228,134733.01
2025-03-07,962.3560533601228,987.7691641111659,950.2489935473967,975.4967854142218,202186.52
2025-03-08,975.4967854142218,997.8801311401561,956.4411173771712,978.7607046546158,157348.44
2025-03-09,978.7607046546158,999.5040762152656,967.0348911880665,987.6715089441965,214286.86
2025-03-10,987.6715089441965,993.0987247613145,977.5124186355835,982.9134893233639,164776.89
2025-03-11,982.9134893233639,986.1017027842588,964.9614448570157,968.1016139876216,137196.31
2025-03-12,968.1016139876216,998.4589164580967,954.1785225404708,984.3028216845803,154926.82
2025-03-13,984.3028216845803,996.247861256723,965.2886416491228,977.1468395626408,200859.22
2025-03-14,977.1468395626408,1002.6026367965533,959.9241826941499,985.2373804698401,168367.33
2025-03-15,985.2373804698401,1002.2920224993048,963.8256467676812,980.8035381633895,145608.55
2025-03-16,980.8035381633895,997.7692629836024,972.1579546025275,989.0509799024554,274148.01
2025-03-17,989.0509799024554,1012.65990320871,969.3908842713929,992.9228436861946,130533.41
2025-03-18,992.9228436861946,1011.8150720569375,975.7721252577417,994.6347833597628,253896.47
2025-03-19,994.6347833597628,1003.203500611372,991.3734997738967,999.9248714853535,242917.25
2025-03-20,999.9248714853535,1008.0034352918561,988.9587930561983,997.0138381270452,228653.05
2025-03-21,997.0138381270452,1010.6761074712499,962.6240109783024,975.9983004315269,221833.42
2025-03-22,975.9983004315269,982.3984081003841,973.2675420699485,979.6574118632544,151115.37
2025-03-23,979.6574118632544,1001.1271425446001,972.6015459607245,993.9682048589005,159635.49
2025-03-24,993.9682048589005,1005.8295556731846,981.6707248458106,993.526808329553,296465.19
2025-03-25,993.526808329553,1012.6471252006409,970.6853843804823,989.7326837305808,238755.82
2025-03-26,989.7326837305808,1010.6182773910465,972.2703538171903,993.0965963489052,207867.69
2025-03-27,993.0965963489052,1008.15183926301,990.4794101358839,1005.5019602108565,159157.14
2025-03-28,1005.5019602108565,1021.8548673704423,985.7741319631691,1002.0712439207534,147073.56
2025-03-29,1002.0712439207534,1006.7350699710305,978.9661791426277,983.5437749042208,137316.63
2025-03-30,983.5437749042208,1003.9337008936529,965.2569157872991,985.6084535638887,154382.69
2025-03-31,985.6084535638887,1004.0802000509765,971.8376528418343,990.2446233321643,171800.86
2025-04-01,990.2446233321643,997.0907840977287,985.6892584900261,992.5249292964689,191618.73
2025-04-02,992.5249292964689,1012.097072138495,967.0354051208893,986.4885125540824,248334.79
2025-04-03,986.4885125540824,994.6671297156043,982.5919722526692,990.7537421435148,313720.25
2025-04-04,990.7537421435148,996.2609787483456,982.5046371929645,987.9965475645791,267892.64
2025-04-05,987.9965475645791,991.3102984649446,979.400878918883,982.6968545928065,134125.49
2025-04-06,982.6968545928065,991.2694314416186,970.7432916369495,979.2861148250742,152167.28
2025-04-07,979.2861148250742,986.5681676821354,974.2573441708753,981.5278852245649,144904.55
2025-04-08,981.5278852245649,1004.6664694262962,962.0400844532151,985.1075951032069,242252.09
2025-04-09,985.1075951032069,996.5623452628713,967.4993247215377,978.881680457346,224556.89
2025-04-10,978.881680457346,997.125756247733,963.2400334012185,981.4431787572719,163435.71
2025-04-11,981.4431787572719,993.5264141051155,974.2258436764973,986.2735573946153,180017.91
2025-04-12,986.2735573946153,1000.0000500926103,979.6370104457498,993.3161144047007,195851.51
2025-04-13,993.3161144047007,1010.3241016948674,982.5188375068351,999.4600407460979,212852.87
2025-04-14,999.4600407460979,1032.3150762224707,983.4755309132295,1016.0650008470224,253175.47
2025-04-15,1016.0650008470224,1038.6467167780404,1002.5141501340189,1024.9770101769957,195543.46
2025-04-16,1024.9770101769957,1062.4109269516666,1014.0741915778765,1051.2288638469513,176313.72
2025-04-17,1051.2288638469513,1069.931103552146,1046.4208274415703,1065.0598081495903,205871.13
2025-04-18,1065.0598081495903,1090.4392410003643,1053.4106813981912,1078.641563353823,176278.67
2025-04-19,1078.641563353823,1093.2411786753228,1047.8941999492636,1062.27225360136,205328.98
2025-04-20,1062.27225360136,1075.9288895621507,1058.9097978865643,1072.5339520551474,177338.12
2025-04-21,1072.5339520551474,1098.5560598575044,1058.3168189790158,1084.184491327901,250294.05
2025-04-22,1084.184491327901,1105.1081219948135,1062.7904534258853,1083.7048270726116,255709.82
2025-04-23,1083.7048270726116,1089.8853748221093,1050.278057376042,1056.3023241219755,176828.98
2025-04-24,1056.3023241219755,1062.7890494012302,1019.6580008419029,1025.958384773659,312302.99
2025-04-25,1025.958384773659,1036.228108025095,1012.2423333041374,1022.4772104079553,195411.84
2025-04-26,1022.4772104079553,1037.7452467278742,1000.5383687023748,1015.705283922991,206330.12
2025-04-27,1015.705283922991,1026.601415074963,986.2703146168743,996.9654109640021,266027.63
2025-04-28,996.9654109640021,1006.6322793256919,992.2952212766659,1001.9387923062711,307910.34
2025-04-29,1001.9387923062711,1017.0652042071857,972.9705274582471,987.8847636981067,249238.75
2025-04-30,987.8847636981067,999.2903237816346,956.3656815725434,967.5363098896879,201588.89
2025-05-01,967.5363098896879,1008.7624821638157,952.2322306587365,993.0547628605228,168893.11
2025-05-02,993.0547628605228,1006.192010981609,986.3891440306783,999.4832426723165,200910.88
2025-05-03,999.4832426723165,1019.1665733679991,974.6820809060583,994.2625988129508,215642.71
2025-05-04,994.2625988129508,999.1170673457485,972.115851526378,976.885476585081,206031.81
2025-05-05,976.885476585081,995.8087352334546,947.4702760362364,966.1862804457802,175313.27
2025-05-06,966.1862804457802,969.6529756779133,955.3280442734786,958.7681230119525,153539.22
2025-05-07,958.7681230119525,965.2254942337099,945.9361198381199,952.350266340594,195027.12
2025-05-08,952.350266340594,956.6669366418938,944.3053163886232,948.6050107577302,156973.01
2025-05-09,948.6050107577302,964.5775752231734,919.0017762170739,934.740897424834,121374.52
2025-05-10,934.740897424834,948.3224895045432,911.2096778107693,924.6445723738466,147732.18
2025-05-11,924.6445723738466,934.9748912184674,894.9720488521773,905.0838310823895,164613.92
2025-05-12,905.0838310823895,922.1929112672137,866.2591255093397,882.9497992297288,151047.3
2025-05-13,882.9497992297288,887.545851428699,861.6699779573672,866.1787310768992,193914.5
2025-05-14,866.1787310768992,873.5671334943588,852.3331682772241,859.6660180204328,133741.59
2025-05-15,859.6660180204328,861.5336399914434,854.582666496057,856.4432870933248,137305.69
2025-05-16,856.4432870933248,869.8237077339804,848.2300988888617,861.5614370861343,250509.38
2025-05-17,861.5614370861343,868.6936582498926,859.0462772625093,866.1650590538468,230762.92
2025-05-18,866.1650590538468,878.193320697999,861.0897609696898,873.0775190233617,197167.13
2025-05-19,873.0775190233617,877.8996261725644,865.03309658821,869.8373076789893,259021.35
2025-05-20,869.8373076789893,887.810064932343,859.2431892343512,877.1271602731512,152624.18
2025-05-21,877.1271602731512,883.4457363810166,847.7708883867098,853.9223032644566,219213.97
2025-05-22,853.9223032644566,863.5122999214575,850.9535965820836,860.5206537198628,173614.43
2025-05-23,860.5206537198628,872.6208291424009,848.0920852199931,860.187577099471,263997.07
2025-05-24,860.187577099471,875.0974570363481,855.8837347248594,870.7408128491805,192744.95
2025-05-25,870.7408128491805,876.0560381573482,836.8693492488463,842.0091893561813,145875.73
2025-05-26,842.0091893561813,862.0259974156585,831.9091398916295,851.808404627113,255639.66
2025-05-27,851.808404627113,868.4988266574151,818.3226477540611,834.6774031689779,164572.53
2025-05-28,834.6774031689779,860.8156371841249,820.6527885802833,846.5908476928433,135339.38
2025-05-29,846.5908476928433,860.7360865938881,823.7688153083237,837.7666147665717,265825.53
2025-05-30,837.7666147665717,853.8429063947572,826.2306448199107,842.2452658310406,213043.21
2025-05-31,842.2452658310406,848.4359021375489,835.2442262478867,841.4288618556724,146268.32
2025-06-01,841.4288618556724,863.0535086408212,830.8333431533233,852.3208350218542,176894.13
2025-06-02,852.3208350218542,868.011869060613,838.3746959032862,854.0376386629928,175618.91
2025-06-03,854.0376386629928,875.7043574252667,849.573378375119,871.1506433431556,145175.48
2025-06-04,871.1506433431556,887.8782942366164,846.8248713181263,863.4037683521307,146480.99
2025-06-05,863.4037683521307,877.7450741955481,838.1900181649378,852.347680217133,177057.07
2025-06-06,852.347680217133,862.8598274589341,835.0464542017831,845.4738250319123,232067.79
2025-06-07,845.4738250319123,861.526468075343,836.3447639361018,852.3234477130386,223582.0
2025-06-08,852.3234477130386,872.9670308440107,839.1461021504077,859.6760109863877,158177.0
2025-06-09,859.6760109863877,876.2236821384929,829.6992146869962,845.9833189106771,223494.95
2025-06-10,845.9833189106771,851.5131105515534,831.6412924410039,837.1131036928252,263420.16
2025-06-11,837.1131036928252,843.3040202829351,834.0668297656041,840.246344420308,146427.86
2025-06-12,840.246344420308,865.0914190723531,828.9262227698831,853.591506273034,218042.51
2025-06-13,853.591506273034,860.6717015080338,839.1704396988443,846.1892361059741,182135.85
2025-06-14,846.1892361059741,852.2531474901463,825.2972172095645,831.2541013118498,169506.69
2025-06-15,831.2541013118498,850.1747598321571,823.0748108506123,841.890807380859,182190.5
2025-06-16,841.890807380859,852.9537965922302,812.8723102335152,823.6962106875817,222297.29
2025-06-17,823.6962106875817,833.9036387088361,819.2194024995141,829.3958528322815,132362.59
2025-06-18,829.3958528322815,838.0400980156037,798.7846314731861,807.1975180746549,181512.75
2025-06-19,807.1975180746549,815.597341372806,797.6806607311717,806.0687377653311,165591.52
2025-06-20,806.0687377653311,810.9447773605309,797.7354980643901,802.5904972224484,182414.38
2025-06-21,802.5904972224484,804.2151800085965,793.2209013226134,794.8298742909523,173251.01
2025-06-22,794.8298742909523,814.0403806279422,790.297965704557,809.4252530728559,150379.49
2025-06-23,809.4252530728559,811.4225609247767,806.674179330257,808.6696226163785,290725.8
2025-06-24,808.6696226163785,810.7972156710473,804.9301908570307,807.0535320107349,94316.05
2025-06-25,807.0535320107349,817.0062735641432,794.6230388303253,804.5448427383664,209265.06
2025-06-26,804.5448427383664,820.492120035555,781.1141167965968,796.9100613533558,209686.32
2025-06-27,796.9100613533558,821.9830927383313,790.5848535825602,815.5102521578618,185041.39
2025-06-28,815.5102521578618,829.3841392205541,797.9401934801318,811.7501110551808,194506.27
2025-06-29,811.7501110551808,838.5652967727372,804.3400589669327,830.9797075216212,212719.7
2025-06-30,830.9797075216212,842.5045312892225,811.0918464252352,822.4990523309054,159089.23
2025-07-01,822.4990523309054,831.4896460565499,813.7925097691736,822.780128173714,165609.02
2025-07-02,822.780128173714,838.9702264841541,801.8497285401412,817.9446782105024,167697.72
2025-07-03,817.9446782105024,828.9287257895353,798.9466265968234,809.8215905374807,204514.76
2025-07-04,809.8215905374807,819.6221158334487,798.2140089032678,807.9923971554458,206419.43
2025-07-05,807.9923971554458,831.995416817498,801.2999289206701,825.1607459710439,139641.23
2025-07-06,825.1607459710439,852.685978347615,811.4116595075053,838.7111114557521,178883.55
2025-07-07,838.7111114557521,855.7817688413753,822.0004428060328,839.064067809943,155920.03
2025-07-08,839.064067809943,844.8841825285208,819.1527249113102,824.8744139956792,143849.44
2025-07-09,824.8744139956792,831.9252302087757,821.2751573350055,828.3109784442757,161592.83
2025-07-10,828.3109784442757,844.4523715898742,806.881559487942,822.9178562286514,137528.05
2025-07-11,822.9178562286514,835.0559498705284,801.0999212756719,813.0930990899784,115896.74
2025-07-12,813.0930990899784,822.2423938194823,810.6063822904935,819.7353627060043,185801.62
2025-07-13,819.7353627060043,824.3764794145869,802.1761722078764,806.7437338786192,230214.74
2025-07-14,806.7437338786192,820.5370290158169,794.1128571021392,807.8882332522386,168458.59
2025-07-15,807.8882332522386,827.5200666686718,792.978295865314,812.5245637364411,229138.55
2025-07-16,812.5245637364411,821.9622849931262,809.9547582232302,819.3708265175006,220615.03
2025-07-17,819.3708265175006,822.7232700577788,803.0662352011616,806.365467508641,146371.71
2025-07-18,806.365467508641,827.1566567189423,802.8570587507272,823.5733782065184,147979.39
2025-07-19,823.5733782065184,841.9260772294493,808.1308315072589,826.4299675859996,127086.89
2025-07-20,826.4299675859996,841.9307234672021,810.7469379460844,826.2442096994534,192925.07
2025-07-21,826.2442096994534,837.1774174196079,801.662273705667,812.4124538682768,206521.6
2025-07-22,812.4124538682768,820.072121533533,796.2801158477914,803.8591403139548,181510.82
2025-07-23,803.8591403139548,813.565486891387,790.4015805290346,800.0620787813525,149729.79
2025-07-24,800.0620787813525,810.9531065320915,788.6909814826424,799.5753839893836,178010.63
2025-07-25,799.5753839893836,816.6925370516601,785.7671785551156,802.82815808597,215897.85
2025-07-26,802.82815808597,814.1230373000363,787.8218808643953,799.063799838723,210420.45
2025-07-27,799.063799838723,825.1204391250719,787.6672300205628,813.5177216512232,206343.06
2025-07-28,813.5177216512232,829.3851800261457,793.6539720789989,809.4419332266945,196258.87
2025-07-29,809.4419332266945,815.2393405891609,805.4078734263829,811.1965362781626,241494.71
2025-07-30,811.1965362781626,835.4505242067839,798.5710000022508,822.6467753737372,141998.84
2025-07-31,822.6467753737372,838.2771699625431,801.2547048226961,816.7735065480523,155797.4
2025-08-01,816.7735065480523,821.0847313106021,798.4172899817229,802.6539868334862,143450.01
2025-08-02,802.6539868334862,809.6746540457234,791.2900202063078,798.2723621510588,163697.85
2025-08-03,798.2723621510588,814.2745889778801,791.3370208890026,807.2611536472882,261231.49
2025-08-04,807.2611536472882,821.8340914302734,793.176745237287,807.7413057336255,149799.77
2025-08-05,807.7413057336255,824.7686361148295,797.4736765699093,814.4161593383335,150454.76
2025-08-06,814.4161593383335,825.2578724226394,790.2238328843921,800.885421376225,118262.24
2025-08-07,800.885421376225,811.1533927316104,774.546332931822,784.6055841660985,212189.51
2025-08-08,784.6055841660985,797.9664772851537,776.8341092073814,790.1401824363771,179257.23
2025-08-09,790.1401824363771,797.6044077498672,785.9715308956149,793.4184605451292,255805.7
2025-08-10,793.4184605451292,795.6541982447233,781.9409363314621,784.1505584323146,256215.52
2025-08-11,784.1505584323146,789.6663949987071,767.312854809344,772.7484874411356,136605.33
2025-08-12,772.7484874411356,787.926582584216,755.8152401577088,770.9581704283924,177337.79
2025-08-13,770.9581704283924,783.8248160939851,757.4751408808714,770.331325022039,247816.84
2025-08-14,770.331325022039,774.7662440269658,754.0678151573485,758.4342407707495,150111.39
2025-08-15,758.4342407707495,763.8163344541816,752.2113124512059,757.5873966560097,230614.72
2025-08-16,757.5873966560097,766.2454444455939,735.2281338501216,743.7277878278383,96856.21
2025-08-17,743.7277878278383,754.1018750207639,727.3353506726551,737.6243017474811,177688.6
2025-08-18,737.6243017474811,740.0328866393572,723.0032229226721,725.3717993820505,154181.42
2025-08-19,725.3717993820505,727.6755600212649,721.9099118889416,724.2099826305001,235248.97
2025-08-20,724.2099826305001,734.0395926370431,708.4958314619649,718.2444723561044,164039.19
2025-08-21,718.2444723561044,739.776378720311,708.9826015232134,730.3582982745829,221318.72
2025-08-22,730.3582982745829,741.7023133172745,721.6804618051069,732.9931703113937,205548.63
2025-08-23,732.9931703113937,738.6649970275942,715.2650160161835,720.8428245910713,149328.63
2025-08-24,720.8428245910713,736.8415359310227,713.0629354412968,728.9738900803172,225196.35
2025-08-25,728.9738900803172,739.1380244401419,716.862306446014,726.9989034276558,206632.01
2025-08-26,726.9989034276558,738.2909171038177,722.5167111556173,733.7669972614414,123651.81
2025-08-27,733.7669972614414,735.6510807591313,719.9190940808747,721.7723791614819,205544.45
2025-08-28,721.7723791614819,734.9729217251885,713.9299513761765,727.0729010459137,160296.82
2025-08-29,727.0729010459137,756.7954883872441,716.4182520542444,745.86545020874,202658.78
2025-08-30,745.86545020874,755.3472567804466,741.7311155821941,751.1834444942076,192181.69
2025-08-31,751.1834444942076,757.5894562993592,739.0803958097495,745.4374060153607,232278.55
2025-09-01,745.4374060153607,761.9818444612077,739.6487060728132,756.1102643546693,228671.82
2025-09-02,756.1102643546693,768.8763582597608,736.8178625433632,749.4718745045901,148308.26
2025-09-03,749.4718745045901,768.6228891767962,734.7988668786002,753.8638954595885,158572.11
2025-09-04,753.8638954595885,783.8595669534747,745.5110126881442,775.2695079846429,169365.35
2025-09-05,775.2695079846429,782.3656572630039,762.4430008110137,769.4862148051939,235524.41
2025-09-06,769.4862148051939,784.547371655933,759.286678106258,774.2842371894877,163085.02
2025-09-07,774.2842371894877,809.4316947929116,759.1058705598743,793.869398408305,195452.14
2025-09-08,793.869398408305,815.9890463446086,781.6056483762432,803.5753579698885,226130.46
2025-09-09,803.5753579698885,813.2917534468718,800.9473036905852,810.6405926597881,182473.88
2025-09-10,810.6405926597881,818.3953509063314,783.1518314762226,790.7159867560002,277990.92
2025-09-11,790.7159867560002,795.0949121254957,776.7223252611018,781.0477084360244,157420.48
2025-09-12,781.0477084360244,793.231355228815,777.2936115081341,789.436935576085,206248.61
2025-09-13,789.436935576085,800.6966836528497,774.9945072666837,786.2082039065725,198943.57
2025-09-14,786.2082039065725,798.2602368753962,769.2041317273802,781.1790715435989,185990.97
2025-09-15,781.1790715435989,801.165649182635,772.7838803061595,792.6472118996551,105687.54
2025-09-16,792.6472118996551,807.1742415716009,784.6350786105785,799.0969142415158,168188.77
2025-09-17,799.0969142415158,805.9153492357578,783.9777373929925,790.7247352976001,116530.77
2025-09-18,790.7247352976001,813.3832304949375,775.6437892206534,798.1604678332712,159100.68
2025-09-19,798.1604678332712,803.784515039356,782.8532372763611,788.408570062701,176728.71
2025-09-20,788.408570062701,793.0287097477207,768.1165391390545,772.6442988860134,320233.69
2025-09-21,772.6442988860134,790.2773417598505,757.9596194946429,775.5376716674341,217456.62
2025-09-22,775.5376716674341,784.9065350851903,754.1322367173941,763.3539145626111,139161.5
2025-09-23,763.3539145626111,766.6757499447008,747.9306892952023,751.1996337188776,189260.77
2025-09-24,751.1996337188776,763.4978689996065,729.2731546795941,741.4111379871459,200025.5
2025-09-25,741.4111379871459,752.4473460448545,731.6844446455261,742.7036954318279,184594.16
2025-09-26,742.7036954318279,762.1533682496736,730.4809905575885,749.813654490496,180833.05
2025-09-27,749.813654490496,759.4343435289717,737.2060710343296,746.7879377876385,156703.35
2025-09-28,746.7879377876385,759.8907937864273,722.3976375851282,735.2989115159879,196998.41
2025-09-29,735.2989115159879,746.5093157841798,713.6395106686294,724.6881426193809,192154.13
2025-09-30,724.6881426193809,735.0370590078253,700.2566572254468,710.4015538375431,213328.96
2025-10-01,710.4015538375431,729.019274596191,698.0283599919475,716.5391805825735,222025.04
2025-10-02,716.5391805825735,721.5715565116611,703.1952206303688,708.1688100305056,220222.6
2025-10-03,708.1688100305056,712.3092607271882,705.7510324321255,709.885621717266,184890.33
2025-10-04,709.885621717266,711.8608860007629,691.7298381818509,693.6599543735999,172855.64
2025-10-05,693.6599543735999,708.324572625193,689.9056468297129,704.5115328986813,216662.26
2025-10-06,704.5115328986813,711.7765180807098,696.8248300121787,704.085421091599,146565.46
2025-10-07,704.085421091599,705.5891488085656,688.558146407913,690.0318596846189,97005.96
2025-10-08,690.0318596846189,699.7062796412351,674.8983553500043,684.4951492357239,116579.96
2025-10-09,684.4951492357239,698.8789408548149,671.3900911066588,685.7498605472277,112660.22
2025-10-10,685.7498605472277,692.3103001773542,671.3650650444304,677.8499275045267,207170.14
2025-10-11,677.8499275045267,688.6846069100053,669.8308089384474,680.632569062424,186068.33
2025-10-12,680.632569062424,704.6240522628677,667.539564084106,691.325355242973,219163.31
2025-10-13,691.325355242973,701.8949257402636,688.4415003675895,698.9791431863877,204863.48
2025-10-14,698.9791431863877,705.3749375689245,692.0368849311553,698.4276328877663,233319.91
2025-10-15,698.4276328877663,724.7799494724474,684.6215725986027,710.7306903954722,238776.58
2025-10-16,710.7306903954722,715.3508904770847,707.5136648683184,712.1275422903578,227985.07
2025-10-17,712.1275422903578,724.8456119502592,697.953944643738,710.6455469664766,229201.06
2025-10-18,710.6455469664766,717.2752332661977,702.7837949939624,709.4018789855999,271107.09
2025-10-19,709.4018789855999,717.8552892139932,701.3814436347596,709.8300134129125,302920.73
2025-10-20,709.8300134129125,725.3706470353578,697.8778964946606,713.3591072394684,183394.66
2025-10-21,713.3591072394684,727.4336315105805,691.1198665127788,705.0300592617616,264311.9
2025-10-22,705.0300592617616,716.5465230570347,703.2815217516356,714.7738201497338,155586.63
2025-10-23,714.7738201497338,732.1470919294909,708.8679140525672,726.1472117930435,157738.46
2025-10-24,726.1472117930435,754.0924935043802,720.8788681451982,748.6608091923795,272461.17
2025-10-25,748.6608091923795,756.3619414061242,724.7873781426122,732.3204242709653,184641.11
2025-10-26,732.3204242709653,735.8362909053623,728.7506030802265,732.2662094294449,118693.31
2025-10-27,732.2662094294449,737.9286182094525,718.9648725244817,724.5677512915084,133401.34
2025-10-28,724.5677512915084,739.7157839711246,715.0588834183578,730.1338691275901,148370.69
2025-10-29,730.1338691275901,753.2673387500588,718.1241001705276,741.0775600643085,134184.67
2025-10-30,741.0775600643085,755.404918960251,726.7753296729697,741.1022127901495,205798.38
2025-10-31,741.1022127901495,746.0490642335242,732.9989824083533,737.9246234679866,145058.55
2025-11-01,737.9246234679866,752.3449295573917,718.8345361096398,733.1617678750204,167847.95
2025-11-02,733.1617678750204,738.624242074624,725.6592648819972,731.1064256070003,154648.99
2025-11-03,731.1064256070003,748.0175924450604,717.44561784141,734.297165340073,127947.69
2025-11-04,734.297165340073,748.8434887935875,722.9445822937241,737.4422807684477,129507.42
2025-11-05,737.4422807684477,758.2448609395079,730.4978255996582,751.17112199502,226064.31
2025-11-06,751.17112199502,765.838516981318,734.7808892084088,749.4139740594177,195328.0
2025-11-07,749.4139740594177,759.7471015637992,747.5206968642078,757.8325561376563,80921.85
2025-11-08,757.8325561376563,770.0508751473137,737.15149369276,749.2311344237047,153584.19
2025-11-09,749.2311344237047,759.813398555694,726.832368120689,737.2453429568853,225010.29
2025-11-10,737.2453429568853,749.1969036214547,734.5705609892614,746.4885864659904,207300.71
2025-11-11,746.4885864659904,755.6126750549734,741.1700120151836,750.2671789262155,306204.07
2025-11-12,750.2671789262155,757.8233786399912,737.7714042791545,745.2773497005584,168767.23
2025-11-13,745.2773497005584,750.0172861036464,732.0029544015341,736.6882645404048,197719.84
2025-11-14,736.6882645404048,750.5409167777661,718.5183494077048,732.2882642418606,144344.61
2025-11-15,732.2882642418606,737.7981244234913,728.7872986320754,734.2876002736728,122279.18
2025-11-16,734.2876002736728,744.6140231226498,725.428474766161,735.7374058186274,197173.07
2025-11-17,735.7374058186274,744.4585565592603,713.931151527159,722.4953358179683,163159.8
2025-11-18,722.4953358179683,730.8876585231528,702.8097321440949,711.0693332999382,350478.59
2025-11-19,711.0693332999382,715.5130390818559,707.8776351619852,712.3157463079225,155385.98
2025-11-20,712.3157463079225,725.3763658297764,704.5955058450077,717.5988657142113,162016.99
2025-11-21,717.5988657142113,730.9263528770584,697.3620430796997,710.5587793947815,183683.82
2025-11-22,710.5587793947815,714.6540691345563,694.0064358663467,698.0295134602492,227716.19
2025-11-23,698.0295134602492,700.6944542401659,695.6996920967201,698.3635180655152,222948.58
2025-11-24,698.3635180655152,711.6897452822942,666.3734929476251,679.3366479420873,118836.86
2025-11-25,679.3366479420873,691.9746915723102,663.5117025149282,676.089334733316,249574.33
2025-11-26,676.089334733316,689.4222575500132,667.9556929486541,681.226809759263,172796.97
2025-11-27,681.226809759263,693.4632587702613,666.9963587832876,679.1963356643364,92138.21
2025-11-28,679.1963356643364,692.4651399549552,653.0135469743068,666.0250362816355,180118.8
2025-11-29,666.0250362816355,682.2990949285945,662.6134191452245,678.8219275632719,139543.28
2025-11-30,678.8219275632719,682.971814711165,674.7977598161365,678.9469060709336,241959.53
2025-12-01,678.9469060709336,688.7106020974923,671.0602426312375,680.8023853660891,196210.35
2025-12-02,680.8023853660891,698.5334517904683,670.8119178175759,688.4310372211529,235552.3
2025-12-03,688.4310372211529,699.8637705601651,675.5319436452838,686.9399139893657,242605.46
2025-12-04,686.9399139893657,694.4020943208138,677.2067558840155,684.6439958166277,160572.38
2025-12-05,684.6439958166277,697.040038931417,682.9869546581489,695.3570689643194,191598.63
2025-12-06,695.3570689643194,697.6485600155349,686.0547839854795,688.3230951644592,239159.88
2025-12-07,688.3230951644592,708.2408619653254,676.5757470065696,696.356412243857,190295.89
2025-12-08,696.356412243857,704.8054665798586,678.2835177765543,686.6143696434941,146502.9
2025-12-09,686.6143696434941,688.6499896045941,678.4186742428096,680.4359769941913,258282.2
2025-12-10,680.4359769941913,692.918360282412,670.5621853447154,683.0072568469678,181139.32
2025-12-11,683.0072568469678,704.7337344600589,673.8911492377854,695.4515329204432,147841.82
2025-12-12,695.4515329204432,703.5515992199053,688.7323939897464,696.8192460619331,290571.09
2025-12-13,696.8192460619331,708.9858174136244,672.7916417304915,684.7474374445736,111791.43
2025-12-14,684.7474374445736,695.9945690330952,679.7675079733294,690.9693894731591,152368.32
2025-12-15,690.9693894731591,701.7633847120286,673.4983644772351,684.1863990653395,155949.98
2025-12-16,684.1863990653395,695.205238231759,678.7520731345408,689.7269054084944,224156.33
2025-12-17,689.7269054084944,700.6287313523829,681.4295958927117,692.3004623390917,164899.39
2025-12-18,692.3004623390917,706.0957756353328,665.9047322939562,679.4438549084324,151672.6
2025-12-19,679.4438549084324,691.498174134199,670.5895692526013,682.6027231610925,233651.11
2025-12-20,682.6027231610925,690.881836752599,664.0191489901649,672.1717479551249,218845.6
2025-12-21,672.1717479551249,692.1591555987559,663.9184745328002,683.7635519930017,167510.3
2025-12-22,683.7635519930017,693.6935011345471,660.7267234307361,670.4635230387745,190811.51
2025-12-23,670.4635230387745,681.4848992933454,658.1970046281406,669.1975705959268,135794.58
2025-12-24,669.1975705959268,680.1098765750376,650.5808286025114,661.3654191857237,169983.99
2025-12-25,661.3654191857237,683.8719949169334,650.9483507412879,673.2674592086365,176873.78
2025-12-26,673.2674592086365,678.7135613520207,655.0283074500426,660.370081910293,130223.84
2025-12-27,660.370081910293,684.3847058859479,656.1762879836134,680.0658307147054,119053.35
2025-12-28,680.0658307147054,686.3519377233431,670.8045531760125,677.0629029820174,162923.66
2025-12-29,677.0629029820174,684.7505967442299,664.721918419742,672.3561696968362,234343.6
2025-12-30,672.3561696968362,690.2750877168513,661.18156188707,678.9902214900144,208098.7
2025-12-31,678.9902214900144,686.7515604660048,671.0158396846363,678.77471527197,154948.56
2026-01-01,678.77471527197,684.6214770791481,665.8553610448432,671.6406723460262,344303.12
2026-01-02,671.6406723460262,679.4786931843565,657.5360171452267,665.3000430837058,137682.14
2026-01-03,665.3000430837058,667.5114006813424,659.0347755566816,661.2326136286217,206521.71
2026-01-04,661.2326136286217,668.9601402049536,647.9135119662621,655.5749196309943,157709.54
2026-01-05,655.5749196309943,669.852952286059,648.1559645527425,662.3572435749883,243811.59
2026-01-06,662.3572435749883,671.5216013985905,653.9937746653582,663.1481459037731,174954.0
2026-01-07,663.1481459037731,678.8038192740454,651.5031558876341,667.0896163908357,169563.33
2026-01-08,667.0896163908357,675.2510667368375,655.5455927182865,663.6651466851853,229044.0
2026-01-09,663.6651466851853,677.2481831086294,655.6175961593699,669.1343138983063,172714.07
2026-01-10,669.1343138983063,678.6627739290448,653.9551671350895,663.4019991111935,216508.74
2026-01-11,663.4019991111935,676.3189297004001,643.0745701981283,655.8443476901882,175133.27
2026-01-12,655.8443476901882,665.7244209390075,641.9169716421624,651.7351410834515,93345.19
2026-01-13,651.7351410834515,667.2394114741969,648.1395293633716,663.5784603625144,308574.84
2026-01-14,663.5784603625144,670.0849653531706,652.4087608921121,658.8690896643087,204904.77
2026-01-15,658.8690896643087,661.7858190677239,651.6663250631506,654.5639963677727,166626.48
2026-01-16,654.5639963677727,658.1400737910576,652.8656982448543,656.4369162863221,253160.73
2026-01-17,656.4369162863221,667.4296323458965,644.458710066242,655.4346420048805,141348.48
2026-01-18,655.4346420048805,660.9416642642751,641.1821096825973,646.6150287386154,143326.83
2026-01-19,646.6150287386154,651.0097955309888,632.8314927004765,637.1620113621891,126378.71
2026-01-20,637.1620113621891,650.1589914052565,630.3263101650862,643.2578914336523,171207.25
2026-01-21,643.2578914336523,646.9177901978629,630.191146457173,633.7972174964345,152569.51
2026-01-22,633.7972174964345,642.776726759794,631.990571904552,640.9496929618513,167395.27
2026-01-23,640.9496929618513,649.9493543683199,628.3239015245143,637.2719228631546,124662.62
2026-01-24,637.2719228631546,641.0632435261732,615.3299999678618,619.0126910168867,151632.68
2026-01-25,619.0126910168867,625.680393553289,617.4797383520867,624.1347563606403,201697.23
2026-01-26,624.1347563606403,640.1591339581024,614.5954144909367,630.5221662377966,253244.2
2026-01-27,630.5221662377966,647.3248035810951,618.5085026242854,635.2215992497428,182020.03
2026-01-28,635.2215992497428,637.8224242214181,628.9977510456556,631.5836810760345,158930.37
2026-01-29,631.5836810760345,638.1364932944891,622.316107112687,628.8404578185691,210703.47
2026-01-30,628.8404578185691,632.4596108541726,621.7281411990949,625.3270737247899,241609.04
2026-01-31,625.3270737247899,627.0586098074943,618.0428801570756,619.7589981904038,238327.22
2026-02-01,619.7589981904038,627.6573342581037,614.1399572336699,622.0178137645469,204552.1
2026-02-02,622.0178137645469,632.241069343681,610.2879535236282,620.4860333238868,149085.1
2026-02-03,620.4860333238868,625.1839944277349,612.274752224286,616.9459095600358,177535.48
2026-02-04,616.9459095600358,619.2416825329148,609.2462798885837,611.5218689756722,191255.09
2026-02-05,611.5218689756722,620.5997625785269,603.6641272955743,612.7265414760288,97456.25
2026-02-06,612.7265414760288,633.2988038984586,602.2299152840706,622.6324789651117,181239.7
2026-02-07,622.6324789651117,628.757184972197,617.5178024455212,623.6342790658883,277024.49
2026-02-08,623.6342790658883,629.9162302088428,607.0009325847905,613.177551720665,153391.7
2026-02-09,613.177551720665,616.2696941732158,609.9666117884365,613.0581521306524,114341.83
2026-02-10,613.0581521306524,629.085361886671,600.8933931286343,616.8454524355203,152398.79
2026-02-11,616.8454524355203,634.5083441535302,604.8860873024632,622.4405025026892,151037.27
2026-02-12,622.4405025026892,636.8489329554823,612.2176310264897,626.5584292545742,237083.76
2026-02-13,626.5584292545742,629.7576176273013,624.4878449353331,627.6833159011234,347713.7
2026-02-14,627.6833159011234,654.3146988871615,623.030953008687,649.5006269833173,187146.45
2026-02-15,649.5006269833173,653.0997973911144,636.3852571301649,639.9314002176336,145446.09
2026-02-16,639.9314002176336,654.771733546515,637.3036174632296,652.0940068637734,133001.61
2026-02-17,652.0940068637734,663.0076716260529,645.8490448371604,656.7184225791123,232933.78
2026-02-18,656.7184225791123,682.4258133060957,650.4703183943095,675.9943157752201,215689.89
2026-02-19,675.9943157752201,689.0164008539264,651.0897407371658,663.8784302254791,241256.86
2026-02-20,663.8784302254791,687.107359689064,653.8634603853458,676.896012488528,157726.62
2026-02-21,676.896012488528,693.4098137654206,674.5817509413862,691.0471703694761,270649.96
2026-02-22,691.0471703694761,693.0693485025439,687.7431672598132,689.7615834416204,188015.68
2026-02-23,689.7615834416204,702.93391124313,669.4763413147565,682.51018976807,150615.8
2026-02-24,682.51018976807,712.5781281173449,671.273607483724,701.0365352866819,107742.47
2026-02-25,701.0365352866819,702.9357642744204,692.0143743727209,693.8942536866971,158293.4
2026-02-26,693.8942536866971,715.4225782803003,681.7908895187397,703.1576360483166,157839.77
2026-02-27,703.1576360483166,724.33655310855,695.5372321305078,716.5707854613341,137719.78
2026-02-28,716.5707854613341,727.6046847527034,704.1941287725768,715.207028665919,201293.38
2026-03-01,715.207028665919,724.1477350639116,704.8624802243179,713.7854152248286,151382.92
2026-03-02,713.7854152248286,740.3020319382022,703.5870843149352,729.8738349858808,141891.24
2026-03-03,729.8738349858808,735.6192647358531,721.4199376887432,727.1438777278993,143121.06
2026-03-04,727.1438777278993,735.3993651946953,713.9513500597142,722.1501421144577,126235.59
2026-03-05,722.1501421144577,726.1596547340743,694.2801957492876,698.1564911322195,156052.75
2026-03-06,698.1564911322195,714.6151251882612,691.7752005715599,708.1425599527801,157060.18
2026-03-07,708.1425599527801,710.7518871826738,702.3103252157359,704.9077329216049,169310.98
2026-03-08,704.9077329216049,721.8556568195543,695.1046125971171,711.954536907111,198040.04
2026-03-09,711.954536907111,714.1427936311724,708.5354518503494,710.7199138486674,263934.36
2026-03-10,710.7199138486674,728.1261063030967,705.5078684240561,722.8252864531918,231721.63
2026-03-11,722.8252864531918,738.316803435651,720.0604416974259,735.5034639837049,121762.97
2026-03-12,735.5034639837049,745.787229668877,716.2880988770028,726.4452126305459,225055.58
2026-03-13,726.4452126305459,734.0231601523883,714.7702979995083,722.3050572955696,235957.77
2026-03-14,722.3050572955696,733.9104207498762,716.1202747138245,727.679618152026,217537.12
2026-03-15,727.679618152026,748.5474051291295,720.0113238506736,740.7414649696032,160784.74
2026-03-16,740.7414649696032,745.5142954736248,737.1100367100606,741.8772988754124,259580.97
2026-03-17,741.8772988754124,757.3823662332856,728.4933653196164,743.9608442078966,143809.63
2026-03-18,743.9608442078966,753.4660420242207,737.8319780433046,747.3095883797117,235014.81
2026-03-19,747.3095883797117,757.8286600283167,728.811438100207,739.2165933805875,233246.32
2026-03-20,739.2165933805875,753.2780860568147,721.1174439319204,735.1006423493338,203939.66
2026-03-21,735.1006423493338,738.2192663142511,730.36322685994,733.474953931333,114828.88
2026-03-22,733.474953931333,753.3772759420345,723.0700722075442,742.8395505274674,189327.92
2026-03-23,742.8395505274674,761.4917563454688,741.2494760602326,759.8652377893551,221646.16
2026-03-24,759.8652377893551,774.358440105717,736.9823270322076,751.3123977364069,182182.22
2026-03-25,751.3123977364069,764.3774945748976,745.2301555427434,758.2391767095646,176339.28
2026-03-26,758.2391767095646,765.9051866649479,752.7571096695544,760.4074430654972,163933.58
2026-03-27,760.4074430654972,766.1299793106479,750.0281076523647,755.7153328666674,157772.16
2026-03-28,755.7153328666674,770.6933846004011,731.9427955669395,746.7430187194285,175767.32
2026-03-29,746.7430187194285,754.4678850966517,741.2668815217507,748.9753772051265,242872.73
2026-03-30,748.9753772051265,762.7617445936684,729.8887816694596,743.5757584366731,150975.07
2026-03-31,743.5757584366731,760.733992676423,730.0591914099724,747.1524100138233,198556.5
2026-04-01,747.1524100138233,760.1461100682959,725.0557562719907,737.8883453184228,91889.81
2026-04-02,737.8883453184228,741.4701198725351,724.2763759164269,727.8092255417571,157842.11
2026-04-03,727.8092255417571,748.026902758536,717.7105130300647,737.7897061484855,215154.97
2026-04-04,737.7897061484855,746.2231396712721,731.2690504645582,739.6857267764733,231446.28
2026-04-05,739.6857267764733,749.1623817483367,731.9111371308016,741.3700883407789,136292.49
2026-04-06,741.3700883407789,744.9097055407852,733.2379395393614,736.7555248438528,193201.55
2026-04-07,736.7555248438528,758.4641409173018,722.3224793554119,743.891305440894,218690.97
2026-04-08,743.891305440894,748.935339099891,737.2369093284157,742.2699492100397,147010.96
2026-04-09,742.2699492100397,762.7300197117579,729.3148688079689,749.646199203963,118360.73
2026-04-10,749.646199203963,751.9583119570767,743.1729603185803,745.4721993208881,128299.49
2026-04-11,745.4721993208881,757.5948944442874,723.7090554442535,735.6723883257488,120604.27
2026-04-12,735.6723883257488,747.6953490357861,717.1543512317672,729.0694005068018,214547.47
2026-04-13,729.0694005068018,737.9488417411618,724.186853828277,733.0397060954534,184246.55
2026-04-14,733.0397060954534,741.9931097231608,715.233553797854,724.07749225299,161254.51
2026-04-15,724.07749225299,746.2808060329147,718.749652481441,740.8297017092187,143687.06
2026-04-16,740.8297017092187,745.1199616399974,724.1372143193644,728.3552326612995,236430.66
2026-04-17,728.3552326612995,737.9172467315335,717.5238585268793,727.0689864628538,170193.57
2026-04-18,727.0689864628538,749.2247798676259,716.1222048102982,738.1117380760683,194335.09
2026-04-19,738.1117380760683,751.8326698412785,727.1677610674426,740.8481205115318,142918.14
2026-04-20,740.8481205115318,753.5111103826898,725.0467273841097,737.6551410671894,133596.27
2026-04-21,737.6551410671894,759.6114027848975,726.6830112313681,748.4782858653482,231127.77
2026-04-22,748.4782858653482,755.1278152998578,733.3078902534736,739.881041211195,183172.49
2026-04-23,739.881041211195,754.4016634299459,722.8187502943556,737.288492136946,187196.76
2026-04-24,737.288492136946,751.4481471797898,708.6654103675063,722.541855665861,194585.07
2026-04-25,722.541855665861,738.0972603344235,715.2191184546292,730.6919247057239,229657.79
2026-04-26,730.6919247057239,750.2708472354174,716.457491454215,735.9342887535671,240043.87
2026-04-27,735.9342887535671,755.8369330412155,721.4390949732071,741.2372896826005,135660.69
2026-04-28,741.2372896826005,753.9573757205092,729.8342682472563,742.5343998452115,168104.96
2026-04-29,742.5343998452115,755.6692961513544,730.2559523620002,743.3769169207814,138643.77
2026-04-30,743.3769169207814,747.4892401063355,740.3629629935988,744.470850923486,187574.5
