Date,Open,High,Low,Close,Volume
2020-01-01,32.0,32.57203035464339,31.427969645356615,32.0,2005990.11
2020-01-02,32.0,32.57297435313164,31.0233708756712,31.588985835839157,3732729.42
2020-01-03,31.588985835839157,31.951080356104452,31.004417622962183,31.363932427424718,1450314.15
2020-01-04,31.363932427424718,33.95062680506813,30.809582637443384,33.36097969589943,3349078.11
2020-01-05,33.36097969589943,33.473741159120394,32.4715580690771,32.581685486291136,2498347.5
2020-01-06,32.581685486291136,32.72083993365551,32.00936736363561,32.14666385941843,1558599.32
2020-01-07,32.14666385941843,32.446300149168934,31.450779108938963,31.746687251114864,3954553.31
2020-01-08,31.746687251114864,32.20549701753981,30.61580834949741,31.064762801093472,3643942.29
2020-01-09,31.064762801093472,31.669589976974223,29.86472538344105,30.457733777627197,3553774.4
2020-01-10,30.457733777627197,30.77460087485227,30.082938237754686,30.399196340631214,2661237.22
2020-01-11,30.399196340631214,30.742622457415777,30.33435869065211,30.677191878033284,2198163.32
2020-01-12,30.677191878033284,30.838770776710028,29.61681402966079,29.77363382536549,2642665.27
2020-01-13,29.77363382536549,30.067919236935133,29.20573334011634,29.49728731666784,2980298.72
2020-01-14,29.49728731666784,29.922629305002562,28.638378573125713,29.057377190088033,2270281.93
2020-01-15,29.057377190088033,29.422267358656015,28.070056166946912,28.42703071288948,2098157.24
2020-01-16,28.42703071288948,29.483832746169842,27.921884696317576,28.969055002197543,2941141.96
2020-01-17,28.969055002197543,29.165479075370392,28.364350356963055,28.557987193433096,2730177.44
2020-01-18,28.557987193433096,28.892684990950734,27.50748332622721,27.833692435143973,3277229.07
2020-01-19,27.833692435143973,28.432759038628667,27.705753859436822,28.302664814389207,3804827.77
2020-01-20,28.302664814389207,29.376051441286425,27.917342280979387,28.981487179049946,3220693.34
2020-01-21,28.981487179049946,29.572927262460237,28.52583048606801,29.11516878233097,1949235.54
2020-01-22,29.11516878233097,29.442466769071945,28.285500180815024,28.60708656449993,2591566.92
2020-01-23,28.60708656449993,28.89504855196174,28.17483236213905,28.46132711946581,2864105.74
2020-01-24,28.46132711946581,28.613469438386563,27.96537448253421,28.115669058419634,3182955.01
2020-01-25,28.115669058419634,28.644616583161483,27.56447196174116,28.09299287341164,3222108.74
2020-01-26,28.09299287341164,28.845745528682656,27.730282767501407,28.478063752436572,2562545.69
2020-01-27,28.478063752436572,28.952877891542958,27.993407170349876,28.468054424142778,2299989.67
2020-01-28,28.468054424142778,28.539054802461933,28.398691168959097,28.469687568074836,3345724.58
2020-01-29,28.469687568074836,28.65541131649024,28.015295977999877,28.19925554658003,2857416.59
2020-01-30,28.19925554658003,28.863391289037587,27.89800080586522,28.558300840786725,2789560.32
2020-01-31,28.558300840786725,29.09586119271435,28.225536306104626,28.760737839347478,2180049.04
2020-02-01,28.760737839347478,29.027910664111644,27.526925336440893,27.78503436546008,4394991.58
2020-02-02,27.78503436546008,28.009291644517525,26.654246616464224,26.871127613788616,2767023.14
2020-02-03,26.871127613788616,27.14270537389432,26.437113873963636,26.707033184968683,2544176.18
2020-02-04,26.707033184968683,27.43699454381333,26.477686115269105,27.203385044671496,2767066.55
2020-02-05,27.203385044671496,27.887146636707172,27.129367848936788,27.811474900340937,2515829.76
2020-02-06,27.811474900340937,28.62598103145387,27.40905854482327,28.217687015739056,1883856.67
2020-02-07,28.217687015739056,28.665878729455343,27.694196893625833,28.141173312561556,2801572.18
2020-02-08,28.141173312561556,29.152330073293022,27.927230475442112,28.93237215911629,1808705.31
2020-02-09,28.93237215911629,29.493273683834968,27.991300100744443,28.544685686838466,2667883.42
2020-02-10,28.544685686838466,29.10885849218376,27.80473029832072,28.365358788610056,1745799.33
2020-02-11,28.365358788610056,28.712386827952134,27.281471636745053,27.61937312335355,1517301.57
2020-02-12,27.61937312335355,28.069392300688925,26.996472579353508,27.44362823882395,3030605.29
2020-02-13,27.44362823882395,27.768001127137563,26.685763053540146,27.00495094888059,1973089.08
2020-02-14,27.00495094888059,27.988676295877315,26.824023196039235,27.802405755837846,2898125.42
2020-02-15,27.802405755837846,28.610401671685462,27.711757808116296,28.517422458201334,2712423.39
2020-02-16,28.517422458201334,28.789127938732182,28.283585193500247,28.554982687525666,2697240.89
2020-02-17,28.554982687525666,28.96466298400059,28.40259334819205,28.81090784918634,2222751.08
2020-02-18,28.81090784918634,29.346824561557632,27.958362653305123,28.488278073046313,2516220.96
2020-02-19,28.488278073046313,29.04329488137871,26.632790741471137,27.16196799629417,2206558.12
2020-02-20,27.16196799629417,27.4762604343092,26.46798166167859,26.77782921133809,3292727.46
2020-02-21,26.77782921133809,27.490945513170384,26.452810726946588,27.161272943502073,2304255.74
2020-02-22,27.161272943502073,27.903368646345438,26.652034362445363,27.389844642874966,2443454.99
2020-02-23,27.389844642874966,27.813131737520987,26.771380559516007,27.191604011339017,3132057.36
2020-02-24,27.191604011339017,27.712137254306114,27.05793541670328,27.57657621180344,2225830.82
2020-02-25,27.57657621180344,28.10426068001418,26.81329780688923,27.336386180650646,1661470.83
2020-02-26,27.336386180650646,27.672195079014035,26.42922454027378,26.757927467054913,1994260.7
2020-02-27,26.757927467054913,27.20117167283809,26.69445996122017,27.136805500847302,3385337.94
2020-02-28,27.136805500847302,27.28692382558896,26.6806557053585,26.829071674734827,2654249.18
2020-02-29,26.829071674734827,27.80359876323939,26.390605384236622,27.356512530967088,2797005.79
2020-03-01,27.356512530967088,27.474139621942548,26.235851660284244,26.34914729849461,2799503.47
2020-03-02,26.34914729849461,26.805603773018166,25.61946720732579,26.071107083618656,4065656.75
2020-03-03,26.071107083618656,26.79536827822811,25.649958289973544,26.36940089070423,1547623.41
2020-03-04,26.36940089070423,26.68936839088663,26.299927541507266,26.619236818973175,2518239.52
2020-03-05,26.619236818973175,26.831094676630368,26.300824185331162,26.511827188494976,2619614.43
2020-03-06,26.511827188494976,26.955604554935135,26.216915037021803,26.659054674968814,2586853.45
2020-03-07,26.659054674968814,26.82291416469794,26.569255160125973,26.732866020520667,3175254.98
2020-03-08,26.732866020520667,27.065237227220603,25.673216332823003,25.996431407107966,3195457.33
2020-03-09,25.996431407107966,26.50712330019561,25.314847650281596,25.82211515423751,2463221.33
2020-03-10,25.82211515423751,26.268255464807677,25.491526780439912,25.936206434109895,1704265.68
2020-03-11,25.936206434109895,26.473139683008004,25.653841653929266,26.188033290055156,4867713.43
2020-03-12,26.188033290055156,26.649028561481895,25.698669716680815,26.159156664800115,2595949.66
2020-03-13,26.159156664800115,26.665374264952728,25.390656288322702,25.89169817908553,2657487.78
2020-03-14,25.89169817908553,26.363481465130167,24.79173856285873,25.251863151597895,3564713.66
2020-03-15,25.251863151597895,25.684052549102063,25.184561843999624,25.615781326180667,2356532.15
2020-03-16,25.615781326180667,26.029536787123835,25.518613062380776,25.931172152282183,3591033.09
2020-03-17,25.931172152282183,26.766893912143956,25.59203753377789,26.42134863798163,2408181.31
2020-03-18,26.42134863798163,26.58200597347924,25.73564529721151,25.89309051269106,4107387.65
2020-03-19,25.89309051269106,26.251253930864586,25.598455369978456,25.955904038702066,2913460.89
2020-03-20,25.955904038702066,26.399572296664072,25.184719792165662,25.622692412577344,2196022.02
2020-03-21,25.622692412577344,26.132857303853662,25.138623418918325,25.648304442636288,4484399.55
2020-03-22,25.648304442636288,27.31252265771118,25.442992983260975,27.095625574249844,3022579.51
2020-03-23,27.095625574249844,28.04058664700907,26.627501024437347,27.56436382023375,2232882.61
2020-03-24,27.56436382023375,27.869557487278822,26.877113985903375,27.17803015212741,1828923.71
2020-03-25,27.17803015212741,27.55457378705896,26.677508828128353,27.052310656326085,3095365.35
2020-03-26,27.052310656326085,27.167494252689732,26.7572793207297,26.871693885215652,3674913.64
2020-03-27,26.871693885215652,27.022438327713107,26.787307090219283,26.937843798170213,2864161.79
2020-03-28,26.937843798170213,27.370122336944615,25.758442101923514,26.178535829559728,2823642.2
2020-03-29,26.178535829559728,26.67840628710538,25.844181228788223,26.34196436249574,3838820.68
2020-03-30,26.34196436249574,26.78529839695124,24.888632943963398,25.314677793261197,3019511.93
2020-03-31,25.314677793261197,25.41806546822257,24.43206803514982,24.532260238595157,2205683.28
2020-04-01,24.532260238595157,25.60817836061749,24.407298099820125,25.478396802536874,2229498.1
2020-04-02,25.478396802536874,25.558240869918176,25.229605244703297,25.308918200924364,2987403.56
2020-04-03,25.308918200924364,26.35782118687429,24.962128085902233,26.001540560022622,2947754.07
2020-04-04,26.001540560022622,26.341652833304202,25.275782831372233,25.610783824368067,3412686.59
2020-04-05,25.610783824368067,25.858183118826137,24.381659095357367,24.619482452519943,2850991.59
2020-04-06,24.619482452519943,24.72867351289263,24.032778711003175,24.13984249695218,3081690.29
2020-04-07,24.13984249695218,25.45887889089087,24.081199652429884,25.3971815963932,2836412.16
2020-04-08,25.3971815963932,25.566363644584197,24.569269661288807,24.73403418635199,3308759.33
2020-04-09,24.73403418635199,25.631632753475863,24.683316750310485,25.579182330949166,3132944.03
2020-04-10,25.579182330949166,26.240540977489683,25.09119149925571,25.749304611513384,2437383.09
2020-04-11,25.749304611513384,25.941405121785866,25.61892092704141,25.81071050361756,2480397.71
2020-04-12,25.81071050361756,25.98567702747309,25.279794799884936,25.452331934887095,2819300.48
2020-04-13,25.452331934887095,25.869096669423538,24.617056355665248,25.026854179498606,2673876.1
2020-04-14,25.026854179498606,25.80107614113668,24.528590384883113,25.297425497238244,3611310.95
2020-04-15,25.297425497238244,26.27899135789878,24.964262022824304,25.937399517205034,2741462.23
2020-04-16,25.937399517205034,26.207532517547758,25.76725605870919,26.036737424906214,1821497.81
2020-04-17,26.036737424906214,26.67347204571222,25.77240032338561,26.405392189090016,1934825.66
2020-04-18,26.405392189090016,26.48655472917632,26.117200763287023,26.19772499446704,2449125.58
2020-04-19,26.19772499446704,27.40426949609385,26.093923360892834,27.29611577631815,3114158.11
2020-04-20,27.29611577631815,27.827608198783523,26.892878944517797,27.422504269987364,2168852.17
2020-04-21,27.422504269987364,28.979509267002005,26.95822034777599,28.4970327575699,3059781.03
2020-04-22,28.4970327575699,28.69259358857805,27.79483151952466,27.9868915072099,2146312.16
2020-04-23,27.9868915072099,28.414841356620624,27.538987592449637,27.966627584560054,2705279.73
2020-04-24,27.966627584560054,28.92661829819692,27.588332596487803,28.540559924036728,2883901.55
2020-04-25,28.540559924036728,28.940389011326417,28.221646143762133,28.620581070378392,1953632.37
2020-04-26,28.620581070378392,29.113052612352565,28.414321201583178,28.904744861089682,2870310.5
2020-04-27,28.904744861089682,29.475151635103938,27.820515693092926,28.380578559539366,3893854.13
2020-04-28,28.380578559539366,28.56401266115906,27.985981606869082,28.168042006696535,2474712.52
2020-04-29,28.168042006696535,28.330181674795554,27.551175113743216,27.710682146749026,2650165.93
2020-04-30,27.710682146749026,27.82094275563589,27.559388836803027,27.6694855246209,2770025.83
2020-05-01,27.6694855246209,28.053036621002683,27.19260632152015,27.57484552961937,2659583.0
2020-05-02,27.57484552961937,28.07730564543237,26.807164913364947,27.30470256958191,2615679.05
2020-05-03,27.30470256958191,27.757426688244564,27.184154941285776,27.635418978899015,2565633.05
2020-05-04,27.635418978899015,27.742631549975105,26.984528200613276,27.089623338480333,1757078.86
2020-05-05,27.089623338480333,27.584811660024712,25.542099061920254,26.017692890295923,2911725.36
2020-05-06,26.017692890295923,26.379076754699415,25.384609347302366,25.742166165511996,1987281.89
2020-05-07,25.742166165511996,27.332276431603198,25.241676817558258,26.811006272707683,2856603.36
2020-05-08,26.811006272707683,27.47348886373067,26.414598265154854,27.073204188795653,3098152.14
2020-05-09,27.073204188795653,27.503416228830385,26.224761126409113,26.648219870105088,2878404.01
2020-05-10,26.648219870105088,27.15307431965741,26.373451038314307,26.875957295505664,2084636.4
2020-05-11,26.875957295505664,27.044996747193323,26.64279298783834,26.81142656601571,2813314.79
2020-05-12,26.81142656601571,27.34206378585788,26.48313323770252,27.01132282175948,2464772.44
2020-05-13,27.01132282175948,27.698776155541612,26.783135295426117,27.46674132332088,2243517.27
2020-05-14,27.46674132332088,27.85874469269473,27.179574909224915,27.570493542971747,4355366.08
2020-05-15,27.570493542971747,27.94841890877478,27.25943437454872,27.6366137509168,2077082.12
2020-05-16,27.6366137509168,28.495639122890637,27.56812266668872,28.42519372191084,2942308.13
2020-05-17,28.42519372191084,29.091305022239254,28.05698138561881,28.719283130616915,3807426.13
2020-05-18,28.719283130616915,29.072191678456228,28.476501038242823,28.828486422244275,2861106.91
2020-05-19,28.828486422244275,29.334509250888473,28.349417988654217,28.855000214188383,2229392.2
2020-05-20,28.855000214188383,28.94195206168995,28.466438679753953,28.55247890755964,2265281.16
2020-05-21,28.55247890755964,28.895434922949512,27.558567841835153,27.89360990025688,1833580.75
2020-05-22,27.89360990025688,28.491293884717393,27.657062373762983,28.251709548490695,2661471.97
2020-05-23,28.251709548490695,29.04962165406932,28.147762108979588,28.943130247751892,2686055.93
2020-05-24,28.943130247751892,29.456678751307148,28.66971884745817,29.181020123314266,2442051.27
2020-05-25,29.181020123314266,29.773825550648716,28.907684724525755,29.49752548106345,3711603.98
2020-05-26,29.49752548106345,29.95649345757738,28.56072652491767,29.012142159418637,2575846.93
2020-05-27,29.012142159418637,29.149554056957324,28.55569560130952,28.691589245424122,1764741.96
2020-05-28,28.691589245424122,29.177821949460377,27.53566622603424,28.010354125365634,3798592.11
2020-05-29,28.010354125365634,28.090528544723067,27.802609918012262,27.882418144463394,1951107.57
2020-05-30,27.882418144463394,28.727834290285532,27.5678282198428,28.407322014594733,2981423.82
2020-05-31,28.407322014594733,28.795992942894138,27.656269477116606,28.039913496875542,3080785.29
2020-06-01,28.039913496875542,28.103232595688834,27.940722085033926,28.003959994460793,2575224.78
2020-06-02,28.003959994460793,28.47268963163857,27.913105395912385,28.38061303944352,3317768.89
2020-06-03,28.38061303944352,29.23873302344912,28.184132420031787,29.037703330092555,2678499.83
2020-06-04,29.037703330092555,29.295155798829786,27.90421555170031,28.153831485090503,2401730.14
2020-06-05,28.153831485090503,28.38573979068657,27.67566918923046,27.90553220785753,1560373.55
2020-06-06,27.90553220785753,28.449232373335207,26.987162972188226,27.523418181672206,1704367.73
2020-06-07,27.523418181672206,27.66117214890196,26.94030811050435,27.075821870242073,5231138.49
2020-06-08,27.075821870242073,27.564086642945423,26.39965497039489,26.884469031584437,3158510.68
2020-06-09,26.884469031584437,27.39533793802254,25.42646145520667,25.918983844890846,3598045.31
2020-06-10,25.918983844890846,26.05274284607147,25.610404490264738,25.743256623422898,4930008.49
2020-06-11,25.743256623422898,26.16675153649226,25.340256720897337,25.763435738372117,2403401.35
2020-06-12,25.763435738372117,26.277864749641875,24.760622921449837,25.26510148987733,2540413.82
2020-06-13,25.26510148987733,25.428348396724864,24.878116744917975,25.039908599514465,1742127.43
2020-06-14,25.039908599514465,25.329048688966736,24.76323645757489,25.052240291117286,2447884.7
2020-06-15,25.052240291117286,25.505205349406147,24.65994633357361,25.111975988369238,2431879.25
2020-06-16,25.111975988369238,25.494330509211416,23.98258146496802,24.35338570298021,2386779.24
2020-06-17,24.35338570298021,25.099400529307594,23.93945187587271,24.67991666442755,3423074.55
2020-06-18,24.67991666442755,25.229053626658406,24.475855244613662,25.02216240990087,3147464.0
2020-06-19,25.02216240990087,25.12655184906112,24.57464480602403,24.67759675890824,3312928.56
2020-06-20,24.67759675890824,25.834575390082417,24.327777245718963,25.473473848950267,1940211.3
2020-06-21,25.473473848950267,25.904850086926704,25.266830095571372,25.696397947587798,2650900.63
2020-06-22,25.696397947587798,26.203085766372322,25.34617754450549,25.85076151699954,2867911.37
2020-06-23,25.85076151699954,26.464431825928617,25.57877161420737,26.18888434916739,4198329.19
2020-06-24,26.18888434916739,26.4574495421583,25.4238072278788,25.687227969482283,2709751.92
2020-06-25,25.687227969482283,26.146186998068917,25.063913098642285,25.519882124312748,2526281.09
2020-06-26,25.519882124312748,26.171129047364754,25.17464233273324,25.821804765534825,3453283.23
2020-06-27,25.821804765534825,26.16371422186352,25.10283255670414,25.439682285779433,2467251.45
2020-06-28,25.439682285779433,25.935128541704724,24.782195497929898,25.274423279865687,2959983.24
2020-06-29,25.274423279865687,25.74071577369697,25.101157033913484,25.565454393456292,2938131.83
2020-06-30,25.565454393456292,26.088512528001335,25.1974843108924,25.71834189674612,2310914.79
2020-07-01,25.71834189674612,25.947804724124893,25.502322599330387,25.73167344932612,2214048.47
2020-07-02,25.73167344932612,26.094516075181645,25.40280765527422,25.76522151725552,2579562.87
2020-07-03,25.76522151725552,26.195706350851776,25.25451242477392,25.683634097301336,2333355.08
2020-07-04,25.683634097301336,26.588690971300217,25.205658242801142,26.102912293670567,1787703.71
2020-07-05,26.102912293670567,27.41788510822437,25.85003172498209,27.15481389596328,3113940.35
2020-07-06,27.15481389596328,27.771996307698608,26.6937895122336,27.30836499029932,2998459.69
2020-07-07,27.30836499029932,28.204274183492526,27.089046162289684,27.97956481819998,2159369.03
2020-07-08,27.97956481819998,28.368438243611806,27.36796861895026,27.753702907080363,2107627.8
2020-07-09,27.753702907080363,28.24764709836599,26.915233830466928,27.402935264153886,2937812.1
2020-07-10,27.402935264153886,27.795827539962605,26.6151477957191,27.002295864789463,4029062.86
2020-07-11,27.002295864789463,27.399316244235482,26.152080912887104,26.54233844256603,3355851.2
2020-07-12,26.54233844256603,26.99560941280056,25.948376114910108,26.399202716132613,3510191.79
2020-07-13,26.399202716132613,27.022708824950232,26.22644442602531,26.847019986269128,2409437.88
2020-07-14,26.847019986269128,27.785194612835262,26.43239125687864,27.362603152636098,2884570.27
2020-07-15,27.362603152636098,27.73138517838624,26.739137405965927,27.104440014034335,2515348.67
2020-07-16,27.104440014034335,27.4249764960544,26.62421524652014,26.942840658288965,2168407.25
2020-07-17,26.942840658288965,27.47196081792994,26.41606403186116,26.94513925026735,2730342.24
2020-07-18,26.94513925026735,27.32273020067541,26.69117474984079,27.067611370683547,2092946.83
2020-07-19,27.067611370683547,27.542360348982772,26.899053222358194,27.371907258738418,2158097.15
2020-07-20,27.371907258738418,27.84015254723278,26.70537975372792,27.17017403567237,2326203.53
2020-07-21,27.17017403567237,27.315050836702675,26.92675932527939,27.071107885788795,2389038.4
2020-07-22,27.071107885788795,28.202620443720786,26.653808818216046,27.774478964505906,2580910.65
2020-07-23,27.774478964505906,28.294082751692294,27.115533919517777,27.6324812188357,1551063.3
2020-07-24,27.6324812188357,28.096388283170995,26.879319413254112,27.33828741390894,2059419.15
2020-07-25,27.33828741390894,27.70453083743391,26.931941980263375,27.29764087340414,3850603.47
2020-07-26,27.29764087340414,27.85025946808853,26.789447394253294,27.341254053077808,2594253.93
2020-07-27,27.341254053077808,27.636549357324558,26.275218860420292,26.56209901207597,2991751.0
2020-07-28,26.56209901207597,26.6514038396782,26.255645470323483,26.34421775611898,2885073.04
2020-07-29,26.34421775611898,26.961235424993443,25.943028134690525,26.55680831417377,2530565.06
2020-07-30,26.55680831417377,27.993560871619547,26.1610268965986,27.582493463440386,2085018.61
2020-07-31,27.582493463440386,28.0673046478242,26.832292525313044,27.312355557455987,2266058.16
2020-08-01,27.312355557455987,27.970281142148988,27.05808331460609,27.712285635020706,4242333.41
2020-08-02,27.712285635020706,27.937689302683808,27.584511472631238,27.809467061937045,2275485.99
2020-08-03,27.809467061937045,28.53694131579227,27.702454437329276,28.427550267108124,3998539.88
2020-08-04,28.427550267108124,28.661142862033334,27.8705441082694,28.10145715694194,2343588.33
2020-08-05,28.10145715694194,29.162256195703254,27.64415208043253,28.69528750526252,2400592.44
2020-08-06,28.69528750526252,29.802631303543023,28.368601928163056,29.467158254248606,2650158.23
2020-08-07,29.467158254248606,30.437530719081607,29.317823405971453,30.28405596377786,2488021.31
2020-08-08,30.28405596377786,31.31116891973981,30.09166924292238,31.113512875136607,2056230.0
2020-08-09,31.113512875136607,31.48779469719398,30.85616068722019,31.22948327219188,2590778.02
2020-08-10,31.22948327219188,31.915686936151257,30.897040552450846,31.579518041700094,1799433.84
2020-08-11,31.579518041700094,32.1198433757512,30.798571331787834,31.334707967166374,2847993.91
2020-08-12,31.334707967166374,31.957076508596803,29.45610188548107,30.053013469211837,2750299.42
2020-08-13,30.053013469211837,30.58818631628285,29.668736411635507,30.20200416830642,3119324.81
2020-08-14,30.20200416830642,30.47398182140527,29.843061436022747,30.11424882727114,2296301.37
2020-08-15,30.11424882727114,30.832100140390956,29.9546185284288,30.66952641342175,3127035.41
2020-08-16,30.66952641342175,31.52472049231107,30.326075902819966,31.175602722153513,2895557.32
2020-08-17,31.175602722153513,31.582013415544147,30.163213498143392,30.561620206425193,2684223.02
2020-08-18,30.561620206425193,32.19464585283893,30.320643812869044,31.942779110882526,4262207.58
2020-08-19,31.942779110882526,32.43324011897618,31.692647294827886,32.18124099811669,2924769.75
2020-08-20,32.18124099811669,32.72552286259335,30.884423249864767,31.415758496046774,2315310.26
2020-08-21,31.415758496046774,31.851788952665395,30.322737290395438,30.749520797656388,3817446.04
2020-08-22,30.749520797656388,31.06023869685497,29.218614841295057,29.516877116958984,2953718.25
2020-08-23,29.516877116958984,30.308936769285527,29.161526858691087,29.94839155872909,4056089.74
2020-08-24,29.94839155872909,30.280384398315302,29.32745703375158,29.656210905240506,1635206.77
2020-08-25,29.656210905240506,29.808606772812652,29.043880035701115,29.193900203942107,2411769.74
2020-08-26,29.193900203942107,29.709642165200453,28.33577602815058,28.845360659732133,2413271.88
2020-08-27,28.845360659732133,28.950299956925033,28.58162086590727,28.685980338180403,1621598.76
2020-08-28,28.685980338180403,29.171643243894636,28.518612792307113,29.002429384953846,2710098.17
2020-08-29,29.002429384953846,29.353675921214283,27.78042177395759,28.1209932950528,2369264.45
2020-08-30,28.1209932950528,28.410651033386696,27.27929189285091,27.563204174995267,1577408.39
2020-08-31,27.563204174995267,28.1628689574168,27.212702538682912,27.809238675592084,2146734.94
2020-09-01,27.809238675592084,28.325227129875522,26.992766285059353,27.503073985290232,3677039.34
2020-09-02,27.503073985290232,28.008731112473335,27.306483109751415,27.809946722849947,3263153.57
2020-09-03,27.809946722849947,27.941010667934442,27.424033589204686,27.55389078254553,2176200.28
2020-09-04,27.55389078254553,28.506058837317756,27.438627790280016,28.38730950128721,2160397.38
2020-09-05,28.38730950128721,28.589984628435133,28.30035645225755,28.50267819404511,3224322.09
2020-09-06,28.50267819404511,29.6461412669598,28.039977646288673,29.17256604029477,1590609.59
2020-09-07,29.17256604029477,29.7637543618763,28.87400069043817,29.46222451504221,3015928.39
2020-09-08,29.46222451504221,29.98544662129835,29.26764355100391,29.78870941321278,1644724.19
2020-09-09,29.78870941321278,30.20972224771284,28.957843454630503,29.372980669126243,3919682.24
2020-09-10,29.372980669126243,30.51023855908078,28.903232911915733,30.029983673189133,3065173.97
2020-09-11,30.029983673189133,30.725051185493843,29.463368520078774,30.156057236832204,1639675.92
2020-09-12,30.156057236832204,30.433187617692354,29.350354329048756,29.622582140736842,2364080.43
2020-09-13,29.622582140736842,30.049430728796374,28.06118499714963,28.47144621472442,2814640.94
2020-09-14,28.47144621472442,28.74633477124592,28.27580985012859,28.55015755598377,1582155.38
2020-09-15,28.55015755598377,29.893033784971596,28.04828425812327,29.376632176967185,2571853.32
2020-09-16,29.376632176967185,29.915884353911622,28.3521450351088,28.88232343311912,2932666.38
2020-09-17,28.88232343311912,29.267743803614056,27.999632366582404,28.378327155161177,1550196.1
2020-09-18,28.378327155161177,28.77168164752763,27.822141093328987,28.213206838440968,3133157.91
2020-09-19,28.213206838440968,29.20800068675583,27.821802478306704,28.808339990784894,2520175.24
2020-09-20,28.808339990784894,29.17271175847214,27.479736792679585,27.831756602018217,3269752.07
2020-09-21,27.831756602018217,28.107237903869436,27.224100417351018,27.496260952220354,2451965.14
2020-09-22,27.496260952220354,27.91766360047495,26.56986239765363,26.983405111429953,1996191.53
2020-09-23,26.983405111429953,27.808110114762403,26.455091400445394,27.274104735271973,1948057.87
2020-09-24,27.274104735271973,27.69479360415735,26.784614735435166,27.20422575746106,2404851.79
2020-09-25,27.20422575746106,27.41022168009453,26.825808901773836,27.030489256334768,2480166.43
2020-09-26,27.030489256334768,27.328036916760144,26.645681835160026,26.942258261740182,3392360.92
2020-09-27,26.942258261740182,27.695641100219532,26.598822184790713,27.347045157965173,2424647.85
2020-09-28,27.347045157965173,28.031833117163465,27.251881901395993,27.93462517796495,1760206.28
2020-09-29,27.93462517796495,28.79194084102242,27.63137098825709,28.48273643596867,2318811.67
2020-09-30,28.48273643596867,28.90750905984717,28.37324231904812,28.796807582009478,1776176.34
2020-10-01,28.796807582009478,29.892057153701945,28.474591990596053,29.561287580252277,2837706.89
2020-10-02,29.561287580252277,29.666693892529494,28.946890268724793,29.0504751836476,3005605.71
2020-10-03,29.0504751836476,29.51600007852574,28.80341204165527,29.267094670931662,3136426.28
2020-10-04,29.267094670931662,31.18202595027591,28.70573036583343,30.59518784565916,2410618.44
2020-10-05,30.59518784565916,30.66048848210934,29.494971863574612,29.55805891075475,2182683.01
2020-10-06,29.55805891075475,29.7630991174542,29.062612225304747,29.26562385003686,2288344.66
2020-10-07,29.26562385003686,29.519979584627983,28.454021069078635,28.703491150920513,2541307.8
2020-10-08,28.703491150920513,29.227920902685884,28.341241162689677,28.863649647660214,2289235.88
2020-10-09,28.863649647660214,30.234779073009406,28.30433081151277,29.66002804299021,3888075.13
2020-10-10,29.66002804299021,30.37067385474186,29.259158413131406,29.96567328159833,2372627.23
2020-10-11,29.96567328159833,30.507694051670533,29.307038888361834,29.84691148849478,2534342.56
2020-10-12,29.84691148849478,30.307715146667714,29.699860797403314,30.15912622630313,2154725.25
2020-10-13,30.15912622630313,30.37611429742432,29.78280990181928,29.998643334945243,2166923.46
2020-10-14,29.998643334945243,30.65346198771791,29.459655216963426,30.112429464882755,1891275.38
2020-10-15,30.112429464882755,30.533044710524045,30.049398394954522,30.46926671203913,2010498.65
2020-10-16,30.46926671203913,31.81659172343698,30.15945522337378,31.496336984753153,4151844.76
2020-10-17,31.496336984753153,32.09064871924943,31.176587209388607,31.7681396125624,2978668.68
2020-10-18,31.7681396125624,32.50986411478595,31.163509736725114,31.90267370711157,2388799.37
2020-10-19,31.90267370711157,33.48852026950044,31.58090460910185,33.15412904275486,2206419.19
2020-10-20,33.15412904275486,33.761312141623534,31.37309217158725,31.958376313413627,3540746.18
2020-10-21,31.958376313413627,32.35899946019712,31.5069848023374,31.906963448805783,2109800.43
2020-10-22,31.906963448805783,32.143059587015614,31.235426754465646,31.468276823260513,1698437.56
2020-10-23,31.468276823260513,31.615195627805406,31.184826986076462,31.33110536576856,2927974.18
2020-10-24,31.33110536576856,32.03668140272205,30.99198935267633,31.693641436564796,2062312.38
2020-10-25,31.693641436564796,32.363579264313415,31.62018895621888,32.288747579172394,1886346.0
2020-10-26,32.288747579172394,32.548147936412356,31.72072853150085,31.9776294372848,1978636.08
2020-10-27,31.9776294372848,32.75709519433458,31.61259812126953,32.387386416852344,2884248.54
2020-10-28,32.387386416852344,32.777628049202335,31.464375041208644,31.84811893959862,2533119.24
2020-10-29,31.84811893959862,32.16630687753316,30.782075680618348,31.09271655026199,2032763.07
2020-10-30,31.09271655026199,31.740682280391415,30.49102717830365,31.138114394005232,2923834.18
2020-10-31,31.138114394005232,31.283478126656146,30.86920754833202,31.013991832961416,2114099.04
2020-11-01,31.013991832961416,32.537952966088156,30.395111445044225,31.901365152845166,1727370.99
2020-11-02,31.901365152845166,33.69067544280295,31.440554832061874,33.210948393215226,1874887.8
2020-11-03,33.210948393215226,33.77054871902547,32.28306899015217,32.83635750637971,2614339.34
2020-11-04,32.83635750637971,33.27695106722413,31.3124698525215,31.738330240143487,2137461.72
2020-11-05,31.738330240143487,31.924595591600482,30.75340923447888,30.934959779578545,2669328.54
2020-11-06,30.934959779578545,31.414814895159207,29.982988689641708,30.45540507638063,3433602.1
2020-11-07,30.45540507638063,31.106402422701503,29.92951879165181,30.578392463055707,2221116.78
2020-11-08,30.578392463055707,31.05342179810956,29.95927699141554,30.432032655538936,5063656.45
2020-11-09,30.432032655538936,30.97162301448149,29.195514292076506,29.722524359707137,2785889.01
2020-11-10,29.722524359707137,30.84036006191494,29.62909163481442,30.743717218316753,2487898.58
2020-11-11,30.743717218316753,31.735339511481747,30.149898412427017,31.133982678619823,1862344.0
2020-11-12,31.133982678619823,32.795730980907045,30.545381342608728,32.187217782173946,2383048.54
2020-11-13,32.187217782173946,32.771283025712435,30.552370112799924,31.11701560089784,2443366.81
2020-11-14,31.11701560089784,32.305691292375656,30.697765372458882,31.87621214834817,3143844.03
2020-11-15,31.87621214834817,32.42576834283933,31.24267744195129,31.790760421060327,2240208.85
2020-11-16,31.790760421060327,32.20048774990726,31.154042528570347,31.560806148828032,2896799.23
2020-11-17,31.560806148828032,31.922131220913222,31.218063464575447,31.57918890440283,2627457.96
2020-11-18,31.57918890440283,32.17155711326923,30.584857043664876,31.16954100215825,3317473.55
2020-11-19,31.16954100215825,31.348322290368348,30.911195588691523,31.089517882771116,3383518.93
2020-11-20,31.089517882771116,32.201344016769866,30.550787041557513,31.65285151875787,2826132.67
2020-11-21,31.65285151875787,31.967158859967792,30.20426358465275,30.507194752313602,3147970.31
2020-11-22,30.507194752313602,31.611765009177777,30.285867821131156,31.384076381302787,3443204.67
2020-11-23,31.384076381302787,31.97225942231637,31.035351851688556,31.620903386678314,2973810.85
2020-11-24,31.620903386678314,32.0468809431906,31.13406090029413,31.55920732503052,2786978.21
2020-11-25,31.55920732503052,32.29442149916332,31.39228371605369,32.12450789079827,2880069.88
2020-11-26,32.12450789079827,32.85158762693207,31.625910519348587,32.3494982302586,3890077.89
2020-11-27,32.3494982302586,32.643986710457,31.770374559921105,32.062248104569385,2674245.94
2020-11-28,32.062248104569385,32.53249826616321,31.139109061120838,31.602617924799265,3119736.44
2020-11-29,31.602617924799265,32.66934636158264,31.450020638001668,32.512356286629284,2195562.51
2020-11-30,32.512356286629284,32.61013994105013,31.5275665581186,31.622674419265778,3783834.81
2020-12-01,31.622674419265778,31.7778799708628,31.354812076959938,31.509461976641752,2909242.13
2020-12-02,31.509461976641752,31.67487694421291,30.525772553674447,30.686869162404946,2384941.87
2020-12-03,30.686869162404946,31.460592208226167,30.204851623197996,30.974063530337318,2554840.38
2020-12-04,30.974063530337318,31.310633457817115,30.585306551346974,30.92130317500597,2461851.2
2020-12-05,30.92130317500597,31.40838900805989,29.72969396252351,30.205504218705535,2603234.09
2020-12-06,30.205504218705535,30.672042117853554,29.259586263809442,29.718603761552142,2739985.14
2020-12-07,29.718603761552142,29.9379844846835,29.52796847687817,29.747165982548363,2475193.71
2020-12-08,29.747165982548363,30.461348775564513,29.19992733055997,29.91109444171026,1748053.23
2020-12-09,29.91109444171026,30.384980392486547,28.3855637971962,28.842520165613333,4051611.75
2020-12-10,28.842520165613333,28.94452741810809,28.36451946064938,28.465192218552534,2778984.08
2020-12-11,28.465192218552534,28.906210646419343,28.115007069803053,28.554921626464097,2782413.79
2020-12-12,28.554921626464097,29.49246725846278,28.285680600997818,29.216983726674307,2568969.92
2020-12-13,29.216983726674307,29.99127829300441,28.91690829074729,29.68638186486754,3262596.99
2020-12-14,29.68638186486754,29.941926748668962,29.18322078720065,29.436615645451344,2631527.69
2020-12-15,29.436615645451344,30.327752371209353,29.11477933143736,29.99975909895265,2405546.54
2020-12-16,29.99975909895265,30.251782231810097,29.575312453581724,29.82587481262259,2444302.97
2020-12-17,29.82587481262259,30.13401119021094,27.83458146403465,28.12514732574158,3554943.3
2020-12-18,28.12514732574158,29.244004678873903,27.79313036935466,28.902807455925647,2734937.32
2020-12-19,28.902807455925647,29.59849336552786,28.464906689643048,29.156745237724845,2577268.08
2020-12-20,29.156745237724845,29.402194814938976,29.018927391529907,29.263870609481778,2331818.76
2020-12-21,29.263870609481778,29.400924042944133,29.135013452823873,29.272030953965402,2399787.28
2020-12-22,29.272030953965402,29.765871404543777,28.95116161295053,29.443126575645426,3406449.61
2020-12-23,29.443126575645426,29.761524569913224,29.132509333565164,29.450826099877226,2067683.04
2020-12-24,29.450826099877226,29.808639011713034,28.9385335590383,29.294446536841296,3073865.16
2020-12-25,29.294446536841296,29.676471864267548,28.56232512205846,28.939724563211325,3102368.74
2020-12-26,28.939724563211325,29.186296190728896,28.739052015179933,28.985307563091666,2744005.7
2020-12-27,28.985307563091666,29.38122353873752,28.122036402371165,28.511480278619377,2479454.84
2020-12-28,28.511480278619377,28.822883849633875,27.60289445232259,27.907703548833716,1794999.35
2020-12-29,27.907703548833716,28.359931188892315,27.602783488452854,28.053419038505503,3069598.15
2020-12-30,28.053419038505503,28.942501498023713,27.697411781548126,28.5798141117796,1744986.79
2020-12-31,28.5798141117796,28.95187138400325,27.791158375196293,28.15772075857983,2710735.41
2021-01-01,28.15772075857983,28.52670374853173,27.468214967374262,27.832942007936193,2634080.73
2021-01-02,27.832942007936193,28.304737212708392,26.50391334163164,26.96092705206697,3150365.66
2021-01-03,26.96092705206697,27.257254749116107,26.014644332056214,26.303748981326702,2078367.69
2021-01-04,26.303748981326702,26.801907042420954,25.19451689468802,25.68087861859739,2052836.52
2021-01-05,25.68087861859739,26.657897812741595,25.192030924541825,26.15993112717382,2971771.43
2021-01-06,26.15993112717382,26.3701666032008,25.117500566816457,25.320993885553673,2491313.1
2021-01-07,25.320993885553673,26.000479399546865,24.86869649941574,25.544195072226017,1570248.18
2021-01-08,25.544195072226017,25.788831021405976,25.1765622826762,25.420008904854697,2595970.18
2021-01-09,25.420008904854697,26.217190619881215,24.92336795585674,25.714790406005477,4085517.41
2021-01-10,25.714790406005477,26.78080945459869,25.234097407116995,26.289375591347785,2982214.59
2021-01-11,26.289375591347785,26.549930965903318,26.01736153162671,26.277802201713108,1933077.17
2021-01-12,26.277802201713108,27.071120378530125,26.05995802784099,26.848544723229725,2923937.91
2021-01-13,26.848544723229725,28.04432357774418,26.46331006197395,27.647623386371762,3324138.23
2021-01-14,27.647623386371762,28.605879950713483,27.40941023357339,28.361515868536515,1689199.78
2021-01-15,28.361515868536515,28.755361924598365,27.619079820900556,28.008016966270716,2419714.42
2021-01-16,28.008016966270716,28.27644808893906,26.732328758220294,26.99101283016592,3598066.31
2021-01-17,26.99101283016592,27.288826328270037,26.633775455848777,26.930925967391193,1776169.31
2021-01-18,26.930925967391193,27.263228826197608,26.693477883914465,27.024951724224287,2424258.87
2021-01-19,27.024951724224287,27.466554799723177,25.625818956437783,26.051515531119815,2463834.3
2021-01-20,26.051515531119815,26.41927878899714,25.717411759681124,26.08474880958376,2343457.07
2021-01-21,26.08474880958376,26.45772108840261,24.49806576088265,24.853432081158402,3667367.39
2021-01-22,24.853432081158402,26.020512620026988,24.436473980247374,25.591177597947432,3529239.93
2021-01-23,25.591177597947432,26.247426394756445,25.173216859132392,25.82563642286646,2410648.79
2021-01-24,25.82563642286646,26.114146898877635,25.149650386283643,25.43378328438508,2016235.59
2021-01-25,25.43378328438508,25.665401489007387,25.26653681654543,25.497734493333123,3574235.34
2021-01-26,25.497734493333123,25.840231729857816,25.279953136514795,25.62139417048623,3155796.68
2021-01-27,25.62139417048623,26.167473531750705,25.315561373986334,25.85880683099853,2589098.62
2021-01-28,25.85880683099853,26.05893447751665,25.695955377485472,25.895849738248092,3062518.95
2021-01-29,25.895849738248092,26.787636326245003,25.480096420743745,26.36436114049757,3056875.8
2021-01-30,26.36436114049757,26.525934974449157,25.587377047087948,25.745156086466327,2089394.61
2021-01-31,25.745156086466327,25.95198332539848,25.47940026675966,25.685750260852167,2241207.94
2021-02-01,25.685750260852167,26.92424455664574,25.341835548258835,26.56851028815101,2603666.53
2021-02-02,26.56851028815101,26.95530853133911,26.01197562033093,26.396266244814036,1603476.32
2021-02-03,26.396266244814036,26.761312964064018,26.15596611672743,26.519887442358154,2386536.07
2021-02-04,26.519887442358154,26.93366533121776,25.624258917487623,26.030399546628175,2132777.36
2021-02-05,26.030399546628175,27.607915718939743,25.555720138588,27.11348560940856,2713831.84
2021-02-06,27.11348560940856,27.398208017318446,26.97902591890768,27.263006829495314,1962016.2
2021-02-07,27.263006829495314,27.76699560017274,26.135044348357354,26.627280978407693,2894641.34
2021-02-08,26.627280978407693,27.501039900014863,26.316131421402346,27.18339198170622,2748743.25
2021-02-09,27.18339198170622,27.457373162330192,26.373953107175776,26.642482465304074,2534639.31
2021-02-10,26.642482465304074,27.431968505788475,26.20754305104825,26.991334077338752,2923583.14
2021-02-11,26.991334077338752,27.96720834167522,26.55641294842205,27.523708865237925,3014996.79
2021-02-12,27.523708865237925,29.007236800113706,27.130516714211957,28.598687949146626,2449868.9
2021-02-13,28.598687949146626,28.991777022285202,28.331201741554384,28.72312692529129,2623114.93
2021-02-14,28.72312692529129,28.94896912638593,28.527498764127287,28.753136574782047,2194260.72
2021-02-15,28.753136574782047,28.997149393848016,27.444189915094093,27.6790878448076,2187871.81
2021-02-16,27.6790878448076,28.020070245348183,27.107222578240265,27.44532522568084,3859922.04
2021-02-17,27.44532522568084,27.778828384792806,26.75268075654018,27.08176610997431,2471793.38
2021-02-18,27.08176610997431,27.586327820918914,26.490116556568225,26.99302492617056,2592389.15
2021-02-19,26.99302492617056,27.26889462284817,26.459878943077005,26.733092116989138,2550295.91
2021-02-20,26.733092116989138,27.515324578585886,26.358843974011048,27.135443740841623,2853057.43
2021-02-21,27.135443740841623,27.512105948162503,26.481398966438572,26.8541566787114,2269409.11
2021-02-22,26.8541566787114,27.510326768083484,26.446769882419808,27.099222242866087,2324639.86
2021-02-23,27.099222242866087,27.63704045551475,26.5069260989165,27.04364123645634,3286297.42
2021-02-24,27.04364123645634,27.48814442512266,26.2920912613964,26.731463333581555,1792627.46
2021-02-25,26.731463333581555,26.804005100240623,26.306112179482984,26.377693914199476,2724376.5
2021-02-26,26.377693914199476,26.937122084319995,25.939588197100875,26.497034249924422,2117593.36
2021-02-27,26.497034249924422,27.737530911274323,25.96714531965766,27.193709830168473,1573425.57
2021-02-28,27.193709830168473,27.266657752725013,26.753144425005658,26.825103550427997,2547760.51
2021-03-01,26.825103550427997,27.194820436236157,26.483100949443468,26.852468944300888,1948187.82
2021-03-02,26.852468944300888,27.448374201079062,26.509043841066593,27.101760821605573,1862977.43
2021-03-03,27.101760821605573,27.412033538459994,26.78480385326487,27.094999159679798,4975167.13
2021-03-04,27.094999159679798,27.576085279277024,25.7488518016211,26.21430065082526,2977345.59
2021-03-05,26.21430065082526,26.895955690970226,25.777628351852382,26.45526938556697,2995666.34
2021-03-06,26.45526938556697,26.590106731559107,25.586983371351725,25.71806332188409,2565615.0
2021-03-07,25.71806332188409,25.817180484352903,24.91153360494183,25.0079138583802,1928948.83
2021-03-08,25.0079138583802,25.13291713885021,24.281634361722105,24.403617034966253,2494621.56
2021-03-09,24.403617034966253,24.841930398998088,23.895309382393773,24.33234258605316,2379064.79
2021-03-10,24.33234258605316,24.424108856647017,23.807346213233966,23.897472427491177,1607118.8
2021-03-11,23.897472427491177,24.2232216065281,22.945532416366667,23.262627957851386,4068746.97
2021-03-12,23.262627957851386,23.767754176023733,22.929995677184237,23.432690175966602,2542522.84
2021-03-13,23.432690175966602,23.571556183259055,23.284878985454966,23.423691666085848,2111318.01
2021-03-14,23.423691666085848,23.909259986229237,23.279963220469305,23.76344679338187,2681296.62
2021-03-15,23.76344679338187,24.16844434837461,23.042406436528463,23.441924322870243,1842005.78
2021-03-16,23.441924322870243,23.666063207422717,23.19286063610662,23.41675890264752,2056584.26
2021-03-17,23.41675890264752,24.03682720330193,23.159396571991007,23.77552188135709,3817622.51
2021-03-18,23.77552188135709,23.993038795763393,22.98499271635218,23.19721886624587,2283204.01
2021-03-19,23.19721886624587,23.32010549818665,22.791283931339937,22.912663137095,2588225.72
2021-03-20,22.912663137095,23.57953982240234,22.68566389620701,23.34822539988655,2668154.24
2021-03-21,23.34822539988655,23.51968700013709,23.18834267915142,23.359725529434048,2489271.34
2021-03-22,23.359725529434048,23.532655970475272,23.123968983894013,23.29643085884327,2272415.14
2021-03-23,23.29643085884327,23.427610925680778,23.15127921240549,23.28238016105161,4584980.1
2021-03-24,23.28238016105161,24.144503943866596,22.973243557280362,23.828121151553816,2160320.32
2021-03-25,23.828121151553816,23.998811991796668,23.64963093763128,23.820265504575243,2079312.81
2021-03-26,23.820265504575243,23.962464254632884,23.701595918073707,23.8436780298557,2939297.97
2021-03-27,23.8436780298557,24.23832993180942,23.44453179412279,23.839108055520512,1885675.25
2021-03-28,23.839108055520512,24.133889116782775,22.84104969538824,23.127025543039036,3356229.77
2021-03-29,23.127025543039036,23.75768060945435,22.723228904076816,23.34999100534976,2472527.22
2021-03-30,23.34999100534976,23.725127479425993,22.62489871598691,22.994321065063982,2685235.58
2021-03-31,22.994321065063982,23.194204855293556,22.2614447886407,22.45665478249532,2799366.39
2021-04-01,22.45665478249532,22.728606560357118,21.46916940180522,21.73234979177112,2388400.15
2021-04-02,21.73234979177112,22.16190959976199,20.696538494265777,21.113873552652098,3268838.05
2021-04-03,21.113873552652098,21.292168346770623,20.06169305514519,20.232545529499554,3058574.85
2021-04-04,20.232545529499554,20.360234565374792,19.72268641634417,19.847948231277858,2958322.62
2021-04-05,19.847948231277858,19.945938882739547,19.591288812615108,19.688492219050985,1780572.4
2021-04-06,19.688492219050985,20.46871482184051,19.316012238120972,20.088664122876466,2382971.93
2021-04-07,20.088664122876466,20.244742612858076,19.958239831230077,20.11415283745807,2528655.38
2021-04-08,20.11415283745807,20.59089067491175,19.738074655560773,20.212964983329652,4014578.82
2021-04-09,20.212964983329652,20.9707670881646,19.957211474151336,20.708740558515352,1825781.16
2021-04-10,20.708740558515352,20.97011352933043,19.380193737979766,19.627925324480643,2216579.68
2021-04-11,19.627925324480643,19.95778575790076,19.44726956990783,19.775769245395043,3407256.99
2021-04-12,19.775769245395043,20.077518061068545,19.595274238305873,19.895926370413594,2056114.52
2021-04-13,19.895926370413594,20.36673161916952,19.741260170102056,20.209626786422533,2205802.87
2021-04-14,20.209626786422533,20.515390588575848,19.243813549012167,19.539437649887752,3951144.16
2021-04-15,19.539437649887752,19.838344331481288,19.035898412499247,19.331626073810053,2848964.43
2021-04-16,19.331626073810053,19.55513899917835,18.778152052093432,18.99780533054999,3221997.96
2021-04-17,18.99780533054999,19.18931946188858,18.357664852765947,18.54461039138602,3114741.05
2021-04-18,18.54461039138602,19.633408357811277,18.295346909235416,19.37301011492194,2677229.58
2021-04-19,19.37301011492194,19.583117102409027,18.961940171003615,19.169843749065134,2660132.17
2021-04-20,19.169843749065134,19.83859321381646,18.847119066602847,19.510139643527992,3245194.57
2021-04-21,19.510139643527992,19.836495541571,19.448239851071563,19.773759363202764,2103844.3
2021-04-22,19.773759363202764,20.134570305330985,18.89554217950003,19.24673655904145,4010901.52
2021-04-23,19.24673655904145,19.466937375317443,18.8415248213616,19.059584440918236,2275034.7
2021-04-24,19.059584440918236,19.296691158263034,18.846767617182802,19.08360611169767,3357793.67
2021-04-25,19.08360611169767,19.40250821919142,18.9111365408948,19.228727106142298,2950537.76
2021-04-26,19.228727106142298,19.57543130867468,19.00603715208956,19.35132157491076,2267486.29
2021-04-27,19.35132157491076,20.12308402942679,19.23587362905926,20.00374380130539,2934112.45
2021-04-28,20.00374380130539,20.575282336296528,19.784667902305742,20.352388173079135,2684194.11
2021-04-29,20.352388173079135,20.79738285219678,20.165796280277156,20.608443429729295,1672162.09
2021-04-30,20.608443429729295,21.143569379046312,20.458170511604717,20.99051049925256,2544225.31
2021-05-01,20.99051049925256,21.660445087470336,20.868356486669697,21.535121716737947,1902808.54
2021-05-02,21.535121716737947,21.91163800115062,20.91425157700463,21.28641959725682,2951706.54
2021-05-03,21.28641959725682,21.654741679367152,20.30718987323552,20.66475520394994,2509615.6
2021-05-04,20.66475520394994,20.886531955034215,20.213127132280107,20.43241032895256,3237719.57
2021-05-05,20.43241032895256,20.55840287494916,19.790006164784312,19.912794599881043,2184350.33
2021-05-06,19.912794599881043,20.114048548093184,19.352190758608725,19.549775760489066,1880501.6
2021-05-07,19.549775760489066,19.954565186653838,19.18494701348134,19.589004373664036,1986672.08
2021-05-08,19.589004373664036,19.90299974152768,19.07740130195924,19.3881775842369,4308278.59
2021-05-09,19.3881775842369,19.953408515529908,19.067572925209348,19.628824497369926,5544253.48
2021-05-10,19.628824497369926,20.033121820170944,19.34127456661665,19.743886306300112,4288098.4
2021-05-11,19.743886306300112,20.18139372862453,19.447091960718726,19.88251547949455,1769116.52
2021-05-12,19.88251547949455,19.97583005264122,19.325476859357625,19.416604774654513,1842783.2
2021-05-13,19.416604774654513,19.576660453586584,18.943073523427017,19.100523670843398,1992188.95
2021-05-14,19.100523670843398,19.424760918555084,18.11478443310209,18.427598570845728,3155188.35
2021-05-15,18.427598570845728,18.724905820421597,18.331942309777197,18.62820820999107,4403844.12
2021-05-16,18.62820820999107,19.382444634410533,18.56575004253075,19.317674767551914,3259945.21
2021-05-17,19.317674767551914,19.719383346243166,18.984727463973826,19.385270996537955,2726453.87
2021-05-18,19.385270996537955,19.798530226707793,19.074068219453796,19.48571496548131,2063479.87
2021-05-19,19.48571496548131,19.580149635297875,19.200385852280323,19.293890874675164,2420798.24
2021-05-20,19.293890874675164,19.515889550249906,18.996574728702285,19.2176967016142,2658256.97
2021-05-21,19.2176967016142,19.741458102641268,19.16483655748485,19.687306251764177,3241962.69
2021-05-22,19.687306251764177,19.81561836588419,19.595300340679564,19.723443572016354,2295029.81
2021-05-23,19.723443572016354,20.097334184154544,19.592662251099497,19.96495148346061,2874298.22
2021-05-24,19.96495148346061,20.763138954230467,19.672023366929203,20.462904807950665,2785097.29
2021-05-25,20.462904807950665,21.05071683565203,20.309659769266492,20.894241550993794,2666045.23
2021-05-26,20.894241550993794,21.256425284179528,20.547634804083895,20.90956435304572,2355251.63
2021-05-27,20.90956435304572,21.00468487004262,20.858883874474238,20.95389693841259,2679825.49
2021-05-28,20.95389693841259,20.997435841501368,20.761263536500124,20.804491999618225,2538409.56
2021-05-29,20.804491999618225,21.15895641065519,20.650615134525836,21.003606826815187,2138384.71
2021-05-30,21.003606826815187,21.321960185644496,20.527316946101188,20.843239606060813,3243461.21
2021-05-31,20.843239606060813,21.385172450583397,20.44455589979155,20.983800141379316,3854263.48
2021-06-01,20.983800141379316,21.565352297808705,20.822687464843526,21.401036102274738,2712956.83
2021-06-02,21.401036102274738,21.658371360865168,20.485020798242456,20.7343394091762,2570273.27
2021-06-03,20.7343394091762,20.791240383729775,19.968700460684268,20.02365110267863,3143076.59
2021-06-04,20.02365110267863,20.064153162498982,19.9688123572949,20.009285359367894,2723270.96
2021-06-05,20.009285359367894,20.31185166947653,19.96359108807386,20.26557212804781,3457680.9
2021-06-06,20.26557212804781,20.45439947408903,20.189537966157218,20.37794370659357,2670051.19
2021-06-07,20.37794370659357,20.739413159119515,19.567342067769726,19.9207008229055,3010338.46
2021-06-08,19.9207008229055,20.538288602642112,19.650873448849776,20.263813738627235,4010360.39
2021-06-09,20.263813738627235,21.390042104389682,19.895627991100607,21.00832880282063,3569532.18
2021-06-10,21.00832880282063,21.3660619983247,20.317836781664482,20.66980554885393,2500031.75
2021-06-11,20.66980554885393,20.99580275200087,20.070250805427694,20.391864414730488,3407113.95
2021-06-12,20.391864414730488,20.57495464543353,20.221252251150613,20.404238948117282,1990845.61
2021-06-13,20.404238948117282,20.49426805539011,20.26863884599357,20.358465990403154,2472608.66
2021-06-14,20.358465990403154,20.908247851138814,20.27987105860882,20.82784087285289,3202411.59
2021-06-15,20.82784087285289,20.99334378908125,20.776807968468407,20.94203109292104,3811252.1
2021-06-16,20.94203109292104,21.050928561781838,20.721542013639585,20.8298561788006,2154704.6
2021-06-17,20.8298561788006,20.878691706453363,20.553930606245956,20.602232470882175,2582304.86
2021-06-18,20.602232470882175,20.898502347276366,19.732240946894702,20.020140058257383,2601977.78
2021-06-19,20.020140058257383,20.730945562717984,19.839974363939756,20.546047113807532,2540759.94
2021-06-20,20.546047113807532,21.032321791201994,20.30962769114833,20.79306003820778,1918348.34
2021-06-21,20.79306003820778,21.013866628357917,20.539750484402784,20.760208212985933,2946724.77
2021-06-22,20.760208212985933,20.953119889327343,20.612773978193395,20.805364961667983,1890061.78
2021-06-23,20.805364961667983,20.88986712862314,20.681429818286155,20.76577117282773,3455468.51
2021-06-24,20.76577117282773,21.01000368073818,19.85250573126006,20.088775893172492,3643559.28
2021-06-25,20.088775893172492,20.44128175666285,19.217116721089,19.56035008349104,2216404.0
2021-06-26,19.56035008349104,19.8634309974747,19.1856722867679,19.487626371788014,1893143.19
2021-06-27,19.487626371788014,19.853340718889346,19.044736802768874,19.408975142352777,2579155.04
2021-06-28,19.408975142352777,19.57215797718059,19.243778521993438,19.406944282167917,2283091.06
2021-06-29,19.406944282167917,20.385382918527686,19.072704491081076,20.04023613793791,2467217.96
2021-06-30,20.04023613793791,20.340963603932735,19.635721139959205,19.934867423665555,2660201.81
2021-07-01,19.934867423665555,20.313113195877282,19.279935472593163,19.652829841109064,2060498.04
2021-07-02,19.652829841109064,19.81616732974798,19.511727411271096,19.674906395739068,3936430.91
2021-07-03,19.674906395739068,19.998860526041504,18.850589816379927,19.166167383100543,2214923.11
2021-07-04,19.166167383100543,19.439109610307135,18.952525073248278,19.22481358034521,3285001.69
2021-07-05,19.22481358034521,19.414395736911008,18.779339850733567,18.96637344483721,2081412.44
2021-07-06,18.96637344483721,19.247134975388605,18.76943448703799,19.049334583523553,2640193.35
2021-07-07,19.049334583523553,19.235761053515155,18.801276819462462,18.987094173164824,2909813.09
2021-07-08,18.987094173164824,19.32482122942181,18.602013710061733,18.93888322908447,2689674.99
2021-07-09,18.93888322908447,19.53031014749069,18.579055138873667,19.166163853713552,2440072.4
2021-07-10,19.166163853713552,19.7064538581089,18.89910537046571,19.435640526882278,2298511.68
2021-07-11,19.435640526882278,20.307664354424382,19.32932746112531,20.197185632548,2348585.75
2021-07-12,20.197185632548,20.661536693102615,20.003914687471386,20.465696315119462,2196182.7
2021-07-13,20.465696315119462,20.637621812477683,20.20281042348759,20.373965319306755,2825736.07
2021-07-14,20.373965319306755,20.660784697284157,19.851572712910322,20.135028399149704,4109599.06
2021-07-15,20.135028399149704,20.335775417083358,20.069263274880086,20.26957084963045,2844351.37
2021-07-16,20.26957084963045,21.1251265941591,19.99037144206261,20.838096141433166,3017589.36
2021-07-17,20.838096141433166,21.39999613445155,20.621327497919747,21.179674219272396,3407830.2
2021-07-18,21.179674219272396,21.3215526230249,20.75988419218528,20.899888366439185,2322754.88
2021-07-19,20.899888366439185,21.147768654244985,20.83419095684676,21.081500359426716,1656035.57
2021-07-20,21.081500359426716,21.235035570676782,21.019234163191165,21.172500596672418,2601909.01
2021-07-21,21.172500596672418,21.987932787245548,20.79014169871741,21.59789165749773,3219584.1
2021-07-22,21.59789165749773,21.992558152557255,21.33048620820498,21.723596342198174,4297728.91
2021-07-23,21.723596342198174,22.095097413632597,21.464467820320003,21.834644263763757,2034922.26
2021-07-24,21.834644263763757,21.885192136333117,21.307204861519327,21.356646153772548,3422798.38
2021-07-25,21.356646153772548,22.024708396760467,21.017547682301714,21.680468312774483,2775319.68
2021-07-26,21.680468312774483,21.806026070079294,21.000036303509635,21.12236190791439,2359159.89
2021-07-27,21.12236190791439,21.349030238347954,20.934346085331217,21.160673394918028,2001736.12
2021-07-28,21.160673394918028,21.449281039748417,20.65912692581257,20.94479016766422,2246867.02
2021-07-29,20.94479016766422,21.03739793603882,20.616515598373788,20.708076734022136,3000656.78
2021-07-30,20.708076734022136,21.281412532651096,20.36969642006297,20.93925465601296,3529665.08
2021-07-31,20.93925465601296,21.297302399848977,20.58255088163128,20.940576114201672,1315808.61
2021-08-01,20.940576114201672,21.178270206403244,19.79237799261054,20.019618398775467,2955386.99
2021-08-02,20.019618398775467,20.191336674869174,19.776492361730163,19.947592838583926,2252691.38
2021-08-03,19.947592838583926,20.077932555876522,19.675209921887095,19.804615409277073,2305882.7
2021-08-04,19.804615409277073,20.58684794862726,19.506926007235354,20.281983082967677,2885324.52
2021-08-05,20.281983082967677,20.44687838277143,19.65403300057093,19.81513274318349,4202945.5
2021-08-06,19.81513274318349,20.886991580235616,19.48676758671328,20.54650651192214,2172869.92
2021-08-07,20.54650651192214,21.20056915421427,20.234528533740217,20.883474654651003,2538583.65
2021-08-08,20.883474654651003,21.05790842250164,20.603381673978646,20.776925466542576,1753549.78
2021-08-09,20.776925466542576,20.904078474566408,20.489965620622122,20.616134602299798,2901234.07
2021-08-10,20.616134602299798,20.790121040941685,20.20026255104009,20.37219026200027,2188050.04
2021-08-11,20.37219026200027,20.66498331454654,20.205926669681084,20.49769543662432,3855592.12
2021-08-12,20.49769543662432,20.89165720005286,19.809935641834944,20.198140007537855,2845080.59
2021-08-13,20.198140007537855,20.466607367311276,19.88811889160575,20.156026491698125,2422262.31
2021-08-14,20.156026491698125,20.434905713011087,19.476711103251453,19.749972147823218,2426477.39
2021-08-15,19.749972147823218,20.161720210889595,19.609666430888026,20.01949974378151,2848216.2
2021-08-16,20.01949974378151,20.2578999319332,19.848189296110053,20.08602025631265,3090354.01
2021-08-17,20.08602025631265,20.2947336432778,19.705235996366962,19.912142624753905,1941192.3
2021-08-18,19.912142624753905,20.302039022406966,19.435924054354455,19.824096433992384,2505180.29
2021-08-19,19.824096433992384,20.101960205594214,19.295081524232405,19.569375001563408,2598273.67
2021-08-20,19.569375001563408,19.781650361256663,19.47597124647276,19.6876819324553,2741312.99
2021-08-21,19.6876819324553,20.07822734849627,18.848457554767837,19.229922374234494,3603735.86
2021-08-22,19.229922374234494,19.69591145805495,19.09824919072909,19.561964678927755,1820535.0
2021-08-23,19.561964678927755,19.887298732775047,19.303920460009703,19.62837844195486,3301883.8
2021-08-24,19.62837844195486,19.976839520470904,19.119980025990408,19.46555043147857,2847980.78
2021-08-25,19.46555043147857,19.94229755511801,19.210869398922352,19.6847486038218,2295753.5
2021-08-26,19.6847486038218,20.20207438146702,19.317301614578767,19.83188093439626,3180643.67
2021-08-27,19.83188093439626,20.17429243317765,19.111592097215492,19.44736464945068,2362527.13
2021-08-28,19.44736464945068,19.987302997150785,19.396215702933905,19.93487184710521,1652719.95
2021-08-29,19.93487184710521,20.22118980979684,18.747949469885093,19.021143860090124,1101924.24
2021-08-30,19.021143860090124,19.70889095148423,18.736295842424266,19.418098406171325,1918240.97
2021-08-31,19.418098406171325,19.586888711353257,19.19259956974333,19.36089261807607,2269287.72
2021-09-01,19.36089261807607,20.09053945729521,19.005202787809704,19.728103391701815,2714033.86
2021-09-02,19.728103391701815,20.60623107785327,19.404235418001765,20.27341101826081,3018732.46
2021-09-03,20.27341101826081,20.44791007102543,19.94013887167906,20.11325945408055,2437562.16
2021-09-04,20.11325945408055,20.234250684301234,19.85191060122365,19.972052400992347,1827568.11
2021-09-05,19.972052400992347,20.21037262914781,19.855685904286396,20.093299689164205,2364067.12
2021-09-06,20.093299689164205,20.213250712815768,19.553633900200865,19.671064304171477,2461930.48
2021-09-07,19.671064304171477,19.91903805655146,19.304467059808456,19.550926351225133,4014449.41
2021-09-08,19.550926351225133,19.816228656867555,19.137197624976753,19.40045810550053,2988352.12
2021-09-09,19.40045810550053,19.491247401694746,18.885204336957283,18.97399790598059,1718403.21
2021-09-10,18.97399790598059,19.19928648669421,18.585998204595903,18.809331612993052,2403081.36
2021-09-11,18.809331612993052,19.204619052206855,18.686974944740097,19.080498415558562,3094523.43
2021-09-12,19.080498415558562,19.684683548154805,18.729658651743712,19.329269543053723,2613685.11
2021-09-13,19.329269543053723,19.66586006018398,18.931709527704765,19.267219536134455,1732499.85
2021-09-14,19.267219536134455,19.371003834885055,19.188585236487576,19.292267309067007,3190288.25
2021-09-15,19.292267309067007,19.418461128007973,19.058886833101813,19.184374910535713,2847313.86
2021-09-16,19.184374910535713,19.548903340830492,18.207724573413625,18.560396592548035,2499926.99
2021-09-17,18.560396592548035,18.697403879528856,18.07603343883324,18.210457580871033,2125316.12
2021-09-18,18.210457580871033,18.8542351276742,17.90661839203736,18.54481719090191,3349609.89
2021-09-19,18.54481719090191,19.025459998217013,18.490882253532305,18.97028764114947,1652042.7
2021-09-20,18.97028764114947,19.14064717131723,18.500600464157802,18.66824757346001,1762868.01
2021-09-21,18.66824757346001,19.317605533667898,18.424322297531372,19.06845107121633,2163666.85
2021-09-22,19.06845107121633,19.243724549720913,18.47280634486545,18.644180006596926,2804066.89
2021-09-23,18.644180006596926,18.946807000967848,18.165939102451862,18.46566854994389,1848712.18
2021-09-24,18.46566854994389,18.828307763800407,18.064784317144504,18.426657408196604,2268978.13
2021-09-25,18.426657408196604,18.633839054595185,18.128176654040328,18.3343200982586,2387318.49
2021-09-26,18.3343200982586,18.52399540615161,17.911743100348986,18.098983767042174,2832913.75
2021-09-27,18.098983767042174,18.410888917878513,17.833269033754345,18.14450586572451,2426159.12
2021-09-28,18.14450586572451,18.700856875527027,17.862056042758926,18.414208673673514,2428430.1
2021-09-29,18.414208673673514,18.47085747131478,17.863719893283378,17.918844771545444,2179420.05
2021-09-30,17.918844771545444,18.141158533258604,17.741867353605073,17.963737725182334,3413603.13
2021-10-01,17.963737725182334,18.496777460972176,17.766219471056836,18.295610141090684,3066229.9
2021-10-02,18.295610141090684,18.433440140610905,18.019340940458694,18.156120091534113,3038791.91
2021-10-03,18.156120091534113,18.44050968290241,17.69069962747855,17.972208507552097,2140428.13
2021-10-04,17.972208507552097,18.29509042433008,17.370775052540044,17.68856106641636,2287277.25
2021-10-05,17.68856106641636,18.686563401322033,17.38403386405116,18.370299356516682,2928862.31
2021-10-06,18.370299356516682,19.150228746143874,18.123989055531315,18.896858304738043,2244844.3
2021-10-07,18.896858304738043,19.204794453909287,18.488207717193102,18.79447547397133,2062426.16
2021-10-08,18.79447547397133,19.338450764739576,18.678188574090434,19.219533904410333,2794597.02
2021-10-09,19.219533904410333,19.266856930151306,18.98543824690262,19.032300259246824,1874873.31
2021-10-10,19.032300259246824,19.24626501090725,18.765561236484466,18.978925943905814,2467379.5
2021-10-11,18.978925943905814,19.156944128125936,18.43140546689652,18.60592498349547,3249754.34
2021-10-12,18.60592498349547,18.938428607741027,17.6518600882162,17.973053768294964,2696166.8
2021-10-13,17.973053768294964,18.264287077619894,17.49173376412668,17.779836198023574,2001172.06
2021-10-14,17.779836198023574,17.937602633909272,17.483668361293386,17.640195720496973,2926101.29
2021-10-15,17.640195720496973,17.825913970930415,17.599380278805995,17.784764030715184,2237282.02
2021-10-16,17.784764030715184,18.132952961864472,17.661199945249642,18.00783900734082,3212089.78
2021-10-17,18.00783900734082,18.160688042984724,17.815962468035366,17.96847740568718,2952928.94
2021-10-18,17.96847740568718,18.22300165033102,17.388346104623082,17.638191840221953,2383874.53
2021-10-19,17.638191840221953,17.960247419754253,17.10489772999559,17.423024572400966,2155534.24
2021-10-20,17.423024572400966,18.06284989524605,17.31888429854361,17.95552676847482,2102632.36
2021-10-21,17.95552676847482,18.46532036250287,17.66560967393781,18.171909466643843,4967556.98
2021-10-22,18.171909466643843,18.950173756476296,17.897252177014686,18.66801808866427,1466189.82
2021-10-23,18.66801808866427,19.467404358386172,18.512013923952683,19.30606816173521,1674379.16
2021-10-24,19.30606816173521,19.350298886241912,19.027034207455216,19.07072575614324,3425103.06
2021-10-25,19.07072575614324,19.420290746572846,19.021357820656892,19.370147704589602,3245168.72
2021-10-26,19.370147704589602,19.624795509558393,18.795606433161577,19.045992766053494,2845096.28
2021-10-27,19.045992766053494,19.757882020037965,18.717483770303005,19.42287252867879,1580167.48
2021-10-28,19.42287252867879,19.994573305345483,19.16308503846637,19.730668934092893,2974919.22
2021-10-29,19.730668934092893,20.044903502019938,18.660474855910742,18.962475014285776,2035204.52
2021-10-30,18.962475014285776,19.320493709622742,18.752909582508238,19.10930556729626,2536551.56
2021-10-31,19.10930556729626,19.237940175264907,18.679083762032384,18.80567447223917,2878387.07
2021-11-01,18.80567447223917,18.856744752478317,18.636998025837173,18.687748055123418,2951041.7
2021-11-02,18.687748055123418,19.000061723482585,18.150674811956467,18.459168408047972,2209660.93
2021-11-03,18.459168408047972,18.977891567933987,18.26467956756855,18.78002215945201,3584946.88
2021-11-04,18.78002215945201,19.113863868014203,18.212382275674106,18.541992670199196,3185905.37
2021-11-05,18.541992670199196,18.702629461956747,17.945862659507533,18.102693625732712,2045154.85
2021-11-06,18.102693625732712,18.22882627000641,17.70727255347083,17.83151573392943,2306126.31
2021-11-07,17.83151573392943,18.081279365239077,17.51299407411105,17.761780939579513,2150812.11
2021-11-08,17.761780939579513,18.132376045617416,17.533040506706254,17.90183200190526,2559607.4
2021-11-09,17.90183200190526,18.580833978372706,17.639098689237446,18.31207973191948,3042883.07
2021-11-10,18.31207973191948,18.55975447616701,18.24543404723296,18.492452336511544,1636952.38
2021-11-11,18.492452336511544,18.76477239930696,18.4277222933465,18.699318253168933,1583231.82
2021-11-12,18.699318253168933,19.196507439567174,18.469753361042464,18.963696865074063,2111703.48
2021-11-13,18.963696865074063,19.489011764159702,18.738618431132885,19.260411648801462,3646198.94
2021-11-14,19.260411648801462,19.71370149352359,19.189676149266635,19.641566171593418,2759090.64
2021-11-15,19.641566171593418,20.79415818759889,19.450190260143337,20.59350712134124,3856672.66
2021-11-16,20.59350712134124,21.189514608564302,20.317453073764035,20.90922834731784,2500707.59
2021-11-17,20.90922834731784,21.272201397211035,20.66340911530247,21.025020851238306,2106445.71
2021-11-18,21.025020851238306,21.137653458358223,20.732435857782352,20.84409925439442,1709844.98
2021-11-19,20.84409925439442,21.360918015811492,20.454301586688068,20.96878857988287,2113235.8
2021-11-20,20.96878857988287,21.48847655082167,20.91388124180684,21.432355350661666,2226588.23
2021-11-21,21.432355350661666,21.580374905751906,20.803870545703315,20.94854875844654,1417948.08
2021-11-22,20.94854875844654,21.522947603832183,20.881182035831873,21.453955584789092,2106949.15
2021-11-23,21.453955584789092,21.606292869180844,21.133631347321284,21.28476728278809,2102329.08
2021-11-24,21.28476728278809,21.589892562904073,20.890742341270418,21.19457467586884,2614174.74
2021-11-25,21.19457467586884,21.458629085889253,21.143102468130888,21.40664186115368,2572747.82
2021-11-26,21.40664186115368,21.464391772015407,21.140673182747413,21.197859850547463,2816562.78
2021-11-27,21.197859850547463,21.50657734943959,21.076916891394525,21.38456913307252,1732970.47
2021-11-28,21.38456913307252,21.437993971956843,20.875610917910493,20.927894852354882,1957675.3
2021-11-29,20.927894852354882,21.470787656234606,20.73910426977336,21.278831275457232,3277220.2
2021-11-30,21.278831275457232,21.49140845188822,21.14812251035171,21.360199866659276,2436944.76
2021-12-01,21.360199866659276,21.527957565385986,21.19361766932788,21.361366271590253,3213128.72
2021-12-02,21.361366271590253,21.841455422607606,20.99673101490397,21.47488246190616,2509816.06
2021-12-03,21.47488246190616,21.68489840538852,21.259427249978614,21.469389474191523,2724553.13
2021-12-04,21.469389474191523,21.700616776851817,21.420635110392553,21.65144897813431,2967393.31
2021-12-05,21.65144897813431,21.907860054169355,21.31427974272129,21.569722964123898,2262320.48
2021-12-06,21.569722964123898,21.655331219239727,21.369335290488426,21.454486181366732,2200604.13
2021-12-07,21.454486181366732,21.520311528579647,20.690414650961394,20.754091088628023,2193540.6
2021-12-08,20.754091088628023,21.46548935867483,20.590306892979193,21.297417417283068,2549816.84
2021-12-09,21.297417417283068,21.44432493615979,20.694598916050175,20.838339761803258,3001343.85
2021-12-10,20.838339761803258,21.571246770205683,20.75476896358279,21.48508225353667,2348684.48
2021-12-11,21.48508225353667,21.643465792596178,21.232164574051847,21.389846051722344,3470438.87
2021-12-12,21.389846051722344,22.123456320857997,21.160693711037815,21.888956937124423,4026582.86
2021-12-13,21.888956937124423,22.471423116031392,21.746229096655608,22.325846519144253,2087337.47
2021-12-14,22.325846519144253,22.79584942708532,22.26821488139518,22.737156040509934,3499502.74
2021-12-15,22.737156040509934,23.171076657497206,22.326368328383435,22.75987842454155,2588393.69
2021-12-16,22.75987842454155,23.07226400058078,21.950536814876685,22.256006612041272,2859650.77
2021-12-17,22.256006612041272,22.583609402312568,21.85602611714766,22.182547609474042,2514389.82
2021-12-18,22.182547609474042,22.38985770968684,21.848106518067887,22.054217289330847,3526450.02
2021-12-19,22.054217289330847,22.325927691420482,21.743304329423783,22.014525727065827,2835889.0
2021-12-20,22.014525727065827,22.33711983945805,21.198499593679415,21.513755573734418,2383538.23
2021-12-21,21.513755573734418,21.69491151054982,21.22045718652902,21.400660812280467,2342366.9
2021-12-22,21.400660812280467,21.7636807637542,19.912838689482765,20.256449352987698,1925512.89
2021-12-23,20.256449352987698,20.578578871222234,19.8242902328023,20.144641722844163,2253780.7
2021-12-24,20.144641722844163,20.339698261566955,20.000254659162486,20.194950608090842,3527509.91
2021-12-25,20.194950608090842,20.35631506961838,19.743024092971787,19.902048165266205,3408461.68
2021-12-26,19.902048165266205,20.007739508078192,19.69827958682929,19.803447302247335,2215529.8
2021-12-27,19.803447302247335,20.08613710623677,19.584675389892105,19.866666797802832,1975868.86
2021-12-28,19.866666797802832,20.588222396046373,19.53680524349843,20.251963464732768,3298457.78
2021-12-29,20.251963464732768,20.91208663662596,20.00585625449768,20.66100860182245,2894448.96
2021-12-30,20.66100860182245,20.95706726323383,20.487780111315438,20.78281748814605,1586449.48
2021-12-31,20.78281748814605,20.977848415085898,20.578937026011154,20.773884120089853,5341162.15
2022-01-01,20.773884120089853,21.218554351997472,20.473358022730075,20.9159727250278,2607585.78
2022-01-02,20.9159727250278,21.883826328441202,20.680525641099226,21.640226459459875,3978590.43
2022-01-03,21.640226459459875,22.109457344454356,21.381648748753364,21.848392273472957,2715730.27
2022-01-04,21.848392273472957,22.24356973520464,21.5649275297009,21.95867417534933,2004363.61
2022-01-05,21.95867417534933,22.752631053622878,21.622843121969787,22.409899067624462,2729237.25
2022-01-06,22.409899067624462,22.730476193550626,22.112702782008036,22.432973893501856,1801502.5
2022-01-07,22.432973893501856,22.75416670779652,21.76175631703047,22.077864717815718,2519423.12
2022-01-08,22.077864717815718,22.584069529652748,21.768988883805772,22.272471095072184,1980806.47
2022-01-09,22.272471095072184,22.764201009940773,21.856502051066506,22.346842968858493,2470467.05
2022-01-10,22.346842968858493,22.687768223975134,21.918173646161033,22.257739531992826,2766305.95
2022-01-11,22.257739531992826,22.75597990378331,21.99424990326185,22.48974378258997,2799359.55
2022-01-12,22.48974378258997,22.898230528856132,21.342462269690618,21.737281865129088,1804993.49
2022-01-13,21.737281865129088,22.133055880506095,21.12780570924417,21.51961666095956,2212912.41
2022-01-14,21.51961666095956,21.698816192861678,20.992584796375304,21.168863514179925,1586764.79
2022-01-15,21.168863514179925,21.51805361383181,20.520439991924764,20.864611312147325,3036560.13
2022-01-16,20.864611312147325,21.275319209549007,20.39716826760239,20.806736941232476,2735226.03
2022-01-17,20.806736941232476,20.925818210301166,20.338452949833947,20.455524155317075,1938266.86
2022-01-18,20.455524155317075,21.30794728563827,20.268450775711198,21.114844179091506,3695020.31
2022-01-19,21.114844179091506,21.499818646352274,20.91471518488276,21.29795411448626,2921662.13
2022-01-20,21.29795411448626,21.574621801990506,20.711536414207785,20.98412738547317,2532490.74
2022-01-21,20.98412738547317,21.38971004704848,19.917074587836495,20.309620330526833,2309851.28
2022-01-22,20.309620330526833,20.461961799317194,19.93935317135109,20.090047636099477,2216930.97
2022-01-23,20.090047636099477,20.402796026303886,19.657241773837836,19.96809163479156,2134439.78
2022-01-24,19.96809163479156,20.287863018077754,19.417042444876255,19.733049841052992,3486858.23
2022-01-25,19.733049841052992,21.004859958543587,19.446309949050498,20.704011080690705,2784667.08
2022-01-26,20.704011080690705,20.964652407715867,19.818422915224335,20.071096525808702,2000243.63
2022-01-27,20.071096525808702,20.33985636104301,19.824403314221403,20.092895222366852,3595661.53
2022-01-28,20.092895222366852,20.2350914764173,19.904377109455726,20.04624320992002,2541903.08
2022-01-29,20.04624320992002,20.13586000761393,19.865620499438023,19.954828627935704,2066298.45
2022-01-30,19.954828627935704,20.114728285184476,19.08695664633934,19.241137438308396,4260467.81
2022-01-31,19.241137438308396,19.35913598937924,19.110098292804302,19.228016377417347,1977360.03
2022-02-01,19.228016377417347,19.561145861408818,18.96368432807171,19.295880863067428,2115311.96
2022-02-02,19.295880863067428,19.89753775849901,18.960972386191692,19.558078455621292,2600135.01
2022-02-03,19.558078455621292,19.835280906588245,19.463095191045582,19.739416976524474,2818114.83
2022-02-04,19.739416976524474,20.480480523477947,19.465622779544788,20.20029376733621,2153932.14
2022-02-05,20.20029376733621,20.28500706354662,19.35713641398915,19.438655653922464,1496010.08
2022-02-06,19.438655653922464,19.610527620451798,19.184041259833023,19.35517511127419,2621198.28
2022-02-07,19.35517511127419,20.396860673844994,19.256128489739496,20.29301482653201,2001741.26
2022-02-08,20.29301482653201,20.858066327675985,20.14301354926791,20.705019606266337,2376779.08
2022-02-09,20.705019606266337,21.06641226644686,19.79647907314116,20.148151970673673,2123258.77
2022-02-10,20.148151970673673,20.377006644429784,19.955630108216642,20.184140896585426,1982991.79
2022-02-11,20.184140896585426,20.263964923698975,19.713856988634017,19.79213069795676,2432442.49
2022-02-12,19.79213069795676,19.90259245771526,19.524692606727932,19.634273349644356,2219949.8
2022-02-13,19.634273349644356,20.741162116398154,19.296846509469376,20.390735025665997,2107489.14
2022-02-14,20.390735025665997,20.95976726745838,20.199411307978693,20.76493250163274,3309890.43
2022-02-15,20.76493250163274,21.156302211265555,19.800777402724762,20.181144085848608,2027452.1
2022-02-16,20.181144085848608,20.4253772535029,19.653931703481472,19.894698290466714,2440949.21
2022-02-17,19.894698290466714,20.118875322149158,19.673321229000965,19.897467447059583,2575747.1
2022-02-18,19.897467447059583,20.100643941751148,19.598867214890998,19.80105926893741,1703795.33
2022-02-19,19.80105926893741,20.237924662567526,19.485782588081594,19.920742362025862,1966167.1
2022-02-20,19.920742362025862,20.260245461230465,19.29998351861421,19.63461015440678,2574417.23
2022-02-21,19.63461015440678,19.71878150330717,19.41839355808754,19.50199640687897,2550428.22
2022-02-22,19.50199640687897,19.684368626767792,19.037950324019906,19.217663616013578,2135007.81
2022-02-23,19.217663616013578,19.35391377796472,18.9520358946753,19.087362240711983,2583132.76
2022-02-24,19.087362240711983,19.69647271994234,18.74018423304216,19.344615558947652,2779954.74
2022-02-25,19.344615558947652,19.75170024870202,19.050098475967904,19.455495052311676,3010838.75
2022-02-26,19.455495052311676,19.596778519107364,19.063017324317567,19.202463304974916,3071363.27
2022-02-27,19.202463304974916,19.802454679448765,19.022906520680678,19.619002951146058,3517605.1
2022-02-28,19.619002951146058,20.20979062262971,19.431725429563247,20.01869772637769,2670915.2
2022-03-01,20.01869772637769,20.396598337893202,19.6428939574168,20.02075593100163,1837256.71
2022-03-02,20.02075593100163,20.231500483600175,19.716354331825517,19.926102534043356,2414704.17
2022-03-03,19.926102534043356,20.649588029212772,19.87964077414077,20.601551323110325,1893158.89
2022-03-04,20.601551323110325,21.559097000294088,20.289612141408583,21.237528150993068,3211609.01
2022-03-05,21.237528150993068,21.31690940741544,20.565235277756145,20.642392044986497,3664862.38
2022-03-06,20.642392044986497,21.396770467010374,20.366747612150494,21.11481758552677,2596022.18
2022-03-07,21.11481758552677,22.059888378068752,20.877423755104193,21.814626597040657,3476733.79
2022-03-08,21.814626597040657,22.436388139838225,21.471509562156136,22.08895623973411,3417852.88
2022-03-09,22.08895623973411,22.35187219043623,21.63752959273903,21.898174748176544,2805073.63
2022-03-10,21.898174748176544,22.011042521170236,21.646542492751944,21.758691339080038,2965893.97
2022-03-11,21.758691339080038,22.880850148773913,21.36504813305647,22.474261344746527,3295938.26
2022-03-12,22.474261344746527,23.250622331633558,22.063883487485832,22.833681496857515,1834018.02
2022-03-13,22.833681496857515,23.29408233816506,22.61511051271885,23.073218433197116,2766177.38
2022-03-14,23.073218433197116,24.425795282496946,22.773969693596516,24.11306028546006,2986294.38
2022-03-15,24.11306028546006,24.401056922257265,23.37982468760977,23.662439289536245,1816454.92
2022-03-16,23.662439289536245,23.93730872279318,23.350502620835815,23.62493641028447,4193630.2
2022-03-17,23.62493641028447,23.798530637557544,23.53932925404591,23.71260580311326,3416582.89
2022-03-18,23.71260580311326,23.970875302878007,23.363903494411446,23.621177185297853,3423590.5
2022-03-19,23.621177185297853,23.76414841429941,22.680781870602402,22.818897162068556,2879840.94
2022-03-20,22.818897162068556,23.6380549398178,22.445551168073173,23.257532320326536,2051079.9
2022-03-21,23.257532320326536,23.659385310867002,22.537220548467378,22.933474334897994,1893434.74
2022-03-22,22.933474334897994,22.987054985983477,22.55348037902923,22.606296628075313,2536300.28
2022-03-23,22.606296628075313,22.951296428116233,22.113931077398632,22.456647041286832,3094781.34
2022-03-24,22.456647041286832,22.547983550792946,22.271251742846015,22.362204130635707,2977649.21
2022-03-25,22.362204130635707,22.410893899677557,22.265241745684428,22.313826180242362,3987116.06
2022-03-26,22.313826180242362,22.7765956935278,22.26370411105567,22.72554879910398,2405682.76
2022-03-27,22.72554879910398,23.475869036663564,22.48947280540253,23.234505929268312,2376205.98
2022-03-28,23.234505929268312,23.62145409289976,22.738993548164743,23.12410305906062,2605054.51
2022-03-29,23.12410305906062,23.29996811501947,22.6938516393706,22.867767191751586,1947335.47
2022-03-30,22.867767191751586,23.294098433491087,22.389973151247457,22.81532672832461,3784759.72
2022-03-31,22.81532672832461,23.03390703602949,22.222165873806386,22.437122831066972,2442445.04
2022-04-01,22.437122831066972,22.55818875019388,22.30689583531965,22.427912055067967,2769927.23
2022-04-02,22.427912055067967,22.65809896177164,21.808189089765577,22.03433656901535,3187031.64
2022-04-03,22.03433656901535,23.243079312033682,21.741604263272464,22.93833710705627,2154056.79
2022-04-04,22.93833710705627,23.251865207115642,22.683659390490877,22.996541266615967,2786698.23
2022-04-05,22.996541266615967,23.224942780074148,22.54135373591145,22.767480216357193,2595018.78
2022-04-06,22.767480216357193,23.199610597789533,22.644713474295624,23.075184652741346,3317986.28
2022-04-07,23.075184652741346,23.411808416003907,22.219495073219775,22.54843453802127,2605475.89
2022-04-08,22.54843453802127,22.735747836430836,22.06603406825337,22.250875498155395,1272888.72
2022-04-09,22.250875498155395,22.868812408924473,21.817642037887325,22.43205138162123,2058338.9
2022-04-10,22.43205138162123,22.699317228841778,22.22542078620809,22.49213319581259,1787065.06
2022-04-11,22.49213319581259,23.081275167809668,22.35744910997776,22.94388596246173,4209359.76
2022-04-12,22.94388596246173,23.34479947841097,21.415455309699635,21.79631659603784,3703046.93
2022-04-13,21.79631659603784,22.265110063764222,21.67084857505427,22.137677040153875,1518792.57
2022-04-14,22.137677040153875,22.24894269235007,21.804739010291946,21.914884892170573,2019552.6
2022-04-15,21.914884892170573,22.242144979013638,21.11941247948004,21.439574647594224,1839103.09
2022-04-16,21.439574647594224,21.59751341156936,20.604277422100253,20.75718926245141,2744562.61
2022-04-17,20.75718926245141,20.954637371884793,20.34810923755197,20.543524912758993,2047331.2
2022-04-18,20.543524912758993,21.385178885696583,20.335646208770374,21.170951291581662,2433037.52
2022-04-19,21.170951291581662,21.911040743596626,20.830016452353057,21.563779833612987,1842665.31
2022-04-20,21.563779833612987,22.515354611615084,21.29774122416447,22.240961416466078,2895305.73
2022-04-21,22.240961416466078,22.582248296254424,21.855458866598983,22.196056684636496,1708633.43
2022-04-22,22.196056684636496,22.68338138671112,21.757132123802695,22.24351827812647,4861187.69
2022-04-23,22.24351827812647,22.5726632955435,21.274470716369574,21.59400465654537,3787086.96
2022-04-24,21.59400465654537,21.74558093579288,20.816235015005166,20.963384740586473,4835238.29
2022-04-25,20.963384740586473,21.294712799401672,20.577708191647826,20.90816347369579,3025598.24
2022-04-26,20.90816347369579,21.269845373039278,20.023003239329544,20.375470293893354,3837262.94
2022-04-27,20.375470293893354,20.574218913558294,19.855891091346752,20.051479403974525,3250172.01
2022-04-28,20.051479403974525,20.348728416971955,19.773332301568725,20.07031996490094,2022615.77
2022-04-29,20.07031996490094,20.78247173146512,19.853015971207622,20.559867343919148,2368949.41
2022-04-30,20.559867343919148,20.6545788723145,20.471543764109548,20.566227967763044,2890771.5
2022-05-01,20.566227967763044,20.877158115606075,19.74514001429425,20.048238954552147,3467960.06
2022-05-02,20.048238954552147,20.248433604645612,19.180624290487003,19.374087097678828,2595717.35
2022-05-03,19.374087097678828,19.580250802201924,19.214533583733846,19.42031656968838,2986676.12
2022-05-04,19.42031656968838,19.62266176648882,18.993858885839888,19.19384441187086,2392520.57
2022-05-05,19.19384441187086,19.47831757680758,18.954364619763375,19.23828332456459,2345295.44
2022-05-06,19.23828332456459,19.53885516171898,18.867329057954244,19.166783813134973,1799711.88
2022-05-07,19.166783813134973,19.518618031591007,18.792318395860605,19.143729417320607,2904281.51
2022-05-08,19.143729417320607,19.86492758594188,18.869657184420245,19.584544401585838,2298989.37
2022-05-09,19.584544401585838,20.377274545915874,19.19486549858234,19.9797324803163,1885682.33
2022-05-10,19.9797324803163,20.218855543492136,19.883134767933225,20.1215720671915,2241805.5
2022-05-11,20.1215720671915,20.217713868362225,19.692906512859697,19.78745187229927,2792210.89
2022-05-12,19.78745187229927,20.108558543972165,19.267574977353082,19.585402839153602,3072636.89
2022-05-13,19.585402839153602,20.13792150502339,19.32289487053259,19.871577862222335,2482825.21
2022-05-14,19.871577862222335,20.72422495244228,19.52346629797376,20.367427070245864,3395861.07
2022-05-15,20.367427070245864,20.65707215472457,19.6040581835125,19.886869257599972,3773768.91
2022-05-16,19.886869257599972,20.515718850673352,19.842586634602537,20.47013744881418,2420136.58
2022-05-17,20.47013744881418,20.7589408897476,19.889441352000404,20.174067685346756,3316617.94
2022-05-18,20.174067685346756,20.55115128149285,20.056860859528953,20.432443350786972,2200453.04
2022-05-19,20.432443350786972,21.758918034669975,20.22720153619691,21.542525557259562,1878403.72
2022-05-20,21.542525557259562,21.85375520937003,20.607290019494748,20.909372366816346,2053032.5
2022-05-21,20.909372366816346,21.403611630228703,20.620547390070033,21.111987888304004,2094617.69
2022-05-22,21.111987888304004,21.299582848919712,20.803548946622023,20.990060496027322,2330482.43
2022-05-23,20.990060496027322,21.484389359777374,20.67866877851752,21.170323406182955,4267691.42
2022-05-24,21.170323406182955,21.572449753345218,20.52991705348983,20.927429679588407,2280990.17
2022-05-25,20.927429679588407,21.05621497070629,19.851716094113232,19.97463800135961,2366472.32
2022-05-26,19.97463800135961,20.0575296194455,19.61362368097696,19.69535632385898,2701788.61
2022-05-27,19.69535632385898,19.914855381453616,19.608099279987236,19.827015045224154,1868877.25
2022-05-28,19.827015045224154,20.54829177990798,19.6240459249234,20.340070511644093,2696592.94
2022-05-29,20.340070511644093,20.6496765456524,20.19019889247034,20.4986365651804,3063899.27
2022-05-30,20.4986365651804,21.29760154363534,20.28515228945595,21.078082592624227,3766553.08
2022-05-31,21.078082592624227,21.152238980635463,20.81211473517303,20.885593914284645,3610961.79
2022-06-01,20.885593914284645,21.0201970093349,20.52999570616157,20.663165297314606,2847064.29
2022-06-02,20.663165297314606,20.971331025184075,20.492715685143175,20.799754692632504,2458792.45
2022-06-03,20.799754692632504,21.19098066065522,20.26733323994651,20.65585252877088,2494596.58
2022-06-04,20.65585252877088,21.25503926671602,20.50410052697278,21.100024077327802,2878849.43
2022-06-05,21.100024077327802,21.160530937071627,20.492119719131463,20.551052336304963,2569870.11
2022-06-06,20.551052336304963,21.04918601447112,20.39489368052491,20.89044843293295,2541686.21
2022-06-07,20.89044843293295,21.777280259806535,20.49637313256003,21.37408174960169,2058296.45
2022-06-08,21.37408174960169,21.732872012230462,21.166961279004,21.524295926770343,3074612.57
2022-06-09,21.524295926770343,22.26688611954303,21.16410318295104,21.900399566969902,2800924.54
2022-06-10,21.900399566969902,22.049556970922932,21.489443516957294,21.636805657627797,2152089.15
2022-06-11,21.636805657627797,21.732959973231164,21.208439013167503,21.303110381546617,3772605.27
2022-06-12,21.303110381546617,21.682249255365253,21.070058458973712,21.447616464094864,2739143.64
2022-06-13,21.447616464094864,21.761431132955863,20.850720595654774,21.160331807240674,1821187.95
2022-06-14,21.160331807240674,21.649490623792282,20.796084920111472,21.283129930762236,3292788.82
2022-06-15,21.283129930762236,21.542772371094443,21.148222407676183,21.40707917010656,2197559.0
2022-06-16,21.40707917010656,21.830077476695806,20.96003984408925,21.382553530428847,2346823.09
2022-06-17,21.382553530428847,21.7315899154207,21.15148652404116,21.499261721389182,2481295.08
2022-06-18,21.499261721389182,22.00088775078433,21.26188477596983,21.7606250491381,3226233.22
2022-06-19,21.7606250491381,22.140430826520344,21.343201079627,21.722338612891768,2562742.17
2022-06-20,21.722338612891768,21.925040731052327,21.329774138829713,21.530687867037233,3034660.3
2022-06-21,21.530687867037233,22.21164309748729,21.194101856388507,21.869756478151285,1754377.45
2022-06-22,21.869756478151285,22.253997434255155,21.60255700109298,21.98538523260823,1973242.48
2022-06-23,21.98538523260823,22.274198339334507,21.887829471201165,22.175797660760278,2620863.71
2022-06-24,22.175797660760278,22.481493768551125,22.118300115450594,22.423354356709297,2168899.1
2022-06-25,22.423354356709297,22.91213888424462,22.001444107167213,22.488993589112024,2470507.24
2022-06-26,22.488993589112024,22.884729223497278,21.953147468054357,22.34637343580552,3132976.4
2022-06-27,22.34637343580552,22.786683161925847,21.655599483159694,22.090874902959822,2127016.83
2022-06-28,22.090874902959822,22.403137385887284,21.745037406833035,22.056818490083433,2163388.49
2022-06-29,22.056818490083433,22.563973219094215,21.756336427471975,22.26071347637157,2672306.66
2022-06-30,22.26071347637157,22.615631585976534,22.132634235994775,22.486254671784707,1527956.49
2022-07-01,22.486254671784707,22.855914381714825,22.18130963215364,22.550103463238017,3344795.5
2022-07-02,22.550103463238017,22.94806047240044,22.306758424821638,22.70306478178204,2685980.42
2022-07-03,22.70306478178204,22.90267033625697,22.04262061514558,22.238138533769742,2661196.66
2022-07-04,22.238138533769742,22.555791531292165,21.732185779458337,22.04711009735923,2272048.49
2022-07-05,22.04711009735923,22.40918869972163,21.96928601132392,22.330364753178205,3088784.04
2022-07-06,22.330364753178205,22.57756191990041,21.741754950281372,21.985130371956583,2497166.46
2022-07-07,21.985130371956583,22.39140574096243,21.64114989623944,22.04646561095478,3532638.81
2022-07-08,22.04646561095478,22.44449974670201,21.67300608633678,22.070630870913817,1695170.75
2022-07-09,22.070630870913817,22.309441180738716,21.787725715757237,22.02605368817716,2641448.59
2022-07-10,22.02605368817716,22.498585087474623,21.84221237651092,22.312354157830647,2627694.88
2022-07-11,22.312354157830647,22.68656589978847,22.037852720267196,22.41085266796793,2810408.02
2022-07-12,22.41085266796793,22.50740951498821,21.81913163437007,21.91354584184676,3692950.23
2022-07-13,21.91354584184676,22.21116037704438,21.83363547055664,22.130459005904093,1848845.64
2022-07-14,22.130459005904093,22.501021769303367,21.555627012214657,21.92271114825238,1834679.18
2022-07-15,21.92271114825238,22.016474838081834,21.27772673157291,21.369122717262783,2380343.14
2022-07-16,21.369122717262783,21.87891199727429,21.165884628044996,21.672785819969008,1619930.17
2022-07-17,21.672785819969008,21.876757681171842,20.997011176094578,21.19650051246455,4628111.12
2022-07-18,21.19650051246455,21.613968560790944,20.643178582968897,21.057917213805467,3283355.95
2022-07-19,21.057917213805467,21.488486953805968,20.748508361588367,21.17732363539563,2958921.3
2022-07-20,21.17732363539563,21.51187759782017,20.816577613918174,21.150711159225523,3162094.27
2022-07-21,21.150711159225523,21.44805778084217,20.612044400918446,20.905950056102863,3572505.42
2022-07-22,20.905950056102863,21.050311559138123,20.37896919593422,20.520670232726978,2229658.46
2022-07-23,20.520670232726978,20.69510097183849,20.059392843458927,20.231364412009015,2375617.96
2022-07-24,20.231364412009015,20.33855749774373,19.722162462770843,19.827214214590587,2832273.69
2022-07-25,19.827214214590587,20.06035182975792,19.54985155988954,19.78246296907849,2292064.73
2022-07-26,19.78246296907849,19.849770866568008,19.51600640773315,19.58263440806724,2061894.81
2022-07-27,19.58263440806724,19.94040103312621,18.734152308693464,19.082786927171618,2277621.47
2022-07-28,19.082786927171618,19.188430942276504,18.876339756909314,18.981422610089275,2860337.23
2022-07-29,18.981422610089275,19.092331080774272,18.645486438691208,18.75507234455558,3265378.35
2022-07-30,18.75507234455558,19.054540119933492,18.553972909985575,18.852397129842547,1892333.85
2022-07-31,18.852397129842547,19.131063701166596,18.706177985308965,18.983825200846187,2479540.41
2022-08-01,18.983825200846187,19.569720493457105,18.888948366378955,19.47240186410847,2565119.98
2022-08-02,19.47240186410847,20.10317672831058,19.087980236154,19.71398578203246,1836464.3
2022-08-03,19.71398578203246,19.852646789311056,19.18037256013795,19.316235939661414,2908743.72
2022-08-04,19.316235939661414,19.61199500469589,18.259624182052047,18.543552361748148,2531322.03
2022-08-05,18.543552361748148,18.822993572356204,17.75103304865931,18.022624155590965,2056231.6
2022-08-06,18.022624155590965,18.138012222064564,17.740663324456097,17.854978053361254,2304647.23
2022-08-07,17.854978053361254,17.979933995979383,17.203001229031305,17.324242884625853,2972270.74
2022-08-08,17.324242884625853,17.525624694443795,16.927315393258517,17.126397392134795,3320047.58
2022-08-09,17.126397392134795,17.438839186924675,16.82671071788464,17.138933155322654,2830366.42
2022-08-10,17.138933155322654,17.40135808079248,16.700427917589934,16.960114844049958,4187219.79
2022-08-11,16.960114844049958,17.178661867040162,16.833678369887952,17.05154379641026,3436171.0
2022-08-12,17.05154379641026,17.098903221112444,16.81240661166877,16.859231904054603,2984247.48
2022-08-13,16.859231904054603,17.077276813578987,16.405995535446106,16.62095879578082,2181089.56
2022-08-14,16.62095879578082,17.34805756425401,16.445388330361276,17.166722093495963,3449747.67
2022-08-15,17.166722093495963,17.30731839248538,17.01763826416542,17.158164475845023,2145467.36
2022-08-16,17.158164475845023,17.430968970141272,16.924267776920267,17.196549020705355,3133690.97
2022-08-17,17.196549020705355,17.808760772494285,16.867573099327956,17.474468161968648,1411292.82
2022-08-18,17.474468161968648,18.09235140429053,17.155334472905555,17.767859550655942,2298055.99
2022-08-19,17.767859550655942,18.016290573425238,17.40114957884151,17.647903368804002,1833233.02
2022-08-20,17.647903368804002,18.348245822981415,17.307879237329168,18.001410627545514,2420440.32
2022-08-21,18.001410627545514,18.16560543258189,17.689171840319627,17.8520038736637,1769540.86
2022-08-22,17.8520038736637,18.268909950534894,17.783826882802213,18.199406226428373,2618630.31
2022-08-23,18.199406226428373,18.383963179857936,17.603032066389456,17.78337007089139,2922035.19
2022-08-24,17.78337007089139,18.030328470562903,17.437503209580417,17.68306872022432,2209984.56
2022-08-25,17.68306872022432,18.051306663040336,17.392614181000617,17.759595133613683,2400079.99
2022-08-26,17.759595133613683,18.220659069525425,17.424225476304358,17.882959811267565,2746650.05
2022-08-27,17.882959811267565,18.085193430235247,17.404045642765087,17.60311456656008,2569566.31
2022-08-28,17.60311456656008,17.75652827428824,16.918003037051157,17.06674218130741,3641850.93
2022-08-29,17.06674218130741,17.33927761196695,16.946080631893444,17.217549855107478,2190576.07
2022-08-30,17.217549855107478,17.44005712767604,16.931074195574233,17.152743963250124,2973737.6
2022-08-31,17.152743963250124,17.400940051864385,16.782614898217705,17.029020741506002,2774771.39
2022-09-01,17.029020741506002,17.80557468060108,16.801118049672382,17.570426253650663,1747742.73
2022-09-02,17.570426253650663,17.667282144750434,17.379511689732322,17.47584621419766,2657349.36
2022-09-03,17.47584621419766,17.651158119729455,17.134956118028626,17.308590166241267,2544143.71
2022-09-04,17.308590166241267,17.36634802864041,16.677556370375648,16.733394835965484,2298857.62
2022-09-05,16.733394835965484,16.923602235419633,16.211076040032193,16.397464946508745,4051529.4
2022-09-06,16.397464946508745,16.770013519958177,16.301448088661125,16.6723868318308,3585016.07
2022-09-07,16.6723868318308,16.97257546141457,16.151923244920315,16.448073074292004,2148681.56
2022-09-08,16.448073074292004,16.921548429731903,16.17589104062903,16.646089626346797,3047555.94
2022-09-09,16.646089626346797,16.8985469995465,16.00117025821234,16.247583825939774,3131401.73
2022-09-10,16.247583825939774,16.312954522857382,15.921302927183367,15.985619634662624,2696571.34
2022-09-11,15.985619634662624,16.146153189118507,15.562449902602145,15.720319211258296,1975821.74
2022-09-12,15.720319211258296,15.947334809704856,15.637886426187084,15.86414782916296,2049144.61
2022-09-13,15.86414782916296,15.908376312640693,15.758826837831126,15.80288452214641,2966791.94
2022-09-14,15.80288452214641,15.948973502896417,15.334434122318154,15.47751524293345,2951233.22
2022-09-15,15.47751524293345,15.809222176793645,15.359155959787918,15.689243768349485,2420971.65
2022-09-16,15.689243768349485,16.131464613259748,15.398555987561918,15.83802032441141,3612700.48
2022-09-17,15.83802032441141,16.239543270811343,15.542336057902542,15.94191928659812,3776760.12
2022-09-18,15.94191928659812,16.334690397444085,15.64178290575564,16.032842222653052,3765631.82
2022-09-19,16.032842222653052,16.06904416797556,15.743239912329143,15.77886838809808,3769640.7
2022-09-20,15.77886838809808,16.34279846012757,15.599936466727682,16.159549624302453,2589728.48
2022-09-21,16.159549624302453,16.19717386343108,16.093252958611043,16.130810284005257,1862275.28
2022-09-22,16.130810284005257,16.42333798304363,15.923037272705864,16.214487171033188,2398659.92
2022-09-23,16.214487171033188,16.51607608498993,16.03367051467348,16.33392748406673,2526425.18
2022-09-24,16.33392748406673,16.493131473819144,15.891248981605747,16.047662798565888,2221265.82
2022-09-25,16.047662798565888,16.682562774817207,16.000368565265298,16.63354189117261,2363884.1
2022-09-26,16.63354189117261,16.698207385116227,16.562479190540255,16.62711971727907,1947693.24
2022-09-27,16.62711971727907,16.766683840524202,16.500178401939756,16.639646885337587,3108442.28
2022-09-28,16.639646885337587,16.7454109419846,16.40789185797911,16.512849974708594,3906284.31
2022-09-29,16.512849974708594,16.964744870074384,16.426669455266477,16.876665597877057,4716232.92
2022-09-30,16.876665597877057,17.56125331078453,16.58430884407782,17.262217587874787,2766463.83
2022-10-01,17.262217587874787,17.35943861827425,17.218841741859702,17.315927811245814,2490811.66
2022-10-02,17.315927811245814,17.418468490768234,16.746516922668807,16.846276441916444,2576089.65
2022-10-03,16.846276441916444,17.158043873970687,16.48538899037144,16.796230236935084,3653950.31
2022-10-04,16.796230236935084,17.093367892637705,16.480940459858935,16.77775120795955,3638547.63
2022-10-05,16.77775120795955,16.918589721891575,16.497968438069144,16.63763073001284,2448226.14
2022-10-06,16.63763073001284,16.911809460946742,16.065032148194415,16.334210688703607,3512658.56
2022-10-07,16.334210688703607,16.411638302169447,15.789531515611218,15.864733708895056,2707201.09
2022-10-08,15.864733708895056,16.533367200337757,15.650120779628281,16.31269440526993,2163290.0
2022-10-09,16.31269440526993,16.840397138272987,16.020740864895643,16.54429850481069,2501411.69
2022-10-10,16.54429850481069,16.73086593006902,16.37065909867914,16.557092248192724,3980003.64
2022-10-11,16.557092248192724,16.639941305944834,16.275780368176047,16.357631355325864,3114082.84
2022-10-12,16.357631355325864,16.67558990414485,16.154495430714217,16.47104555445601,2290615.86
2022-10-13,16.47104555445601,16.792344019615733,16.216285901715032,16.536570878762486,3286567.69
2022-10-14,16.536570878762486,16.82730324908084,16.12549617346483,16.41407492073196,3108038.57
2022-10-15,16.41407492073196,16.68302446576407,16.2692306631653,16.537094633829334,2406135.69
2022-10-16,16.537094633829334,16.818392747568584,16.419459297354088,16.69960143162647,2157301.4
2022-10-17,16.69960143162647,17.16202735785643,16.460123129882987,16.91939710693211,1969327.94
2022-10-18,16.91939710693211,17.029331213787557,16.53253820363847,16.64066121872005,1723646.78
2022-10-19,16.64066121872005,16.885396062582007,16.53466051212309,16.778517215813302,2207688.6
2022-10-20,16.778517215813302,17.24773952701896,16.689883417187573,17.157105805255387,2487029.32
2022-10-21,17.157105805255387,17.403976987350987,17.00930020920308,17.255325247238545,3562815.02
2022-10-22,17.255325247238545,18.16891703193398,17.084385185473668,17.99069205116113,3194975.42
2022-10-23,17.99069205116113,18.26140660868386,17.66203288187026,17.93186219843028,2730919.69
2022-10-24,17.93186219843028,18.002502857369308,17.29449620020226,17.362895475408585,1627523.47
2022-10-25,17.362895475408585,17.53074481715797,16.924278933750756,17.08948518306999,2799186.39
2022-10-26,17.08948518306999,17.326022327952213,16.643796916813976,16.877398551007712,1723143.28
2022-10-27,16.877398551007712,17.259532678822126,16.678091201605508,17.058091503328544,3234294.66
2022-10-28,17.058091503328544,17.61017255470863,16.782034361945513,17.329719560197248,3257237.58
2022-10-29,17.329719560197248,17.69021973449641,17.016715334369426,17.376372870493125,2633296.96
2022-10-30,17.376372870493125,17.576470865589084,17.27507970173378,17.474605065797324,3189052.29
2022-10-31,17.474605065797324,18.45154263320937,17.15384785854484,18.118957929750334,3350344.37
2022-11-01,18.118957929750334,18.44395033224268,17.519644668573616,17.839626822238568,2672204.87
2022-11-02,17.839626822238568,17.99214083980731,17.665029331297607,17.81735292551783,2507507.8
2022-11-03,17.81735292551783,18.113829539652514,17.374295438766893,17.668291708880087,1865120.62
2022-11-04,17.668291708880087,17.867486185204584,17.089047280122408,17.283908169528,2379154.14
2022-11-05,17.283908169528,17.570735907651894,16.362780518336567,16.638904370573023,2026608.66
2022-11-06,16.638904370573023,17.316225027631283,16.38159510086948,17.052519483256486,2021514.57
2022-11-07,17.052519483256486,17.382029579746106,16.485964876857174,16.810804249464137,2164697.68
2022-11-08,16.810804249464137,16.91133055977034,16.63368042122031,16.733745933334827,1592216.45
2022-11-09,16.733745933334827,17.12944750654245,16.478569999332763,16.87216085818691,3321275.81
2022-11-10,16.87216085818691,16.910125285964767,16.462956509542714,16.50008371819804,2746320.21
2022-11-11,16.50008371819804,16.80684334568693,15.94268038790374,16.24469192485394,3475473.45
2022-11-12,16.24469192485394,16.335343397355125,16.149422372311967,16.240047929578072,3177200.02
2022-11-13,16.240047929578072,16.38169002006468,15.967979567714936,16.108474100491993,2945341.44
2022-11-14,16.108474100491993,16.385144457730576,15.457628015770652,15.727759425592282,3171065.45
2022-11-15,15.727759425592282,16.079327892595927,15.561080514329692,15.910710115095876,2699899.69
2022-11-16,15.910710115095876,16.13263333589886,15.554070546410466,15.77408815870348,3603039.78
2022-11-17,15.77408815870348,15.951282551634264,15.639914597746168,15.816746144105597,2288902.64
2022-11-18,15.816746144105597,16.025670290724523,15.626987384973043,15.835684323955467,2586944.1
2022-11-19,15.835684323955467,16.40739353469967,15.563022251354388,16.129669563720928,2424715.18
2022-11-20,16.129669563720928,16.53272005646351,15.838279256430182,16.239348348702485,4304989.01
2022-11-21,16.239348348702485,16.405206291753096,15.816299784778014,15.979503848286999,2220097.07
2022-11-22,15.979503848286999,16.57975396559663,15.74040784210579,16.335333794175416,3587475.85
2022-11-23,16.335333794175416,16.505383989397938,16.02374434772009,16.19230562521615,1849053.83
2022-11-24,16.19230562521615,16.498561374078296,15.646221624743152,15.94785389694703,2666003.03
2022-11-25,15.94785389694703,16.18860385557705,15.42684629359172,15.663300615251464,2484603.83
2022-11-26,15.663300615251464,15.816222372166202,14.842192405923843,14.988526300144647,2014341.97
2022-11-27,14.988526300144647,15.152891537454312,14.656977470341465,14.819489033049376,2202068.95
2022-11-28,14.819489033049376,15.011606689316153,14.740999910199042,14.932518921211727,2948446.02
2022-11-29,14.932518921211727,15.215311927343732,14.28033524492233,14.555997667270278,2390243.83
2022-11-30,14.555997667270278,15.133214200946284,14.46005913655302,15.034124338975158,2042585.98
2022-12-01,15.034124338975158,15.11326917511584,14.338475564627364,14.414357734767052,3254228.74
2022-12-02,14.414357734767052,14.560492026584457,14.06094124135064,14.204952561246687,2586264.8
2022-12-03,14.204952561246687,14.41903412380052,13.605835228582112,13.814025159420371,2824453.6
2022-12-04,13.814025159420371,14.257674322252429,13.616640527094068,14.056820457740976,3417147.97
2022-12-05,14.056820457740976,14.326163676543086,13.96429342711349,14.232480389284534,3826554.48
2022-12-06,14.232480389284534,14.328821561725777,14.067193399532881,14.163064689726026,1468135.69
2022-12-07,14.163064689726026,14.251462911803978,13.70429681659147,13.790368872096286,2531098.56
2022-12-08,13.790368872096286,13.967686840434252,13.310721463361892,13.484101413505492,1709637.79
2022-12-09,13.484101413505492,13.809973534048046,13.22483135800642,13.549447024036402,5139860.25
2022-12-10,13.549447024036402,13.79346459751289,13.138611610699819,13.379569795176764,2699858.0
2022-12-11,13.379569795176764,13.527830496933566,13.093541002522736,13.240257972386352,3316140.86
2022-12-12,13.240257972386352,13.35678601397154,13.1071263858814,13.223507001499806,2222727.15
2022-12-13,13.223507001499806,13.344147547182319,13.003006126997231,13.122727239928025,2378938.29
2022-12-14,13.122727239928025,13.339408125831019,12.489027858712452,12.698707379943137,3422441.26
2022-12-15,12.698707379943137,12.872815810910305,12.21592065869452,12.385738054634261,2957332.84
2022-12-16,12.385738054634261,12.41970917291884,12.052847236805382,12.085996234941229,3954853.41
2022-12-17,12.085996234941229,12.126624657305793,11.882833250475223,11.922913451902025,2110478.49
2022-12-18,11.922913451902025,12.07203327412928,11.795762900359373,11.944650905985178,2462061.19
2022-12-19,11.944650905985178,12.095629763440982,11.806310315690647,11.957144475093829,2955878.67
2022-12-20,11.957144475093829,12.46493335915734,11.726479841078982,12.229023913450591,3070784.08
2022-12-21,12.229023913450591,12.284535250230785,11.856465878409107,11.910531479134782,2887326.32
2022-12-22,11.910531479134782,12.179129548642424,11.71355092227347,11.980983826098834,1867744.28
2022-12-23,11.980983826098834,12.19806620314762,11.592255444621504,11.80617039266609,2054128.69
2022-12-24,11.80617039266609,12.363272430761366,11.702308247627107,12.255457780356757,2831806.69
2022-12-25,12.255457780356757,12.3156616291204,12.172448910173765,12.232540178250833,1767699.94
2022-12-26,12.232540178250833,12.311239899294469,12.027391144004572,12.105272068248112,2083404.49
2022-12-27,12.105272068248112,12.339032440180567,11.936644372596458,12.169509904802002,2624372.61
2022-12-28,12.169509904802002,12.256074973983559,12.129883260261263,12.216295983512293,2141460.9
2022-12-29,12.216295983512293,12.435465825434468,11.91301579829431,12.130649068005225,2753387.59
2022-12-30,12.130649068005225,12.460317673914767,11.941180394780888,12.268692893436429,2542402.62
2022-12-31,12.268692893436429,12.830225262940747,12.0687120526465,12.624445619468002,2135004.72
2023-01-01,12.624445619468002,13.043237678422251,12.43096563132927,12.84635672056943,2147677.97
2023-01-02,12.84635672056943,12.901809281612225,12.756646790249437,12.81195083490611,3578644.18
2023-01-03,12.81195083490611,13.450586572676935,12.617772168192694,13.249772259174172,2862062.61
2023-01-04,13.249772259174172,13.543314718653148,13.080368359137205,13.372343691404723,2765835.61
2023-01-05,13.372343691404723,13.411355913296887,13.06198657289457,13.100204862127043,2635905.46
2023-01-06,13.100204862127043,13.208817875672763,13.006885883945683,13.1153907214067,2072291.77
2023-01-07,13.1153907214067,13.241505764800225,12.93793320673442,13.063549757513442,2257863.37
2023-01-08,13.063549757513442,13.217338346455858,12.780312612696667,12.93255913509822,1426652.43
2023-01-09,12.93255913509822,13.079308424698631,12.864669700480874,13.011007177293436,2217509.33
2023-01-10,13.011007177293436,13.160504506291222,12.41563121087779,12.559945815130394,2226865.43
2023-01-11,12.559945815130394,13.195803005674076,12.318332719998104,12.94674905612728,2982200.6
2023-01-12,12.94674905612728,13.208330613412544,12.838213513095198,13.098522717247162,2236088.51
2023-01-13,13.098522717247162,13.160433896103509,12.593586117801427,12.653393358378167,3164470.19
2023-01-14,12.653393358378167,12.932449968846326,12.521330683365422,12.798868973933518,2436539.11
2023-01-15,12.798868973933518,13.0383229254887,12.669466522153,12.907818939448571,2698363.61
2023-01-16,12.907818939448571,13.516462041797702,12.668901960855042,13.270825992482326,2579808.86
2023-01-17,13.270825992482326,13.852254440099433,13.133839008627358,13.710726619067792,3097076.13
2023-01-18,13.710726619067792,14.300913971116131,13.623253845169106,14.21025427134562,3515084.47
2023-01-19,14.21025427134562,14.296093822687808,14.052414297685628,14.137816274510872,2031468.98
2023-01-20,14.137816274510872,14.321848995192543,14.100747981148578,14.284396379793648,4036464.26
2023-01-21,14.284396379793648,14.503590792502044,13.940185108562828,14.157431238058042,2098702.12
2023-01-22,14.157431238058042,14.52102827238662,14.060867818461121,14.422655838572625,2482945.98
2023-01-23,14.422655838572625,14.656058805195215,13.6246404270965,13.848755926590968,2277951.32
2023-01-24,13.848755926590968,14.01363667504414,13.360588843641711,13.52157422677603,3790318.48
2023-01-25,13.52157422677603,13.721823841181527,13.214495485854883,13.413139217060733,1994301.88
2023-01-26,13.413139217060733,13.48902078898511,13.32378365478456,13.399588567204024,3110852.96
2023-01-27,13.399588567204024,13.50698268639439,13.335404735039626,13.44259286427948,1496935.7
2023-01-28,13.44259286427948,13.902194432365958,13.314528735100223,13.77100163716674,3186655.15
2023-01-29,13.77100163716674,13.886982302994623,13.490444184343593,13.60502699619706,2478587.06
2023-01-30,13.60502699619706,13.756187458561808,13.131869278136588,13.279411951226502,2367629.59
2023-01-31,13.279411951226502,13.484835817724326,12.980468812595397,13.18442326590811,2187118.18
2023-02-01,13.18442326590811,13.426479863478352,12.796988842990613,13.036326489485871,2557070.05
2023-02-02,13.036326489485871,13.341848115916683,12.870796653278642,13.174563010031132,2379216.21
2023-02-03,13.174563010031132,13.642568595832541,13.094652637513066,13.560318422088816,1791022.68
2023-02-04,13.560318422088816,14.035679266744689,13.461091735402551,13.933720238245598,2136766.43
2023-02-05,13.933720238245598,14.484811172548879,13.678708787996028,14.224478340496104,3174387.02
2023-02-06,14.224478340496104,14.306602940082687,13.993119080604073,14.074377075030968,2351009.78
2023-02-07,14.074377075030968,14.126574341507997,13.981240136703567,14.033285006121776,2133716.57
2023-02-08,14.033285006121776,14.410646558621947,13.772534033641385,14.147768382726984,2630402.63
2023-02-09,14.147768382726984,14.182854368458985,13.91095433191777,13.94553879513166,2937801.44
2023-02-10,13.94553879513166,14.161420329624674,13.557181450097715,13.770351020123181,3058873.72
2023-02-11,13.770351020123181,13.933669656191913,13.706719505111062,13.869579615045046,2829174.03
2023-02-12,13.869579615045046,14.063680087460284,13.330009869383566,13.519206985328243,3517501.62
2023-02-13,13.519206985328243,13.876060178728714,13.446799824808336,13.802137677253642,2632159.7
2023-02-14,13.802137677253642,14.052628367758196,13.451167602013994,13.699801016389056,2450974.41
2023-02-15,13.699801016389056,13.881879426044469,13.660104430051234,13.841771465688055,3234498.01
2023-02-16,13.841771465688055,14.001506132501465,13.738222369326099,13.897539837766555,2177941.85
2023-02-17,13.897539837766555,14.460708240615805,13.673863862754361,14.231654803718424,2350122.97
2023-02-18,14.231654803718424,14.405447503383687,13.506941916239438,13.673923771835272,1745847.43
2023-02-19,13.673923771835272,14.138666026586058,13.542739742184324,14.004312335913912,4091790.34
2023-02-20,14.004312335913912,14.477717208217829,13.866514425497352,14.336649210292135,4379176.01
2023-02-21,14.336649210292135,14.573771136018543,14.17834799449087,14.414609109117917,2488688.61
2023-02-22,14.414609109117917,14.848537373932603,14.127646880144656,14.558706492333132,3146773.41
2023-02-23,14.558706492333132,14.933060459681059,14.353054607601262,14.725058733502504,3096896.41
2023-02-24,14.725058733502504,14.883604672090552,14.323042220292736,14.478938158066212,2726071.04
2023-02-25,14.478938158066212,14.608479654358192,14.366099487438834,14.49551182025293,3523242.54
2023-02-26,14.49551182025293,14.905665527434776,14.335068817572878,14.742488869000756,1895163.13
2023-02-27,14.742488869000756,15.016803629084377,13.990669169263278,14.255930495791716,2482584.81
2023-02-28,14.255930495791716,14.470274423485483,14.171228906436319,14.384807113899639,1543104.29
2023-03-01,14.384807113899639,14.528642531806163,14.26658374770957,14.4102103855978,2019304.35
2023-03-02,14.4102103855978,14.629602932765897,14.364531076809866,14.583374705798295,1731677.76
2023-03-03,14.583374705798295,14.777714994736659,14.05001129613156,14.239772691912092,1642229.86
2023-03-04,14.239772691912092,14.46485090320007,13.821388984345429,14.043362678771144,2297131.7
2023-03-05,14.043362678771144,14.231213277580123,13.497428572338048,13.680424337854499,2848329.29
2023-03-06,13.680424337854499,13.907697807590424,13.102812352888494,13.324167309502918,2201632.55
2023-03-07,13.324167309502918,13.750966182860669,13.112666490033764,13.536101235784834,2268768.61
2023-03-08,13.536101235784834,13.800114582844902,13.127254306707826,13.388386569866432,2163723.35
2023-03-09,13.388386569866432,13.5241973112461,13.089816014809116,13.223958813952613,2692878.39
2023-03-10,13.223958813952613,13.547635068212,13.177499532059088,13.500205259137505,2235312.58
2023-03-11,13.500205259137505,13.657309029795838,13.258659893310146,13.414769435376805,2021565.62
2023-03-12,13.414769435376805,13.879228159004718,13.201766810808397,13.662295265509899,3282456.85
2023-03-13,13.662295265509899,13.789698157696956,13.271528927316568,13.396452799811994,2090553.88
2023-03-14,13.396452799811994,13.531571877378038,13.176720252408407,13.310977207488614,1891847.95
2023-03-15,13.310977207488614,13.514268320002053,12.887486068480253,13.087362031436609,3128300.89
2023-03-16,13.087362031436609,13.2552728262904,13.05722017653758,13.224814401148,1706702.58
2023-03-17,13.224814401148,13.407727656180967,12.99275847704082,13.17498250391137,3535480.09
2023-03-18,13.17498250391137,13.556182086965148,12.980917937227574,13.359401075670794,2011761.43
2023-03-19,13.359401075670794,13.66051281454332,13.099266045205862,13.399595123258894,2652635.14
2023-03-20,13.399595123258894,13.602452548953838,12.723174648630927,12.918752564555168,2027625.2
2023-03-21,12.918752564555168,12.975026278725403,12.800219191546164,12.856220517921901,2608429.9
2023-03-22,12.856220517921901,12.997246239436262,12.354113596663218,12.491134524107606,2282476.64
2023-03-23,12.491134524107606,12.69154759447302,12.374879303595673,12.574516337875053,2033749.77
2023-03-24,12.574516337875053,12.825457712594734,12.458619945523894,12.708328009192599,1741255.01
2023-03-25,12.708328009192599,13.07628439907042,12.503321971096824,12.868691437574165,2271226.68
2023-03-26,12.868691437574165,13.029033683793443,12.680532982197425,12.840524269107162,2927866.26
2023-03-27,12.840524269107162,13.03513192058891,12.264440335783407,12.453177459603932,3077455.48
2023-03-28,12.453177459603932,12.696869295903003,12.261095373380703,12.504003255152934,2172463.71
2023-03-29,12.504003255152934,12.783204173751788,12.324069726243263,12.601862443899734,2173752.33
2023-03-30,12.601862443899734,12.798953901141955,12.363706121370921,12.560145125282926,2489120.75
2023-03-31,12.560145125282926,12.656614344721813,12.485612099256329,12.581951915250588,2600895.49
2023-04-01,12.581951915250588,12.62947166891667,12.09786000365901,12.14372465232036,2597880.15
2023-04-02,12.14372465232036,12.220013872187506,12.084188156991175,12.160395644729988,2332732.15
2023-04-03,12.160395644729988,12.36174168389062,11.936127940919679,12.137088064264221,2372934.14
2023-04-04,12.137088064264221,12.370231069744738,11.636444364608693,11.864348273680404,2419830.57
2023-04-05,11.864348273680404,12.210586772415757,11.640552243329997,11.9845238814388,1421507.5
2023-04-06,11.9845238814388,12.01126201417979,11.848399940347463,11.874893481629371,2349288.08
2023-04-07,11.874893481629371,12.16524611220807,11.63844906921824,11.927749272965134,3161492.49
2023-04-08,11.927749272965134,12.25563562086637,11.71355624043534,12.039436952385996,3683352.42
2023-04-09,12.039436952385996,12.183358644830474,11.972265439390313,12.115761296169005,3489012.63
2023-04-10,12.115761296169005,12.261553059657036,11.67278507201777,11.814957189985149,2659216.39
2023-04-11,11.814957189985149,12.047983628041456,11.499829952582296,11.731204536794621,1931489.87
2023-04-12,11.731204536794621,12.340981312133028,11.608286397012417,12.21301482255285,2267299.66
2023-04-13,12.21301482255285,12.780276834909323,11.97898959598856,12.539986197935264,2149110.97
2023-04-14,12.539986197935264,12.890505324085256,12.392157130336406,12.740314661385895,1828051.57
2023-04-15,12.740314661385895,12.912934393289055,12.635862705480513,12.807928105978139,2054416.76
2023-04-16,12.807928105978139,12.870552811792654,12.511753871843716,12.573231020001506,2166888.02
2023-04-17,12.573231020001506,12.621931711515245,12.487835196343182,12.536393201603326,1834589.12
2023-04-18,12.536393201603326,12.720933200359266,12.255438644260511,12.438538183659505,3282830.95
2023-04-19,12.438538183659505,12.536757857428189,12.322166148409528,12.420241343004404,3027632.37
2023-04-20,12.420241343004404,12.536236273187725,11.974888725669368,12.087778726006137,2568219.98
2023-04-21,12.087778726006137,12.540940652839035,11.859685306193674,12.30867890090599,2860323.76
2023-04-22,12.30867890090599,12.37757353827538,11.63704418309088,11.702546149611159,2806638.03
2023-04-23,11.702546149611159,11.998266346036255,11.600512238940183,11.894558291170576,2164391.44
2023-04-24,11.894558291170576,12.316271749824093,11.676029414583477,12.094077276032593,4076509.17
2023-04-25,12.094077276032593,12.876946927587518,11.865127792117303,12.63770616223774,2145457.31
2023-04-26,12.63770616223774,12.845590436561334,12.37298614824586,12.579919865385037,1713454.04
2023-04-27,12.579919865385037,12.69183856167191,12.347961955955629,12.458803123290107,2706991.05
2023-04-28,12.458803123290107,12.541814385483061,12.405750416344317,12.488634648424902,2993897.89
2023-04-29,12.488634648424902,12.827240198967663,12.28620170057905,12.622635186307667,2410994.43
2023-04-30,12.622635186307667,12.838516136534116,12.38721161895698,12.602752522248153,3549062.37
2023-05-01,12.602752522248153,12.790120117539532,12.143180533551753,12.32644013840062,2720099.46
2023-05-02,12.32644013840062,12.558975568858154,12.226928241267641,12.4583983671009,2117749.33
2023-05-03,12.4583983671009,12.6310301287926,12.287174272654704,12.459786950121986,2241337.57
2023-05-04,12.459786950121986,12.642209380472554,12.047818858199973,12.226830599115292,2698427.55
2023-05-05,12.226830599115292,12.446592579951133,11.646457879023917,11.85961970349446,2652859.95
2023-05-06,11.85961970349446,12.481908274828367,11.806194826404274,12.425932288931323,3521439.08
2023-05-07,12.425932288931323,12.70904606901774,12.34207154507954,12.6238496109947,3203389.89
2023-05-08,12.6238496109947,12.877430409631911,12.50686977415995,12.759196372017806,1756979.87
2023-05-09,12.759196372017806,12.97112286072824,12.521665819103035,12.733159848842392,2492609.68
2023-05-10,12.733159848842392,13.13473251718179,12.502859993528242,12.901389947580011,1905583.63
2023-05-11,12.901389947580011,12.991847376745005,12.560968505706287,12.649660950008474,3744019.94
2023-05-12,12.649660950008474,12.839486057323434,12.509571125857581,12.698851468290442,2038347.1
2023-05-13,12.698851468290442,12.923793196242864,12.534543280605176,12.758710503118756,2734732.6
2023-05-14,12.758710503118756,12.822228713915509,12.45329253198383,12.515600438941535,2183768.81
2023-05-15,12.515600438941535,12.71913862393377,12.289376632562199,12.492539787757856,1585455.5
2023-05-16,12.492539787757856,12.623414470351523,12.26741038277297,12.397287177398393,1899672.21
2023-05-17,12.397287177398393,12.621730468304914,12.000352856119001,12.221615751805658,2442836.82
2023-05-18,12.221615751805658,12.36668897924725,11.956021736722,12.09964717067454,2997126.04
2023-05-19,12.09964717067454,12.305282257509367,11.51898143072996,11.718132627992931,2969100.3
2023-05-20,11.718132627992931,11.991133074293515,11.684342122239324,11.956654764103103,1864192.62
2023-05-21,11.956654764103103,12.43732330072006,11.838290053025606,12.315407126415495,2811833.08
2023-05-22,12.315407126415495,12.432951843610272,11.988280463945598,12.103805544448305,3296821.41
2023-05-23,12.103805544448305,12.429037558893633,12.037345035038742,12.36116392622372,2955556.48
2023-05-24,12.36116392622372,12.510851144967983,12.205624258641699,12.355239738577433,2375202.96
2023-05-25,12.355239738577433,12.546857722351552,12.162790267341634,12.354395152389555,2631441.34
2023-05-26,12.354395152389555,12.48880720399409,11.926810400804925,12.057997738941875,2700994.53
2023-05-27,12.057997738941875,12.2626845737632,11.730842951505174,11.933414969817369,3686840.25
2023-05-28,11.933414969817369,12.143007367092851,11.846615687140755,12.055321381896555,3978260.59
2023-05-29,12.055321381896555,12.144173256789106,11.750006327727023,11.837250948340213,3054860.34
2023-05-30,11.837250948340213,11.896471813055198,11.616005319834786,11.67441151125137,2634955.97
2023-05-31,11.67441151125137,11.862538139842153,11.378243286008672,11.564600369308412,2579883.01
2023-06-01,11.564600369308412,11.618536850848303,10.79619172634241,10.846780345854423,2647634.91
2023-06-02,10.846780345854423,10.966692512565345,10.795845974305024,10.91543574859345,2736986.19
2023-06-03,10.91543574859345,11.072101264705692,10.892224035538815,11.04860636386267,2285191.85
2023-06-04,11.04860636386267,11.226161085548581,10.949292344665002,11.12615003960853,4252659.56
2023-06-05,11.12615003960853,11.438719409756128,11.01639874594206,11.326987006999031,2132993.43
2023-06-06,11.326987006999031,11.441616982440452,11.120311990098209,11.234000939418868,3594480.27
2023-06-07,11.234000939418868,11.809037988245386,11.056604178077906,11.625459679207255,1500862.01
2023-06-08,11.625459679207255,11.735489256731025,11.334975716076121,11.443281057541371,2427038.04
2023-06-09,11.443281057541371,11.467045367510343,11.372724384242407,11.396391318091974,2388829.48
2023-06-10,11.396391318091974,11.544202971331586,11.181661862643384,11.328594184334449,2752997.34
2023-06-11,11.328594184334449,11.427622701149348,11.271020822510021,11.369839724225889,2373651.84
2023-06-12,11.369839724225889,11.397703100462834,11.29228868266376,11.320029993215607,3676681.85
2023-06-13,11.320029993215607,11.501068157036194,11.1187841698502,11.29949390560161,2447173.48
2023-06-14,11.29949390560161,11.37209341705534,11.085648961473142,11.157335099286106,2010107.43
2023-06-15,11.157335099286106,11.33133617577135,10.894305719838222,11.066896384829013,2042183.74
2023-06-16,11.066896384829013,11.216864336611145,10.468151437345979,10.611954452968186,2310063.94
2023-06-17,10.611954452968186,10.967833254147093,10.42200473088411,10.774965696286198,3116141.21
2023-06-18,10.774965696286198,10.86598031306558,10.48147133656036,10.570761065601793,3260526.57
2023-06-19,10.570761065601793,10.71559519455947,10.331256680623204,10.474775676245272,1925023.89
2023-06-20,10.474775676245272,10.602861564984353,10.143379117454296,10.268948140567892,2128639.03
2023-06-21,10.268948140567892,10.548094400959501,10.103718736575283,10.381061077663514,1991971.77
2023-06-22,10.381061077663514,10.463362503523797,10.195112493583563,10.276585634369116,2420924.12
2023-06-23,10.276585634369116,10.408031503726379,9.689862275459017,9.815409325598484,3306892.82
2023-06-24,9.815409325598484,9.98451165706979,9.700218403195642,9.868695384256746,2713847.85
2023-06-25,9.868695384256746,9.896174890586154,9.704819845237832,9.731918494598945,2983347.91
2023-06-26,9.731918494598945,9.7573391794925,9.703425989526941,9.728838629523736,3133757.39
2023-06-27,9.728838629523736,10.064243537656987,9.551247845302171,9.883823647926647,2245255.19
2023-06-28,9.883823647926647,10.017588540024985,9.571485492577134,9.702800467819722,1887540.76
2023-06-29,9.702800467819722,9.829289159792948,9.568319892423684,9.694703023623177,2244918.31
2023-06-30,9.694703023623177,9.843767009339473,9.40900885198075,9.555939230926203,3192652.85
2023-07-01,9.555939230926203,9.758688853962092,9.534134442667414,9.73647212487455,3022937.82
2023-07-02,9.73647212487455,9.812419386887061,9.676326260515765,9.752176510608347,2651930.43
2023-07-03,9.752176510608347,9.885803304605577,9.61555653970452,9.74914175065174,3296072.94
2023-07-04,9.74914175065174,9.894705910094736,9.382786417404064,9.525003982172102,2696411.73
2023-07-05,9.525003982172102,9.790625161214022,9.398006089552302,9.661803308604158,2393005.03
2023-07-06,9.661803308604158,9.916358294988182,9.570999058687665,9.824029400230913,1756478.14
2023-07-07,9.824029400230913,9.947808647228658,9.562401023941991,9.684421258424244,3572761.2
2023-07-08,9.684421258424244,9.855548029303675,9.543047677773485,9.713746359617138,2538299.87
2023-07-09,9.713746359617138,9.914692030694324,9.623261689245854,9.823187899724124,2322538.95
2023-07-10,9.823187899724124,10.36818565115354,9.70381739463893,10.243705058975515,2534114.42
2023-07-11,10.243705058975515,10.356074446859612,10.208653857400495,10.320759585434603,3781792.41
2023-07-12,10.320759585434603,10.374104223755742,10.268619444920002,10.32195802874466,3332335.93
2023-07-13,10.32195802874466,10.486142553327264,10.129278235822717,10.293002178951795,2376218.18
2023-07-14,10.293002178951795,10.38399319530744,10.184796945479516,10.27563442944961,2923992.4
2023-07-15,10.27563442944961,10.59344777338323,10.11117640668645,10.426574014072205,3533481.01
2023-07-16,10.426574014072205,10.573975887601307,10.110991984626258,10.255982178524587,2835925.69
2023-07-17,10.255982178524587,10.528128773199015,10.16853002394399,10.439115055388537,2679667.68
2023-07-18,10.439115055388537,10.604839501265351,9.980556049287662,10.141556655969477,1541778.77
2023-07-19,10.141556655969477,10.31487097267197,10.098207094942456,10.27096824846529,3550013.19
2023-07-20,10.27096824846529,10.50789662272042,10.220737064747562,10.456756821652634,2010597.54
2023-07-21,10.456756821652634,10.717568901959437,10.358831810714035,10.618132645272018,1628782.42
2023-07-22,10.618132645272018,10.821035311432368,10.471555801364586,10.67369151127176,1656052.31
2023-07-23,10.67369151127176,10.833895315481398,10.595135681940125,10.75474296672674,2099574.1
2023-07-24,10.75474296672674,10.838823757269427,10.591807785114105,10.675267232817008,2935867.51
2023-07-25,10.675267232817008,10.862201041707111,10.269615430148914,10.452651023183632,3475262.53
2023-07-26,10.452651023183632,10.694389916084976,10.262434183561636,10.503252237994255,2831837.16
2023-07-27,10.503252237994255,10.71202141485612,10.309722793581297,10.518216248544613,4012400.39
2023-07-28,10.518216248544613,10.729859579275596,10.493018554288183,10.70421629878222,2350729.2
2023-07-29,10.70421629878222,10.879459011933003,10.502281488713685,10.67707994246487,2453445.86
2023-07-30,10.67707994246487,10.878722912499828,10.509314555763488,10.710433453237155,1630393.64
2023-07-31,10.710433453237155,10.841515815574137,10.639245054259725,10.769931951478526,2251417.95
2023-08-01,10.769931951478526,10.954263219344641,10.704457666647873,10.888070726466069,1560497.41
2023-08-02,10.888070726466069,11.114940702670577,10.859463263351916,11.085813687048631,1859077.91
2023-08-03,11.085813687048631,11.272024742832004,10.706796104443713,10.889713213820418,3043603.65
2023-08-04,10.889713213820418,11.178780652977034,10.748849108322363,11.036023942094575,1705302.88
2023-08-05,11.036023942094575,11.061243024645517,10.974763137505548,10.999899670308768,1747984.21
2023-08-06,10.999899670308768,11.202705962144682,10.933298916003382,11.135285491470793,1675413.25
2023-08-07,11.135285491470793,11.645429891919232,10.946498811073786,11.451285769758547,3156941.06
2023-08-08,11.451285769758547,11.598299408351735,10.86531747696361,11.00662244894449,3916651.8
2023-08-09,11.00662244894449,11.458817966019575,10.815062200091752,11.26279919401287,2551873.95
2023-08-10,11.26279919401287,11.315066449456612,11.18693765933832,11.239094910348166,3291135.53
2023-08-11,11.239094910348166,11.454286496506626,10.848969995543271,11.060746803890607,1943508.68
2023-08-12,11.060746803890607,11.124166864084948,10.908385323257711,10.971292470598822,3535959.4
2023-08-13,10.971292470598822,11.053174798564566,10.681136188574298,10.761452411857642,2174047.71
2023-08-14,10.761452411857642,11.069068992276573,10.560541304273428,10.866202255808634,3072237.58
2023-08-15,10.866202255808634,10.949136648665146,10.576349207605984,10.657692183716671,2582365.29
2023-08-16,10.657692183716671,11.04229112404359,10.522195323554238,10.903667055640385,1609653.74
2023-08-17,10.903667055640385,11.13865281084928,10.814325444904474,11.048127531214677,2083859.33
2023-08-18,11.048127531214677,11.266834360764504,10.878932807432601,11.096892828887874,2713624.98
2023-08-19,11.096892828887874,11.181284285280844,10.599293026569207,10.68051796766044,1637382.97
2023-08-20,10.68051796766044,10.786715881915532,10.315328995001986,10.418925861617678,2800086.29
2023-08-21,10.418925861617678,10.455475070308387,10.36799166094252,10.40449022996838,1824750.62
2023-08-22,10.40449022996838,10.597773967384516,10.207531336715123,10.400745508614559,2976262.37
2023-08-23,10.400745508614559,10.781733326074084,10.210322976809616,10.587884550437488,1850326.15
2023-08-24,10.587884550437488,10.762325901705653,9.85855479682437,10.023700905312912,2904632.99
2023-08-25,10.023700905312912,10.201277773478774,9.707477455801103,9.882553804411813,3188859.68
2023-08-26,9.882553804411813,10.169933424649287,9.755569594700813,10.040914387315048,2493020.58
2023-08-27,10.040914387315048,10.076442545648774,9.943241185123567,9.978548672419981,2548433.96
2023-08-28,9.978548672419981,10.011184940979625,9.85993615421934,9.892290302460697,3769329.71
2023-08-29,9.892290302460697,10.052045304369381,9.44247827817783,9.597472130115612,2137652.66
2023-08-30,9.597472130115612,9.902761597849254,9.48894873135961,9.792038144240374,2274932.65
2023-08-31,9.792038144240374,9.86044608086121,9.636370012185633,9.704164053605675,3051626.78
2023-09-01,9.704164053605675,9.933953640029536,9.678211256231737,9.907457155980033,2889520.72
2023-09-02,9.907457155980033,10.386970612899715,9.71215348028161,10.186172675200362,2446856.35
2023-09-03,10.186172675200362,10.482504364936558,10.1480710799581,10.443440454103035,1918905.37
2023-09-04,10.443440454103035,10.532802544474864,10.349037021090728,10.438355601562323,3316527.46
2023-09-05,10.438355601562323,10.587035428939476,10.197487897165136,10.344835663363453,1907819.58
2023-09-06,10.344835663363453,10.481550510226683,10.103686781123745,10.239002968683225,4595433.11
2023-09-07,10.239002968683225,10.672643264799294,10.195233208429553,10.627213977457501,1928278.58
2023-09-08,10.627213977457501,10.767154676197897,10.446775975524048,10.586176283949888,1972302.41
2023-09-09,10.586176283949888,10.88668864352312,10.50090227995537,10.799694701198,2831898.7
2023-09-10,10.799694701198,10.954932105073885,10.744930593558081,10.899661078525627,2982588.5
2023-09-11,10.899661078525627,11.042525985911457,10.675026323937702,10.816805216355728,2038106.23
2023-09-12,10.816805216355728,11.013758315392442,10.570644453086091,10.766684959192133,3969414.28
2023-09-13,10.766684959192133,11.181802361406184,10.599506123702644,11.010832543914695,2823406.01
2023-09-14,11.010832543914695,11.07294640072595,10.956610195871882,11.018685381737603,2443752.77
2023-09-15,11.018685381737603,11.075256647002139,10.870118944635326,10.926215458112589,2863407.42
2023-09-16,10.926215458112589,11.040372273094258,10.650233146199149,10.762681361188687,3519013.12
2023-09-17,10.762681361188687,10.854906510373171,10.73706248917277,10.829129469076335,3887704.2
2023-09-18,10.829129469076335,10.85483142525105,10.700125422531604,10.725581617275859,2728432.74
2023-09-19,10.725581617275859,10.918509806413157,10.655495979528999,10.847626672934604,1890783.02
2023-09-20,10.847626672934604,11.42636248770283,10.805097283096744,11.381739047793697,1898164.32
2023-09-21,11.381739047793697,11.630931007532757,11.24696873835604,11.494821695039649,1825366.74
2023-09-22,11.494821695039649,11.926868811314549,11.462844081128251,11.893781325725731,2214189.01
2023-09-23,11.893781325725731,11.96970573833204,11.661184722101602,11.736102586383439,2624677.74
2023-09-24,11.736102586383439,11.926049360463232,11.700334907110157,11.889813223052947,2742845.64
2023-09-25,11.889813223052947,12.316603564817912,11.75250580487509,12.175991269768025,3445878.16
2023-09-26,12.175991269768025,12.602594944405388,12.07435710158043,12.498270679045397,1548328.48
2023-09-27,12.498270679045397,12.849543036687221,12.454595156929825,12.804796352873359,2593015.56
2023-09-28,12.804796352873359,12.917717331086203,12.697510219961757,12.8103843784023,2917462.2
2023-09-29,12.8103843784023,13.054834893018436,12.784614020426327,13.028625504348723,1288543.17
2023-09-30,13.028625504348723,13.248264265028928,12.567276474669757,12.782770571530024,2912170.47
2023-10-01,12.782770571530024,13.290058485114214,12.673515004547005,13.177429728437172,5145034.61
2023-10-02,13.177429728437172,13.361731092843954,12.763669374118775,12.944715971564802,3154569.0
2023-10-03,12.944715971564802,13.451538230065607,12.753681186742263,13.255910910472688,2808028.73
2023-10-04,13.255910910472688,13.682922161901736,13.096992571490993,13.520827868940557,2428105.58
2023-10-05,13.520827868940557,13.96312286974801,13.350476630884595,13.789387996410948,2755804.38
2023-10-06,13.789387996410948,14.477760487690306,13.655421949069229,14.338460119345063,3818258.09
2023-10-07,14.338460119345063,14.763984544482318,14.204624101569557,14.627451068438774,2384108.96
2023-10-08,14.627451068438774,14.737261027314247,14.160992155160812,14.268104457666333,3504003.13
2023-10-09,14.268104457666333,14.476723971455604,14.221272610541437,14.429362829955197,2919879.79
2023-10-10,14.429362829955197,14.548987699402318,13.810960157884018,13.926415403143285,3904613.99
2023-10-11,13.926415403143285,14.070209569475075,13.760678322989643,13.904243558775807,3413621.51
2023-10-12,13.904243558775807,13.96552230152958,13.734918662056417,13.795719116194824,2726164.72
2023-10-13,13.795719116194824,14.220431176717288,13.542639651286759,13.964259868388726,2682576.76
2023-10-14,13.964259868388726,13.994294523115546,13.721496789397774,13.751072916673271,2404142.87
2023-10-15,13.751072916673271,13.83396596325131,13.467128777318699,13.548802514686844,3319258.42
2023-10-16,13.548802514686844,13.873802148522302,13.355914083660506,13.679059307967215,2243325.04
2023-10-17,13.679059307967215,14.222268128950448,13.448943917079967,13.986972875230887,2674996.3
2023-10-18,13.986972875230887,14.13666879903413,13.839726229678837,13.98939663753435,2477269.7
2023-10-19,13.98939663753435,14.801279546307539,13.813200664496241,14.617176704755801,1859309.57
2023-10-20,14.617176704755801,14.718240366451193,14.424307435227249,14.524731930579403,2747286.02
2023-10-21,14.524731930579403,14.99597122573842,14.24617611707448,14.71378965659671,1775666.98
2023-10-22,14.71378965659671,15.011891318903881,14.513756325909103,14.810542635672158,2324397.02
2023-10-23,14.810542635672158,14.875211226136782,14.652757416857373,14.717017640813118,3071902.37
2023-10-24,14.717017640813118,15.31725195416985,14.492499076220113,15.08708770767053,2712139.99
2023-10-25,15.08708770767053,15.151960664011831,14.774124769973621,14.837926357625578,2701344.19
2023-10-26,14.837926357625578,14.975332477524299,14.138352908014044,14.270504436220737,2094536.43
2023-10-27,14.270504436220737,14.425223854897347,14.084020836614659,14.238392096432088,3379501.82
2023-10-28,14.238392096432088,14.452016777023768,13.958775939378047,14.171395440513766,2083341.44
2023-10-29,14.171395440513766,14.748103685110571,13.888904317287894,14.45986229362835,3102164.51
2023-10-30,14.45986229362835,14.585471936605472,14.002366913954905,14.12506827493703,3597452.93
2023-10-31,14.12506827493703,14.468981879895331,13.925011251611421,14.266915832640926,1773356.81
2023-11-01,14.266915832640926,14.580120041871966,14.06570796908113,14.377354647708188,2348768.68
2023-11-02,14.377354647708188,14.543761375538208,14.300933161471269,14.466864110111255,2295401.6
2023-11-03,14.466864110111255,14.956387760575785,14.270530322207382,14.756128289018735,2783569.9
2023-11-04,14.756128289018735,15.019223100457026,14.488424422295145,14.751435564670428,2053720.34
2023-11-05,14.751435564670428,14.945037322275027,14.5743708586839,14.76777647279588,1942852.73
2023-11-06,14.76777647279588,15.053882445998855,14.610706711885344,14.89545470211843,2565397.28
2023-11-07,14.89545470211843,15.098865451583766,14.66565959686115,14.868705055996351,2259696.38
2023-11-08,14.868705055996351,15.114384705094182,14.256616438128027,14.496140095263254,2506836.16
2023-11-09,14.496140095263254,14.58391387358149,14.299120692431842,14.386228961488492,3250100.58
2023-11-10,14.386228961488492,14.457237407542982,14.247301962325405,14.317973508860302,1735268.55
2023-11-11,14.317973508860302,14.51444819714034,13.97436632059872,14.168793930701218,2527089.81
2023-11-12,14.168793930701218,14.20595167882787,14.049348219112828,14.086289599128902,2242897.21
2023-11-13,14.086289599128902,14.37405073288144,13.848866553866054,14.13579330741573,2615425.61
2023-11-14,14.13579330741573,14.240925841681337,13.960151329809825,14.064755532830889,2245121.02
2023-11-15,14.064755532830889,14.351826843976255,14.008529758720261,14.294681907893974,1935693.72
2023-11-16,14.294681907893974,14.761732523426746,14.069338891160813,14.532638334105135,2868461.32
2023-11-17,14.532638334105135,14.620009396928392,13.813780520598103,13.8973320854827,5198501.28
2023-11-18,13.8973320854827,14.025544391437615,13.403917300761243,13.528728993409507,2535435.0
2023-11-19,13.528728993409507,13.65657028565651,12.808787496540807,12.93098029318166,2168373.7
2023-11-20,12.93098029318166,13.147757471111893,12.650338948563501,12.866027242377287,2166722.66
2023-11-21,12.866027242377287,12.952996765958968,12.699976566358407,12.786407892969459,3284418.23
2023-11-22,12.786407892969459,12.99623978525104,12.615100931120008,12.82442350606734,2088135.47
2023-11-23,12.82442350606734,13.291566989454665,12.568248293467116,13.031260097350835,3598146.39
2023-11-24,13.031260097350835,13.197908650219219,12.855846300877552,13.022381308524828,1726870.87
2023-11-25,13.022381308524828,13.081470747805161,12.818444733149338,12.876873928400643,2728066.81
2023-11-26,12.876873928400643,12.96883514725532,12.785464148309291,12.877421480227408,3068993.82
2023-11-27,12.877421480227408,13.027213961224172,12.611289647000703,12.759712920880485,3145974.81
2023-11-28,12.759712920880485,12.859256732873225,12.314120375488955,12.410943290962738,3091264.57
2023-11-29,12.410943290962738,12.781327218939763,12.270724416831571,12.638536990515657,2778796.11
2023-11-30,12.638536990515657,12.89170261946708,12.48968022123851,12.741631601207713,3469144.62
2023-12-01,12.741631601207713,13.295500189419228,12.547454587621242,13.095923912605173,2029458.99
2023-12-02,13.095923912605173,13.26896114126926,12.626704601895465,12.795775957615636,2213284.63
2023-12-03,12.795775957615636,12.982120520486813,12.233051349148916,12.413833696494724,2350788.36
2023-12-04,12.413833696494724,12.487441750846099,12.125996376555312,12.198326577496031,3767420.3
2023-12-05,12.198326577496031,12.410095079132864,12.081005418293362,12.291874196916442,2921394.45
2023-12-06,12.291874196916442,12.704542680439909,12.084727385572837,12.49398974960695,3083280.58
2023-12-07,12.49398974960695,12.75835636150836,12.29983327844776,12.563125521175856,2486155.85
2023-12-08,12.563125521175856,12.66521024944285,12.496833638472728,12.598730489892844,3189018.93
2023-12-09,12.598730489892844,12.845178985543152,12.559027022299421,12.80482603126893,1763866.65
2023-12-10,12.80482603126893,12.98098234405392,12.521363714273761,12.696023224112537,2347343.72
2023-12-11,12.696023224112537,13.082341492155127,12.569146844791334,12.952898061035716,2462471.07
2023-12-12,12.952898061035716,13.574490069850592,12.831289387857339,13.448230948950242,2309269.04
2023-12-13,13.448230948950242,13.481183657778478,13.150928604056984,13.183231975880787,2399341.81
2023-12-14,13.183231975880787,13.30016453010298,13.005507214845432,13.121895729183793,2980901.12
2023-12-15,13.121895729183793,13.190347903683747,12.717598811786512,12.78428981860306,2759643.31
2023-12-16,12.78428981860306,12.817763462567921,12.522561723533821,12.555436150309365,3504090.29
2023-12-17,12.555436150309365,12.766347741463582,12.440175376488913,12.650216866551734,1543328.92
2023-12-18,12.650216866551734,12.863331117266231,12.04976855781208,12.25624569937809,3771880.19
2023-12-19,12.25624569937809,12.477405661009636,11.861051954694345,12.07901382487718,2210196.79
2023-12-20,12.07901382487718,12.400227397122281,12.003069477688348,12.322750604414615,3612882.06
2023-12-21,12.322750604414615,12.46228649024808,12.237113460140815,12.37627736095893,2342283.01
2023-12-22,12.37627736095893,12.60563711516782,12.329566400849593,12.558239387888241,2851634.05
2023-12-23,12.558239387888241,12.788901280841511,12.032218740094493,12.257354161239347,1986369.14
2023-12-24,12.257354161239347,12.313483205637453,12.218451170933035,12.27452571541242,1918374.03
2023-12-25,12.27452571541242,12.960379330941493,12.04289352094818,12.720334296555345,3006552.01
2023-12-26,12.720334296555345,12.892644503517937,12.394027769963452,12.564223290381188,1335756.52
2023-12-27,12.564223290381188,12.767223083868732,12.249589315376005,12.450755818186463,1918834.27
2023-12-28,12.450755818186463,12.66456979129468,12.376552773683715,12.589539633819989,3149307.87
2023-12-29,12.589539633819989,12.75238890841898,12.21927571389492,12.37940686133727,2344138.41
2023-12-30,12.37940686133727,12.599084706942657,12.33040490343034,12.549409818752666,2085401.75
2023-12-31,12.549409818752666,12.723294283799849,11.965049397468247,12.133166398910848,3804600.06
2024-01-01,12.133166398910848,12.288549624855353,11.444053944658295,11.592513304301516,4154143.06
2024-01-02,11.592513304301516,11.859134024793837,11.39741033842528,11.662847331375188,2600271.47
2024-01-03,11.662847331375188,11.821560519037712,11.295079610848672,11.450908643050939,3574930.78
2024-01-04,11.450908643050939,11.674058225193559,11.110076501952747,11.330887165553035,3799124.19
2024-01-05,11.330887165553035,11.645764412668132,11.208219288168156,11.521037967850704,2589416.75
2024-01-06,11.521037967850704,11.797936956216912,11.383541715665459,11.658796641973135,2287496.69
2024-01-07,11.658796641973135,11.698032472934155,11.35533014150265,11.3936737433982,2658311.43
2024-01-08,11.3936737433982,11.55266477286898,11.348686488738045,11.50722915131951,1807394.31
2024-01-09,11.50722915131951,11.566180986109956,11.385107140812956,11.443733686683546,2996658.81
2024-01-10,11.443733686683546,11.583111177369977,11.396458343106435,11.535456914880061,2394441.43
2024-01-11,11.535456914880061,11.5870381057339,11.480935442827008,11.532503427058854,2636974.4
2024-01-12,11.532503427058854,11.60963838387152,11.136769068992773,11.211758730250779,2627449.6
2024-01-13,11.211758730250779,11.29037631277432,10.985898654021016,11.063476471688771,2103559.07
2024-01-14,11.063476471688771,11.22412061371811,10.419660677753576,10.57318568843003,2576821.19
2024-01-15,10.57318568843003,10.725591582272997,10.45946265529808,10.611456911654015,1850883.23
2024-01-16,10.611456911654015,10.89224832137817,10.413161893926514,10.692439982751141,2304631.91
2024-01-17,10.692439982751141,10.779827728263951,10.466510577331059,10.552756711935402,1968321.96
2024-01-18,10.552756711935402,10.585907453748225,10.49799457646798,10.531077213664215,2088303.53
2024-01-19,10.531077213664215,10.712163186320181,10.163012835938272,10.34082738878727,1478628.43
2024-01-20,10.34082738878727,10.771683581365023,10.16329478195423,10.589875289295096,2335434.1
2024-01-21,10.589875289295096,10.680304250216667,10.249355031458965,10.337630022027414,2935555.86
2024-01-22,10.337630022027414,10.371406384848806,10.244909282930372,10.278492424195518,2718172.88
2024-01-23,10.278492424195518,10.462022698587115,9.852218325592137,10.031335424381554,3409232.0
2024-01-24,10.031335424381554,10.266554757126288,9.842709335850444,10.07706871414262,2048967.06
2024-01-25,10.07706871414262,10.482445390650405,9.876041006109157,10.277420852553862,2306745.32
2024-01-26,10.277420852553862,10.370317276613248,9.79502777233283,9.884371468251148,3270021.96
2024-01-27,9.884371468251148,10.051096591112042,9.84198367733998,10.008177873169046,2544320.37
2024-01-28,10.008177873169046,10.412758111675638,9.920103916752845,10.321923134539588,2723074.12
2024-01-29,10.321923134539588,10.478088557991056,10.192484044544264,10.34831846499276,4410801.9
2024-01-30,10.34831846499276,10.377074968392058,10.190445841372236,10.21884254964032,2439907.15
2024-01-31,10.21884254964032,10.289719081113503,10.141943579401733,10.212778048301006,2303607.28
2024-02-01,10.212778048301006,10.406361474626237,9.917940908000142,10.109567985375273,2028441.74
2024-02-02,10.109567985375273,10.52140109434348,10.081308285237798,10.49207216420422,2418646.8
2024-02-03,10.49207216420422,10.71006367663037,10.442580325204931,10.659780744515663,3356684.19
2024-02-04,10.659780744515663,10.978631262677839,10.526976607502021,10.843537801154437,3000881.17
2024-02-05,10.843537801154437,11.511627608110542,10.634916648832823,11.294333500523896,3719744.19
2024-02-06,11.294333500523896,11.80483768172589,11.080580116152788,11.585572391877195,2845452.46
2024-02-07,11.585572391877195,11.662446883396127,11.48382480737034,11.560533154431184,1484834.17
2024-02-08,11.560533154431184,11.718419823750763,11.409695120399038,11.567491005960486,3042813.31
2024-02-09,11.567491005960486,12.329237403498366,11.343426583100227,12.094955889087654,2668656.72
2024-02-10,12.094955889087654,12.256232833221587,11.770045731798662,11.929111265293999,2601112.15
2024-02-11,11.929111265293999,12.000545332007881,11.820855475389939,11.892067717425443,3525664.66
2024-02-12,11.892067717425443,12.064331113583323,11.499659494878443,11.668687095079257,2427642.73
2024-02-13,11.668687095079257,11.799402580079146,11.150735977126782,11.27706440907426,3005454.79
2024-02-14,11.27706440907426,11.399849274581008,10.972252658600638,11.093033795717583,1986403.49
2024-02-15,11.093033795717583,11.2127362382896,10.798249634099427,10.916042200012745,1778810.39
2024-02-16,10.916042200012745,10.959984691599578,10.746119513288333,10.789552822305708,2238509.94
2024-02-17,10.789552822305708,11.093053762026399,10.614655933918511,10.916105475802949,2403897.81
2024-02-18,10.916105475802949,11.006110975275938,10.825014363750988,10.915010837711316,2981776.92
2024-02-19,10.915010837711316,11.185573253473677,10.856882483802128,11.126319565955379,1976145.96
2024-02-20,11.126319565955379,11.27027099668352,11.015774574203064,11.159397362141029,3789566.53
2024-02-21,11.159397362141029,11.350517251990762,11.007910666905222,11.198499749291699,2042372.31
2024-02-22,11.198499749291699,11.332455646050782,11.005328455590206,11.138567445108912,2543341.47
2024-02-23,11.138567445108912,11.749724065233762,10.952065841793857,11.556229229369558,2607570.63
2024-02-24,11.556229229369558,11.754760811252089,11.26884234423376,11.465820743027514,2801974.73
2024-02-25,11.465820743027514,11.820700473759684,11.314809184727936,11.667038756655352,2910160.42
2024-02-26,11.667038756655352,11.806235028056458,11.27527682349389,11.411423417694257,4576946.75
2024-02-27,11.411423417694257,11.550655946608085,11.221987099636427,11.360599518352288,2236367.14
2024-02-28,11.360599518352288,11.907151047146563,11.25749182490178,11.80005489950821,2811437.42
2024-02-29,11.80005489950821,12.079732913676429,11.676781356857534,11.95484232815187,2546255.85
2024-03-01,11.95484232815187,12.092093698102218,11.51139872729528,11.645093932261693,3324238.04
2024-03-02,11.645093932261693,11.836256075050443,11.234768632459058,11.422273018288436,2908768.58
2024-03-03,11.422273018288436,11.955439020413225,11.246077806072407,11.773820976247931,2746842.55
2024-03-04,11.773820976247931,11.860012122005603,11.708824049009904,11.794898835255147,1789716.48
2024-03-05,11.794898835255147,12.02608932173972,11.505313482595474,11.735336494329559,2321538.08
2024-03-06,11.735336494329559,11.96272334099267,11.341657277212995,11.565758334582682,2036773.22
2024-03-07,11.565758334582682,11.647019141746496,11.417428432863009,11.4982146795381,2324991.68
2024-03-08,11.4982146795381,12.046091567336388,11.268487850416113,11.810132817283462,2114965.29
2024-03-09,11.810132817283462,11.945381721202954,11.523322039544343,11.6568151592126,2284085.55
2024-03-10,11.6568151592126,11.727703080982941,11.456661090778164,11.52675810403471,2346120.79
2024-03-11,11.52675810403471,11.833685446580274,11.354214526622718,11.65915995125441,2356378.3
2024-03-12,11.65915995125441,11.692542506850298,11.401641397079679,11.434380362816674,2415605.28
2024-03-13,11.434380362816674,11.598777503409679,11.074539935837103,11.236086112342894,2061634.54
2024-03-14,11.236086112342894,11.430207973655873,11.044734912933976,11.238810379813625,2624181.55
2024-03-15,11.238810379813625,11.34030682835116,11.145417629543667,11.246847292597401,2075163.8
2024-03-16,11.246847292597401,11.337083624021716,10.989140618773721,11.078022425121103,2238481.69
2024-03-17,11.078022425121103,11.255795376402686,11.001544011027606,11.178622458299358,2567581.38
2024-03-18,11.178622458299358,11.330994384115847,11.074271069465189,11.226198873918413,1363582.5
2024-03-19,11.226198873918413,11.364526878404982,10.684437142433863,10.817732063197203,4847196.21
2024-03-20,10.817732063197203,11.151928711333,10.647709069891752,10.979365317729888,2964481.58
2024-03-21,10.979365317729888,11.176544794374026,10.668404551131573,10.863503249765044,2816428.85
2024-03-22,10.863503249765044,11.162116387875614,10.734509294976636,11.031131998260838,2281998.18
2024-03-23,11.031131998260838,11.594466774630765,10.914755720868346,11.473424399221237,2661804.72
2024-03-24,11.473424399221237,11.573751486687025,11.360136153986971,11.460348905386386,1921374.8
2024-03-25,11.460348905386386,11.60608174178313,11.1793453589063,11.323335901605969,2938996.97
2024-03-26,11.323335901605969,11.67637438563606,11.271162372061251,11.622820945443225,1706704.67
2024-03-27,11.622820945443225,11.743758764009488,11.322850556893028,11.441905917758467,1893239.28
2024-03-28,11.441905917758467,11.991074546104933,11.31423480448443,11.858752177487059,2177176.28
2024-03-29,11.858752177487059,12.016796969002765,11.600383908574074,11.757073602269934,3792356.01
2024-03-30,11.757073602269934,11.795088483267172,11.582866459410306,11.620439552995212,1973964.89
2024-03-31,11.620439552995212,12.27000493399292,11.507323386576507,12.151717182755208,2826196.81
2024-04-01,12.151717182755208,12.428901019560985,11.960791269625219,12.236640799612388,1552415.01
2024-04-02,12.236640799612388,12.821277128556192,12.039474957961177,12.617967074842962,2616175.83
2024-04-03,12.617967074842962,12.766578159525015,12.46473838428245,12.613294435856234,4012062.82
2024-04-04,12.613294435856234,12.836474086055233,12.368934677566415,12.591732816439922,2946372.23
2024-04-05,12.591732816439922,12.787985166632748,11.73217986951159,11.917930464540662,1548426.79
2024-04-06,11.917930464540662,12.34746492788655,11.72305684282294,12.148816027731419,2628435.34
2024-04-07,12.148816027731419,12.43801487517294,11.951113022899724,12.238846760785599,2315226.23
2024-04-08,12.238846760785599,12.423833760251538,12.029982005921347,12.214602560579353,3532852.29
2024-04-09,12.214602560579353,12.568225781632252,12.001918531826997,12.353129680460697,2535697.18
2024-04-10,12.353129680460697,12.409863418692803,12.306881975826068,12.363576602821412,1813901.23
2024-04-11,12.363576602821412,12.500412164308589,12.012799105069622,12.147240335567416,2512874.36
2024-04-12,12.147240335567416,12.43825140982288,11.942463472932044,12.232044920671935,2184669.93
2024-04-13,12.232044920671935,12.28057570159641,12.14131679132996,12.189679486901706,1515064.59
2024-04-14,12.189679486901706,12.421880247205722,12.131248075887592,12.362619844002149,2489171.61
2024-04-15,12.362619844002149,12.476714141848937,12.185516200844614,12.299023570331418,2602898.96
2024-04-16,12.299023570331418,12.448494003341894,12.044222725002541,12.192397325799234,2860062.91
2024-04-17,12.192397325799234,12.375652909724897,11.888095720842976,12.06950418198979,3353110.35
2024-04-18,12.06950418198979,12.215483539704211,11.72800950542356,11.871595174938395,2423770.78
2024-04-19,11.871595174938395,11.94162999167546,11.687371491283427,11.756728669121458,1786384.39
2024-04-20,11.756728669121458,12.058898317313202,11.553782316633797,11.854268222925484,2109264.97
2024-04-21,11.854268222925484,11.934517736963672,11.610299760771026,11.689433397015062,2587927.36
2024-04-22,11.689433397015062,11.893348859834617,11.235314675812184,11.4347879956196,3523013.94
2024-04-23,11.4347879956196,11.73424040736325,11.310019722273484,11.607586677705346,2602570.64
2024-04-24,11.607586677705346,11.639258898352686,11.54724650677554,11.578840290626358,2515475.25
2024-04-25,11.578840290626358,11.8739957574847,11.455735061753895,11.749080548905058,2450789.14
2024-04-26,11.749080548905058,11.910900815306606,11.540691295694526,11.701861209409783,2594682.85
2024-04-27,11.701861209409783,11.910613842608635,11.37135742086752,11.577898652851076,4191769.41
2024-04-28,11.577898652851076,11.72237175090066,11.065331105163997,11.20515295103556,2545731.05
2024-04-29,11.20515295103556,11.427528776545794,10.752739865003818,10.970457968234712,2434193.75
2024-04-30,10.970457968234712,11.067583130775882,10.697325685727247,10.79287867895836,2624991.16
2024-05-01,10.79287867895836,10.92120609759261,10.72355964335811,10.851510489560912,2195534.39
2024-05-02,10.851510489560912,10.959813920534575,10.722494083068055,10.830588704297833,1759779.64
2024-05-03,10.830588704297833,10.980610489189694,10.477456019525851,10.62462486037823,1682886.92
2024-05-04,10.62462486037823,10.664038641055532,10.046088489845625,10.083494860434007,2168023.52
2024-05-05,10.083494860434007,10.209864722428454,10.04699145551158,10.173037164123249,3493201.73
2024-05-06,10.173037164123249,10.48083073078406,10.038373124686181,10.343904856140348,3480877.28
2024-05-07,10.343904856140348,10.628813108530995,10.251751964275238,10.534958140621093,1967011.45
2024-05-08,10.534958140621093,10.704550030949619,10.179887364698596,10.346444561021686,2499202.14
2024-05-09,10.346444561021686,10.621064746756604,10.276642345792483,10.549889988387134,2686915.54
2024-05-10,10.549889988387134,10.768864583939429,10.446480209105678,10.66433303652942,2169027.84
2024-05-11,10.66433303652942,10.900526884912118,10.544142485269957,10.779043508789723,3606302.15
2024-05-12,10.779043508789723,10.983439014946956,10.455210311252934,10.657297227339111,3145644.24
2024-05-13,10.657297227339111,10.680020179722785,10.609321646168667,10.6319906411238,2845463.85
2024-05-14,10.6319906411238,11.071691737117886,10.569199295151176,11.006687473617573,2644917.45
2024-05-15,11.006687473617573,11.403079772558499,10.966441153401984,11.361535937089286,1759018.08
2024-05-16,11.361535937089286,11.58699081430579,11.1273320997757,11.3526098504327,3650096.27
2024-05-17,11.3526098504327,11.445010582836419,11.302887837759505,11.395102461578702,3006088.78
2024-05-18,11.395102461578702,11.586740003062994,10.750864016416253,10.93475972757635,2880104.02
2024-05-19,10.93475972757635,11.314149311072093,10.810528671810687,11.187051934689245,2161978.21
2024-05-20,11.187051934689245,11.529244642324752,11.007121338041825,11.346745561177343,2209371.37
2024-05-21,11.346745561177343,11.507055880115555,11.262430140114938,11.422179921249796,2942177.49
2024-05-22,11.422179921249796,11.542779344922508,11.175405371976046,11.294658378001014,3424896.64
2024-05-23,11.294658378001014,11.531904140386523,11.073261985851994,11.31020304376551,4001710.49
2024-05-24,11.31020304376551,11.67156307187713,11.268201475656445,11.62837992216629,2163376.21
2024-05-25,11.62837992216629,11.86364457575244,11.475213389583972,11.709410722799745,2498754.55
2024-05-26,11.709410722799745,12.543126925948673,11.484005681175711,12.306233110187662,1540224.77
2024-05-27,12.306233110187662,12.550890083744546,12.25356085461458,12.49739961103714,1405271.38
2024-05-28,12.49739961103714,12.711363648092165,12.074101561691322,12.284419228796107,2964203.87
2024-05-29,12.284419228796107,12.37004352127745,12.106229605619141,12.191204174829416,2100521.51
2024-05-30,12.191204174829416,12.259620088053344,11.963205540517086,12.030720836047921,1587569.95
2024-05-31,12.030720836047921,12.289357482431804,11.970605127826703,12.228254726974383,1944045.0
2024-06-01,12.228254726974383,12.68900700922597,12.041880565695866,12.49851375646032,2832664.45
2024-06-02,12.49851375646032,12.945069383583467,12.465462217426246,12.91092724284195,2861908.59
2024-06-03,12.91092724284195,13.034475165298097,12.709116701005904,12.831908472902336,1726675.28
2024-06-04,12.831908472902336,13.135489030426063,12.64527025266391,12.947174285901484,3541733.28
2024-06-05,12.947174285901484,13.324864767489977,12.888739515611586,13.264995567326563,2184936.45
2024-06-06,13.264995567326563,13.742204358772248,13.184962178010835,13.659789011823563,2784975.0
2024-06-07,13.659789011823563,13.724599159273398,13.28502185950396,13.34835437617635,2624573.17
2024-06-08,13.34835437617635,13.540279116931668,13.315385078436295,13.506918180108974,2592498.15
2024-06-09,13.506918180108974,13.64492009904043,13.0733457682053,13.208296632405554,2057058.12
2024-06-10,13.208296632405554,13.352816828367006,12.91807932560328,13.060987723084242,2584241.63
2024-06-11,13.060987723084242,13.309441551321084,12.502436493673594,12.744877078388097,2781120.25
2024-06-12,12.744877078388097,12.937393089734808,12.407883259934547,12.598183409978052,2473619.41
2024-06-13,12.598183409978052,12.843378959821248,12.021595829284388,12.260213549363801,2666435.36
2024-06-14,12.260213549363801,12.451771088306502,11.804298144086435,11.991659711064113,3424534.87
2024-06-15,11.991659711064113,12.226908613357814,11.559151059114688,11.790452741433851,2311039.68
2024-06-16,11.790452741433851,11.936156308765286,11.714195999374446,11.859453293992372,3061334.55
2024-06-17,11.859453293992372,11.928040776720074,11.799957309210809,11.868499409781847,2466767.57
2024-06-18,11.868499409781847,11.97583226758405,11.403820202841652,11.507891904132835,3712283.17
2024-06-19,11.507891904132835,12.250995525981233,11.383008430832737,12.119475160201926,1829452.84
2024-06-20,12.119475160201926,12.32361392438662,11.80761636672057,12.00990962416272,3601903.57
2024-06-21,12.00990962416272,12.150978883324468,11.576679515084011,11.714276243367731,2276411.08
2024-06-22,11.714276243367731,12.07180871742586,11.490012472419565,11.845041512902652,4408162.42
2024-06-23,11.845041512902652,11.93069683429007,11.759835016781187,11.845487132633542,2898899.22
2024-06-24,11.845487132633542,11.992613611548613,11.522017356107478,11.666926022696039,3215791.62
2024-06-25,11.666926022696039,11.915959837696544,11.506741868394117,11.754572320312176,2497479.51
2024-06-26,11.754572320312176,11.81106008805752,11.55222982875434,11.608013292497924,3082345.88
2024-06-27,11.608013292497924,11.795357793619745,11.35861860174267,11.544945232367262,3082032.09
2024-06-28,11.544945232367262,12.0300469666235,11.388982308992324,11.86969690932204,2509058.93
2024-06-29,11.86969690932204,11.963735753198186,11.804955156709429,11.898835070191899,3147427.77
2024-06-30,11.898835070191899,12.152504873833983,11.786471299543235,12.038819196946573,1122201.5
2024-07-01,12.038819196946573,12.201747359817752,11.761078349755802,11.922431370208038,2213281.12
2024-07-02,11.922431370208038,12.140160182386133,11.741197404944602,11.958379762339396,2613948.65
2024-07-03,11.958379762339396,12.072135535654043,11.675274101077182,11.787403438003295,2947580.58
2024-07-04,11.787403438003295,11.964270778304918,11.434990416164826,11.609183607957405,3315190.14
2024-07-05,11.609183607957405,11.686874191616274,11.443651968048847,11.520750744305598,2440828.03
2024-07-06,11.520750744305598,11.607041742912186,11.287191891451432,11.372371522272546,2358202.21
2024-07-07,11.372371522272546,11.624095360494431,11.347217572027102,11.598441378228614,3232940.82
2024-07-08,11.598441378228614,11.853530977943235,11.473455988439273,11.727158525675275,3467376.45
2024-07-09,11.727158525675275,11.790368420960938,11.172240629717935,11.23278583466429,3128260.39
2024-07-10,11.23278583466429,11.754134904710485,11.08859159208417,11.605160522382148,2502403.08
2024-07-11,11.605160522382148,11.975359113766105,11.380231274659353,11.747667813952255,4916778.14
2024-07-12,11.747667813952255,12.245311249498306,11.512788420372594,12.005281209919703,2652094.81
2024-07-13,12.005281209919703,12.110198761586702,11.86356131772053,11.968154407751301,2744556.46
2024-07-14,11.968154407751301,12.15013333956776,11.46040821473968,11.637357289471955,3910817.61
2024-07-15,11.637357289471955,11.861873672893003,11.132998512092072,11.352009762940368,3809602.96
2024-07-16,11.352009762940368,11.85850837630031,11.222351737268834,11.724594835881952,3103062.38
2024-07-17,11.724594835881952,11.818517674010316,11.280846878259418,11.371944723293845,2075274.43
2024-07-18,11.371944723293845,11.426577399169332,11.01455023721904,11.067721374544137,2674270.66
2024-07-19,11.067721374544137,11.124931999314065,10.922427660357926,10.979180605307935,2959058.99
2024-07-20,10.979180605307935,11.169928762517719,10.51186545936699,10.697723689916963,4235610.88
2024-07-21,10.697723689916963,10.879069873717967,10.62645622312043,10.80707392351988,5435491.14
2024-07-22,10.80707392351988,11.008664191948805,10.73280799253677,10.933529263159942,2238391.86
2024-07-23,10.933529263159942,11.190611028566504,10.764716783054812,11.020456403055169,3217732.63
2024-07-24,11.020456403055169,11.208493190123175,10.709108181850988,10.895004441990968,2120738.46
2024-07-25,10.895004441990968,11.018821789356304,10.832336842331994,10.955804470533081,2520089.86
2024-07-26,10.955804470533081,11.494794048311881,10.798092237640212,11.331671097730084,2093079.59
2024-07-27,11.331671097730084,11.445426350124436,10.920206264155935,11.030942593158967,3946463.78
2024-07-28,11.030942593158967,11.345568684190745,10.953931509940409,11.266910223815799,2759279.77
2024-07-29,11.266910223815799,11.57119948850518,11.13887046918716,11.441179300082247,2797907.88
2024-07-30,11.441179300082247,11.624178861949554,11.23726258262701,11.419922140124415,2632216.15
2024-07-31,11.419922140124415,11.500630510105896,11.37663096694829,11.457198029749806,2856468.56
2024-08-01,11.457198029749806,11.573739360674056,11.419615716249213,11.535898889778723,2880974.39
2024-08-02,11.535898889778723,11.748288661557247,11.118427737796933,11.326970893912108,2190680.34
2024-08-03,11.326970893912108,11.546049266094295,10.772774980490954,10.985243907606877,1704987.86
2024-08-04,10.985243907606877,11.304567931935882,10.858758353541111,11.175887284762371,1865737.88
2024-08-05,11.175887284762371,11.227129450197323,10.868064028790156,10.91812433444012,1738174.93
2024-08-06,10.91812433444012,10.95539934975788,10.660332890300559,10.69685247256148,2729830.3
2024-08-07,10.69685247256148,10.748282416564106,10.543807922084731,10.594746947713118,2119948.74
2024-08-08,10.594746947713118,10.72851584851989,10.519658740341288,10.653014679934198,3321898.76
2024-08-09,10.653014679934198,10.805453281484926,10.403522585566204,10.554552245492182,2761232.43
2024-08-10,10.554552245492182,10.596605857044489,10.371344012977573,10.412832957479214,1643217.51
2024-08-11,10.412832957479214,10.650117228534441,10.366340825019236,10.602777017130208,2346420.21
2024-08-12,10.602777017130208,10.760064873380397,10.381395342458463,10.537718075951533,1529283.93
2024-08-13,10.537718075951533,10.607617910582137,10.31277123759638,10.38163573136889,1953183.23
2024-08-14,10.38163573136889,10.522018308452829,10.320498170021336,10.460416804541813,2300080.85
2024-08-15,10.460416804541813,10.604054165276455,10.329790935260291,10.473267817236227,2052729.05
2024-08-16,10.473267817236227,10.516058307070365,10.437468213808419,10.480234888878512,4165101.23
2024-08-17,10.480234888878512,10.71030763433745,10.34059715188923,10.569480792697652,3135254.47
2024-08-18,10.569480792697652,10.59427708542749,10.518712059241164,10.543447276626058,2395413.33
2024-08-19,10.543447276626058,10.780305668751755,10.478136069522169,10.713938357510306,3714456.52
2024-08-20,10.713938357510306,10.822245107275624,10.325259093442874,10.430702625167935,2037848.59
2024-08-21,10.430702625167935,10.82151028825777,10.29138019450872,10.678873056198173,2392804.59
2024-08-22,10.678873056198173,10.739414269566778,10.438471913353952,10.497987641879174,3218732.57
2024-08-23,10.497987641879174,10.685120053176846,9.998962895012959,10.18043475114668,1967187.9
2024-08-24,10.18043475114668,10.369205041735386,9.845559948058058,10.031569918643042,3085674.16
2024-08-25,10.031569918643042,10.138436514642228,9.860773146052162,9.966951358718177,2797447.3
2024-08-26,9.966951358718177,10.03575729006265,9.763214756849225,9.831082731631989,3011777.94
2024-08-27,9.831082731631989,9.870296105771907,9.616586856870812,9.655098279419455,4074966.36
2024-08-28,9.655098279419455,10.02791422392654,9.472650728549116,9.8419360925861,2913617.17
2024-08-29,9.8419360925861,9.885283168898663,9.640342723887006,9.682989748988026,2683230.61
2024-08-30,9.682989748988026,9.754415502981935,9.212365538598725,9.280824756578715,1788134.07
2024-08-31,9.280824756578715,9.354340543370364,9.147841901815664,9.22088287362017,2740342.05
2024-09-01,9.22088287362017,9.649862426127344,9.157900214619845,9.584396808120566,2306024.8
2024-09-02,9.584396808120566,9.603920413003893,9.376168835315646,9.395307261071057,2521186.02
2024-09-03,9.395307261071057,9.449121842172458,9.185604715517472,9.238521255396433,2309782.15
2024-09-04,9.238521255396433,9.381470496909786,9.027766012865143,9.169649591174382,2939941.27
2024-09-05,9.169649591174382,9.495348445963828,9.117407902503412,9.44155763209677,2029637.0
2024-09-06,9.44155763209677,9.590293702228779,9.23122209323265,9.378972234296686,2741551.89
2024-09-07,9.378972234296686,9.467941446563417,9.113709483947282,9.2009903547599,2003945.6
2024-09-08,9.2009903547599,9.29734491291753,9.169170031833989,9.265302176657638,1658356.94
2024-09-09,9.265302176657638,9.474311269856827,9.108851737482025,9.316988081752248,2387096.69
2024-09-10,9.316988081752248,9.530304216533436,9.191835480875012,9.403983035782051,2919711.02
2024-09-11,9.403983035782051,9.526406564199302,9.09873957624875,9.218751714531138,2140977.81
2024-09-12,9.218751714531138,9.262116728255195,9.079432069626403,9.122343579423736,2690317.21
2024-09-13,9.122343579423736,9.442261468768598,9.001743444699263,9.319060674686716,2374451.33
2024-09-14,9.319060674686716,9.545775451486893,9.166806877271483,9.39232467482406,2007029.97
2024-09-15,9.39232467482406,9.72785377288217,9.205091340298608,9.537721984140447,2988691.07
2024-09-16,9.537721984140447,9.6719664214803,9.395058408289396,9.529182653657001,2209309.5
2024-09-17,9.529182653657001,9.81704412542532,9.43599479088273,9.721970945771002,2855271.76
2024-09-18,9.721970945771002,9.940698680110467,9.559227600216117,9.777033599595812,1804827.11
2024-09-19,9.777033599595812,9.805454010057645,9.654109859461016,9.682254761666728,2690464.98
2024-09-20,9.682254761666728,9.914194384611529,9.58981679839873,9.820437172784429,3038841.58
2024-09-21,9.820437172784429,9.96950775523166,9.514381288054347,9.661032161742908,2839007.7
2024-09-22,9.661032161742908,10.031640349726704,9.579203706247805,9.947386487524453,3249972.99
2024-09-23,9.947386487524453,10.170444418240614,9.916942434699967,10.139412667814977,3055321.85
2024-09-24,10.139412667814977,10.179939024773208,10.044582563107264,10.084891001673533,2801949.88
2024-09-25,10.084891001673533,10.135410341213,10.000696498364954,10.051046295945067,3212386.9
2024-09-26,10.051046295945067,10.248337010884347,9.880550414018339,10.077394189679175,2368062.27
2024-09-27,10.077394189679175,10.228303050794752,9.89542984186493,10.045866577351548,2961900.24
2024-09-28,10.045866577351548,10.462173206631837,9.887648315173855,10.299953185004531,2614195.83
2024-09-29,10.299953185004531,10.489142131154571,10.009877801405182,10.197178997200156,4129536.29
2024-09-30,10.197178997200156,10.27311628396128,9.839918837903097,9.913745425576558,2783990.23
2024-10-01,9.913745425576558,10.066172821057354,9.715061753948879,9.866766836758787,1885412.07
2024-10-02,9.866766836758787,10.094617637838414,9.78228339919255,10.008917049927193,2769785.2
2024-10-03,10.008917049927193,10.368096010950337,9.8473496028855,10.203389324295275,2049727.83
2024-10-04,10.203389324295275,10.375113223647979,10.055173915699246,10.226561217910454,3119378.47
2024-10-05,10.226561217910454,10.429214522771359,9.90612437422744,10.106396449770642,3133452.45
2024-10-06,10.106396449770642,10.264331805033725,9.94143115621518,10.09925490870964,2232771.87
2024-10-07,10.09925490870964,10.120526946589031,9.955564240772668,9.976577884311734,2005820.52
2024-10-08,9.976577884311734,10.122201872818685,9.414216481997208,9.553667421072545,2687745.52
2024-10-09,9.553667421072545,9.590253816953924,9.366660534140406,9.402668670404191,2074086.38
2024-10-10,9.402668670404191,9.607030293246323,9.291437726685361,9.494710520156971,2108334.81
2024-10-11,9.494710520156971,9.540586972767905,9.401930493720158,9.447579217749288,2291016.8
2024-10-12,9.447579217749288,9.550606019413872,9.291530621724506,9.393972840452614,3039184.39
2024-10-13,9.393972840452614,9.74919625378048,9.241158652598866,9.593142127577503,1794142.57
2024-10-14,9.593142127577503,9.662251030205663,9.353754073434528,9.421627385528334,2153060.79
2024-10-15,9.421627385528334,9.466364546140671,9.226222788991274,9.270241114988048,4736013.63
2024-10-16,9.270241114988048,9.400857575999813,9.19922268725418,9.329386044634678,4237453.25
2024-10-17,9.329386044634678,9.377206275936581,9.15903331158475,9.206222234259053,3518240.91
2024-10-18,9.206222234259053,9.255053085295248,9.035649215823154,9.083830889228697,2628620.18
2024-10-19,9.083830889228697,9.490181290703294,8.95166066597697,9.35407894386297,3137762.69
2024-10-20,9.35407894386297,9.491376496252634,9.033581868466118,9.168150393764925,2361584.32
2024-10-21,9.168150393764925,9.273809140712688,8.939371298980356,9.04359459724765,1322234.0
2024-10-22,9.04359459724765,9.17946944916175,8.984449608067637,9.119825908215194,2254567.74
2024-10-23,9.119825908215194,9.225011180450474,9.007452771872433,9.11255417415954,2309466.3
2024-10-24,9.11255417415954,9.286364993516166,8.71145032131061,8.880841505063298,2618413.26
2024-10-25,8.880841505063298,9.267409484387839,8.80174460766773,9.18559828165589,2933671.42
2024-10-26,9.18559828165589,9.274002005134266,8.963164318295007,9.050265577350034,3928443.18
2024-10-27,9.050265577350034,9.148883898885652,8.911430999946704,9.00960626787009,2620739.27
2024-10-28,9.00960626787009,9.132543602602102,8.962653535054432,9.085196935985358,2023100.33
2024-10-29,9.085196935985358,9.524816107548112,9.02700766358875,9.46419938346162,2475715.74
2024-10-30,9.46419938346162,9.600833799962482,9.256971801829595,9.3925721375215,3054261.67
2024-10-31,9.3925721375215,9.438674124149262,9.187077493984422,9.232393267419528,2528072.61
2024-11-01,9.232393267419528,9.440602202836306,9.113468964694045,9.320542433091626,2126827.83
2024-11-02,9.320542433091626,9.782531400501533,9.237160642825089,9.695792613359204,2964341.15
2024-11-03,9.695792613359204,9.794908976022004,9.622947214977675,9.721867673272163,1953869.9
2024-11-04,9.721867673272163,9.837514207009034,9.555869556629808,9.670909922140215,2087293.78
2024-11-05,9.670909922140215,9.802756481117127,9.612281594322155,9.74368695430808,2885027.86
2024-11-06,9.74368695430808,9.817485800911799,9.300180396770527,9.371157700627986,2136584.43
2024-11-07,9.371157700627986,9.478379290280222,9.158330304142519,9.264329603145343,2380650.79
2024-11-08,9.264329603145343,9.392467040488127,8.828390528302531,8.95221096876922,2610359.49
2024-11-09,8.95221096876922,9.104884982801728,8.741127890599593,8.8927884937761,2572894.77
2024-11-10,8.8927884937761,9.042577316653528,8.65996654317196,8.808332806867163,2041309.84
2024-11-11,8.808332806867163,8.904866015229409,8.290435747976902,8.382299931998148,2822806.81
2024-11-12,8.382299931998148,8.439762431345859,8.354337165318963,8.411701582814624,2067050.35
2024-11-13,8.411701582814624,8.557134757536122,8.366403694268794,8.51130051835576,3928167.4
2024-11-14,8.51130051835576,8.528394935302432,8.46435384775837,8.481388187651975,2351756.43
2024-11-15,8.481388187651975,8.526685547565187,8.197611157863111,8.241628007684753,3026736.6
2024-11-16,8.241628007684753,8.463077031418813,8.220585016189926,8.441523655033633,3123011.18
2024-11-17,8.441523655033633,8.879907145682303,8.316038503072338,8.749838819305854,2379268.56
2024-11-18,8.749838819305854,8.921475637213291,8.646321229529985,8.817161565517148,2041614.29
2024-11-19,8.817161565517148,8.840466712993324,8.736449700172583,8.759602710524563,3120291.96
2024-11-20,8.759602710524563,8.87450798486603,8.590377369510934,8.70456062180255,1821867.55
2024-11-21,8.70456062180255,8.923194240213626,8.559588731819597,8.777015633381458,1892814.39
2024-11-22,8.777015633381458,8.815104391051607,8.754953418229022,8.793001992025898,3026046.56
2024-11-23,8.793001992025898,8.90456918857448,8.755307299472905,8.866559164012509,2472713.04
2024-11-24,8.866559164012509,9.036899944750589,8.773622753375493,8.943160622357562,2178831.07
2024-11-25,8.943160622357562,8.967857308084753,8.796358185312528,8.820716740237463,2295254.68
2024-11-26,8.820716740237463,8.84173640851481,8.665379181293337,8.686078006991398,2131098.76
2024-11-27,8.686078006991398,8.794510745268333,8.533502216433117,8.641376928365432,4485264.78
2024-11-28,8.641376928365432,8.82464991659958,8.536588173045667,8.718920833211863,3353850.92
2024-11-29,8.718920833211863,8.86295501758515,8.327616647418418,8.467497385287622,2115799.65
2024-11-30,8.467497385287622,8.496305431701002,8.403448205599583,8.43213594562861,2404517.46
2024-12-01,8.43213594562861,8.585174897743975,8.274508864857044,8.427463005500545,3018365.38
2024-12-02,8.427463005500545,8.44714437579352,8.332047183594563,8.351551270764496,2037167.07
2024-12-03,8.351551270764496,8.639977781577981,8.289545184321614,8.57630302588975,2261052.43
2024-12-04,8.57630302588975,8.804070932968182,8.551636922939915,8.778822368910198,2413268.22
2024-12-05,8.778822368910198,8.90553452345698,8.722666813297314,8.848930506619956,2085827.82
2024-12-06,8.848930506619956,9.302806983062396,8.70139180491896,9.150244457401048,3419904.54
2024-12-07,9.150244457401048,9.34366791086505,9.111333027917437,9.30410220107545,2174766.97
2024-12-08,9.30410220107545,9.381356572859108,9.25168442353144,9.328799653938308,2525407.63
2024-12-09,9.328799653938308,9.45011714862977,9.126235830695586,9.24648282632311,2676958.66
2024-12-10,9.24648282632311,9.268581218161628,9.15707219971319,9.179009335031006,3865332.31
2024-12-11,9.179009335031006,9.364959745494202,9.061117973920078,9.2462053468801,2544506.82
2024-12-12,9.2462053468801,9.413550223156033,9.016594720573563,9.182791891774743,4435987.05
2024-12-13,9.182791891774743,9.21265443312153,8.896105304073428,8.925129925841743,2374621.54
2024-12-14,8.925129925841743,8.943928786625564,8.843766273680771,8.862433077078169,2460377.4
2024-12-15,8.862433077078169,9.120938030148261,8.77994936772155,9.036831177116447,3286270.3
2024-12-16,9.036831177116447,9.19301550304644,8.46122830645917,8.610036300035398,4201874.46
2024-12-17,8.610036300035398,9.008321505834665,8.44787937913088,8.841799674735784,2433634.96
2024-12-18,8.841799674735784,9.085857260840998,8.696608075331895,8.93906840710605,3541501.98
2024-12-19,8.93906840710605,9.061426174886554,8.778938451812513,8.900772019498747,3213517.39
2024-12-20,8.900772019498747,9.036877312263135,8.814630211294345,8.950256591610398,2149675.84
2024-12-21,8.950256591610398,9.262630549298175,8.805248663714973,9.114954265674536,2588263.19
2024-12-22,9.114954265674536,9.264309109145628,8.97257448374127,9.121822049270829,2573692.66
2024-12-23,9.121822049270829,9.336768773238413,9.073428617579172,9.287496399782572,2008988.66
2024-12-24,9.287496399782572,9.579251806128424,9.149261126447582,9.438765047361306,2708937.86
2024-12-25,9.438765047361306,9.625204311550473,9.285230250973852,9.471142844724598,2652531.51
2024-12-26,9.471142844724598,9.64366697326217,9.107153989101935,9.276125731398684,2855349.7
2024-12-27,9.276125731398684,9.416502549930385,9.120065212778774,9.260201040895547,2645793.11
2024-12-28,9.260201040895547,9.400799206554877,8.776562884428222,8.911872355599948,2200522.23
2024-12-29,8.911872355599948,9.151992886522915,8.749416984678852,8.988147096084692,4792498.68
2024-12-30,8.988147096084692,9.037554385855435,8.869424966763333,8.918449131122967,2744917.35
2024-12-31,8.918449131122967,9.02458430046002,8.711813904036196,8.816738654555456,3598390.2
2025-01-01,8.816738654555456,9.088857375811129,8.657305665503838,8.927422885025578,2900922.36
2025-01-02,8.927422885025578,9.046779624442216,8.600779877847458,8.717327713171318,3789588.39
2025-01-03,8.717327713171318,8.900784953427943,8.553754260483515,8.73684526991239,2141496.83
2025-01-04,8.73684526991239,8.762249474798766,8.656911708236287,8.68215689523551,2542844.45
2025-01-05,8.68215689523551,8.732958122924456,8.603127869497218,8.653762957954843,2324474.77
2025-01-06,8.653762957954843,8.753392517331083,8.60197701950057,8.701321975707272,2253580.16
2025-01-07,8.701321975707272,9.037350348530376,8.67161959199481,9.00660586349107,2779830.6
2025-01-08,9.00660586349107,9.1954940095783,8.887637183926316,9.075613800929126,2444785.93
2025-01-09,9.075613800929126,9.39796304480661,8.991880763836138,9.312048622943832,1819792.76
2025-01-10,9.312048622943832,9.622196110745941,9.252782780163358,9.56134364826716,2410489.84
2025-01-11,9.56134364826716,9.848722525174887,9.416974734953703,9.70222639112353,2360826.26
2025-01-12,9.70222639112353,9.839717390965733,9.239258045259989,9.372070378740837,3240396.77
2025-01-13,9.372070378740837,9.397430176129802,9.30574894528751,9.33099760424095,1810820.69
2025-01-14,9.33099760424095,9.423477632137445,9.051713993468585,9.142324067618413,2287105.46
2025-01-15,9.142324067618413,9.794805263106635,9.00551831833356,9.650396714076798,2155264.49
2025-01-16,9.650396714076798,9.687653576675702,9.434189328269268,9.470752646910816,3132248.22
2025-01-17,9.470752646910816,9.625212289169038,9.058247594881372,9.208428968770434,2268565.53
2025-01-18,9.208428968770434,9.32895731504377,8.626724890401887,8.741136890266983,3377131.52
2025-01-19,8.741136890266983,8.871610118103401,8.445203371849303,8.573169459813904,2569576.41
2025-01-20,8.573169459813904,8.650025928612719,8.51738193410996,8.594102188971627,2938663.63
2025-01-21,8.594102188971627,8.908693994344405,8.461249358788569,8.773074501888477,3427862.98
2025-01-22,8.773074501888477,8.818049961905732,8.554914322605017,8.598997370382264,1925098.22
2025-01-23,8.598997370382264,8.94575296107787,8.44863405036613,8.792014515165132,2444198.23
2025-01-24,8.792014515165132,8.842198805426415,8.732426350283047,8.782556655650847,2888640.84
2025-01-25,8.782556655650847,8.842524645347623,8.644239110452002,8.703668445224531,2731858.17
2025-01-26,8.703668445224531,8.856064875213402,8.581160973631464,8.733142544370288,1879982.42
2025-01-27,8.733142544370288,9.042473876995418,8.663243642256848,8.970673806504564,3094542.78
2025-01-28,8.970673806504564,9.048347188824652,8.902829557889586,8.980429161500965,2631205.82
2025-01-29,8.980429161500965,9.008500962550913,8.768427292835565,8.795922346548771,2684698.33
2025-01-30,8.795922346548771,9.016238733092399,8.648486022142114,8.86760093965388,2460028.58
2025-01-31,8.86760093965388,9.028940273269388,8.776543785664739,8.937168760591028,1173585.48
2025-02-01,8.937168760591028,9.018272805327944,8.825461716778962,8.906285498545166,2979858.73
2025-02-02,8.906285498545166,9.138803481377572,8.849110203077881,9.080509726178212,3011737.73
2025-02-03,9.080509726178212,9.189421676395064,8.593900121048692,8.69822695842209,2340003.46
2025-02-04,8.69822695842209,8.863765103554636,8.593217991239106,8.758034117046641,1793880.71
2025-02-05,8.758034117046641,8.907692723040892,8.7401471594006,8.889537190293401,2274267.22
2025-02-06,8.889537190293401,8.921013708668571,8.620570458918063,8.651203071913681,3334291.04
2025-02-07,8.651203071913681,8.763951020672115,8.304142290628688,8.413796202953822,2347966.82
2025-02-08,8.413796202953822,8.635580292753172,8.353961616714612,8.574602137508155,2614679.34
2025-02-09,8.574602137508155,8.940359893242064,8.405609003295668,8.76756376162866,2391976.46
2025-02-10,8.76756376162866,9.05447302244309,8.71079854116925,8.99622732939311,2813297.47
2025-02-11,8.99622732939311,9.038841372817261,8.838549892057074,8.880616299983902,1870676.01
2025-02-12,8.880616299983902,8.94042493673773,8.855719543531055,8.915430578655908,2471805.04
2025-02-13,8.915430578655908,9.101529938894428,8.787428559377075,8.972705601665298,3419796.23
2025-02-14,8.972705601665298,9.037588410136747,8.626892263999846,8.689728830404894,2067300.68
2025-02-15,8.689728830404894,8.777014972928454,8.629496738442977,8.716596649042096,2427373.11
2025-02-16,8.716596649042096,8.775347189458678,8.681836338161524,8.740491589602856,3382934.24
2025-02-17,8.740491589602856,8.891311179351325,8.714755196715018,8.86520756006868,3133613.53
2025-02-18,8.86520756006868,8.91969746123942,8.71741324487326,8.771326104706864,2911325.21
2025-02-19,8.771326104706864,9.063648776216635,8.691163856125277,8.981565126862304,2865447.29
2025-02-20,8.981565126862304,9.12148839436454,8.856567584644381,8.996285980226865,2854128.18
2025-02-21,8.996285980226865,9.32749599700014,8.96190626881615,9.291986253697562,2454430.51
2025-02-22,9.291986253697562,9.505770243678384,9.21215895730965,9.424801930066279,3424797.67
2025-02-23,9.424801930066279,9.663636353542826,9.237592980296293,9.47542191690492,2312616.14
2025-02-24,9.47542191690492,9.610543404580051,9.135715160861597,9.267877015061575,2027775.21
2025-02-25,9.267877015061575,9.453100114556012,8.860623482659442,9.041318702379138,1839573.08
2025-02-26,9.041318702379138,9.35132365367318,9.010312883637216,9.319364320039574,2228552.98
2025-02-27,9.319364320039574,9.563965334530916,9.232808417036743,9.475955056303155,2221466.19
2025-02-28,9.475955056303155,9.53417650485199,9.368438293456613,9.426354993036682,2176382.82
2025-03-01,9.426354993036682,9.604966717194113,9.176532422961127,9.353768774598114,1937907.95
2025-03-02,9.353768774598114,9.565989176776245,9.182640075917698,9.394122205608817,2854846.33
2025-03-03,9.394122205608817,9.509127703833387,9.04798838862458,9.160129279334127,2052155.73
2025-03-04,9.160129279334127,9.229089671744719,9.012520117234253,9.08088392519153,2982092.47
2025-03-05,9.08088392519153,9.295922274395103,8.9736621553114,9.187442325207819,3113547.23
2025-03-06,9.187442325207819,9.483467244825551,9.02500650103364,9.318710571708493,4946903.17
2025-03-07,9.318710571708493,9.433606602605563,9.141329472879871,9.255445469991619,2320682.37
2025-03-08,9.255445469991619,9.690455489509887,9.109443137635601,9.539964933926807,2498254.49
2025-03-09,9.539964933926807,9.870810148668543,9.402782511529136,9.73088237890725,2157453.84
2025-03-10,9.73088237890725,9.767427898532535,9.556099979430881,9.592124376396734,1939873.31
2025-03-11,9.592124376396734,9.74216116105456,9.21894353357445,9.365434511579117,2340698.4
2025-03-12,9.365434511579117,9.526632489483704,9.311539978726453,9.472123998989547,2141508.28
2025-03-13,9.472123998989547,9.639495037488935,9.227317473362792,9.39329562610237,1933831.81
2025-03-14,9.39329562610237,9.46443766221521,9.211540257523133,9.281838147740187,2758478.02
2025-03-15,9.281838147740187,9.435382921943697,9.169002227063997,9.322058062435358,1988749.59
2025-03-16,9.322058062435358,9.517961947703796,9.255467076931115,9.450453783019698,2995114.24
2025-03-17,9.450453783019698,9.614383425061014,9.43010207101171,9.593723179984293,3220283.24
2025-03-18,9.593723179984293,9.75897950272985,9.439816561832169,9.604893682588404,2094533.49
2025-03-19,9.604893682588404,9.747695523201717,9.062931026548348,9.199708734221966,3688204.98
2025-03-20,9.199708734221966,9.542298417402291,9.02835808957855,9.36781665188394,2874298.41
2025-03-21,9.36781665188394,9.483088460142737,9.114197308077262,9.227745528840913,2553054.56
2025-03-22,9.227745528840913,9.332674817366488,9.17803877739012,9.282672194501655,1666710.81
2025-03-23,9.282672194501655,9.329782344570962,9.215468548795249,9.262476202926536,1694205.76
2025-03-24,9.262476202926536,9.750783373596251,9.179045711634998,9.663738566286142,3852327.93
2025-03-25,9.663738566286142,10.126971141358046,9.586894117932355,10.047078437842993,3616190.63
2025-03-26,10.047078437842993,10.140961325980646,9.868615086767695,9.961700175032838,3878382.02
2025-03-27,9.961700175032838,10.02196137209689,9.654909793133918,9.713670587698653,4136427.16
2025-03-28,9.713670587698653,9.90595893477222,9.298009544501268,9.485786785368452,3666322.14
2025-03-29,9.485786785368452,9.569414645395133,9.452181251489701,9.535632521780432,2759657.44
2025-03-30,9.535632521780432,9.681574369467972,9.295826717148211,9.44030965849014,2990567.95
2025-03-31,9.44030965849014,9.555645826047504,9.1328951329187,9.245855574506914,2191156.72
2025-04-01,9.245855574506914,9.356816118476331,9.046318065720131,9.156202675246247,2759807.95
2025-04-02,9.156202675246247,9.355954864015464,9.03680546256745,9.235523307435896,3132756.97
2025-04-03,9.235523307435896,9.404282415145406,9.054524058072028,9.223055340800286,3147846.44
2025-04-04,9.223055340800286,9.353586668072428,9.011365384712322,9.140731607166138,2519722.45
2025-04-05,9.140731607166138,9.203580111704538,9.018157299336531,9.08059230687604,1565345.96
2025-04-06,9.08059230687604,9.142761872066021,8.992060292128391,9.054048124650333,1781044.47
2025-04-07,9.054048124650333,9.246965853841388,8.900980739547796,9.093235960708123,2928563.61
2025-04-08,9.093235960708123,9.239654146753207,8.996799259018097,9.142692937861037,2291418.3
2025-04-09,9.142692937861037,9.276978029969023,8.733978782328366,8.864173059201285,3070425.43
2025-04-10,8.864173059201285,8.971123239250469,8.786465547061985,8.893161599922434,1917848.39
2025-04-11,8.893161599922434,9.029114298480836,8.69874520456372,8.833790274054776,3654312.45
2025-04-12,8.833790274054776,8.91889353561851,8.584208223928485,8.6677115103937,2056707.25
2025-04-13,8.6677115103937,8.761988252649717,8.514487920302246,8.608116460649637,3760836.54
2025-04-14,8.608116460649637,8.963436211029101,8.4470428978915,8.798794710364632,1764091.21
2025-04-15,8.798794710364632,9.032455899596982,8.702820320285783,8.934995871563798,3023295.31
2025-04-16,8.934995871563798,9.006620368230417,8.880966920745283,8.952485658567085,2059871.63
2025-04-17,8.952485658567085,9.056027297092955,8.70169393939783,8.803512602324764,2594243.27
2025-04-18,8.803512602324764,8.822473314772873,8.563412019494855,8.581895420231941,3402793.01
2025-04-19,8.581895420231941,8.642148493178738,8.372780626812569,8.431981158977075,3257479.49
2025-04-20,8.431981158977075,8.543563642841768,8.323421736218995,8.434965793737538,2116442.17
2025-04-21,8.434965793737538,8.468965553108196,8.407323919360232,8.44130291162633,2230820.74
2025-04-22,8.44130291162633,8.527379844133788,8.254324804861355,8.339362236631407,1754735.73
2025-04-23,8.339362236631407,8.587859617800069,8.232791020348934,8.479497569977358,1661158.47
2025-04-24,8.479497569977358,8.594124358035165,8.427967119622169,8.54221278330788,2110757.2
2025-04-25,8.54221278330788,8.59278933275243,8.078827985678565,8.126945831499874,2099773.88
2025-04-26,8.126945831499874,8.259027590219938,8.01285729482819,8.144689956131378,1784141.82
2025-04-27,8.144689956131378,8.423899070667668,7.985579063220515,8.262486950207249,2469922.49
2025-04-28,8.262486950207249,8.35757220013773,8.200252121611529,8.295091784915165,2579019.58
2025-04-29,8.295091784915165,8.435658933376292,8.247486942820183,8.387523632592327,2591380.24
2025-04-30,8.387523632592327,8.5528611136112,8.18247966192375,8.347018697023527,2129244.52
2025-05-01,8.347018697023527,8.48911660090714,8.195852990992904,8.337793853058516,2249582.05
2025-05-02,8.337793853058516,8.494943541338529,8.174822648053668,8.331860505343334,2402016.41
2025-05-03,8.331860505343334,8.385508702787234,8.308283333970753,8.361846677722665,3189211.14
2025-05-04,8.361846677722665,8.519090260063816,8.116564121912722,8.272120411960397,2195295.12
2025-05-05,8.272120411960397,8.58954896500355,8.130750405964319,8.445220686445754,1708875.92
2025-05-06,8.445220686445754,8.739923699096298,8.382774113401092,8.6757723557217,2399403.79
2025-05-07,8.6757723557217,8.79060446684413,8.476754942796777,8.590457834971843,2331384.97
2025-05-08,8.590457834971843,8.63426012572901,8.361532168714403,8.40438568741943,1736280.08
2025-05-09,8.40438568741943,8.484385170628626,8.117028968820739,8.195035695895859,2352996.59
2025-05-10,8.195035695895859,8.364909500663652,8.089778603746796,8.25883299557963,2083989.52
2025-05-11,8.25883299557963,8.385145161925575,8.22591548331059,8.35185688118388,2549855.14
2025-05-12,8.35185688118388,8.580815295961674,8.189857524501354,8.417541860409077,2887706.66
2025-05-13,8.417541860409077,8.656614864910889,8.259924644132395,8.497500436223936,2273611.91
2025-05-14,8.497500436223936,8.647164168732703,8.259931143964797,8.408018866466726,2954344.52
2025-05-15,8.408018866466726,8.444291042557847,8.064610873223327,8.099552325290459,2408456.41
2025-05-16,8.099552325290459,8.21330945033198,7.912293484636287,8.025003582594838,2433622.77
2025-05-17,8.025003582594838,8.429330236179666,7.8803309499712215,8.280059522825043,2406626.29
2025-05-18,8.280059522825043,8.35976983821713,8.242987683789917,8.322507947268257,2476952.89
2025-05-19,8.322507947268257,8.50493160337033,8.208894413924638,8.390391369149492,1842984.17
2025-05-20,8.390391369149492,8.584158892929919,8.342773779738428,8.535716546446253,1645834.86
2025-05-21,8.535716546446253,8.658778509785117,8.28155668731286,8.402700924886725,3438371.3
2025-05-22,8.402700924886725,8.554445368818186,8.287958809491592,8.439204779241221,2741215.77
2025-05-23,8.439204779241221,8.672853574702842,8.289923852309213,8.52210620606641,2270169.77
2025-05-24,8.52210620606641,8.61365873965794,8.284734397760774,8.374703390749255,3391682.76
2025-05-25,8.374703390749255,8.565427326509285,8.243559148391975,8.433364476849333,5320738.72
2025-05-26,8.433364476849333,8.68994479901108,8.387378562657158,8.642816771811702,1786926.67
2025-05-27,8.642816771811702,8.7600762891606,8.462475018589942,8.578866910244592,2574804.15
2025-05-28,8.578866910244592,8.731425531238182,8.158233330263592,8.305938444280917,3071899.51
2025-05-29,8.305938444280917,8.459153163547768,8.18123427743472,8.334027275031,1729736.74
2025-05-30,8.334027275031,8.482494659833485,8.085917393645826,8.232577490849025,1775108.81
2025-05-31,8.232577490849025,8.371919852408173,8.122786588247108,8.26174003370964,3299297.45
2025-06-01,8.26174003370964,8.360264415235834,8.035692341035535,8.132677604168151,2564998.42
2025-06-02,8.132677604168151,8.293443262818698,7.982460669727487,8.143035018805556,2186036.94
2025-06-03,8.143035018805556,8.399755237160814,8.07934618318858,8.33456836844047,1725191.45
2025-06-04,8.33456836844047,8.463507433406594,8.202347604033454,8.331235102051846,2820979.65
2025-06-05,8.331235102051846,8.451828843883357,7.960401914168852,8.07732026575626,1831498.69
2025-06-06,8.07732026575626,8.271231127707372,7.942779271786315,8.135717433298707,2015313.42
2025-06-07,8.135717433298707,8.228968114770911,8.046571537038933,8.139777728439745,2047414.99
2025-06-08,8.139777728439745,8.2625285442391,8.051177261210638,8.173560357300543,2388810.51
2025-06-09,8.173560357300543,8.347637602204298,8.152183541835887,8.325862461672266,1974343.66
2025-06-10,8.325862461672266,8.482098950249647,8.09019599862676,8.244913462913487,2050406.75
2025-06-11,8.244913462913487,8.318883785826083,8.12772075820055,8.201299795372437,3292863.39
2025-06-12,8.201299795372437,8.299193587718607,7.94871739030183,8.044742455482323,2711447.42
2025-06-13,8.044742455482323,8.120069149033542,7.999949359650832,8.075106983623202,2610014.92
2025-06-14,8.075106983623202,8.207646320991223,7.969389470061446,8.101582199758937,2899565.76
2025-06-15,8.101582199758937,8.168258635116205,7.996668398863558,8.063027527296974,1995230.5
2025-06-16,8.063027527296974,8.280832951078429,7.961989810030192,8.178350127462872,2847322.51
2025-06-17,8.178350127462872,8.30295612460872,7.898921593041681,8.021132205342209,2892771.59
2025-06-18,8.021132205342209,8.1457139712127,7.9170193429335916,8.041338830422076,2012933.95
2025-06-19,8.041338830422076,8.154699468317235,8.020822864801245,8.133947229760134,3018275.04
2025-06-20,8.133947229760134,8.268234042015695,7.91934754113405,8.05228617614358,2757799.67
2025-06-21,8.05228617614358,8.149683535942025,7.75260313176663,7.847523764101267,2776226.29
2025-06-22,7.847523764101267,7.89689367659333,7.553905820239655,7.60172940469504,3943507.93
2025-06-23,7.60172940469504,7.684626133480711,7.542238684322096,7.624953661339928,2680762.24
2025-06-24,7.624953661339928,8.003936786302525,7.498389295620668,7.8732510059070995,2064025.9
2025-06-25,7.8732510059070995,8.0216862535547,7.63751804102546,7.784275830118421,2686092.15
2025-06-26,7.784275830118421,7.9824020579970885,7.654727145395414,7.851730764287655,2608641.47
2025-06-27,7.851730764287655,7.99268967271652,7.367223826461725,7.501902409636264,1970579.2
2025-06-28,7.501902409636264,7.637527086652447,7.420748449104763,7.555790179857601,1567556.57
2025-06-29,7.555790179857601,7.627583144781283,7.33297852987733,7.40332279314497,2557995.63
2025-06-30,7.40332279314497,7.527246414821368,7.226542351239239,7.349566144723939,3291324.4
2025-07-01,7.349566144723939,7.42841393591845,7.282668160046313,7.3614081616042375,3299083.04
2025-07-02,7.3614081616042375,7.469660825586672,7.030556433693751,7.135486827572075,2790276.0
2025-07-03,7.135486827572075,7.670862648231223,7.042476871619743,7.5721607163642055,3849805.92
2025-07-04,7.5721607163642055,7.608142554598339,7.451631691592461,7.487209855333414,2715938.47
2025-07-05,7.487209855333414,7.631509627472007,7.430636128320562,7.5742780091934945,2474928.41
2025-07-06,7.5742780091934945,7.836686808496836,7.530162003069013,7.791306729369378,2736090.67
2025-07-07,7.791306729369378,7.868808711582363,7.7581268141386985,7.835440847609213,2164639.78
2025-07-08,7.835440847609213,7.910372878869635,7.583975101183915,7.657202601185332,1894001.01
2025-07-09,7.657202601185332,7.7157354275231445,7.614540993490642,7.67298588429024,2035683.54
2025-07-10,7.67298588429024,7.69820098544986,7.388397660728297,7.412757595107307,2306358.41
2025-07-11,7.412757595107307,7.455197156526828,7.325400191050591,7.3675811077911835,3228616.79
2025-07-12,7.3675811077911835,7.704972194778705,7.270770911014739,7.605041759208276,1810759.28
2025-07-13,7.605041759208276,7.730918349261997,7.283805104088256,7.406393725730123,2038049.28
2025-07-14,7.406393725730123,7.482920842405905,7.217806366819655,7.293163523973715,3179852.46
2025-07-15,7.293163523973715,7.651287419520098,7.198585296458758,7.553335267605761,2378100.63
2025-07-16,7.553335267605761,7.656878013747862,7.4262931613807615,7.529509295973809,2473610.25
2025-07-17,7.529509295973809,7.632859437816644,7.3030522732311125,7.404689131889632,2367455.49
2025-07-18,7.404689131889632,7.607555673899548,7.258346815582812,7.460117893195104,4215058.16
2025-07-19,7.460117893195104,7.556811811852358,7.2995680694685365,7.395423454623999,2990933.09
2025-07-20,7.395423454623999,7.482928123349057,6.9441849385618175,7.027334275659937,2769038.3
2025-07-21,7.027334275659937,7.15102410869429,6.729748912129299,6.850323128577186,2731563.19
2025-07-22,6.850323128577186,7.215785677415923,6.760056057075134,7.1219395025359615,2880260.06
2025-07-23,7.1219395025359615,7.240437786331556,7.048964391840902,7.167000952492472,4127054.97
2025-07-24,7.167000952492472,7.481538558714723,7.056890609047557,7.3683350158945995,2367959.98
2025-07-25,7.3683350158945995,7.412811900278389,7.184081444772769,7.227709482630048,2712008.88
2025-07-26,7.227709482630048,7.329662807364903,7.119251859060131,7.221112122107692,2619004.21
2025-07-27,7.221112122107692,7.335278249845671,7.085241036133177,7.199058494972231,3258821.04
2025-07-28,7.199058494972231,7.296203691280412,7.02991973960225,7.126080155030426,3981783.87
2025-07-29,7.126080155030426,7.193742032059234,7.087747152659413,7.155252106323098,2244421.65
2025-07-30,7.155252106323098,7.235892262273572,6.928411719177334,7.0073854078323174,2911858.07
2025-07-31,7.0073854078323174,7.2886777981801645,6.891210223089112,7.1698097856556675,2717100.76
2025-08-01,7.1698097856556675,7.3010225734777,7.103493740464381,7.234111776976434,1835523.26
2025-08-02,7.234111776976434,7.369388776349848,7.0764602081972985,7.2113108327209945,3313652.2
2025-08-03,7.2113108327209945,7.251066980627679,7.190637697236055,7.230339295007814,3843421.96
2025-08-04,7.230339295007814,7.33135539317789,7.089698424602545,7.190153075385322,3191331.19
2025-08-05,7.190153075385322,7.234670957126268,6.91815102067739,6.961251657731806,2219955.86
2025-08-06,6.961251657731806,7.056460213399838,6.739894220152501,6.833353521895475,1852110.92
2025-08-07,6.833353521895475,6.963789961772617,6.6810388497363515,6.811049546807079,3051964.22
2025-08-08,6.811049546807079,6.895163680532631,6.683190477525745,6.766757621108951,1985068.74
2025-08-09,6.766757621108951,6.9182617216979505,6.700007667345935,6.850683886306083,2035132.6
2025-08-10,6.850683886306083,7.045129972586031,6.731099857773787,6.924261587905726,2739689.31
2025-08-11,6.924261587905726,6.995892186259548,6.78156030582956,6.852448001842921,3125114.84
2025-08-12,6.852448001842921,6.9357490566729085,6.648998083856146,6.730820587974216,2390433.89
2025-08-13,6.730820587974216,6.879482957658658,6.680154945068505,6.828085164454935,2469084.54
2025-08-14,6.828085164454935,6.934805261067695,6.746912273975899,6.853332231188879,2528269.92
2025-08-15,6.853332231188879,6.955340708797533,6.673534429036093,6.774367556319303,2067823.27
2025-08-16,6.774367556319303,6.850018888322572,6.5569220908728365,6.630972083946969,2364299.38
2025-08-17,6.630972083946969,6.669399702809085,6.509927287480527,6.54787333486,1735232.78
2025-08-18,6.54787333486,6.612756895948247,6.532462213734591,6.597229609544653,3124810.15
2025-08-19,6.597229609544653,6.851481560379938,6.558148776737409,6.811133597808097,5220401.97
2025-08-20,6.811133597808097,6.928997890098138,6.667421468735401,6.784830596762574,2639348.24
2025-08-21,6.784830596762574,6.91554964362952,6.551293014240487,6.6799922060328205,3501797.06
2025-08-22,6.6799922060328205,7.042337796612521,6.599006445874397,6.957981793294208,2435374.28
2025-08-23,6.957981793294208,7.0757339086259625,6.793304525593681,6.910248841156447,1856884.02
2025-08-24,6.910248841156447,6.929913003598532,6.78908494440252,6.808459449673784,4564500.74
2025-08-25,6.808459449673784,6.926685803408316,6.63990427016633,6.757241238811652,2104541.63
2025-08-26,6.757241238811652,6.805687965876564,6.652080081194782,6.700117252037219,3294585.11
2025-08-27,6.700117252037219,6.898714772383946,6.665556721765856,6.863312449001706,2744300.04
2025-08-28,6.863312449001706,6.91126982387404,6.604580464193325,6.6510546886102055,3498398.83
2025-08-29,6.6510546886102055,6.800570380455373,6.5781303208989685,6.7268153477706365,2556761.3
2025-08-30,6.7268153477706365,6.811411653567456,6.641670140341504,6.7262594552441595,1943616.78
2025-08-31,6.7262594552441595,6.740554712179658,6.642746686976689,6.656894523264565,2201935.36
2025-09-01,6.656894523264565,6.711308637389739,6.561632569415329,6.615710037481025,4681268.56
2025-09-02,6.615710037481025,6.7128313098323105,6.488673417291055,6.585348977119337,2816320.1
2025-09-03,6.585348977119337,6.699396750723752,6.483239172248129,6.597104666798923,4481081.95
2025-09-04,6.597104666798923,6.6381312887590305,6.501363599575257,6.542047829506741,2371731.68
2025-09-05,6.542047829506741,6.584155969572946,6.492725146105846,6.53478654866128,3107960.48
2025-09-06,6.53478654866128,6.627802658001137,6.348887212197428,6.440562131798938,1886142.0
2025-09-07,6.440562131798938,6.7987797304337985,6.35701290906181,6.71171304331422,2619425.38
2025-09-08,6.71171304331422,6.9163313051598125,6.638226428755866,6.841424478771815,4532557.19
2025-09-09,6.841424478771815,6.987298597170991,6.760438191820431,6.905553178074011,2137330.45
2025-09-10,6.905553178074011,6.981446538809544,6.773620523576737,6.848891157785535,2187845.58
2025-09-11,6.848891157785535,7.0214957780752725,6.784991975702019,6.956591764621514,3197629.56
2025-09-12,6.956591764621514,7.110021381024525,6.844022011853403,6.996800973332743,2675575.82
2025-09-13,6.996800973332743,7.1395856601359124,6.870896819609264,7.013383118483426,4176791.97
2025-09-14,7.013383118483426,7.108184288130238,6.850288588972946,6.944153975761064,2448013.58
2025-09-15,6.944153975761064,7.028898272928321,6.896549100435971,6.98104052596047,2645101.02
2025-09-16,6.98104052596047,7.347769637784428,6.844633244089621,7.20694819291194,2814330.92
2025-09-17,7.20694819291194,7.2447072137092,7.18108954036538,7.2188060150952085,1986889.55
2025-09-18,7.2188060150952085,7.3569528587871105,7.046437774120109,7.183916942966074,1879221.54
2025-09-19,7.183916942966074,7.284690235559141,7.097652938514021,7.198254071802411,1836882.83
2025-09-20,7.198254071802411,7.311599915616569,7.091843250529111,7.205088068292804,1137176.84
2025-09-21,7.205088068292804,7.274428731669785,7.063432451555912,7.132070404123007,2545312.96
2025-09-22,7.132070404123007,7.192176483900869,6.974741790685403,7.034021556147136,1878241.28
2025-09-23,7.034021556147136,7.183821571984821,6.991680562400951,7.140837603581774,2272223.39
2025-09-24,7.140837603581774,7.335156703120319,7.11212908598452,7.305785042525505,3355265.56
2025-09-25,7.305785042525505,7.683590881735554,7.250042367877172,7.625409492884392,2052458.85
2025-09-26,7.625409492884392,7.743120043009266,7.575224610486095,7.692493661551998,3089361.9
2025-09-27,7.692493661551998,7.799875801689783,7.603209711665867,7.710384202858624,1751480.71
2025-09-28,7.710384202858624,7.980208065053868,7.5759903587571475,7.843494083833228,2190786.37
2025-09-29,7.843494083833228,7.870983403758923,7.6843628818689895,7.711389210033512,4017972.55
2025-09-30,7.711389210033512,7.926868639064718,7.592281376989446,7.806294920534472,2336268.8
2025-10-01,7.806294920534472,8.015850256858613,7.753087853990205,7.961584747577396,3587530.9
2025-10-02,7.961584747577396,8.227649034395249,7.853788494902035,8.117738530205637,4684990.12
2025-10-03,8.117738530205637,8.489206912333552,8.009848065735811,8.377859260093826,2341515.25
2025-10-04,8.377859260093826,8.505831678888606,8.158393870035626,8.284947047929224,2201367.71
2025-10-05,8.284947047929224,8.303789263031483,8.190786171964666,8.209456701558707,1515048.68
2025-10-06,8.209456701558707,8.226079270080422,8.160696235986567,8.177253599429404,2796761.82
2025-10-07,8.177253599429404,8.218444307035073,7.967808474144835,8.008147354691873,2858585.35
2025-10-08,8.008147354691873,8.249766318415016,7.850812477882039,8.090807431405224,3152496.83
2025-10-09,8.090807431405224,8.262205061823,8.024866211356372,8.195411305468463,3681605.82
2025-10-10,8.195411305468463,8.393413172068538,8.08678477041738,8.28361750306459,2011806.19
2025-10-11,8.28361750306459,8.370673095293883,8.221124762593716,8.307996436821044,4150743.89
2025-10-12,8.307996436821044,8.559298518861208,8.218428950768578,8.468005989533886,2423147.42
2025-10-13,8.468005989533886,8.645947865350683,8.38432391971029,8.561343421416629,2847463.83
2025-10-14,8.561343421416629,8.607446413114504,8.420153426304388,8.465741600438959,2556555.41
2025-10-15,8.465741600438959,8.53726095647855,7.941331063506787,8.008991755256776,2143998.36
2025-10-16,8.008991755256776,8.052493086590152,7.916968277762887,7.9602046187636155,1926691.13
2025-10-17,7.9602046187636155,8.023092688997293,7.904211093791607,7.9670510052989965,2740355.18
2025-10-18,7.9670510052989965,8.05100367296358,7.891275230534768,7.975150859315931,2043101.81
2025-10-19,7.975150859315931,8.105303618933712,7.819518322146049,7.9492483584794265,2460606.38
2025-10-20,7.9492483584794265,7.993252274245725,7.826651849794423,7.870218286129982,2345442.65
2025-10-21,7.870218286129982,7.913688378091593,7.70380565691174,7.7465929207986575,2374881.11
2025-10-22,7.7465929207986575,7.796577648771913,7.549181407661225,7.598208689501353,1658115.9
2025-10-23,7.598208689501353,7.785869921882915,7.475055986609198,7.661688333103609,1177901.29
2025-10-24,7.661688333103609,7.871856904017055,7.612258023007333,7.821396219153619,3206798.13
2025-10-25,7.821396219153619,7.952405822858586,7.512118894344973,7.64009161776511,3444866.39
2025-10-26,7.64009161776511,7.69974497938405,7.572626262003705,7.632218148059386,1370381.73
2025-10-27,7.632218148059386,7.805193987549147,7.575338678432717,7.747455704538681,2886539.06
2025-10-28,7.747455704538681,7.815702977417496,7.652872613635619,7.720885832734648,2745110.04
2025-10-29,7.720885832734648,7.905516266944328,7.643165305823904,7.826730281162592,1867304.24
2025-10-30,7.826730281162592,8.064719278418654,7.751937871481738,7.988382120147685,3254296.41
2025-10-31,7.988382120147685,8.122202819188704,7.915698493517318,8.04896794235347,3455820.59
2025-11-01,8.04896794235347,8.209624186377356,7.815944323385644,7.975126706957131,3388388.57
2025-11-02,7.975126706957131,8.294591929511178,7.859677743179549,8.176231743265864,4021764.26
2025-11-03,8.176231743265864,8.322334317172745,7.990749932143317,8.136136028420218,3338543.88
2025-11-04,8.136136028420218,8.283280509880946,7.9498183595631735,8.096241333395222,2112023.29
2025-11-05,8.096241333395222,8.255372458258147,8.01783030894512,8.176187168984292,2611316.37
2025-11-06,8.176187168984292,8.306627660660945,8.001160702464706,8.130878350542915,2863002.82
2025-11-07,8.130878350542915,8.216038392444341,8.012850338989834,8.097662489309007,3800952.0
2025-11-08,8.097662489309007,8.200537549343895,7.939665647465117,8.041831413267607,2441801.0
2025-11-09,8.041831413267607,8.164237216185326,7.893489052577987,8.015493969707366,2219831.68
2025-11-10,8.015493969707366,8.146652569047877,7.915520439172248,8.04629487316081,1719485.9
2025-11-11,8.04629487316081,8.135853344517393,7.667347615769823,7.753648819825317,3234212.97
2025-11-12,7.753648819825317,7.770808679170134,7.723183465122994,7.740313812317014,2739575.75
2025-11-13,7.740313812317014,7.890907520724237,7.342364676908343,7.488050408402476,2093587.19
2025-11-14,7.488050408402476,7.508146167584543,7.411874422585341,7.431819273683165,3152341.65
2025-11-15,7.431819273683165,7.511403318680608,7.4008633778528266,7.480245711303848,2388034.75
2025-11-16,7.480245711303848,7.500924989675807,7.414596411831239,7.4351510251046165,1866988.17
2025-11-17,7.4351510251046165,7.635229441547105,7.3364742904254525,7.535224565693704,3626303.8
2025-11-18,7.535224565693704,7.642177795476463,7.479106765637341,7.585684202530816,1552299.49
2025-11-19,7.585684202530816,7.722893645845508,7.1528126171412625,7.284575624878909,2695168.5
2025-11-20,7.284575624878909,7.546207923256145,7.192290666380397,7.451804419604732,2528955.58
2025-11-21,7.451804419604732,7.608186130232208,7.332072650408205,7.487874800663906,1726027.29
2025-11-22,7.487874800663906,7.5224233282444075,7.374721757685543,7.40890592844485,2820362.48
2025-11-23,7.40890592844485,7.4784849222354755,7.275542832476056,7.344517134080475,2186157.53
2025-11-24,7.344517134080475,7.441758695927216,6.968972008453502,7.062479384544539,3960646.28
2025-11-25,7.062479384544539,7.130558926550102,7.024482943526958,7.092401503254658,3341828.32
2025-11-26,7.092401503254658,7.244594990265388,7.029447978327787,7.180856323279822,2747799.09
2025-11-27,7.180856323279822,7.292735935128169,6.979839798669738,7.090308654250489,1394571.22
2025-11-28,7.090308654250489,7.191554173451732,6.871744484405723,6.971290492890454,2262774.15
2025-11-29,6.971290492890454,7.118109660857929,6.844174257367375,6.990640590861296,2219589.18
2025-11-30,6.990640590861296,7.236827555052824,6.906420784473084,7.150679676320351,3518737.41
2025-12-01,7.150679676320351,7.341865322109508,7.109753229828492,7.30008377107286,2718294.02
2025-12-02,7.30008377107286,7.5480533684324,7.170016297963724,7.415921976181988,2814362.44
2025-12-03,7.415921976181988,7.853437061920982,7.272672724780211,7.704611357861524,3352994.24
2025-12-04,7.704611357861524,7.9251735607444225,7.621856457519351,7.84095420769641,3908603.75
2025-12-05,7.84095420769641,8.042934779916967,7.81335016992039,8.014719004095186,3744233.52
2025-12-06,8.014719004095186,8.081482592874389,7.9622046254366134,8.028875457705578,2980409.99
2025-12-07,8.028875457705578,8.153634664985523,7.853621935436592,7.977584136383306,2429179.77
2025-12-08,7.977584136383306,8.167334388696577,7.961596015958574,8.150998722793974,2898652.29
2025-12-09,8.150998722793974,8.210547910129867,7.944228571288309,8.002694282945747,2578643.9
2025-12-10,8.002694282945747,8.137576055500476,7.93353634217657,8.067855006693668,3164553.14
2025-12-11,8.067855006693668,8.198482981322885,7.847794686781263,7.97695081663604,2255940.26
2025-12-12,7.97695081663604,8.108323898971047,7.898243502519943,8.029102017193923,3258858.18
2025-12-13,8.029102017193923,8.16322567791225,7.937089364887726,8.070735905686808,2630410.49
2025-12-14,8.070735905686808,8.210632779367923,7.957029173979818,8.096562187154023,2863438.48
2025-12-15,8.096562187154023,8.227149097110596,7.96430237736395,8.094861863331328,1927924.01
2025-12-16,8.094861863331328,8.24363347564156,8.029409314592533,8.177512638305794,2428095.03
2025-12-17,8.177512638305794,8.328193782162709,8.135864408572976,8.28599305955029,2907062.49
2025-12-18,8.28599305955029,8.329706726464385,8.028846831300138,8.071428539510771,2484168.6
2025-12-19,8.071428539510771,8.110838690092788,8.026148946051947,8.065530297443471,1446016.48
2025-12-20,8.065530297443471,8.098276206784458,7.9707372615590995,8.003230233751212,1909805.85
2025-12-21,8.003230233751212,8.113376967666388,7.923709206819189,8.033554633965014,2831949.21
2025-12-22,8.033554633965014,8.076101129284,7.929576520991404,7.971795936173863,3787028.57
2025-12-23,7.971795936173863,8.298027790997901,7.843567401787647,8.166664738231447,2453128.83
2025-12-24,8.166664738231447,8.183006495666765,8.14085386420394,8.157176635642404,2300849.68
2025-12-25,8.157176635642404,8.470536181505693,8.000857307697853,8.311264013813236,3382366.62
2025-12-26,8.311264013813236,8.329864386642686,8.146212503743502,8.164484387938673,2607091.84
2025-12-27,8.164484387938673,8.228624611457308,8.058604958339918,8.12241468207322,3130783.17
2025-12-28,8.12241468207322,8.24890541730655,7.904820336613139,8.029869867213133,2414716.58
2025-12-29,8.029869867213133,8.233842201092658,7.887764156378818,8.090660667116095,2348936.1
2025-12-30,8.090660667116095,8.119544467669911,7.884737667909295,7.912987170964094,3193128.06
2025-12-31,7.912987170964094,8.042914243585285,7.537371167790326,7.663196814607427,3076015.11
2026-01-01,7.663196814607427,7.782184802385917,7.456720225728067,7.574328334868849,2399609.84
2026-01-02,7.574328334868849,7.734468634738828,7.4964817237605645,7.655784838799967,1962967.05
2026-01-03,7.655784838799967,7.757486946488907,7.4406168870985105,7.540791381720778,1712948.21
2026-01-04,7.540791381720778,7.644812180219715,7.475874168040633,7.579561204636981,1770295.94
2026-01-05,7.579561204636981,7.637263743597968,7.43158758152223,7.4885976226602775,2219323.63
2026-01-06,7.4885976226602775,7.508028515656194,7.227391031614239,7.246192949801069,2814148.86
2026-01-07,7.246192949801069,7.380004952418267,7.230808987897938,7.364370095635311,1714466.61
2026-01-08,7.364370095635311,7.541484698685709,7.279894447250965,7.455958453198133,1742667.86
2026-01-09,7.455958453198133,7.472425546926498,7.434830814870109,7.451287592621072,2857370.26
2026-01-10,7.451287592621072,7.489643671216142,7.419909091831143,7.4582359100091455,3848538.87
2026-01-11,7.4582359100091455,7.486110310096511,7.402278201683447,7.4300472495119,3413394.95
2026-01-12,7.4300472495119,7.5295768436325154,7.1901560279116365,7.287779871787877,1640666.63
2026-01-13,7.287779871787877,7.575168759545787,7.1854515059248465,7.470277922311257,2867512.03
2026-01-14,7.470277922311257,7.586647255414179,7.340889049399391,7.457052359385966,3301777.51
2026-01-15,7.457052359385966,7.655527788151214,7.311509738614454,7.508971831851462,2297212.99
2026-01-16,7.508971831851462,7.656432647082159,7.293544311648432,7.43964366376359,2450502.38
2026-01-17,7.43964366376359,7.545957588302941,7.396966815805415,7.502917774091515,2826073.0
2026-01-18,7.502917774091515,7.731406739805961,7.440411214537824,7.667528811152798,2937218.44
2026-01-19,7.667528811152798,7.785727915183475,7.574697625275316,7.692593272517094,2857057.54
2026-01-20,7.692593272517094,7.767649386625385,7.6710886887652405,7.745995517319853,3116098.12
2026-01-21,7.745995517319853,7.919223030456925,7.7036737884517485,7.8761899593394,2744022.67
2026-01-22,7.8761899593394,8.121478296033949,7.739424594955394,7.982860658268592,2223443.77
2026-01-23,7.982860658268592,8.218593198551416,7.9082469644147215,8.14248751455818,2325525.53
2026-01-24,8.14248751455818,8.280736038812355,8.055174232432172,8.192882364120846,2139813.38
2026-01-25,8.192882364120846,8.369280477392367,8.06787892886431,8.243504669027962,2316938.2
2026-01-26,8.243504669027962,8.418920214599844,8.10701484459827,8.28179638440217,2992001.57
2026-01-27,8.28179638440217,8.566800143364583,8.136299163532009,8.418894342167642,2143243.66
2026-01-28,8.418894342167642,8.571341418859912,8.200483267953194,8.35171385849776,3397367.06
2026-01-29,8.35171385849776,8.498273092725576,8.290733049881405,8.436671954737905,2030803.64
2026-01-30,8.436671954737905,8.931577891807459,8.321233915331652,8.811017721119702,2735520.18
2026-01-31,8.811017721119702,8.907421192410954,8.77575504939585,8.871914803797251,3204215.27
2026-02-01,8.871914803797251,9.044385397238623,8.506449483430341,8.67509386518749,2908715.27
2026-02-02,8.67509386518749,8.73423627506786,8.570033661360009,8.628860878077496,1638271.46
2026-02-03,8.628860878077496,8.810289989320863,8.550970009445297,8.731472864389158,2688076.21
2026-02-04,8.731472864389158,8.895207797428544,8.461203500526342,8.622902492686464,2162062.38
2026-02-05,8.622902492686464,8.737955316335979,8.3535474253761,8.466513598518231,1868161.03
2026-02-06,8.466513598518231,8.527381954586883,8.191012335707196,8.250326456281151,2748984.57
2026-02-07,8.250326456281151,8.279638497988193,8.189826021256954,8.219026860691432,1902710.92
2026-02-08,8.219026860691432,8.56500164700322,8.130288660220499,8.473515810849914,2764096.71
2026-02-09,8.473515810849914,8.580561262601526,8.28417077487552,8.390163238234898,3741569.85
2026-02-10,8.390163238234898,8.650532933010764,8.272439935705359,8.530835837776223,2804067.89
2026-02-11,8.530835837776223,8.573183744198543,8.445016831012653,8.487147866055263,2452992.73
2026-02-12,8.487147866055263,8.611964687600814,8.302557327642464,8.426481961912527,2497612.9
2026-02-13,8.426481961912527,8.582581104864694,8.354632947741663,8.510019799219924,3267443.71
2026-02-14,8.510019799219924,8.67164378479861,8.111585218092129,8.268624577697837,2408760.97
2026-02-15,8.268624577697837,8.651360778905755,8.154830854854625,8.533916085096106,2314448.13
2026-02-16,8.533916085096106,8.781548662642649,8.375822869427427,8.62182687466596,2059952.0
2026-02-17,8.62182687466596,8.817796789650032,8.599907235857158,8.795435777510534,2079221.78
2026-02-18,8.795435777510534,8.9560463307408,8.594032295102977,8.753884086603518,3250543.63
2026-02-19,8.753884086603518,8.994560003368697,8.598050450613446,8.837242450434168,2302551.84
2026-02-20,8.837242450434168,9.095755125196492,8.738316505334057,8.99506250926404,2987144.45
2026-02-21,8.99506250926404,9.171144128056895,8.80501016953343,8.980812845987144,3048080.37
2026-02-22,8.980812845987144,9.119889411252334,8.698521813441504,8.835345679058879,2047268.72
2026-02-23,8.835345679058879,9.011267208158044,8.507945670322602,8.680789820914619,2131319.23
2026-02-24,8.680789820914619,8.816332340758711,8.478485520534544,8.612969082147902,3003647.83
2026-02-25,8.612969082147902,8.810770237779924,8.45385842711702,8.65095780266056,2692920.42
2026-02-26,8.65095780266056,8.698958904465815,8.57766374684062,8.625523723948538,2486314.17
2026-02-27,8.625523723948538,8.67335914472392,8.499999687240797,8.547401859861052,2918125.2
2026-02-28,8.547401859861052,8.754825920639412,8.452189971645497,8.658377840093399,3348870.57
2026-03-01,8.658377840093399,8.789352212763633,8.454685662424412,8.584543145419136,2574816.49
2026-03-02,8.584543145419136,8.642660259647727,8.431994572588465,8.489468030982092,2255320.36
2026-03-03,8.489468030982092,8.7242916339518,8.408775488905485,8.64214786736074,2677333.83
2026-03-04,8.64214786736074,8.77792300640873,8.598042886202903,8.733352564406387,2126193.36
2026-03-05,8.733352564406387,8.896312506579552,8.37586093870076,8.53512199876938,2694448.83
2026-03-06,8.53512199876938,8.666558284071057,8.19657869473182,8.324775761179925,2601244.74
2026-03-07,8.324775761179925,8.347176169101035,8.131880194360312,8.153820594037347,2120277.38
2026-03-08,8.153820594037347,8.173430415960839,8.130524781395847,8.150125717193369,2349775.6
2026-03-09,8.150125717193369,8.499914340087651,7.988033345983542,8.33416179897141,2397567.55
2026-03-10,8.33416179897141,8.643851168696497,8.258074843414674,8.565650827790106,3123041.57
2026-03-11,8.565650827790106,8.800293043933127,8.455658297815846,8.688720166107208,2089095.95
2026-03-12,8.688720166107208,9.180451076214933,8.523102077793585,9.00873313260234,2123682.3
2026-03-13,9.00873313260234,9.217833599742287,8.83572438440933,9.044144786350733,2368152.63
2026-03-14,9.044144786350733,9.270700952836485,9.01043888431249,9.236279001113724,2993671.25
2026-03-15,9.236279001113724,9.360395841959685,9.015726904248648,9.138530199625077,3118464.58
2026-03-16,9.138530199625077,9.320121027406602,8.699193653199169,8.87555900646728,2775915.85
2026-03-17,8.87555900646728,8.922011729051816,8.778992267180092,8.825181324061596,3108750.42
2026-03-18,8.825181324061596,8.948123558622035,8.682817760661324,8.805485617381631,3476655.19
2026-03-19,8.805485617381631,9.393449006264417,8.665196125562478,9.246138999984177,2704422.47
2026-03-20,9.246138999984177,9.27828065762738,9.2150705362083,9.247208599829818,2127830.9
2026-03-21,9.247208599829818,9.330122907831276,8.991321802179023,9.072671134872413,2550163.83
2026-03-22,9.072671134872413,9.29286361268577,9.021000142323372,9.240238285863873,1849817.8
2026-03-23,9.240238285863873,9.268162293429672,9.08252141858444,9.110052003098534,2869655.24
2026-03-24,9.110052003098534,9.170458184524898,9.075548733437044,9.135857180733865,2299278.44
2026-03-25,9.135857180733865,9.365012894713725,9.06138187712437,9.28928683598281,2673877.6
2026-03-26,9.28928683598281,9.404706584949079,9.015340635617157,9.128765905804578,2545376.94
2026-03-27,9.128765905804578,9.57477531646358,8.953811626347328,9.394723908736315,2362591.03
2026-03-28,9.394723908736315,9.77835732472428,9.217707560066295,9.597519873742039,2750710.32
2026-03-29,9.597519873742039,9.833881340466492,9.42761422715926,9.662819686185793,2520123.6
2026-03-30,9.662819686185793,10.146996237603702,9.509317493504064,9.98832314285132,2220852.35
2026-03-31,9.98832314285132,10.015616115749612,9.890765276972216,9.917865725825594,1975916.42
2026-04-01,9.917865725825594,10.162298686386364,9.825615977390763,10.068646470310604,2841979.95
2026-04-02,10.068646470310604,10.285192439050402,9.90726256944627,10.122938328678327,1923058.77
2026-04-03,10.122938328678327,10.319473528731118,9.809025661788226,10.003236877651815,4072327.35
2026-04-04,10.003236877651815,10.106474432296528,9.788477640985251,9.890552243455305,3586940.79
2026-04-05,9.890552243455305,10.42798331264873,9.745923076703225,10.277693001416399,1747266.98
2026-04-06,10.277693001416399,10.69504848058128,10.073002340294757,10.4862050901183,3041614.29
2026-04-07,10.4862050901183,10.805694797947112,10.347638395230868,10.664768532008212,3455927.1
2026-04-08,10.664768532008212,10.835598285453203,10.372308066865216,10.541157806425131,2245629.33
2026-04-09,10.541157806425131,10.891244508978422,10.336726191173389,10.684041849384839,2838537.12
2026-04-10,10.684041849384839,10.84196834676517,10.454664437560476,10.611518935226249,2519893.91
2026-04-11,10.611518935226249,11.005830942915848,10.565101762552787,10.957898627491891,3083216.7
2026-04-12,10.957898627491891,11.432651103960191,10.74286091593167,11.212614843494876,2325464.24
2026-04-13,11.212614843494876,11.597895700720287,11.027926903349757,11.409957246539825,3350138.91
2026-04-14,11.409957246539825,11.666944064396905,11.33279631474889,11.588575211462164,2508440.23
2026-04-15,11.588575211462164,11.817702033068871,11.34207783052006,11.57085427762675,2401855.77
2026-04-16,11.57085427762675,11.719110962581153,11.531124689307147,11.679010011639255,3057597.43
2026-04-17,11.679010011639255,12.25215010436602,11.458074436781086,12.024675465353539,3256620.57
2026-04-18,12.024675465353539,12.34033150066123,11.818571519658432,12.132381465099773,1449809.21
2026-04-19,12.132381465099773,12.216692081012,11.86017819293694,11.94317396386094,1257966.3
2026-04-20,11.94317396386094,12.444357736268186,11.734318349081352,12.230477909139248,2831848.44
2026-04-21,12.230477909139248,12.268237898222353,12.039104736163203,12.076388996029504,2203419.5
2026-04-22,12.076388996029504,12.307530400371292,11.84011744483209,12.071158742414648,1868726.18
2026-04-23,12.071158742414648,12.226719032384132,11.811180896839412,11.96537799676076,2367940.1
2026-04-24,11.96537799676076,12.101539827735422,11.263129289239416,11.392775098820854,5383243.88
2026-04-25,11.392775098820854,11.658674387175783,11.166756765650838,11.431880256839834,1864499.83
2026-04-26,11.431880256839834,11.940588542414368,11.403592048420991,11.911114468071096,3244381.27
2026-04-27,11.911114468071096,12.119147273695154,11.77742670704689,11.984634341583307,2149334.33
2026-04-28,11.984634341583307,12.867522928757626,11.80206114893248,12.674441259360519,1808440.36
2026-04-29,12.674441259360519,12.725402439603501,12.588645924739652,12.639466478973901,2231164.22
2026-04-30,12.639466478973901,12.72269781875312,12.610782749626122,12.69389058053716,1822420.43
