Date,Open,High,Low,Close,Volume
2020-01-01,420.0,422.7066298890374,417.29337011096254,420.0,683501.15
2020-01-02,420.0,426.8538772340413,402.15639444574356,408.8279578576486,734803.03
2020-01-03,408.8279578576486,413.50664047224905,399.1701454242746,403.7911865446403,554720.88
2020-01-04,403.7911865446403,408.6339753146802,391.554626274841,396.3076629020298,804818.53
2020-01-05,396.3076629020298,398.5903898094462,393.0812936420054,395.35855369290465,1030442.44
2020-01-06,395.35855369290465,401.68518928519967,390.2499880441582,396.5610853064111,433903.71
2020-01-07,396.5610853064111,400.28565085108625,387.56712531577364,391.24173062506475,771984.23
2020-01-08,391.24173062506475,397.93087039747627,388.90555659676806,395.5688583193367,684196.03
2020-01-09,395.5688583193367,402.32007405976174,384.4306206692787,391.10566257362603,649895.21
2020-01-10,391.10566257362603,393.395842751911,387.8339574401994,390.11835629264084,759491.12
2020-01-11,390.11835629264084,393.0074291887082,373.03498942849046,375.81816033898923,988212.76
2020-01-12,375.81816033898923,377.7398211198488,374.4789679995458,376.39856057924425,746472.55
2020-01-13,376.39856057924425,396.9244348503824,371.06421426430285,391.37780169899617,889691.74
2020-01-14,391.37780169899617,399.6600776439171,388.59522264690935,396.8386734279777,693210.51
2020-01-15,396.8386734279777,404.4746055760377,388.09283764190286,395.706994124039,766895.11
2020-01-16,395.706994124039,401.78006999831837,381.96498947821897,387.91853267291737,611006.76
2020-01-17,387.91853267291737,406.3311741866601,380.850197414317,399.0598312678115,706663.21
2020-01-18,399.0598312678115,401.2688332325126,395.79815884352524,398.0013012989556,653989.32
2020-01-19,398.0013012989556,403.38069376397283,388.1296410171831,393.44748400902887,718944.81
2020-01-20,393.44748400902887,400.4654601116979,382.1735015852775,389.1141840288365,462789.9
2020-01-21,389.1141840288365,411.13745801790037,381.60144429090997,403.3498658663964,529695.64
2020-01-22,403.3498658663964,408.877312240647,397.0607928306224,402.57765696937673,942098.46
2020-01-23,402.57765696937673,413.50640914354193,394.90580968247167,405.7736562938907,991876.82
2020-01-24,405.7736562938907,407.66346393485475,402.5195732383509,404.4029973160419,454053.32
2020-01-25,404.4029973160419,405.5070758943606,402.8951271495524,403.9981003005519,607484.94
2020-01-26,403.9981003005519,408.18818792823816,396.9339463374122,401.09391303352226,580633.0
2020-01-27,401.09391303352226,414.291665763358,398.00081925801703,411.12124476755946,745769.59
2020-01-28,411.12124476755946,419.167145477486,403.44645069122436,411.48555055604015,685493.24
2020-01-29,411.48555055604015,412.4276545869844,400.73047688428755,401.65006237710287,829763.29
2020-01-30,401.65006237710287,407.5611590765935,398.5545863105852,404.4441492673809,499329.43
2020-01-31,404.4441492673809,407.7991947926429,400.3448105616911,403.693630194798,764000.03
2020-02-01,403.693630194798,412.4392350569545,397.7054005716837,406.4107014865387,643946.48
2020-02-02,406.4107014865387,407.23712935048843,403.31822993468427,404.14004045578713,582173.65
2020-02-03,404.14004045578713,411.1309587083629,393.5038664384556,400.4306181509676,781730.26
2020-02-04,400.4306181509676,414.36825597356994,392.8944820938069,406.713868642802,658058.19
2020-02-05,406.713868642802,424.5393223007947,402.35631862347464,420.03900618025796,682594.67
2020-02-06,420.03900618025796,421.69697554509196,405.21136824401225,406.81714856317967,977664.3
2020-02-07,406.81714856317967,408.6316657596743,405.63219823344707,407.44488699457736,712517.9
2020-02-08,407.44488699457736,410.15515332648357,401.0260347321138,403.7114668762006,1138337.19
2020-02-09,403.7114668762006,405.4968378866432,395.6943665821738,397.45205601403205,390973.72
2020-02-10,397.45205601403205,401.8451107099424,378.73432471211,382.9672785386333,698327.9
2020-02-11,382.9672785386333,389.0258037661663,379.37382969615055,385.4094396991016,530160.46
2020-02-12,385.4094396991016,387.5105837853291,380.16817067261746,382.25210183905233,555050.09
2020-02-13,382.25210183905233,388.7492869378602,372.29352268660324,378.730856757881,594181.75
2020-02-14,378.730856757881,391.6814757075789,373.88106876392106,386.7292651507296,881588.47
2020-02-15,386.7292651507296,391.8624572528999,378.758012994496,383.85302779746456,632331.45
2020-02-16,383.85302779746456,389.34218308443906,375.27483302309247,380.71917373165223,526203.31
2020-02-17,380.71917373165223,387.40710627736155,365.5444033620887,372.08058548526026,825518.21
2020-02-18,372.08058548526026,377.3450469482265,361.15375328018405,366.33694968796686,520861.98
2020-02-19,366.33694968796686,377.4325273363034,364.72738263598086,375.78146411730387,1063248.68
2020-02-20,375.78146411730387,383.1984203012885,372.43858964155703,379.81962319444625,506903.62
2020-02-21,379.81962319444625,392.83384302518874,375.49389390021736,388.41027561371345,651483.56
2020-02-22,388.41027561371345,390.4820417244067,380.81717417556723,382.85933175608346,1132499.27
2020-02-23,382.85933175608346,392.594985203606,375.6139875225374,385.3033889033359,645436.5
2020-02-24,385.3033889033359,394.95636316720703,382.78283238394175,392.389451433657,778204.42
2020-02-25,392.389451433657,402.686502201486,386.1515480041036,396.38507937519887,681092.7
2020-02-26,396.38507937519887,415.19825538601106,388.80267104450587,407.4050472533305,699768.64
2020-02-27,407.4050472533305,413.14525747847625,404.5749725207229,410.29510669561233,570468.62
2020-02-28,410.29510669561233,414.5194748046745,406.10934095508713,410.3333192259626,783976.03
2020-02-29,410.3333192259626,412.99156539996625,391.47742720598904,394.030056596078,975464.65
2020-03-01,394.030056596078,403.596917864068,387.4084229942281,396.9266080205939,430762.85
2020-03-02,396.9266080205939,407.6389850801283,390.45099635797015,401.09536276689977,555570.06
2020-03-03,401.09536276689977,416.57396076206044,393.84360836612217,409.17610749898677,609674.03
2020-03-04,409.17610749898677,410.45625365081304,402.3862177026636,403.6490720011929,560738.21
2020-03-05,403.6490720011929,409.83334010688344,397.2839153489778,403.465368958245,822007.37
2020-03-06,403.465368958245,408.4819255344294,387.7030445260519,392.58430956483164,601594.7
2020-03-07,392.58430956483164,396.3620350419619,378.1693314636004,381.8437031862179,714312.08
2020-03-08,381.8437031862179,392.2294380721122,374.9664560960999,385.2901188516728,1016231.16
2020-03-09,385.2901188516728,400.79785974857003,378.5042712114134,393.8610580998217,446917.56
2020-03-10,393.8610580998217,408.7465775272427,388.112561408543,402.8666421745579,757732.42
2020-03-11,402.8666421745579,408.04943348567866,400.8131268805441,405.98004835648425,678848.0
2020-03-12,405.98004835648425,423.4433721082207,403.2708614874834,420.6363805738141,679349.41
2020-03-13,420.6363805738141,422.65940552752005,415.8367493501595,417.84635585054735,558254.45
2020-03-14,417.84635585054735,427.23942298083233,415.0834091278626,424.4329235612882,636466.71
2020-03-15,424.4329235612882,431.1886035536889,408.3278380423819,414.9322969835313,698613.76
2020-03-16,414.9322969835313,418.2537603289095,389.90604031913165,393.05235843135137,668515.27
2020-03-17,393.05235843135137,395.8379546147772,387.08361663878185,389.8464925725788,833271.43
2020-03-18,389.8464925725788,392.3727476360361,386.562206868602,389.08351775781165,532500.67
2020-03-19,389.08351775781165,391.84825507441684,387.9518534874283,390.71185472378227,493671.15
2020-03-20,390.71185472378227,393.8859424739584,386.34182735158095,389.5061198827417,423914.14
2020-03-21,389.5061198827417,393.44437734434183,388.06487175427486,391.99392385903514,725175.24
2020-03-22,391.99392385903514,408.9010480379984,387.24508389785905,404.0066786526766,845724.03
2020-03-23,404.0066786526766,411.42061890205304,401.8538351908621,409.23988906258546,522039.07
2020-03-24,409.23988906258546,412.0598384022511,401.1305883820175,403.9138374976951,510526.43
2020-03-25,403.9138374976951,408.19954688029065,382.70314978522737,386.8073515778275,1122394.59
2020-03-26,386.8073515778275,390.23435300393527,376.3722158993091,379.73657226270603,963358.4
2020-03-27,379.73657226270603,391.72389632413575,376.77952445006275,388.6970721754673,977031.62
2020-03-28,388.6970721754673,396.1673015999409,377.97232673493494,385.3787831545222,763858.16
2020-03-29,385.3787831545222,391.16111135917157,384.2032721473135,389.97159102803204,834997.46
2020-03-30,389.97159102803204,401.39564683767907,383.01200208448455,394.3577802082054,651527.1
2020-03-31,394.3577802082054,401.73765003292465,386.65417272182174,394.02786870111896,490363.51
2020-04-01,394.02786870111896,401.6807885802613,385.84427295226016,393.48668174644445,496600.14
2020-04-02,393.48668174644445,400.37943664628153,382.23096258399505,389.04592825536645,700557.62
2020-04-03,389.04592825536645,411.05790925169543,382.5966061681066,404.3548076316806,882123.51
2020-04-04,404.3548076316806,406.8864823385272,395.2918401513506,397.7823646421872,671295.96
2020-04-05,397.7823646421872,407.7364346655973,395.6969203307526,405.60995284035835,815117.79
2020-04-06,405.60995284035835,416.81148387022745,400.39827121163813,411.52381503571394,684476.04
2020-04-07,411.52381503571394,420.813033896704,406.73407976322613,415.9715315480884,755344.93
2020-04-08,415.9715315480884,422.2010382948311,408.9455067434411,415.1629036398017,848773.22
2020-04-09,415.1629036398017,416.871123572591,403.0708627033572,404.7361810783314,976322.88
2020-04-10,404.7361810783314,407.6298132084272,394.001538226201,396.83870794180865,751759.68
2020-04-11,396.83870794180865,402.43422409414814,386.0903752614968,391.6121964110417,1136745.67
2020-04-12,391.6121964110417,399.30022022086945,386.51580265729757,394.1705325895606,660373.88
2020-04-13,394.1705325895606,403.6439444998253,390.9087376658459,400.33116977564606,974579.33
2020-04-14,400.33116977564606,404.4368099485427,398.4633779225538,402.5586256398279,809734.66
2020-04-15,402.5586256398279,411.47275179563104,395.5373316111598,404.41900956754375,442938.69
2020-04-16,404.41900956754375,418.80299438449947,397.55990392655605,411.81839229890414,996738.99
2020-04-17,411.81839229890414,413.72582828107284,395.42653432288915,397.26657003857014,556426.06
2020-04-18,397.26657003857014,403.4191810952261,376.5322066326772,382.4554322412585,657777.93
2020-04-19,382.4554322412585,384.1973387179235,370.7168167387682,372.41298454050053,870760.62
2020-04-20,372.41298454050053,382.2940129692218,368.64199126963604,378.46177067441135,581113.96
2020-04-21,378.46177067441135,382.3940240726806,361.79869905001306,365.5972892764274,687671.8
2020-04-22,365.5972892764274,368.97273126067694,362.20542763955075,365.5807166137451,824999.64
2020-04-23,365.5807166137451,368.56347701659683,356.9852114140232,359.92180091975695,569937.66
2020-04-24,359.92180091975695,364.69241359295364,356.1728468508001,360.932927604317,659920.7
2020-04-25,360.932927604317,366.2788210385551,354.7622754002526,360.0957694158709,640802.87
2020-04-26,360.0957694158709,364.5800288061356,357.2298134408227,361.7012946618816,890755.9
2020-04-27,361.7012946618816,366.2017409373025,354.79077532411907,359.2608565979283,1036038.88
2020-04-28,359.2608565979283,366.79823203662875,356.22320316170084,363.7228511584596,531694.14
2020-04-29,363.7228511584596,380.34849188619944,356.63770253138557,373.08104998457964,713734.12
2020-04-30,373.08104998457964,386.82483339510486,367.74330170421393,381.36851463207176,614033.18
2020-05-01,381.36851463207176,387.9817832519221,372.46317279068245,379.0359934219543,705450.43
2020-05-02,379.0359934219543,382.7421156077635,369.80953305008006,373.4611457246767,1088723.75
2020-05-03,373.4611457246767,377.25071931620766,370.99097507412046,374.77187912874643,769727.62
2020-05-04,374.77187912874643,389.15557785206005,373.48950108006034,387.8285231490846,608088.0
2020-05-05,387.8285231490846,394.3079565904289,381.04647433024223,387.5207660884155,497212.48
2020-05-06,387.5207660884155,398.95284756316045,381.8759433958665,393.22493507172373,898613.99
2020-05-07,393.22493507172373,405.32437042750604,386.6258110154722,398.6344633486101,624083.38
2020-05-08,398.6344633486101,409.7836985674664,392.96405623661553,404.03645046706833,576561.87
2020-05-09,404.03645046706833,414.1765471446893,402.95357923782586,413.069466236151,755272.68
2020-05-10,413.069466236151,417.0545003354052,399.9346101488736,403.83051264164266,809025.65
2020-05-11,403.83051264164266,407.04802008765296,394.0519886902202,397.2168015926541,638390.03
2020-05-12,397.2168015926541,401.49064110274117,393.32267215753996,397.59282530541304,552579.28
2020-05-13,397.59282530541304,411.88000592084694,392.01688210883617,406.18358373677336,985569.78
2020-05-14,406.18358373677336,420.0025851471076,401.2313002677098,414.9434987834588,830447.64
2020-05-15,414.9434987834588,420.52088968217817,409.09192623389373,414.6655815565247,895958.06
2020-05-16,414.6655815565247,424.37204715315204,412.26522830117443,421.9296447897866,640237.66
2020-05-17,421.9296447897866,426.5420505413951,414.3410964691888,418.9206083553666,568877.19
2020-05-18,418.9206083553666,421.53174027722645,410.4602079356842,413.03465269917075,612710.47
2020-05-19,413.03465269917075,417.66074137660974,399.18982711652757,403.71149414815807,478266.93
2020-05-20,403.71149414815807,406.6628004576047,399.86110507304875,402.80579029407505,643839.67
2020-05-21,402.80579029407505,405.1857888856045,398.08534877442196,400.45143654654896,591251.98
2020-05-22,400.45143654654896,415.2156424610176,392.8726321487858,407.5033755226141,686533.74
2020-05-23,407.5033755226141,414.34390002649883,404.72251119825904,411.5355197435331,708633.12
2020-05-24,411.5355197435331,417.43817429486637,406.07574772977426,411.9726035641152,716055.02
2020-05-25,411.9726035641152,417.9142960399169,406.5034817869617,412.43898286755217,604705.16
2020-05-26,412.43898286755217,417.5451274702708,404.44484422153147,409.5147862061168,520098.78
2020-05-27,409.5147862061168,415.6320464100253,391.23800028209445,397.17086921438755,488105.79
2020-05-28,397.17086921438755,402.31439359671026,384.14984290000814,389.19001193277813,735037.76
2020-05-29,389.19001193277813,401.3870628490493,382.4596660840376,394.5637871596618,724092.65
2020-05-30,394.5637871596618,395.53386886569496,392.7024514993626,393.67033655147446,494260.2
2020-05-31,393.67033655147446,394.9804058425152,383.61730506536156,384.89818208786687,999940.85
2020-06-01,384.89818208786687,398.8637923145557,380.2893607241952,394.14425723322273,862442.28
2020-06-02,394.14425723322273,409.6594631482005,390.520544949404,405.9274179797693,542240.02
2020-06-03,405.9274179797693,416.92429226614536,403.5662101912043,414.51314283897676,748035.93
2020-06-04,414.51314283897676,421.0991233356722,411.05200622330426,417.6121106981809,676454.44
2020-06-05,417.6121106981809,425.4802148451075,411.8950329395319,419.73408738835593,747681.15
2020-06-06,419.73408738835593,427.0192426008427,412.3252558612551,419.60822655808965,730755.47
2020-06-07,419.60822655808965,423.0639091744595,417.3978403079513,420.8469974039158,827987.3
2020-06-08,420.8469974039158,428.5851116786612,417.79092879225675,425.49528852749427,1013208.06
2020-06-09,425.49528852749427,432.72764293910836,423.5717856590897,430.780248769299,754364.61
2020-06-10,430.780248769299,442.8848403844637,422.1908819907436,434.22675343418433,799765.46
2020-06-11,434.22675343418433,435.25082553893435,409.4141132941057,410.3819502692342,1009577.18
2020-06-12,410.3819502692342,420.7020986139335,408.39606625517655,418.6760783891262,611929.86
2020-06-13,418.6760783891262,423.9242520627264,414.938893824376,420.17369943955964,554359.42
2020-06-14,420.17369943955964,422.51855982858604,408.1967746497597,410.4875797793903,828045.63
2020-06-15,410.4875797793903,417.8130365047163,404.6408223182477,411.94551305051874,515612.96
2020-06-16,411.94551305051874,415.15400872854923,410.9520847500465,414.1552515273607,572021.59
2020-06-17,414.1552515273607,418.82154055424,398.5775672489692,403.11951660227305,1019763.97
2020-06-18,403.11951660227305,405.3527160173263,396.51090511404146,398.7197306174307,455597.3
2020-06-19,398.7197306174307,404.05271385232305,385.9917556687223,391.2244880255809,755057.12
2020-06-20,391.2244880255809,392.83268329190537,383.16728612104475,384.7488622183539,488104.13
2020-06-21,384.7488622183539,390.7651731163403,382.61176008189244,388.60664279148267,775657.63
2020-06-22,388.60664279148267,395.189673077567,377.9871405021395,384.50061430905197,1106749.13
2020-06-23,384.50061430905197,392.1790761611852,377.5023869053717,385.1686892442423,543428.11
2020-06-24,385.1686892442423,393.4741216836884,381.8931401979423,390.1561582362277,413745.0
2020-06-25,390.1561582362277,395.0629601608183,382.42057755369024,387.2913501979554,765271.78
2020-06-26,387.2913501979554,398.13454368617056,381.80848540724185,392.57685229951295,598355.98
2020-06-27,392.57685229951295,408.23293729389746,386.41514157629683,401.92450991675804,668514.91
2020-06-28,401.92450991675804,412.6425358140761,397.2448711925476,407.89340082293995,766824.89
2020-06-29,407.89340082293995,417.3109325699862,402.8292888195769,412.19343443246913,805783.28
2020-06-30,412.19343443246913,425.11213605255045,405.555212547657,418.37437246071374,807765.79
2020-07-01,418.37437246071374,426.2770462527101,413.42268739744867,421.29084319427267,695210.96
2020-07-02,421.29084319427267,432.5613418381888,416.36956826302907,427.56675534643057,780560.36
2020-07-03,427.56675534643057,430.5999803145596,416.0650833790936,419.03780263202884,667864.54
2020-07-04,419.03780263202884,426.19820797180705,411.39905384930313,418.5511432849661,644733.27
2020-07-05,418.5511432849661,425.64299636205226,414.3853453304167,421.4483626707363,697156.53
2020-07-06,421.4483626707363,426.48417954952055,415.92572075220227,420.9556502921517,808672.57
2020-07-07,420.9556502921517,445.4882571687167,415.321714796869,439.60472838973453,595453.76
2020-07-08,439.60472838973453,444.76217776697206,433.0671949121321,438.2082609116209,738621.51
2020-07-09,438.2082609116209,442.5741416813655,420.7406938826092,424.9747286116976,624109.47
2020-07-10,424.9747286116976,430.0015845087677,420.41064278971015,425.43258150056204,582361.62
2020-07-11,425.43258150056204,433.25672341723805,423.8163739555917,431.61702134277226,910445.44
2020-07-12,431.61702134277226,438.86862954486173,418.06741651898517,425.2114037827408,768054.92
2020-07-13,425.2114037827408,426.68082819520765,423.526312598822,424.9949891363217,769828.19
2020-07-14,424.9949891363217,433.3957336356562,416.1197302889975,424.51090606804837,552658.54
2020-07-15,424.51090606804837,432.7704505412552,415.8749995607831,424.127076000861,658148.05
2020-07-16,424.127076000861,431.71132354711614,412.3121398531305,419.81935668980947,813435.73
2020-07-17,419.81935668980947,429.34912681352023,418.40063378108,427.90308603146684,768263.57
2020-07-18,427.90308603146684,445.377838443101,426.84761883033326,444.28197102876464,1329065.49
2020-07-19,444.28197102876464,450.1074740875811,432.19826047137485,437.94061455283804,739559.16
2020-07-20,437.94061455283804,440.1204590074171,426.0870113664461,428.21846392626674,592788.19
2020-07-21,428.21846392626674,436.32497415822877,417.0011304896683,425.0476140551276,627843.5
2020-07-22,425.0476140551276,441.58229245037796,419.16932462279095,435.5586384945336,565071.24
2020-07-23,435.5586384945336,443.1648991061538,426.1025330418389,433.6759152242706,595552.18
2020-07-24,433.6759152242706,445.16626521620344,425.04806385160146,436.482576171539,717671.28
2020-07-25,436.482576171539,444.7275402063243,421.5947195045487,429.7117862942365,623369.34
2020-07-26,429.7117862942365,444.9388160872039,428.0388624114519,443.2133289425512,977599.92
2020-07-27,443.2133289425512,451.93823538219806,432.3311228379106,441.01270881891116,872473.68
2020-07-28,441.01270881891116,444.4182130547721,439.5728746350836,442.97198216472185,868786.37
2020-07-29,442.97198216472185,450.06471438842647,429.9811513651663,436.9779083071084,657279.35
2020-07-30,436.9779083071084,443.74584171071007,423.68385455139014,430.3491210004729,879659.72
2020-07-31,430.3491210004729,432.8863805106136,427.8387994128004,430.375902699369,904029.56
2020-08-01,430.375902699369,435.033550063119,426.55377679794907,431.20406929591894,1043194.86
2020-08-02,431.20406929591894,443.57724661991733,425.44692497029445,437.73293332906803,611427.34
2020-08-03,437.73293332906803,442.5292927609819,420.5501914807949,425.20932632667945,702034.81
2020-08-04,425.20932632667945,431.44700164649043,412.1973189050387,418.3341375581558,580199.47
2020-08-05,418.3341375581558,420.1576707261547,411.6469534802723,413.4491930037439,1354112.17
2020-08-06,413.4491930037439,418.22456485544774,409.5926268360567,414.35950746798267,665549.89
2020-08-07,414.35950746798267,420.53817689706364,400.344107686722,406.40415183568547,962979.56
2020-08-08,406.40415183568547,407.2757381158697,404.91516537073585,405.78542471055533,727948.4
2020-08-09,405.78542471055533,411.34697191083785,395.84800757894624,401.34874729488587,872128.69
2020-08-10,401.34874729488587,406.0588065557386,395.7604227169923,400.4600526329153,697469.52
2020-08-11,400.4600526329153,407.9279076079235,387.8170843377664,395.1865989488072,881717.16
2020-08-12,395.1865989488072,402.8211188356104,380.88679062210474,388.390008730657,750064.64
2020-08-13,388.390008730657,395.97813925023297,382.7960944238441,390.3559104007417,1072097.2
2020-08-14,390.3559104007417,402.63823240009555,385.78947173039586,397.98257591745744,755688.31
2020-08-15,397.98257591745744,408.3267827727455,393.3856195194405,403.66419993910574,584328.89
2020-08-16,403.66419993910574,415.66546300488733,399.62645799755916,411.54885304741373,796802.3
2020-08-17,411.54885304741373,427.1706450802243,404.95932135252855,420.43877207455535,701621.28
2020-08-18,420.43877207455535,423.80965045372113,415.9646997508747,419.326661757738,546990.94
2020-08-19,419.326661757738,435.9075533258614,416.66017631900564,433.1531456979202,769614.18
2020-08-20,433.1531456979202,443.267891852645,428.8446591517365,438.9022204254039,599970.32
2020-08-21,438.9022204254039,442.4075841278569,428.3650227813722,431.8137734534831,659932.77
2020-08-22,431.8137734534831,439.0061541151954,419.7976690899878,426.9083438893505,707227.26
2020-08-23,426.9083438893505,431.0525233548983,423.9398358247892,428.0758967093546,421679.81
2020-08-24,428.0758967093546,438.70588783773456,424.1218200991769,434.6907111209019,628443.93
2020-08-25,434.6907111209019,437.6736672304253,430.0582568595168,433.0298154888407,881859.97
2020-08-26,433.0298154888407,438.09140520599266,420.9021125823992,425.8801312218276,667147.09
2020-08-27,425.8801312218276,435.03163407565984,422.681726054668,431.7888537725125,435126.41
2020-08-28,431.7888537725125,437.5231352732301,417.9661148687314,423.5915335742244,685851.01
2020-08-29,423.5915335742244,432.9064742829146,416.5967104695845,425.87396114938605,789832.63
2020-08-30,425.87396114938605,432.84919724926306,419.275181113553,426.244673150225,649773.32
2020-08-31,426.244673150225,429.411084047586,413.4323043060935,416.52652272966606,655049.41
2020-09-01,416.52652272966606,434.797009042701,411.45376894089196,429.5654579044188,626096.46
2020-09-02,429.5654579044188,433.56280860818276,425.74746551756664,429.7432361224873,817486.26
2020-09-03,429.7432361224873,435.63223618495266,415.31162249240754,421.08193210057686,569958.09
2020-09-04,421.08193210057686,428.94293712677194,413.63396708079586,421.4877933604432,802431.84
2020-09-05,421.4877933604432,428.705628500147,402.1231015101245,409.12930168218696,654649.44
2020-09-06,409.12930168218696,419.139450312342,401.7772136553074,411.7404399114526,957537.66
2020-09-07,411.7404399114526,421.8278059638086,407.9326246835093,417.96244899682995,620020.24
2020-09-08,417.96244899682995,445.2577398798147,411.02275423642374,437.9855882800344,530273.28
2020-09-09,437.9855882800344,442.63363580047303,434.140237746431,438.7812992208156,817122.83
2020-09-10,438.7812992208156,440.4612692893728,432.2085459035454,433.86971088307286,791769.51
2020-09-11,433.86971088307286,440.9618855560764,428.4040092559588,435.47594923783515,775921.14
2020-09-12,435.47594923783515,452.18874119144414,429.9294688972016,446.50182870113974,864975.1
2020-09-13,446.50182870113974,457.50823868409117,439.4933686585388,450.4379950985262,544910.92
2020-09-14,450.4379950985262,464.84845715638977,442.7227109157429,457.020426427207,574778.26
2020-09-15,457.020426427207,471.5068606143769,448.74175120388827,463.1177359615534,973601.24
2020-09-16,463.1177359615534,474.08388438763603,456.33842362098466,467.2441676039132,780517.88
2020-09-17,467.2441676039132,473.4494298656474,450.0655481045776,456.1231166277531,624634.33
2020-09-18,456.1231166277531,457.1632666044059,443.83362301231017,444.84806118390605,450418.79
2020-09-19,444.84806118390605,446.64708567471945,431.1800723572854,432.93090227875706,512868.39
2020-09-20,432.93090227875706,434.88798992652414,422.2036902957612,424.12095208538284,550991.14
2020-09-21,424.12095208538284,426.9476990167091,413.5425972993294,416.31733346609235,608364.63
2020-09-22,416.31733346609235,437.7344532669985,408.7910057861799,429.9614623411301,755556.21
2020-09-23,429.9614623411301,436.4406147884713,418.39545525036345,424.796780345907,497514.27
2020-09-24,424.796780345907,431.2853853671218,419.1051774639524,425.5832451051832,613466.65
2020-09-25,425.5832451051832,427.3874952159319,422.05013947813575,423.84702894148666,510408.96
2020-09-26,423.84702894148666,431.18510346669007,418.0013551255099,425.31912656505955,630011.84
2020-09-27,425.31912656505955,432.33637919102154,418.87866111095735,425.8873099260871,1270600.02
2020-09-28,425.8873099260871,429.0998494468274,413.65545111358983,416.79943929958375,942367.04
2020-09-29,416.79943929958375,423.86770520357067,414.1373547182407,421.1776570863755,807923.36
2020-09-30,421.1776570863755,427.2246134749194,410.33568397679966,416.31279427362915,614321.1
2020-10-01,416.31279427362915,418.04764203500775,409.5519362196561,411.26575207912543,534776.36
2020-10-02,411.26575207912543,416.3938901274936,404.0437844902016,409.1454845861054,684994.43
2020-10-03,409.1454845861054,423.0694312976891,401.1441446499709,414.9544891780244,474715.58
2020-10-04,414.9544891780244,415.9686281481809,409.54986178704996,410.55324421848456,823127.82
2020-10-05,410.55324421848456,413.42897710922074,408.38392430044814,411.2559441988132,666157.16
2020-10-06,411.2559441988132,418.9601076870608,406.50886062483806,414.179280355106,695197.73
2020-10-07,414.179280355106,417.43626400187986,412.8218963963008,416.072674847803,461752.68
2020-10-08,416.072674847803,423.7346548939787,409.9398270820543,417.57959534987265,708771.6
2020-10-09,417.57959534987265,419.0216287067943,406.2207678590088,407.62843674311915,659391.89
2020-10-10,407.62843674311915,410.7999932521462,405.40727662627313,408.57368250790495,551100.22
2020-10-11,408.57368250790495,413.41887322824067,397.4493280632552,402.21916183844746,740403.04
2020-10-12,402.21916183844746,408.9269354700577,383.7166396571159,390.22437732093266,633622.51
2020-10-13,390.22437732093266,393.58224737495425,383.8351403406462,387.16669915801833,753517.86
2020-10-14,387.16669915801833,388.33395606621133,382.60329793980713,383.760284955163,817016.17
2020-10-15,383.760284955163,407.28027404373444,380.58995315229714,403.9432064932277,533720.65
2020-10-16,403.9432064932277,412.230079651359,402.59961697534857,410.8634720553917,718979.96
2020-10-17,410.8634720553917,418.7645828439905,408.6487636411136,416.5193869244875,715597.67
2020-10-18,416.5193869244875,420.86241954433643,409.33479847503634,413.6478901011087,955273.47
2020-10-19,413.6478901011087,421.03371345159115,405.0146222534044,412.37776712747956,863789.19
2020-10-20,412.37776712747956,438.9589167885336,404.92028881148104,431.1617472104844,641620.89
2020-10-21,431.1617472104844,437.48884092519944,420.24607399832877,426.5048296613834,629325.83
2020-10-22,426.5048296613834,435.79333924299834,419.1851737621861,428.4404640766761,726683.35
2020-10-23,428.4404640766761,447.48451508654887,423.45872755381447,442.34114691311885,528568.32
2020-10-24,442.34114691311885,450.83402941213905,428.5122601961985,436.9006866893889,548766.99
2020-10-25,436.9006866893889,445.5448628294257,429.4632440676038,438.08722160052196,622726.62
2020-10-26,438.08722160052196,444.14481180215876,431.94813212805803,438.0045796090374,385934.94
2020-10-27,438.0045796090374,440.72513359854315,428.7061029533563,431.38554449053476,546571.44
2020-10-28,431.38554449053476,444.11782120923186,424.61318851648406,437.25334615021865,644204.52
2020-10-29,437.25334615021865,445.01520908424027,421.3491380588989,428.96385077099023,1394203.01
2020-10-30,428.96385077099023,439.4210232126365,424.41038287492074,434.8055455006758,595885.06
2020-10-31,434.8055455006758,441.84076072326224,431.09119908017,438.09828591593697,825621.43
2020-11-01,438.09828591593697,448.81379140350595,434.34536559211057,445.0017334627661,666180.2
2020-11-02,445.0017334627661,451.91682492770667,436.67405068272194,443.5668447361232,781387.0
2020-11-03,443.5668447361232,455.14697073103525,435.09463913869325,446.6165158726875,534030.32
2020-11-04,446.6165158726875,458.8471838747241,442.503601403615,454.6601947530673,475645.75
2020-11-05,454.6601947530673,456.44082754033167,442.04647601536414,443.7845152531495,987738.51
2020-11-06,443.7845152531495,445.00852050615526,433.4725072960322,434.6713775385754,501980.9
2020-11-07,434.6713775385754,446.56735040608027,427.29549240217074,439.11604426670567,1014333.28
2020-11-08,439.11604426670567,448.8410042546075,435.7816193890459,445.4584185979698,637994.3
2020-11-09,445.4584185979698,454.066612661932,437.96828676677427,446.5579921226681,569247.02
2020-11-10,446.5579921226681,455.62145577597937,444.7332693567634,453.7672744808871,615219.91
2020-11-11,453.7672744808871,454.99691167257834,449.77138735930333,450.9935080849263,1044845.24
2020-11-12,450.9935080849263,464.5222813925003,447.5781235696825,461.0308835948572,587839.79
2020-11-13,461.0308835948572,464.5725071276711,456.9727723176562,460.5103974939848,636227.7
2020-11-14,460.5103974939848,469.7000195927027,445.3462533647253,454.41422451654614,893272.4
2020-11-15,454.41422451654614,468.728760743553,451.55218893815993,465.79504537949185,788015.61
2020-11-16,465.79504537949185,479.8055493685144,458.64767708821586,472.5544615607669,1176677.31
2020-11-17,472.5544615607669,481.3331837865594,460.2399632276486,468.9517574240809,936740.98
2020-11-18,468.9517574240809,476.49561697108146,458.04853832207635,465.5374735022262,588167.99
2020-11-19,465.5374735022262,479.64412649701944,456.44250903941213,470.45312744943806,969443.63
2020-11-20,470.45312744943806,472.81197410104653,460.13137827305576,462.4500978247868,432909.66
2020-11-21,462.4500978247868,471.7275474452696,455.8356877014158,465.0755850553976,848642.91
2020-11-22,465.0755850553976,470.37585238607465,458.49452670999307,463.78002914461956,594316.99
2020-11-23,463.78002914461956,473.7835211400064,455.5897174731476,465.56174454227704,812393.23
2020-11-24,465.56174454227704,472.71890540302786,442.73116638023265,449.6436150961744,1143629.31
2020-11-25,449.6436150961744,456.84776254923446,435.6161243051871,442.70916871449936,461037.71
2020-11-26,442.70916871449936,448.6905119963364,438.7452680013506,444.708707938249,881662.34
2020-11-27,444.708707938249,459.34924023161284,438.4008045499522,452.9247969714272,863603.01
2020-11-28,452.9247969714272,461.015345399605,443.8830501269853,451.95629836553786,825626.51
2020-11-29,451.95629836553786,460.22945013463044,449.448149700498,457.689484932711,547867.51
2020-11-30,457.689484932711,458.8637281318863,445.03626406757354,446.1809811738049,684510.87
2020-12-01,446.1809811738049,449.57506880601363,439.4240220894037,442.7923323542805,550219.26
2020-12-02,442.7923323542805,452.7970102825046,435.02740155535355,444.9934795477017,779443.45
2020-12-03,444.9934795477017,449.60655083581446,439.96116898704156,444.56984866141585,505224.02
2020-12-04,444.56984866141585,453.5058417811147,441.6244211476898,450.5209859446074,627511.22
2020-12-05,450.5209859446074,458.807884021864,440.33121577916734,448.5824564806553,819426.53
2020-12-06,448.5824564806553,449.8204394796845,445.4946411983003,446.72750496359896,582828.73
2020-12-07,446.72750496359896,459.3198499416363,439.3484407471954,451.85607183618305,633977.35
2020-12-08,451.85607183618305,459.2590470795232,440.4015626532017,447.73705404800387,558051.37
2020-12-09,447.73705404800387,452.8154584608863,435.82714276779274,440.82717267099304,746395.14
2020-12-10,440.82717267099304,447.43594965731364,437.85204066052665,444.4364586622987,676320.91
2020-12-11,444.4364586622987,448.80174895317697,432.8603632178908,437.15412585599734,582844.33
2020-12-12,437.15412585599734,451.8059946850921,433.49309096749,448.05367930060015,597890.9
2020-12-13,448.05367930060015,450.0924419242054,432.1007491137376,434.0759091901951,728220.3
2020-12-14,434.0759091901951,439.5935288062429,426.4093712745942,431.8993239103237,537283.23
2020-12-15,431.8993239103237,446.7151749023641,429.5142151998475,444.2617960226937,692291.92
2020-12-16,444.2617960226937,468.9056096527116,435.4076391471784,459.742913435289,705832.0
2020-12-17,459.742913435289,465.415924259768,453.411379522089,459.0761629600159,727862.28
2020-12-18,459.0761629600159,469.89379450772776,457.1915327134547,467.9726418395359,613088.77
2020-12-19,467.9726418395359,480.5356508541043,461.85960622069143,474.33944689885266,814318.59
2020-12-20,474.33944689885266,478.53366800136115,466.2286010980178,470.3878815288807,890231.85
2020-12-21,470.3878815288807,476.79202170430574,467.87501630135057,474.25847930598576,822962.97
2020-12-22,474.25847930598576,477.7439861647167,463.87661096112504,467.3110585690769,737699.24
2020-12-23,467.3110585690769,470.39828103833463,451.9225689633456,454.92798445641887,490034.04
2020-12-24,454.92798445641887,464.6969093934387,449.2465669409526,458.9650742439424,1064197.0
2020-12-25,458.9650742439424,466.7363366869659,455.76955554020515,463.5091799013031,710332.09
2020-12-26,463.5091799013031,464.8362208923174,452.87093411281745,454.17124029648687,756753.69
2020-12-27,454.17124029648687,461.766388956255,445.53203922589717,453.10943115077225,586882.94
2020-12-28,453.10943115077225,456.34363678859256,440.8070985854278,443.97611239767025,663403.68
2020-12-29,443.97611239767025,447.2987812933502,437.2106831358473,440.5073925094753,940043.7
2020-12-30,440.5073925094753,444.8241831163367,432.96848641362857,437.25338913061705,851286.17
2020-12-31,437.25338913061705,450.1508513151665,430.13521534679023,442.94010189730636,647591.62
2021-01-01,442.94010189730636,448.73019532935666,433.44423055915223,439.18524061044246,1025563.9
2021-01-02,439.18524061044246,440.75670171131543,428.2326520630588,429.7704257492415,543898.94
2021-01-03,429.7704257492415,447.30160442500966,425.3550541501257,442.75285406864435,459835.39
2021-01-04,442.75285406864435,453.58596095374446,435.8368379805053,446.60969906081783,432157.63
2021-01-05,446.60969906081783,454.87218491244795,445.388986104112,453.63227722671,853902.73
2021-01-06,453.63227722671,459.730612321973,452.3950312937397,458.4801442176115,588198.37
2021-01-07,458.4801442176115,472.8727113423666,451.76990554842746,466.0516572750825,675861.52
2021-01-08,466.0516572750825,474.81691013332016,460.9120868698382,469.63779219590737,920275.97
2021-01-09,469.63779219590737,475.82798829706434,467.3140486292228,473.4852079158894,759959.99
2021-01-10,473.4852079158894,481.26179713816987,466.8257971869405,474.5868915975418,520375.31
2021-01-11,474.5868915975418,476.23481752613293,469.4240492152072,471.05972763961404,1050612.55
2021-01-12,471.05972763961404,483.17501724498305,466.347483989827,478.38945074643993,650884.09
2021-01-13,478.38945074643993,486.4061023932924,468.2863058909365,476.2673970435399,689071.04
2021-01-14,476.2673970435399,479.7728061204826,473.79642804183266,477.29649794075794,585738.89
2021-01-15,477.29649794075794,486.4769711499589,471.27618354512896,480.4172930303455,529624.99
2021-01-16,480.4172930303455,488.4648857195289,476.2502701957609,484.2644932056833,741496.4
2021-01-17,484.2644932056833,493.0200820816548,467.3084983001389,475.9130923510773,488203.81
2021-01-18,475.9130923510773,484.14386732635217,469.4221407483194,477.62950566008027,685610.75
2021-01-19,477.62950566008027,481.6728047189665,465.3670989568938,469.340226398153,1040472.28
2021-01-20,469.340226398153,475.9368573059016,464.2686791517951,470.84900664071415,844627.22
2021-01-21,470.84900664071415,482.7673204820597,465.4489876940818,477.2933928993146,736438.49
2021-01-22,477.2933928993146,502.1369608816175,467.8813367386986,492.42648551038974,531925.88
2021-01-23,492.42648551038974,505.09505872958226,484.8353232866511,497.4268123254797,689456.86
2021-01-24,497.4268123254797,512.4680430113443,490.03941978109305,504.9686450870042,573676.31
2021-01-25,504.9686450870042,514.919728501842,485.86425323364625,495.6313323972293,1003887.73
2021-01-26,495.6313323972293,502.7028774841386,493.273335205335,500.3225614752739,621785.65
2021-01-27,500.3225614752739,505.53038381716107,485.7273159876217,490.83639751626464,575124.68
2021-01-28,490.83639751626464,510.87905229454555,481.3576072211976,501.20012285003565,662919.53
2021-01-29,501.20012285003565,509.89217137501015,483.5809488829969,492.1154466761641,575736.52
2021-01-30,492.1154466761641,494.9147484378174,481.1867789839793,483.93957390418274,742478.36
2021-01-31,483.93957390418274,495.05155695610136,479.3004159966213,490.35093821122246,1103672.42
2021-02-01,490.35093821122246,507.5670540314757,487.7116405671661,504.84971719095637,701255.63
2021-02-02,504.84971719095637,521.7375650923598,497.4725430506443,514.2234166976408,555787.35
2021-02-03,514.2234166976408,520.9657980781639,504.4505600949516,511.15267865127015,672885.14
2021-02-04,511.15267865127015,517.5227423397691,496.2915966295222,502.55450859377453,509463.05
2021-02-05,502.55450859377453,511.72869859837266,489.8087367569857,498.9165147684197,1435764.98
2021-02-06,498.9165147684197,501.9672406495313,497.0171756230501,500.0635348814169,1098062.45
2021-02-07,500.0635348814169,509.5292243858751,490.0035601788038,499.45778342996346,956073.65
2021-02-08,499.45778342996346,504.8127969763597,485.45986281589484,490.7212057997105,844659.73
2021-02-09,490.7212057997105,503.0553628936033,489.5010515937895,501.80764280591086,671630.65
2021-02-10,501.80764280591086,522.8168399395408,492.541165978209,513.3374514392874,675347.01
2021-02-11,513.3374514392874,540.3433377725786,503.70640806202294,530.3923174409828,662476.0
2021-02-12,530.3923174409828,540.4629906440882,505.67315986098293,515.4603159344165,1268125.48
2021-02-13,515.4603159344165,524.2367026066836,499.71840685420426,508.37414214106934,667168.68
2021-02-14,508.37414214106934,514.2258480556139,504.8095909958673,510.64537180012184,607929.17
2021-02-15,510.64537180012184,514.4069679642379,506.99093277496877,510.7517675170073,681941.87
2021-02-16,510.7517675170073,514.7893536313724,502.8574335004426,506.86428838140625,796577.27
2021-02-17,506.86428838140625,509.9359772084127,496.45877609146885,499.485749645543,293092.37
2021-02-18,499.485749645543,508.65096268905387,482.0030492328062,491.0127894008508,772329.39
2021-02-19,491.0127894008508,514.4776855488454,485.3039889233924,508.56481500576626,370722.05
2021-02-20,508.56481500576626,512.0186712449505,492.8744851720859,496.2446706455968,1011408.51
2021-02-21,496.2446706455968,504.13517194026855,475.4505285149829,483.1325413782826,454885.98
2021-02-22,483.1325413782826,489.557550145777,467.08178630882566,473.37706038543934,572656.05
2021-02-23,473.37706038543934,479.20342531409585,469.1986087340348,475.0105549704531,433468.04
2021-02-24,475.0105549704531,483.77692944582185,464.1084099350812,472.83462741695666,1098043.12
2021-02-25,472.83462741695666,481.99939023367057,467.16100758698155,476.28437630402675,697853.81
2021-02-26,476.28437630402675,482.62241897607737,464.3027860594703,470.56471568886803,1221367.17
2021-02-27,470.56471568886803,472.5594486677768,469.3472347572102,471.33996195982337,1150621.19
2021-02-28,471.33996195982337,478.3861235749329,465.0532955630595,472.0894604719886,956613.69
2021-03-01,472.0894604719886,489.74333384637526,467.6370853341645,485.1676158703399,493070.43
2021-03-02,485.1676158703399,508.1081951710743,477.6646115365515,500.3700881396008,729566.22
2021-03-03,500.3700881396008,501.7653934870477,497.7376228064234,499.1294686284528,984991.5
2021-03-04,499.1294686284528,511.15020189790863,494.6644190678893,506.61816093651447,771462.17
2021-03-05,506.61816093651447,509.72065125459005,505.0066490579948,508.10441173108137,638179.52
2021-03-06,508.10441173108137,524.6416159522562,498.57021963191534,514.9784379885315,764303.1
2021-03-07,514.9784379885315,523.4334258656437,510.05640335235097,518.4779438310946,782900.37
2021-03-08,518.4779438310946,527.5423646659998,516.1420152980256,525.1762578331842,483848.89
2021-03-09,525.1762578331842,541.235640407686,517.1001196507398,533.0385955301451,607508.5
2021-03-10,533.0385955301451,546.62757303825,523.511468099134,537.0291219654156,824160.47
2021-03-11,537.0291219654156,546.9569375578442,528.4600958221951,538.3665706121416,871031.1
2021-03-12,538.3665706121416,557.7095851026149,529.0477870198282,548.2202407353927,743914.89
2021-03-13,548.2202407353927,557.6738629047777,537.5821117127404,547.0149495947142,632139.48
2021-03-14,547.0149495947142,557.8501120513275,530.9370141682764,541.6662302647063,667199.17
2021-03-15,541.6662302647063,546.2923418477317,522.8799593865766,527.3840940917975,579693.54
2021-03-16,527.3840940917975,535.7353896044784,523.0203657627966,531.338937756641,682023.88
2021-03-17,531.338937756641,539.9540104873118,529.2088307689835,537.7980094557918,865752.31
2021-03-18,537.7980094557918,547.175019639654,512.9821488019173,522.0851913382336,1284503.6
2021-03-19,522.0851913382336,531.8741103731586,506.9569762366478,516.6438723997977,518022.7
2021-03-20,516.6438723997977,527.1620173735165,512.9849238394719,523.4548325826136,960804.32
2021-03-21,523.4548325826136,530.2970365045596,515.3964522030301,522.2225486454711,770301.23
2021-03-22,522.2225486454711,526.1368731365931,518.8756808511695,522.7863917329682,469079.02
2021-03-23,522.7863917329682,540.462717668962,513.6295396830194,531.1592116990139,683110.49
2021-03-24,531.1592116990139,532.2873642707445,529.1080913710717,530.2342794382138,668865.43
2021-03-25,530.2342794382138,541.5792819034838,522.5395355648416,533.8323233257194,699716.89
2021-03-26,533.8323233257194,540.1171417873394,517.8538964161735,524.0232322553348,909618.57
2021-03-27,524.0232322553348,531.0501548633742,520.2770984819796,527.2807338841901,1146878.51
2021-03-28,527.2807338841901,537.0958432910331,505.69924555576694,515.2911743473675,967629.32
2021-03-29,515.2911743473675,520.7698337779225,498.58245067976424,503.94042712287217,738249.94
2021-03-30,503.94042712287217,509.7062962236811,493.9229508741998,499.6396119014773,759042.03
2021-03-31,499.6396119014773,506.2266930421484,497.89141613036054,504.4616254628015,1177111.82
2021-04-01,504.4616254628015,509.7358291262979,499.71283765521014,504.9821414023941,537217.3
2021-04-02,504.9821414023941,507.4374821107937,495.78420391173444,498.2066003625602,954894.17
2021-04-03,498.2066003625602,511.9373360292845,492.2395887094931,505.8784389015383,525453.11
2021-04-04,505.8784389015383,515.0488661868294,499.5998821506106,508.73485785870866,478048.29
2021-04-05,508.73485785870866,521.3787906570894,505.4819144405726,518.0661810574193,819646.09
2021-04-06,518.0661810574193,527.900107180898,500.5350305462223,510.2200209513363,462511.92
2021-04-07,510.2200209513363,526.9810276013607,506.418427629562,523.0835892454578,634524.52
2021-04-08,523.0835892454578,545.0473696213926,515.8775003956227,537.6407389908132,986976.66
2021-04-09,537.6407389908132,556.9614078347134,527.0900350178038,546.2419137348347,557024.14
2021-04-10,546.2419137348347,560.0045871096797,537.247853175637,550.9332815691895,1096935.29
2021-04-11,550.9332815691895,564.3232597238112,542.431465846056,555.7471578923903,398095.8
2021-04-12,555.7471578923903,560.7141570323445,554.0431742575031,559.0001992049104,908820.23
2021-04-13,559.0001992049104,565.3922567468661,539.7226382261964,545.9656482366101,495243.41
2021-04-14,545.9656482366101,554.4662143521402,532.00239912638,540.4165672608889,666806.35
2021-04-15,540.4165672608889,547.9221207486588,532.0206379492863,539.5136513258608,738792.01
2021-04-16,539.5136513258608,546.1061857271966,523.5855494395778,530.0625976125658,652300.4
2021-04-17,530.0625976125658,553.5281429305584,520.214700239171,543.4318614255884,656396.76
2021-04-18,543.4318614255884,554.835393115446,536.8715136386716,548.2172754723982,487056.42
2021-04-19,548.2172754723982,575.0839628379357,538.8552276191655,565.4280029511822,997073.93
2021-04-20,565.4280029511822,583.5566792041842,555.2814876921992,573.2694504219944,514722.56
2021-04-21,573.2694504219944,582.5289677312684,550.6345061726499,559.67443515555,514607.29
2021-04-22,559.67443515555,575.2140471067892,557.0451974822348,572.5244426884777,683189.05
2021-04-23,572.5244426884777,581.6567949843411,559.0933631305003,568.1560348389878,588085.99
2021-04-24,568.1560348389878,591.1862573509351,558.9689367671544,581.7788775530323,863268.65
2021-04-25,581.7788775530323,605.6438034880695,573.5603866286654,597.2073622964568,612585.31
2021-04-26,597.2073622964568,616.7018822228102,592.0198319784386,611.3911471046472,699794.08
2021-04-27,611.3911471046472,627.39652838553,606.9878554390177,622.9102749695334,720325.79
2021-04-28,622.9102749695334,636.2769401552508,614.367709854673,627.669112543558,892949.71
2021-04-29,627.669112543558,637.1691050214662,618.1360387105769,627.6355227958559,613486.14
2021-04-30,627.6355227958559,660.5249417156195,615.9870475514782,648.4894325280674,460877.99
2021-05-01,648.4894325280674,656.936888831706,643.2070861354769,651.6289689783762,571733.71
2021-05-02,651.6289689783762,656.3229778943025,642.7241462915624,647.3876025266104,930206.85
2021-05-03,647.3876025266104,662.4415043944541,637.4530213558573,652.429551261723,763639.3
2021-05-04,652.429551261723,678.6421747204673,639.6340284169917,665.5885755883271,638088.78
2021-05-05,665.5885755883271,683.4865732830852,660.777208822666,678.5812855947797,710778.22
2021-05-06,678.5812855947797,683.2890488186202,661.4319080711381,666.0527526488211,655024.39
2021-05-07,666.0527526488211,690.9578222613417,654.0061321953925,678.6827679488304,852355.05
2021-05-08,678.6827679488304,691.5448761837189,674.0912783989802,686.897809449676,761621.49
2021-05-09,686.897809449676,693.4071542681518,676.424891152616,682.896316065293,652857.75
2021-05-10,682.896316065293,696.4564985340694,659.9543724873587,673.324488431809,880504.74
2021-05-11,673.324488431809,701.5801785481372,662.2722618454513,690.2501275226498,939437.8
2021-05-12,690.2501275226498,713.4142559266093,685.7656575873696,708.8092099222652,556264.69
2021-05-13,708.8092099222652,742.3263273568574,695.2397320904653,728.3821443212975,558813.58
2021-05-14,728.3821443212975,740.8992138362606,699.9611252765253,712.2001104864523,1275800.44
2021-05-15,712.2001104864523,726.1113909318449,695.8519408608954,709.7146737034321,818603.99
2021-05-16,709.7146737034321,717.078959079626,703.1449453162988,710.501943051451,1062536.05
2021-05-17,710.501943051451,739.4901551208147,700.5482225728412,729.2734566154677,874954.86
2021-05-18,729.2734566154677,746.1722809942929,722.8028899943666,739.6100021275844,785199.06
2021-05-19,739.6100021275844,746.9749503015968,729.5103895639654,736.8478323811387,410307.93
2021-05-20,736.8478323811387,749.4111394541367,726.4717699359874,739.0047046038757,515836.32
2021-05-21,739.0047046038757,755.3477016429164,732.0105970494386,748.2659436291164,823580.3
2021-05-22,748.2659436291164,765.3207118444169,741.1258170863108,758.0868717362013,558272.74
2021-05-23,758.0868717362013,789.6851663286745,749.1774480372192,780.5121888612522,674529.52
2021-05-24,780.5121888612522,803.6440421912057,777.4444014571984,800.4977021306447,878896.13
2021-05-25,800.4977021306447,834.1826318349939,784.6912881114054,818.0300291645185,724144.22
2021-05-26,818.0300291645185,831.8426327525137,793.7704984586576,807.4036738741181,773383.29
2021-05-27,807.4036738741181,816.0297211297419,789.23686795727,797.7598839907818,990360.43
2021-05-28,797.7598839907818,810.2091589200545,772.08213059101,784.3216987323253,1015183.59
2021-05-29,784.3216987323253,805.9416917782609,768.6708461693186,790.174057536339,690213.93
2021-05-30,790.174057536339,799.1000078103652,775.0338531627499,783.8888040672197,962533.01
2021-05-31,783.8888040672197,803.9971090684844,772.1099001970924,792.0948984281557,550524.85
2021-06-01,792.0948984281557,805.2175516464295,789.2988101515832,802.3851389081965,740834.77
2021-06-02,802.3851389081965,821.3920737870915,786.9693741696628,805.9086145354154,806403.76
2021-06-03,805.9086145354154,822.8180105380563,801.8913320548851,818.7367823780755,681795.68
2021-06-04,818.7367823780755,832.1783375517194,796.8757924544124,810.1768149477421,662200.07
2021-06-05,810.1768149477421,818.9093148491454,781.7436928560581,790.2615356963228,529126.11
2021-06-06,790.2615356963228,801.008436980286,770.5630584593032,781.1865474314811,693803.05
2021-06-07,781.1865474314811,803.1792241970671,771.2434461237315,793.0846810242786,468230.89
2021-06-08,793.0846810242786,826.9973070549418,785.567462970251,819.2322504214482,677077.13
2021-06-09,819.2322504214482,857.0903368418684,803.5529670275755,840.9945449630776,710633.64
2021-06-10,840.9945449630776,847.3720460258126,832.3162703424292,838.6761906644903,843354.97
2021-06-11,838.6761906644903,858.5686367986756,833.5095704526792,853.3118543565706,521654.91
2021-06-12,853.3118543565706,868.7530399357307,818.6276614054292,833.7142160624142,762078.62
2021-06-13,833.7142160624142,863.2042878944789,827.6319962859048,856.9525369141895,807146.68
2021-06-14,856.9525369141895,868.8513073812479,853.5755619720579,865.4408825928039,696150.38
2021-06-15,865.4408825928039,882.2810663379514,861.2700941328135,878.0495135512974,782846.27
2021-06-16,878.0495135512974,885.4501527589832,843.0561123524691,850.222209160506,748858.67
2021-06-17,850.222209160506,873.053727787192,835.0786684580158,857.7756506685871,365369.43
2021-06-18,857.7756506685871,898.6846089823066,845.8110108486951,886.3217947310376,555877.92
2021-06-19,886.3217947310376,895.4839186679314,882.5280119120736,891.6672553143344,1196037.28
2021-06-20,891.6672553143344,902.0419185418388,880.7222910401929,891.0902406275848,824756.07
2021-06-21,891.0902406275848,902.8616969819212,876.2723153854008,888.0029886060324,602253.84
2021-06-22,888.0029886060324,902.6947875166809,863.3309371790094,877.8548373328595,767192.11
2021-06-23,877.8548373328595,890.7540620343036,867.1928823041851,880.0652603901875,836164.28
2021-06-24,880.0652603901875,887.2663227834948,855.5440194520825,862.6021917066366,1029018.82
2021-06-25,862.6021917066366,887.5274054700552,845.414246950454,870.1883022196494,635079.54
2021-06-26,870.1883022196494,893.829026375175,864.3817816632165,887.9042920267045,603095.26
2021-06-27,887.9042920267045,905.0960779210333,865.1260011937935,882.2074843232886,618095.23
2021-06-28,882.2074843232886,894.0763728715763,877.1202002298185,888.9502066053501,606820.21
2021-06-29,888.9502066053501,899.0169727699362,878.7820171250603,888.8476215829219,601741.68
2021-06-30,888.8476215829219,899.3897842268825,885.3021577015551,895.816522569899,733573.44
2021-07-01,895.816522569899,927.3779178254445,879.6255408519056,910.9140632600079,630061.85
2021-07-02,910.9140632600079,928.2953608234001,901.0681844124098,918.368904165725,689219.44
2021-07-03,918.368904165725,949.7534167339755,901.9194080316805,933.0411171559492,1117858.47
2021-07-04,933.0411171559492,958.2985430790573,917.320138456617,942.419545541992,550929.63
2021-07-05,942.419545541992,962.7140887967341,937.3105255507814,957.5231893300622,761498.65
2021-07-06,957.5231893300622,966.6634073041123,954.599618355445,963.7209130435014,526988.78
2021-07-07,963.7209130435014,988.1597223984072,945.891635128147,970.2103862588157,882565.89
2021-07-08,970.2103862588157,994.7534982613553,958.4528900814951,982.8429147663347,925955.59
2021-07-09,982.8429147663347,999.8917314140166,965.5414343199038,982.5857907842126,563497.25
2021-07-10,982.5857907842126,1005.5213714075832,968.419686898225,991.230633378283,588227.18
2021-07-11,991.230633378283,1006.9443468337386,961.5621928790027,977.0511223480022,826962.26
2021-07-12,977.0511223480022,987.5051573138754,937.7285892551099,947.8704028282522,653575.87
2021-07-13,947.8704028282522,964.759999806379,933.4630647061995,950.3154970060593,997616.91
2021-07-14,950.3154970060593,967.9310885831245,920.8194718951311,938.2106816922981,518335.4
2021-07-15,938.2106816922981,985.3050523390049,924.3554535527408,970.9661014888202,916298.85
2021-07-16,970.9661014888202,989.1934514177267,940.5559077625701,958.5501812508891,1224712.94
2021-07-17,958.5501812508891,978.3702436683258,952.4674029960318,972.2008409076795,772090.44
2021-07-18,972.2008409076795,988.1962412905938,945.4069148023564,961.2216774947128,596964.43
2021-07-19,961.2216774947128,972.790064083421,950.1334741863632,961.6963847741142,576401.66
2021-07-20,961.6963847741142,964.6715116172214,941.243060570939,944.1639486520442,672212.68
2021-07-21,944.1639486520442,957.0199767979274,912.8623988869947,925.4638000294132,828896.99
2021-07-22,925.4638000294132,943.2401497767154,913.1628626326226,930.8673897768164,481874.84
2021-07-23,930.8673897768164,949.3323881054384,906.9665403439667,925.3215291170517,647834.21
2021-07-24,925.3215291170517,950.9398293668497,912.6479069916968,938.0913065942301,723415.7
2021-07-25,938.0913065942301,963.5491366083003,934.0077507290052,959.3729407820201,1032378.43
2021-07-26,959.3729407820201,978.408018736852,915.5998454794176,934.1341565213369,1114884.35
2021-07-27,934.1341565213369,959.3518268786684,926.9718487703309,952.0521362005497,677344.16
2021-07-28,952.0521362005497,965.9051291547173,922.8644334731863,936.491001549468,530589.83
2021-07-29,936.491001549468,948.4488704434493,919.3443131328434,931.2350700744514,724959.9
2021-07-30,931.2350700744514,939.0555429324311,901.4355864366672,909.0699172759188,731480.15
2021-07-31,909.0699172759188,917.5424027682693,879.6153516752412,887.8904455661465,941629.46
2021-08-01,887.8904455661465,900.1027061119564,846.8504686914766,858.660696174489,626505.84
2021-08-02,858.660696174489,873.8508727042523,837.702562983526,852.7888635889279,546661.21
2021-08-03,852.7888635889279,870.0534054402953,836.5524737237233,853.7978061488724,697964.97
2021-08-04,853.7978061488724,870.7355740173186,831.6112711513308,848.4428057248872,642941.03
2021-08-05,848.4428057248872,851.9225485309687,819.3308796006615,822.7050634664536,638691.35
2021-08-06,822.7050634664536,827.1331371692355,791.1781623991009,795.4595918648697,563409.16
2021-08-07,795.4595918648697,800.2340913586593,790.924741984056,795.6978829996336,511432.33
2021-08-08,795.6978829996336,822.464140912674,780.1660887291572,806.717251727743,815393.0
2021-08-09,806.717251727743,813.3203806267752,803.6887854374978,810.27854502198,747760.6
2021-08-10,810.27854502198,849.1275134480572,798.4914489600483,836.9523937621832,572604.81
2021-08-11,836.9523937621832,853.0548055821646,820.4120790251108,836.5059006114767,859253.82
2021-08-12,836.5059006114767,851.5740726840298,826.1705602043259,841.1809700612683,441611.18
2021-08-13,841.1809700612683,842.9819091086891,839.1801626961313,840.9806729143634,632121.55
2021-08-14,840.9806729143634,843.6566630875581,827.1673948429977,829.807833177362,738719.69
2021-08-15,829.807833177362,842.0696406705102,815.3317500769972,827.5603471815197,923381.35
2021-08-16,827.5603471815197,847.439110292548,819.9712487802869,839.7383343043945,609234.91
2021-08-17,839.7383343043945,862.1373436865924,830.4152198979999,852.6706494898182,927126.09
2021-08-18,852.6706494898182,860.4746062589136,850.2714981043249,858.0602900923568,594754.24
2021-08-19,858.0602900923568,897.9698885971198,842.469361028074,881.9449755334209,859581.41
2021-08-20,881.9449755334209,905.3198228998896,865.8080068926146,889.0528021822324,1065949.35
2021-08-21,889.0528021822324,905.6760401430306,877.6392026287986,894.1964073356238,545168.52
2021-08-22,894.1964073356238,927.5210791617486,884.7418067488392,917.8167339417289,727008.81
2021-08-23,917.8167339417289,926.1557472235587,898.4262179347849,906.6638998415677,801299.91
2021-08-24,906.6638998415677,934.5910791882442,901.6214841002933,929.4220936401505,512866.9
2021-08-25,929.4220936401505,947.0020098961273,896.7425110822307,914.0313124110138,779928.8
2021-08-26,914.0313124110138,923.909840895285,900.1200598408351,909.9545278737532,607575.42
2021-08-27,909.9545278737532,913.5444451278919,878.175173556531,881.6534384521027,566995.47
2021-08-28,881.6534384521027,900.0065753331442,867.3094173755125,885.5983723317215,629705.06
2021-08-29,885.5983723317215,923.8882995359542,868.3352345814151,906.223119657662,618352.2
2021-08-30,906.223119657662,912.6423398243048,885.4561131890435,891.7729759428896,855129.1
2021-08-31,891.7729759428896,904.5863728021963,874.7854366387461,887.5379832098646,699841.0
2021-09-01,887.5379832098646,905.2380187730657,866.622227340021,884.2568273080715,1247331.83
2021-09-02,884.2568273080715,887.8537845328389,877.5035997805677,881.0876655705662,612199.5
2021-09-03,881.0876655705662,895.7375890344942,851.0028290116776,865.3917755068927,788041.82
2021-09-04,865.3917755068927,875.5614314989788,855.8983264868751,866.0606449034298,674123.87
2021-09-05,866.0606449034298,902.4816135980681,853.8945724552615,889.9795381348158,508790.15
2021-09-06,889.9795381348158,894.6546844903004,877.7874150882965,882.4228655307056,1041784.34
2021-09-07,882.4228655307056,891.2977409058858,877.1960322859206,886.049426543142,721240.31
2021-09-08,886.049426543142,900.2501822776803,875.4092999160584,889.5678051922956,575846.06
2021-09-09,889.5678051922956,895.3581246802787,877.8678581607682,883.6194590435755,773591.28
2021-09-10,883.6194590435755,899.3019098251897,872.3607744425112,887.9875687210257,906356.9
2021-09-11,887.9875687210257,891.1653677857555,879.1180818514852,882.2754391887352,566153.29
2021-09-12,882.2754391887352,903.060670488275,868.0930818322885,888.7738527565589,708866.85
2021-09-13,888.7738527565589,894.9344011274268,881.649097757381,887.8029160670278,907927.76
2021-09-14,887.8029160670278,901.3561311552488,853.3835758659188,866.6133100522923,729492.78
2021-09-15,866.6133100522923,870.8895974765632,836.0562740540653,840.2022365222248,804019.41
2021-09-16,840.2022365222248,853.9747910329213,796.5666535307219,809.8415369188066,655282.19
2021-09-17,809.8415369188066,811.6580944001955,802.4208275508903,804.2247860850989,472415.85
2021-09-18,804.2247860850989,820.0897159883236,800.1436747087498,815.9491084781496,657295.3
2021-09-19,815.9491084781496,822.5434998792632,799.3122805852804,805.8248490780323,608454.65
2021-09-20,805.8248490780323,818.749275336561,789.6245935696086,802.4956231942632,681180.99
2021-09-21,802.4956231942632,804.5585905266547,791.5424825527808,793.582537105463,610123.36
2021-09-22,793.582537105463,805.7445757224687,770.327477541208,782.3168642385358,730444.3
2021-09-23,782.3168642385358,817.8238123616723,777.4382414867783,812.755371391347,641880.11
2021-09-24,812.755371391347,828.961369825458,785.7423245045255,801.7284508048455,856875.85
2021-09-25,801.7284508048455,807.4717873380392,777.7057369908752,783.317180837311,816475.74
2021-09-26,783.317180837311,786.9387419974644,767.8312507309097,771.3977037992885,555556.82
2021-09-27,771.3977037992885,783.5364550746514,760.3677204815182,772.4908413129731,958357.36
2021-09-28,772.4908413129731,777.8828480805621,759.6326254825697,764.9721515944963,584212.19
2021-09-29,764.9721515944963,777.8696036350182,756.0035626185919,768.855486163039,528477.75
2021-09-30,768.855486163039,781.0790364796601,747.2407011582702,759.3125340753113,911342.93
2021-10-01,759.3125340753113,771.7641379023763,739.4064265510685,751.7337495073511,603655.7
2021-10-02,751.7337495073511,756.2229128226593,738.262336229159,742.6975375783753,717330.59
2021-10-03,742.6975375783753,746.9873219697238,737.3349126277623,741.6184643452721,507311.47
2021-10-04,741.6184643452721,756.0785769462863,736.5131051169327,750.9092591633217,638787.95
2021-10-05,750.9092591633217,768.6401784641066,744.0724364583509,761.7050629289402,680098.67
2021-10-06,761.7050629289402,792.6041235281875,749.9401845833396,780.548204361937,634567.76
2021-10-07,780.548204361937,789.7246262332932,754.1747305747394,763.1465722334077,615619.16
2021-10-08,763.1465722334077,776.7593693073038,736.283134178822,749.6552772718742,707207.03
2021-10-09,749.6552772718742,760.5801154358753,727.1918911260227,737.9460895509852,896580.87
2021-10-10,737.9460895509852,747.6183686690367,728.3239472578591,737.9955810519882,553175.32
2021-10-11,737.9955810519882,746.3877614800349,716.2437382626678,724.4822506884851,372118.55
2021-10-12,724.4822506884851,731.3122476746778,709.2497647631914,715.9997940856102,954283.08
2021-10-13,715.9997940856102,730.5663959941163,710.1096373112706,724.6054450190495,593775.51
2021-10-14,724.6054450190495,742.0158588513171,720.8749853234616,738.2153318732925,606556.47
2021-10-15,738.2153318732925,752.3257911895065,733.1496957734144,747.1985124740147,610780.38
2021-10-16,747.1985124740147,765.129916412056,733.5863777219503,751.4405029384011,502196.71
2021-10-17,751.4405029384011,764.1625636321992,730.402958748969,742.9818118555728,634193.34
2021-10-18,742.9818118555728,744.8943931727354,741.4357219666042,743.3475422260681,652706.82
2021-10-19,743.3475422260681,762.8080839502538,738.8630918515074,758.2338279253241,780466.92
2021-10-20,758.2338279253241,779.7236716025964,745.6994019008265,767.0436103375293,610428.41
2021-10-21,767.0436103375293,788.7197758200277,757.4247974799893,778.9516349983771,380214.77
2021-10-22,778.9516349983771,794.5469211233265,776.3942970743693,791.9469190194553,501067.71
2021-10-23,791.9469190194553,805.0407198951148,774.5500416927523,787.5715007816356,925146.35
2021-10-24,787.5715007816356,808.7311394569207,775.3162519652791,796.3394542018806,567387.21
2021-10-25,796.3394542018806,801.9687029970304,785.6384105083929,791.2315520228658,802341.56
2021-10-26,791.2315520228658,811.812118984202,779.0541905322573,799.5073891398501,585647.4
2021-10-27,799.5073891398501,831.4003239359603,785.1473381728354,816.7309190213891,857728.99
2021-10-28,816.7309190213891,850.5056825511823,805.5827956489699,839.0528714610399,717556.25
2021-10-29,839.0528714610399,860.8665287547537,826.1433548236715,847.8220904899164,486991.7
2021-10-30,847.8220904899164,856.1771250142727,845.3788396546108,853.716886575528,522353.57
2021-10-31,853.716886575528,885.1815531877946,843.3260259846699,874.5372809347853,482333.46
2021-11-01,874.5372809347853,888.1494893832505,848.2696672374195,861.6817792782492,879362.49
2021-11-02,861.6817792782492,892.7071242668507,852.7833803979289,883.5825608155758,511009.32
2021-11-03,883.5825608155758,893.9114855411455,875.3808626798999,885.6902234019773,638272.44
2021-11-04,885.6902234019773,898.6885447007753,874.9436130130172,887.9149404858763,686094.16
2021-11-05,887.9149404858763,900.4760387219067,868.6709977578746,881.1361989267897,739948.38
2021-11-06,881.1361989267897,895.8506348149211,849.1465443121365,863.5675952586047,623795.14
2021-11-07,863.5675952586047,900.699895146438,849.1508478251585,885.9101520152076,472104.1
2021-11-08,885.9101520152076,905.3010750336441,872.9270102134903,892.2253826113545,517692.08
2021-11-09,892.2253826113545,909.8065576764159,869.1930190080354,886.6646200323877,538123.94
2021-11-10,886.6646200323877,902.5774272085469,876.3039464365982,892.1526262752174,361052.5
2021-11-11,892.1526262752174,901.0552601527056,878.2381812836489,887.090299090041,779752.7
2021-11-12,887.090299090041,894.1463163613419,854.6044494232044,861.4565731186569,794281.67
2021-11-13,861.4565731186569,865.1078534902541,855.2773594945527,858.9178796235358,535462.05
2021-11-14,858.9178796235358,864.0753703065631,833.3659921894526,838.400282133031,969919.76
2021-11-15,838.400282133031,848.2793169608206,832.1044255726447,841.9567535464917,681625.51
2021-11-16,841.9567535464917,875.0691794984574,832.5961933401196,865.447458423237,865193.13
2021-11-17,865.447458423237,882.7216471288067,838.9338313540214,856.0198464781716,849845.95
2021-11-18,856.0198464781716,881.7532778819917,842.3592416790244,867.9030377831054,676911.27
2021-11-19,867.9030377831054,883.5081953650895,843.0343776683886,858.4699250470125,421471.27
2021-11-20,858.4699250470125,862.9893873331995,853.7558103370284,858.2742424413411,735713.37
2021-11-21,858.2742424413411,860.3627455313484,843.4048903617656,845.4622169892593,798458.17
2021-11-22,845.4622169892593,856.4133821774658,843.7294943541701,854.6618055533772,594630.48
2021-11-23,854.6618055533772,884.5464535781473,845.220074927204,874.8813509702507,728716.96
2021-11-24,874.8813509702507,881.5170683690053,871.2806669261214,877.9039444618649,695000.02
2021-11-25,877.9039444618649,890.9658391586485,873.1559538800448,886.1731261478972,551564.84
2021-11-26,886.1731261478972,899.140962307105,881.5667501298366,894.4913477217261,682737.06
2021-11-27,894.4913477217261,907.7721249366246,877.5444586949716,890.7699837194768,616327.28
2021-11-28,890.7699837194768,928.6856505700054,873.7045699973678,911.2282955368944,768813.14
2021-11-29,911.2282955368944,915.0383253758076,899.452658354232,903.2292425343878,604002.77
2021-11-30,903.2292425343878,906.7729673750937,875.6883326844817,879.1375362519741,585908.32
2021-12-01,879.1375362519741,886.1128720770415,858.4985595548263,865.364616986919,464817.96
2021-12-02,865.364616986919,886.5155834678081,853.7018240838825,874.7266159410156,1215234.3
2021-12-03,874.7266159410156,882.2908989294256,861.4934127420742,869.0082455697914,625116.38
2021-12-04,869.0082455697914,876.6152415405704,862.914615111669,870.5110730063282,527659.84
2021-12-05,870.5110730063282,874.0570092817237,863.507992389581,867.0397887497599,813998.52
2021-12-06,867.0397887497599,878.7723276179822,858.1580173272067,869.8616496517584,733488.67
2021-12-07,869.8616496517584,888.8919052700131,867.5698535782553,886.556124808156,802819.61
2021-12-08,886.556124808156,922.455645375566,874.7584835451598,910.3414859027771,824357.15
2021-12-09,910.3414859027771,925.6564697190385,880.2754184568671,895.3379934265371,920895.51
2021-12-10,895.3379934265371,927.6671442647306,877.9376116602568,909.9821614690513,536405.53
2021-12-11,909.9821614690513,920.3173343021447,902.8832770286111,913.1933985999672,726126.57
2021-12-12,913.1933985999672,928.5823560649768,879.1440774025191,894.2131839839698,471688.95
2021-12-13,894.2131839839698,912.0264159679311,884.265668835893,901.9923627327083,648330.26
2021-12-14,901.9923627327083,937.7228855186258,895.8425497416316,931.37275605922,827776.89
2021-12-15,931.37275605922,934.8522481094838,916.2532171440488,919.6890603694937,559631.0
2021-12-16,919.6890603694937,928.9278709879552,906.973739718516,916.1772723876194,1222676.98
2021-12-17,916.1772723876194,932.3115299666558,875.529172844608,891.2239929367786,703162.29
2021-12-18,891.2239929367786,908.2065612904914,872.5888005198973,889.5392658408247,445189.03
2021-12-19,889.5392658408247,901.3185397376188,880.362598953169,892.1152979816509,834964.76
2021-12-20,892.1152979816509,937.8636413256455,877.9163918771895,923.1704612762397,1219417.52
2021-12-21,923.1704612762397,928.5562342289086,903.204881830878,908.505097104864,400204.0
2021-12-22,908.505097104864,938.0943859782302,894.5207196140553,923.8734475536722,836888.06
2021-12-23,923.8734475536722,931.0172448434046,921.6679337913096,928.7999702563853,546615.04
2021-12-24,928.7999702563853,974.6611176208986,919.9508385108356,965.4626822801325,690607.75
2021-12-25,965.4626822801325,983.8617689426952,950.1592543025521,968.5100377160187,504610.39
2021-12-26,968.5100377160187,976.8382300670628,959.4488878857965,967.7707228880726,866494.11
2021-12-27,967.7707228880726,985.9387156887452,964.036953266891,982.1494712196052,646436.24
2021-12-28,982.1494712196052,1009.8980713072156,963.0180364580856,990.601988707831,935589.82
2021-12-29,990.601988707831,1014.2989374624971,983.2909231607322,1006.8678231138852,541139.26
2021-12-30,1006.8678231138852,1019.609507915414,1004.0890109545749,1016.8032753194157,664765.35
2021-12-31,1016.8032753194157,1026.3057529387358,982.0759136625179,991.3404296952253,392540.79
2022-01-01,991.3404296952253,1014.9984692529736,976.9207540740518,1000.4463423538745,1340110.74
2022-01-02,1000.4463423538745,1018.2196159906748,991.5352218737675,1009.230255920135,1131155.12
2022-01-03,1009.230255920135,1027.609934837763,978.3937116535653,996.5423232531255,1207004.84
2022-01-04,996.5423232531255,1007.5096555689854,990.7269554547986,1001.6643976737192,1026958.1
2022-01-05,1001.6643976737192,1014.102286773694,958.4689324907783,970.5200958843669,603867.36
2022-01-06,970.5200958843669,978.7583412221284,966.7101180895014,974.9310473231375,692317.24
2022-01-07,974.9310473231375,990.72414658738,970.9092325209089,986.6539720245112,752906.21
2022-01-08,986.6539720245112,1008.8010980348271,981.2122252322371,1003.2677205238136,768694.77
2022-01-09,1003.2677205238136,1021.6222416578105,997.3304217479099,1015.6118905707342,532298.02
2022-01-10,1015.6118905707342,1029.700272972987,986.4320864473207,1000.3081785553692,525646.05
2022-01-11,1000.3081785553692,1017.5878408653629,958.5784652030035,975.4283448378334,501102.43
2022-01-12,975.4283448378334,1008.9697644702089,958.2812736697505,991.5394754676538,629199.23
2022-01-13,991.5394754676538,1011.9141839189309,978.3428955917873,998.6233238123502,646189.72
2022-01-14,998.6233238123502,1016.6841268219861,989.3122440697971,1007.2922190307249,625100.26
2022-01-15,1007.2922190307249,1044.1181948244955,1000.4785645945303,1037.1028912391255,745373.82
2022-01-16,1037.1028912391255,1044.6501695526767,1001.4915587928737,1008.8331102622539,495397.12
2022-01-17,1008.8331102622539,1051.4437744169752,998.5915229626737,1040.876881497295,565373.38
2022-01-18,1040.876881497295,1054.743188960668,1017.2131680673573,1030.9471946692565,578825.42
2022-01-19,1030.9471946692565,1058.4179275012746,1018.5811557732139,1045.8728577766028,859042.4
2022-01-20,1045.8728577766028,1062.302671262152,1029.3374967544742,1045.7656257113363,735428.07
2022-01-21,1045.7656257113363,1050.2725839452387,1035.1893363582499,1039.6700242496177,761758.61
2022-01-22,1039.6700242496177,1043.8622955348712,1008.9641330988817,1013.0490604195626,554238.12
2022-01-23,1013.0490604195626,1033.1421540267663,981.6123220933646,1001.4758698568415,707122.45
2022-01-24,1001.4758698568415,1017.4754513559435,993.777014591146,1009.713270990758,576789.07
2022-01-25,1009.713270990758,1035.8489182893018,990.0390264116072,1016.0511796755886,581746.3
2022-01-26,1016.0511796755886,1040.4743257654063,1008.7256910045044,1033.0264494147932,767757.9
2022-01-27,1033.0264494147932,1036.2942565468893,1017.6569695730407,1020.8863735971004,595473.45
2022-01-28,1020.8863735971004,1045.7862686814412,1009.5185292363428,1034.269400714065,681776.59
2022-01-29,1034.269400714065,1041.3313542943108,1028.5265145642431,1035.5811843323913,654327.22
2022-01-30,1035.5811843323913,1066.141466834396,1016.7424346759606,1047.0932949015557,521924.69
2022-01-31,1047.0932949015557,1066.8854841331645,1036.8481838757332,1056.5478664172963,605893.71
2022-02-01,1056.5478664172963,1067.0477842231278,1037.69280755131,1048.1088589392548,608322.63
2022-02-02,1048.1088589392548,1062.304942783565,1038.6623473973102,1052.8160061442438,636293.5
2022-02-03,1052.8160061442438,1065.6078324698713,1048.6059659312775,1061.3636117702858,446014.85
2022-02-04,1061.3636117702858,1090.2384492537483,1047.3336391025337,1076.0148051240917,583333.59
2022-02-05,1076.0148051240917,1109.7770461231053,1070.8681072846516,1104.4941285294933,879227.7
2022-02-06,1104.4941285294933,1119.4211634442843,1077.8275412998892,1092.5937447171855,780884.61
2022-02-07,1092.5937447171855,1102.6493729305862,1061.0789068546342,1070.9352018245256,633472.33
2022-02-08,1070.9352018245256,1114.1444547537017,1052.3499930883145,1095.1392052391627,521205.74
2022-02-09,1095.1392052391627,1107.5889303985193,1059.0304930087693,1071.2081661236548,717792.35
2022-02-10,1071.2081661236548,1110.2620274057065,1051.9361211096184,1090.6403785660502,891584.72
2022-02-11,1090.6403785660502,1093.318376895487,1071.1438338521336,1073.7804336553536,1022842.59
2022-02-12,1073.7804336553536,1089.9491389669429,1046.3022485807533,1062.2980552371791,614053.71
2022-02-13,1062.2980552371791,1075.1083739562562,1048.1860847284254,1060.9805151491385,537032.95
2022-02-14,1060.9805151491385,1066.328823125447,1029.6253681353764,1034.841913757602,789595.24
2022-02-15,1034.841913757602,1038.8813935239132,1013.8015547367406,1017.7744119326214,765751.26
2022-02-16,1017.7744119326214,1033.3143666322799,973.804637006041,988.9037785653635,701828.66
2022-02-17,988.9037785653635,1009.2901031423055,980.2415887998953,1000.5261089009462,597215.95
2022-02-18,1000.5261089009462,1003.9025707627892,997.0744083941468,1000.4506154893999,504652.77
2022-02-19,1000.4506154893999,1015.3478086487883,985.9330335296727,1000.8247969261209,828593.38
2022-02-20,1000.8247969261209,1008.0670278606818,992.6585222062995,999.8940177786313,875867.35
2022-02-21,999.8940177786313,1007.2937828327589,992.3150661283237,999.7134952163143,639755.61
2022-02-22,999.7134952163143,1003.1903516781548,988.0996564482267,991.5481149186554,1073538.62
2022-02-23,991.5481149186554,1017.8748467542018,982.0226919049436,1008.1895557910858,742583.91
2022-02-24,1008.1895557910858,1026.776998013773,960.0378445942748,978.0699887493062,670042.64
2022-02-25,978.0699887493062,995.1705218767836,937.4363066938998,954.118065436321,520798.54
2022-02-26,954.118065436321,984.663790314815,946.5243305764583,976.8888251459822,457585.08
2022-02-27,976.8888251459822,988.9118183223126,969.5402291278139,981.528321927868,615903.48
2022-02-28,981.528321927868,998.7971949223578,931.2363802905504,947.91384484314,767599.7
2022-03-01,947.91384484314,967.8743345942784,933.3987449658739,953.2771087810421,1254479.57
2022-03-02,953.2771087810421,958.6802463977241,922.3182524815163,927.5757156001771,711923.82
2022-03-03,927.5757156001771,966.002957888956,910.7225395815495,948.7647962567846,811711.32
2022-03-04,948.7647962567846,981.8379056196513,931.2926252124531,964.083627522932,569220.36
2022-03-05,964.083627522932,1007.899476309723,956.2476529279382,999.7734186878166,737483.39
2022-03-06,999.7734186878166,1017.8404317194464,976.7715930726351,994.7477873801107,713780.22
2022-03-07,994.7477873801107,1008.6196849619544,960.5919719307338,974.1770070928327,552642.81
2022-03-08,974.1770070928327,991.4795241569813,948.0999885631636,965.2438422258749,978113.84
2022-03-09,965.2438422258749,973.8704547500192,948.2197147113271,956.7705998643363,676929.38
2022-03-10,956.7705998643363,972.1136970485941,948.0002627023567,963.2836572688698,922807.51
2022-03-11,963.2836572688698,973.9285651501489,923.0875685419148,933.4022677285682,701690.36
2022-03-12,933.4022677285682,939.7278273063525,927.1071772949388,933.4325327580513,644342.65
2022-03-13,933.4325327580513,944.327645435409,906.6262445696522,917.3334471999497,575800.23
2022-03-14,917.3334471999497,927.5748715036661,899.2024259649563,909.3547736284654,641295.37
2022-03-15,909.3547736284654,936.4720800523539,904.4572342215318,931.4555120326108,1009544.81
2022-03-16,931.4555120326108,965.021428369453,914.5777298240517,947.8466422541507,559146.97
2022-03-17,947.8466422541507,963.7173651309198,944.1663044230486,959.9898770495377,826881.1
2022-03-18,959.9898770495377,988.0805111960818,942.8240466136042,970.7227632114857,647607.43
2022-03-19,970.7227632114857,982.0628086711031,955.1295549510775,966.4193273980425,811150.73
2022-03-20,966.4193273980425,976.7377610519914,955.4195501492709,965.7306306057438,737155.19
2022-03-21,965.7306306057438,982.5851880451158,923.5638373275027,939.9687822780262,501577.27
2022-03-22,939.9687822780262,949.5172256950234,910.9142263786357,920.2624882179691,729604.6
2022-03-23,920.2624882179691,929.2683149306673,913.4041197389873,922.3940606480669,1202928.39
2022-03-24,922.3940606480669,926.8612670574877,900.4548942795873,904.8370711998349,755930.85
2022-03-25,904.8370711998349,928.966211361029,891.8246192206254,915.7961568909069,882576.99
2022-03-26,915.7961568909069,931.3602398111364,899.5718570601922,915.1245255118226,753996.18
2022-03-27,915.1245255118226,925.3592313977133,900.3632135136849,910.5467214733582,852469.21
2022-03-28,910.5467214733582,916.9979447006003,894.7797372507725,901.1644873523005,584977.37
2022-03-29,901.1644873523005,925.5207809004545,884.1010306534998,908.3218012015136,679068.84
2022-03-30,908.3218012015136,931.6688440386012,895.9340176388698,919.1336079739467,872270.23
2022-03-31,919.1336079739467,929.9861814052753,894.6871701493131,905.3773176288347,641326.79
2022-04-01,905.3773176288347,920.0971398621386,882.7368362138559,897.325754372667,915180.32
2022-04-02,897.325754372667,904.5166610180883,887.3563309592311,894.5247915059039,544678.05
2022-04-03,894.5247915059039,913.3326371898065,880.8800464116623,899.6103193642601,710367.71
2022-04-04,899.6103193642601,912.0450723818151,892.1324594089339,904.5263487563651,656132.5
2022-04-05,904.5263487563651,910.5368434349184,897.0427056317789,903.043345892232,1353770.89
2022-04-06,903.043345892232,919.9299628327019,897.4548047968888,914.2719329134871,635005.82
2022-04-07,914.2719329134871,930.6413838235877,895.9110847431608,912.2442309538679,777540.31
2022-04-08,912.2442309538679,927.2949326862683,875.9174247278585,890.6112131608077,425485.37
2022-04-09,890.6112131608077,916.7750342133329,885.4916614812022,911.5352039535522,522760.7
2022-04-10,911.5352039535522,930.2375735652306,908.560402664831,927.2116122123796,755605.9
2022-04-11,927.2116122123796,931.6462748916354,901.19890873725,905.5298721073094,655309.4
2022-04-12,905.5298721073094,915.2857691934811,898.7057514190693,908.4397197406076,658469.55
2022-04-13,908.4397197406076,941.2525314774841,896.6510347053114,929.1945146039827,645377.88
2022-04-14,929.1945146039827,942.1828199496691,911.5179005755349,924.439743607267,668357.9
2022-04-15,924.439743607267,940.7559307513761,920.6950296284518,936.9604977900228,456325.42
2022-04-16,936.9604977900228,964.954208353454,927.4188006594213,955.2264963096586,684978.54
2022-04-17,955.2264963096586,970.7014942184851,944.3584354492269,959.7816077144345,662654.53
2022-04-18,959.7816077144345,1002.7393182412858,953.3840722515478,996.0997003259339,913880.7
2022-04-19,996.0997003259339,1022.719394745981,981.0220295766529,1007.4696208250248,862527.59
2022-04-20,1007.4696208250248,1022.2061461824607,994.6609136757802,1009.3732369520892,345121.68
2022-04-21,1009.3732369520892,1024.6701924061035,991.3357276784841,1006.5905111880733,582552.99
2022-04-22,1006.5905111880733,1021.2593245815879,991.2362538090784,1005.8949306666779,1098395.3
2022-04-23,1005.8949306666779,1024.1460457831338,978.1832906922696,996.2595805068038,877923.75
2022-04-24,996.2595805068038,1010.3216627033441,963.6074082450378,977.4033368675892,791392.97
2022-04-25,977.4033368675892,993.4348522322391,946.6741416041191,962.4605633682988,617326.32
2022-04-26,962.4605633682988,973.2111083533829,949.4888985987782,960.2143537479894,842273.76
2022-04-27,960.2143537479894,979.8576641068152,954.1937859700166,973.7522136122248,479265.34
2022-04-28,973.7522136122248,982.9427704282989,970.2119087828327,979.3819971986907,607648.85
2022-04-29,979.3819971986907,992.9878802361286,968.7947205305592,982.3683209289015,763024.29
2022-04-30,982.3683209289015,1035.8250347901162,966.2868887580898,1019.1416213423265,814832.98
2022-05-01,1019.1416213423265,1062.4484010083934,1006.4023067135498,1049.3317089701313,738912.25
2022-05-02,1049.3317089701313,1051.9180750227101,1030.504284829397,1033.0505214258656,772377.86
2022-05-03,1033.0505214258656,1052.422070736761,1026.5363751680695,1045.8273570966876,729330.09
2022-05-04,1045.8273570966876,1056.2221287519292,1014.5410308980636,1024.7260709473512,646948.48
2022-05-05,1024.7260709473512,1039.1184102227553,1015.2578779903341,1029.6051360183185,978728.7
2022-05-06,1029.6051360183185,1044.5875184404354,990.965416635428,1005.5984640281667,1112002.74
2022-05-07,1005.5984640281667,1010.7906495429818,990.096185711197,995.2348610515426,691167.7
2022-05-08,995.2348610515426,1014.8533028113217,986.6194768286658,1006.1434866064304,521789.78
2022-05-09,1006.1434866064304,1017.8629867546422,986.7716021014647,998.4009172573348,660072.33
2022-05-10,998.4009172573348,1018.0765017380055,960.7750197641035,980.0897441665632,715364.14
2022-05-11,980.0897441665632,998.3720218945787,950.5713723559911,968.6400715875161,402858.09
2022-05-12,968.6400715875161,977.2325553921771,944.6419704635623,953.0965730642065,978185.2
2022-05-13,953.0965730642065,967.722946178775,945.4594835487079,960.0302972646894,596755.92
2022-05-14,960.0302972646894,999.0242447881669,941.6990109527793,980.305807994274,569287.39
2022-05-15,980.305807994274,997.4695290978889,959.9899280398873,977.0974759411,643029.91
2022-05-16,977.0974759411,1009.4583652904091,962.6525485829859,994.7524357112579,621970.82
2022-05-17,994.7524357112579,1007.872451574014,972.0815987454286,985.0739630332764,709989.65
2022-05-18,985.0739630332764,999.9679569290229,968.6072834864037,983.4771338508127,852773.8
2022-05-19,983.4771338508127,1029.3674536548401,968.9462167646483,1014.3799461831201,962917.25
2022-05-20,1014.3799461831201,1031.6865298195607,994.1391515757074,1011.3948049902771,852961.39
2022-05-21,1011.3948049902771,1045.8693896643572,996.1999164324252,1030.3891360421992,553015.49
2022-05-22,1030.3891360421992,1044.5093519301986,1003.8325566651512,1017.7799795710525,681176.06
2022-05-23,1017.7799795710525,1036.9779624657174,998.3592059405818,1017.5529056289108,718559.19
2022-05-24,1017.5529056289108,1036.8174929104555,983.7220723187124,1002.705565739069,755879.56
2022-05-25,1002.705565739069,1013.5240825374719,993.1763943460786,1003.9827732550156,791080.12
2022-05-26,1003.9827732550156,1028.4086460399596,983.9296533158331,1008.2698969369333,713747.37
2022-05-27,1008.2698969369333,1030.9344293850663,999.1185677027804,1021.6615538646378,685037.29
2022-05-28,1021.6615538646378,1028.2838865869653,1005.0609542407573,1011.6181866181545,878981.82
2022-05-29,1011.6181866181545,1017.4176151973376,1003.0426657407405,1008.8260877095038,677143.1
2022-05-30,1008.8260877095038,1034.1461765427161,1004.6490527747607,1029.8819599667845,889193.92
2022-05-31,1029.8819599667845,1038.7067011036306,1000.0809598476585,1008.7244084456298,857861.16
2022-06-01,1008.7244084456298,1028.3195567961523,947.8497748467437,966.6271558235691,1006531.06
2022-06-02,966.6271558235691,974.2065555565403,948.4020334338537,955.8972995176407,739162.68
2022-06-03,955.8972995176407,984.0692031736628,938.1635199700086,966.1453029573203,1004256.72
2022-06-04,966.1453029573203,971.4525966483802,962.3489430925619,967.6503229758575,648853.06
2022-06-05,967.6503229758575,972.136133387958,947.5054744791852,951.9183550073801,763173.19
2022-06-06,951.9183550073801,957.91680788248,947.2200861607693,953.2121533909163,847536.14
2022-06-07,953.2121533909163,964.5467737843973,936.0477414712607,947.3122057440069,543708.32
2022-06-08,947.3122057440069,966.120062524335,903.8449516787393,922.1533057772094,634531.73
2022-06-09,922.1533057772094,927.3843202502721,911.6614915732328,916.8624933398826,592358.95
2022-06-10,916.8624933398826,936.2869170023865,909.5197576318709,928.8481932618813,689993.1
2022-06-11,928.8481932618813,944.9732272200268,908.4659134678014,924.5157348787766,612717.57
2022-06-12,924.5157348787766,935.2047701028248,890.3654136210328,900.7800220714811,718895.94
2022-06-13,900.7800220714811,935.7697779028191,893.3872947658326,928.1524046732793,686492.72
2022-06-14,928.1524046732793,937.0708748879126,903.7109646604874,912.4788299653172,652767.83
2022-06-15,912.4788299653172,932.4790167777675,898.5805365766468,918.4891776212966,726894.19
2022-06-16,918.4891776212966,939.8935781762239,910.6611182897936,931.950788814487,590213.36
2022-06-17,931.950788814487,951.9524768960371,918.9763421949442,938.8815416170611,564270.03
2022-06-18,938.8815416170611,954.2947284274977,919.8837337675242,935.2370913120931,519448.9
2022-06-19,935.2370913120931,938.065073205215,903.7226236178279,906.4635998590278,447684.48
2022-06-20,906.4635998590278,939.4595944010017,892.4155833271404,925.1224109497709,590609.43
2022-06-21,925.1224109497709,942.697187435059,889.5542678662272,906.780600496699,800939.12
2022-06-22,906.780600496699,925.4292093373518,903.6549998602994,922.2502859251963,666242.24
2022-06-23,922.2502859251963,943.4984763243807,919.0492290813885,940.2349959930174,702135.63
2022-06-24,940.2349959930174,952.5314623369893,908.6813912211517,920.7226739004799,632642.95
2022-06-25,920.7226739004799,933.7746844407696,888.6020218526986,901.3798314961307,1134713.02
2022-06-26,901.3798314961307,910.6829270777895,886.1502667949375,895.3915577061446,729578.73
2022-06-27,895.3915577061446,926.9833111230098,878.5221742358419,909.8416839414945,607230.85
2022-06-28,909.8416839414945,913.7352954224896,896.755359873724,900.6094626319154,537467.95
2022-06-29,900.6094626319154,905.912258447981,896.887348222734,902.183638154022,1074250.95
2022-06-30,902.183638154022,904.1550641731476,892.5503779465731,894.5050248784241,493047.08
2022-07-01,894.5050248784241,922.0725759796678,879.4799758993781,906.8403302139266,573863.7
2022-07-02,906.8403302139266,910.1256350163358,893.8116192173303,897.0614972241805,573947.7
2022-07-03,897.0614972241805,908.5985785952952,874.6771035019574,886.0728603392566,693953.37
2022-07-04,886.0728603392566,902.6716480018588,854.2122617358435,870.5196921663968,764975.12
2022-07-05,870.5196921663968,873.0858445219445,852.2641102295634,854.7838759240393,712080.22
2022-07-06,854.7838759240393,874.3290285781409,851.2683342402877,870.7478305926552,639008.98
2022-07-07,870.7478305926552,886.1415727070859,850.1899951657947,865.4907994878218,493629.55
2022-07-08,865.4907994878218,871.5457690823113,845.5392019731607,851.4962658758045,1113469.21
2022-07-09,851.4962658758045,859.6723417434724,819.4288103448799,827.373256832599,747929.22
2022-07-10,827.373256832599,837.669697321513,813.3699940509273,823.6197228055503,806725.38
2022-07-11,823.6197228055503,835.8898476228843,800.0269643860191,812.1258558313217,591154.14
2022-07-12,812.1258558313217,816.4392743252026,793.9326018872309,798.1719072130599,649890.65
2022-07-13,798.1719072130599,812.3214555574788,773.705199189374,787.6685498469443,938510.51
2022-07-14,787.6685498469443,802.0048167443059,775.1173981059004,789.4256661285058,403339.84
2022-07-15,789.4256661285058,792.291865136351,771.0398942333243,773.8495403850012,847215.56
2022-07-16,773.8495403850012,776.9049145247108,766.8241967538154,769.863834212254,658079.08
2022-07-17,769.863834212254,793.3445507900432,758.5239804992269,781.8284618505772,776717.3
2022-07-18,781.8284618505772,790.044559496752,766.3481665746997,774.4871153026198,1061359.52
2022-07-19,774.4871153026198,782.3443811352851,752.7617449247026,760.4768751699229,621184.38
2022-07-20,760.4768751699229,779.1443288820684,755.9780731196423,774.5622013600844,356230.26
2022-07-21,774.5622013600844,786.0427719447952,762.0162627766841,773.4808048894539,532849.46
2022-07-22,773.4808048894539,776.6162179067502,768.1209865125351,771.247345890264,702264.86
2022-07-23,771.247345890264,785.1039006814713,764.522596175585,778.3175040202958,1057174.69
2022-07-24,778.3175040202958,789.9918447007374,765.5950372996307,777.2534172553769,635262.19
2022-07-25,777.2534172553769,793.5840998539195,761.979088137235,778.2894117126409,1030800.35
2022-07-26,778.2894117126409,782.821014923153,753.1377450500997,757.5485844444495,391477.67
2022-07-27,757.5485844444495,767.7352972582293,736.6950005082205,746.7363214350569,617195.46
2022-07-28,746.7363214350569,773.6789804254487,744.3802860529925,771.2456155197018,907373.36
2022-07-29,771.2456155197018,776.4943937769649,752.4498283423203,757.6057795245722,886292.74
2022-07-30,757.6057795245722,761.4342259942865,754.7747859620283,758.5995190621909,429458.34
2022-07-31,758.5995190621909,795.1238733874975,745.7392113974786,781.8690838455649,567403.12
2022-08-01,781.8690838455649,798.8356301669697,774.4216182259681,791.298348837434,676195.04
2022-08-02,791.298348837434,809.7300443829793,777.018839428664,795.3769341665404,592917.07
2022-08-03,795.3769341665404,797.5433690629987,782.400684919516,784.5375958005271,937674.13
2022-08-04,784.5375958005271,795.9684125098572,764.9232796189757,776.2330987054188,702256.9
2022-08-05,776.2330987054188,784.9729394133088,763.5008285293236,772.1952053882143,487841.07
2022-08-06,772.1952053882143,788.0525248162536,761.0112754290437,776.8018751065391,785446.86
2022-08-07,776.8018751065391,809.5733080694281,761.7303831063514,794.1649383187007,795920.98
2022-08-08,794.1649383187007,811.4052795338954,778.6715657524142,795.8784775125223,525194.53
2022-08-09,795.8784775125223,809.3708694751421,774.8059856106496,788.167657355483,560221.03
2022-08-10,788.167657355483,792.7327321301028,782.3933937964027,786.9514241363303,585906.5
2022-08-11,786.9514241363303,806.6029447310568,774.6211774298621,794.1597552203921,985083.86
2022-08-12,794.1597552203921,814.2577628751767,778.8866934655235,798.8936599676048,684720.28
2022-08-13,798.8936599676048,805.4711660808357,789.0176900022637,795.5678135283217,402922.17
2022-08-14,795.5678135283217,802.1617600801172,773.9501395204069,780.4185234141714,518130.37
2022-08-15,780.4185234141714,803.6026292990944,772.1444597803974,795.1721464972005,837187.14
2022-08-16,795.1721464972005,806.7116118457328,780.1938795860815,791.6827065010383,632087.23
2022-08-17,791.6827065010383,800.2809308403926,786.5684789612039,795.1443413264848,515033.31
2022-08-18,795.1443413264848,798.9977680437064,782.1937232859733,786.0028485213385,636808.71
2022-08-19,786.0028485213385,791.6286138710291,771.0644773175462,776.6231077699427,894628.02
2022-08-20,776.6231077699427,794.0923125069402,766.0450546875529,783.4216592460621,1206055.2
2022-08-21,783.4216592460621,785.5821753861808,764.4521310096262,766.5661631510795,689929.26
2022-08-22,766.5661631510795,780.8977219874998,737.3597479203353,751.4079112862789,791142.66
2022-08-23,751.4079112862789,780.6272172752579,742.3638221431455,771.3431833893494,682684.09
2022-08-24,771.3431833893494,785.5878021275001,768.3262930748257,782.5271688227507,739383.69
2022-08-25,782.5271688227507,800.1163920426133,770.7764826306037,788.2793295074766,555478.13
2022-08-26,788.2793295074766,793.9242605527023,768.3651822275225,773.9071932607059,1004589.96
2022-08-27,773.9071932607059,789.2342449427024,761.6802984343371,776.9591327798851,624206.49
2022-08-28,776.9591327798851,790.8230602073869,762.2198179473825,776.0678413207522,531773.09
2022-08-29,776.0678413207522,784.656523279934,761.7333159503067,770.2576975033543,577550.7
2022-08-30,770.2576975033543,774.3573889731334,765.0682173729998,769.1620774121335,826601.65
2022-08-31,769.1620774121335,777.2417568179584,742.594709231729,750.4781226371252,587782.43
2022-09-01,750.4781226371252,759.6949336262268,715.3228809409175,724.2171746079565,1022750.83
2022-09-02,724.2171746079565,734.2024101419115,718.079395229268,728.0322973930976,821366.56
2022-09-03,728.0322973930976,741.729771755215,716.4945238791873,730.1583055051806,868232.14
2022-09-04,730.1583055051806,738.4840926095751,725.13018523731,733.4334187894679,630430.03
2022-09-05,733.4334187894679,756.0858543874625,720.858370165118,743.3409368718931,599273.85
2022-09-06,743.3409368718931,757.4388024939017,736.0000926657856,750.0318820318337,705785.91
2022-09-07,750.0318820318337,779.2767260341236,740.6134638054059,769.6124278997825,520240.88
2022-09-08,769.6124278997825,787.9133541117759,767.2971479088874,785.5501276014608,787751.85
2022-09-09,785.5501276014608,790.9895592458454,781.0076905452696,786.4419651464938,880416.82
2022-09-10,786.4419651464938,796.4961719531157,778.6606385318166,788.6925770124992,588792.86
2022-09-11,788.6925770124992,803.9730761974149,776.6245809723251,791.856665591721,831741.38
2022-09-12,791.856665591721,807.2849561779368,756.2225031095182,771.2492858771192,746013.15
2022-09-13,771.2492858771192,786.2918332574706,768.6996514707399,783.7010352362046,925322.44
2022-09-14,783.7010352362046,806.7000773605218,768.9167850751909,791.7637272903086,1055724.22
2022-09-15,791.7637272903086,797.7379670222674,763.7061237803291,769.5124670064338,851089.17
2022-09-16,769.5124670064338,806.0491715443761,754.3617970614147,790.4855693023092,690219.64
2022-09-17,790.4855693023092,792.7023300920101,782.5586479107693,784.7593506502361,946264.75
2022-09-18,784.7593506502361,793.5180052124342,774.4339301897678,783.1749007971035,708328.33
2022-09-19,783.1749007971035,795.702240151918,768.8371522769121,781.3350623424891,655037.75
2022-09-20,781.3350623424891,787.826605081558,772.6430218722526,779.1161291147241,601025.57
2022-09-21,779.1161291147241,827.9790251199438,763.9017288452816,812.1201303187531,717318.71
2022-09-22,812.1201303187531,827.2625320349781,793.4900156651736,808.5661516019759,899976.6
2022-09-23,808.5661516019759,815.0036212166419,797.7456012247359,804.1478945019122,540886.49
2022-09-24,804.1478945019122,806.1865248136942,802.4809610379616,804.5188224461535,513393.05
2022-09-25,804.5188224461535,808.6671275132632,788.8257277650401,792.9141964086252,515948.55
2022-09-26,792.9141964086252,799.0817553365939,790.863906762962,797.0208468586104,903748.1
2022-09-27,797.0208468586104,808.3659966494789,774.7070362690785,785.8937986995762,773278.22
2022-09-28,785.8937986995762,796.4182464400072,782.3273113604932,792.8203256290752,1012015.18
2022-09-29,792.8203256290752,801.2521928782928,770.480400206251,778.7627613033045,614821.11
2022-09-30,778.7627613033045,782.9478169988631,766.8569682089005,771.000308637171,515637.25
2022-10-01,771.000308637171,784.5738328707828,744.4856035568795,757.8272143759527,1033107.41
2022-10-02,757.8272143759527,763.3603895640717,745.5050108404522,750.9882522510237,582435.29
2022-10-03,750.9882522510237,761.9238665045566,717.6528360950559,728.2574528216785,828855.86
2022-10-04,728.2574528216785,737.3944628165016,689.46590843067,698.2261334517484,501460.86
2022-10-05,698.2261334517484,704.341638700119,688.3569020876818,694.4392393267398,732361.75
2022-10-06,694.4392393267398,705.3266086645176,665.7379420879549,676.3415775630518,672025.68
2022-10-07,676.3415775630518,699.8199028293435,673.5958194283429,696.9903165743583,490336.96
2022-10-08,696.9903165743583,707.3040825679982,682.5168569592157,692.7681450561207,1123344.63
2022-10-09,692.7681450561207,705.0551763580777,689.1448680584753,701.386822438618,560593.49
2022-10-10,701.386822438618,707.679620295808,698.9502055387164,705.2296534061727,554064.21
2022-10-11,705.2296534061727,718.927207659902,679.0390997075242,692.4891982930375,594363.5
2022-10-12,692.4891982930375,696.0184376646566,684.0576398544372,687.561766797911,405979.53
2022-10-13,687.561766797911,701.2136716900964,682.9101780112568,696.5016018839198,645026.56
2022-10-14,696.5016018839198,706.3027324028571,694.9809289912647,704.764020161164,594403.49
2022-10-15,704.764020161164,725.6287802634048,694.7665586483151,715.4793164362432,897092.18
2022-10-16,715.4793164362432,726.6969068342752,696.4081689518937,707.5006666701665,757531.01
2022-10-17,707.5006666701665,716.4595866655769,705.8227669942094,714.7644602681501,509856.56
2022-10-18,714.7644602681501,722.8467990219242,699.4243636663198,707.4236952861436,594511.26
2022-10-19,707.4236952861436,732.4049495521256,695.2097518978728,719.9743148682631,1199920.81
2022-10-20,719.9743148682631,744.198329878541,708.333028933986,732.3568306808417,557303.93
2022-10-21,732.3568306808417,744.4186176163884,703.4887364824286,715.2690913865622,860027.91
2022-10-22,715.2690913865622,721.0960757253201,712.9606733247487,718.7763385769432,590550.12
2022-10-23,718.7763385769432,723.8750926366415,700.388734658843,705.3925486803025,544745.78
2022-10-24,705.3925486803025,723.7851331005886,697.3652541372019,715.6412098490785,611315.4
2022-10-25,715.6412098490785,723.6528434962912,694.059278594581,701.9172721784475,1010984.09
2022-10-26,701.9172721784475,716.965100733612,690.9421520201158,705.9272804195406,485045.29
2022-10-27,705.9272804195406,728.3497706238765,692.829293394834,715.0819255605328,824869.07
2022-10-28,715.0819255605328,726.6721360758215,704.4260485230561,716.0025403886948,949504.07
2022-10-29,716.0025403886948,734.5843327925058,708.3628928645147,726.8291666716558,609771.6
2022-10-30,726.8291666716558,739.8369822553553,717.6507794770146,730.6108401480038,898148.89
2022-10-31,730.6108401480038,752.2977175572529,729.0997678164941,750.7450031162813,863875.51
2022-11-01,750.7450031162813,758.3365046511442,729.2368915938104,736.6862314274148,572170.3
2022-11-02,736.6862314274148,739.6669389367923,728.9466138126842,731.9079880628384,552044.6
2022-11-03,731.9079880628384,743.009371862407,697.3849785747815,708.1256380768202,673568.84
2022-11-04,708.1256380768202,719.5006665619572,693.2767419379383,704.595056667865,719188.18
2022-11-05,704.595056667865,718.6826428842228,676.5785531529843,690.3819645678514,638195.4
2022-11-06,690.3819645678514,697.5144187474249,667.1599164873344,674.1244111008613,806208.28
2022-11-07,674.1244111008613,676.5287978438138,653.9947748913135,656.3357150295978,576880.37
2022-11-08,656.3357150295978,659.288369843186,648.146497746939,651.07548840037,557339.51
2022-11-09,651.07548840037,666.0116974552359,639.1362681499226,654.0185090062596,700691.36
2022-11-10,654.0185090062596,663.1677913517606,650.4046001463747,659.5234637735477,741148.98
2022-11-11,659.5234637735477,676.8486033643151,653.894394177124,671.1205519724386,971714.39
2022-11-12,671.1205519724386,685.2440191534132,668.1664340816927,682.2409518271797,784198.55
2022-11-13,682.2409518271797,693.6621173519646,657.9506127290534,669.1526717746474,835837.69
2022-11-14,669.1526717746474,674.118680993482,655.8034951013934,660.706824821815,642152.77
2022-11-15,660.706824821815,668.7626009850868,654.9577726901284,662.993650346733,643240.69
2022-11-16,662.993650346733,675.6933825695769,652.8072680925394,665.4689689682259,597164.63
2022-11-17,665.4689689682259,690.301040156619,656.9820268427277,681.6082682993725,732733.01
2022-11-18,681.6082682993725,690.2771723190393,669.6843191199608,678.3112911683872,725946.99
2022-11-19,678.3112911683872,689.4524896106439,676.3362325062477,687.4508191198596,717153.78
2022-11-20,687.4508191198596,691.526473607472,681.7759174528705,685.8420340185907,665427.15
2022-11-21,685.8420340185907,694.9827021224081,681.0688156185038,690.179297897125,692578.0
2022-11-22,690.179297897125,708.7460309499509,676.4385952322388,694.911122908659,1059227.01
2022-11-23,694.911122908659,699.1116509438108,690.530613265782,694.7300467501991,749692.04
2022-11-24,694.7300467501991,700.787445868123,677.2444483221502,683.201327745182,809918.63
2022-11-25,683.201327745182,690.3124976238207,679.4670055338955,686.5598181803117,787054.98
2022-11-26,686.5598181803117,701.62917369574,679.3289959400931,694.3166567230835,670165.07
2022-11-27,694.3166567230835,697.0801848667384,692.9271357232013,695.6879195879617,800550.33
2022-11-28,695.6879195879617,707.1414460943969,652.4292639839387,663.3503985310641,703651.39
2022-11-29,663.3503985310641,675.2177085620756,649.5798718798156,661.4125132262715,512093.77
2022-11-30,661.4125132262715,676.540049109345,654.2513463037145,669.2935535243132,605418.88
2022-12-01,669.2935535243132,680.8130989762152,646.8161608457552,658.1438023646447,1152229.73
2022-12-02,658.1438023646447,671.8595998912449,656.7683713788686,670.458433003227,937096.85
2022-12-03,670.458433003227,677.077404619644,656.9327379459181,663.4828444088203,649604.73
2022-12-04,663.4828444088203,666.8429086722333,656.5689248165296,659.910899744675,828661.96
2022-12-05,659.910899744675,668.3272916524783,653.9533762707521,662.3477686875096,739336.4
2022-12-06,662.3477686875096,668.7042071384263,645.7153999561742,651.9722664838922,1082224.77
2022-12-07,651.9722664838922,671.8242777946496,642.7015863927577,662.4052465760155,677685.42
2022-12-08,662.4052465760155,688.2459876368948,651.5158063839998,677.1147346104635,740406.15
2022-12-09,677.1147346104635,689.9474127920599,651.8598713371849,664.4525762994974,573531.92
2022-12-10,664.4525762994974,669.3656600717238,657.5114935859168,662.4094702587173,676871.18
2022-12-11,662.4094702587173,694.376584555763,652.8671364142364,684.5157981970378,352760.55
2022-12-12,684.5157981970378,709.6390709943421,672.8283796683359,697.7260998563513,746956.72
2022-12-13,697.7260998563513,704.145321934185,672.3900265189924,678.6335936552197,899610.51
2022-12-14,678.6335936552197,700.9133257233906,670.4272294457996,692.5388129067446,1068636.29
2022-12-15,692.5388129067446,702.4847251216461,643.5065164894529,652.8829095287507,789439.67
2022-12-16,652.8829095287507,662.1916838787434,650.6489067955509,659.9335555904972,638889.91
2022-12-17,659.9335555904972,668.6363230522022,641.7441056053285,650.320097132158,570047.49
2022-12-18,650.320097132158,663.3051918568343,642.6659143965722,655.588994881847,621572.84
2022-12-19,655.588994881847,663.4477539786665,650.6356367670197,658.4726084773594,469401.47
2022-12-20,658.4726084773594,673.2212611613946,645.3624990511089,660.0791653828505,657288.15
2022-12-21,660.0791653828505,669.1873119657464,657.7893691384877,666.8739448207189,515258.95
2022-12-22,666.8739448207189,679.6186050708611,648.6302553268195,661.2677758095328,602913.5
2022-12-23,661.2677758095328,670.1795734026575,645.7229553943836,654.5441396432693,665138.3
2022-12-24,654.5441396432693,667.2743755841067,652.5355038094901,665.2329384417735,760079.31
2022-12-25,665.2329384417735,668.878289843494,661.7369932807171,665.3815636244681,463264.49
2022-12-26,665.3815636244681,676.0775430816894,648.3570805810157,658.9496675915569,642458.65
2022-12-27,658.9496675915569,662.5924434704875,653.3758466482063,657.0078880690214,830963.48
2022-12-28,657.0078880690214,658.8747753945231,652.2332104569972,654.0918117542624,993284.86
2022-12-29,654.0918117542624,661.8425710345687,642.5715455738607,650.277101875838,687111.56
2022-12-30,650.277101875838,668.4456285252666,637.2880762303414,655.3551704854725,1212426.47
2022-12-31,655.3551704854725,661.1405605334032,639.9583386960804,645.6581244855128,833933.05
2023-01-01,645.6581244855128,669.5246404073002,639.2310446465714,662.9256740613391,710876.15
2023-01-02,662.9256740613391,676.1800998116832,652.3646405546224,665.5768308674857,955215.06
2023-01-03,665.5768308674857,674.0815044120185,636.6390371647159,644.8792389697217,616653.48
2023-01-04,644.8792389697217,652.4796347532305,640.4525205476199,648.0312794188508,538675.45
2023-01-05,648.0312794188508,655.7151661459586,630.218169387211,637.780509895198,882976.34
2023-01-06,637.780509895198,644.339175479073,631.0006200254217,637.5569869941214,799309.03
2023-01-07,637.5569869941214,639.0192747799339,634.5008130607533,635.9594367376707,908812.82
2023-01-08,635.9594367376707,646.0610588972261,633.4570300724054,643.5288676368433,903580.78
2023-01-09,643.5288676368433,659.451155336101,635.2349943832497,651.0602171926697,1157083.38
2023-01-10,651.0602171926697,656.6943572637684,648.0139209776835,653.6360089765551,486979.16
2023-01-11,653.6360089765551,686.3437141885576,643.2805783984127,675.6396835917316,640632.75
2023-01-12,675.6396835917316,682.9640159202481,660.0829298445774,667.317039809917,651391.37
2023-01-13,667.317039809917,685.7545321154566,664.9501530575952,683.3308464735737,937069.72
2023-01-14,683.3308464735737,713.457236625997,670.257998199674,700.0642602896071,768366.46
2023-01-15,700.0642602896071,716.2787902638311,688.100098823326,704.2432101665426,937979.34
2023-01-16,704.2432101665426,719.5196339772635,694.7350401519368,709.9346227273148,751345.05
2023-01-17,709.9346227273148,732.9089336093366,698.9876589753677,721.7793283035832,696773.94
2023-01-18,721.7793283035832,731.8652654572422,707.9102997146559,717.942623861735,829862.17
2023-01-19,717.942623861735,719.5453794907647,710.1932343720334,711.7822373782417,747251.33
2023-01-20,711.7822373782417,721.1579708586299,697.0062648166016,706.3099158175777,771641.23
2023-01-21,706.3099158175777,714.521078003912,701.7874616582561,709.9751555647766,823903.35
2023-01-22,709.9751555647766,723.5084606498436,690.9078871009499,704.3336558358066,780174.03
2023-01-23,704.3336558358066,710.9283065152956,689.1750171166003,695.6887256255529,894948.51
2023-01-24,695.6887256255529,705.904552926174,673.4016932388358,683.4376194131377,709124.67
2023-01-25,683.4376194131377,686.6357622898595,668.8608514251727,672.0054977464877,730319.43
2023-01-26,672.0054977464877,679.0717044035392,657.714494901051,664.7039247701969,545036.73
2023-01-27,664.7039247701969,667.2821208333677,655.189378854637,657.7405660445578,895022.42
2023-01-28,657.7405660445578,665.1832127528751,651.6122190180591,659.0427330833373,1073743.95
2023-01-29,659.0427330833373,667.008580536499,642.4857047945012,650.3464401825752,446103.8
2023-01-30,650.3464401825752,664.7552889964279,641.6415710872727,655.9750807035953,821656.11
2023-01-31,655.9750807035953,684.9284158593061,649.9935050250748,678.7392626657675,674915.45
2023-02-01,678.7392626657675,697.0053395623422,675.4407683066764,693.6344584679707,668470.61
2023-02-02,693.6344584679707,703.2576444831166,671.6733025049881,681.122908661674,818927.32
2023-02-03,681.122908661674,682.6312964078815,676.1962214641189,677.6970223786055,694819.26
2023-02-04,677.6970223786055,688.9168749798513,652.0899279059907,663.0675775624767,772177.96
2023-02-05,663.0675775624767,674.8072990992512,653.6816896707776,665.3885571591406,639802.77
2023-02-06,665.3885571591406,679.037748781856,654.784726252558,668.3861473816205,1019711.41
2023-02-07,668.3861473816205,683.5729772251635,655.3353275356709,670.481248706793,660391.14
2023-02-08,670.481248706793,675.7698219273082,653.3255611638153,658.5197856259581,578693.52
2023-02-09,658.5197856259581,666.1510921076565,643.7072630837125,651.2543737892905,763430.78
2023-02-10,651.2543737892905,671.0425432481019,642.5360867296458,662.1780222333289,568127.44
2023-02-11,662.1780222333289,675.1812210836312,653.8711044973448,666.8161191610143,742325.05
2023-02-12,666.8161191610143,675.7557039297193,648.1665465192426,656.9741866826053,1056643.36
2023-02-13,656.9741866826053,669.4276234715595,630.4629051095828,642.6447160720044,692200.8
2023-02-14,642.6447160720044,649.5277590061328,635.0425058049655,641.9177627088275,498944.89
2023-02-15,641.9177627088275,653.1582973577409,629.4220477588967,640.6402113802283,630997.74
2023-02-16,640.6402113802283,649.2006285702718,618.2687611097729,626.6421319710449,857647.56
2023-02-17,626.6421319710449,636.7220688856755,613.3644402906107,623.3920983490833,718957.49
2023-02-18,623.3920983490833,628.318624369757,613.3868674982476,618.2729379582295,834140.69
2023-02-19,618.2729379582295,623.1724382600959,607.2579168421521,612.108567627173,597594.07
2023-02-20,612.108567627173,623.6373677376534,596.230829282207,607.6761466609839,631495.15
2023-02-21,607.6761466609839,621.0156270509921,597.3493454531203,610.6384841107397,820153.65
2023-02-22,610.6384841107397,618.4576356027596,603.8523596994322,611.660157173175,1047126.19
2023-02-23,611.660157173175,631.5794737248439,605.3641087517336,625.1446246003272,635404.43
2023-02-24,625.1446246003272,631.4535066598662,621.0682018948106,627.3626209162188,706575.32
2023-02-25,627.3626209162188,639.8733170591363,623.7643340496265,636.2242038975182,921549.63
2023-02-26,636.2242038975182,640.0810427230228,618.1517307335716,621.9218677248673,723313.49
2023-02-27,621.9218677248673,635.4508449759961,610.1361122465167,623.6326688910341,821000.53
2023-02-28,623.6326688910341,627.8725475387256,615.4980139292129,619.7112319841564,581751.48
2023-03-01,619.7112319841564,633.8844780165799,613.4927083298201,627.5869253197253,700621.9
2023-03-02,627.5869253197253,639.4257236925871,618.6279597186987,630.4262263355511,599283.52
2023-03-03,630.4262263355511,656.7178359078239,621.8406124803819,647.8943284291141,459292.78
2023-03-04,647.8943284291141,658.1812013149457,627.5050809562205,637.6289666587644,561136.01
2023-03-05,637.6289666587644,643.2557824382534,624.3625781659374,629.9213776131526,783000.05
2023-03-06,629.9213776131526,638.783573888932,624.8923020619009,633.7241384038861,803547.53
2023-03-07,633.7241384038861,640.7251114814828,625.397987274082,632.3841571077908,848294.96
2023-03-08,632.3841571077908,640.8739531753187,613.8851667646796,622.2387602576912,794983.72
2023-03-09,622.2387602576912,638.8076786952835,609.8544448808153,626.3417031235288,662208.13
2023-03-10,626.3417031235288,634.2168846061624,613.2747730135127,621.0838458852155,442661.2
2023-03-11,621.0838458852155,635.9173494769772,611.2586896838028,626.0141981997955,525869.41
2023-03-12,626.0141981997955,637.6839225984418,596.6426759050446,607.9761474168863,922665.47
2023-03-13,607.9761474168863,609.2286462780688,603.7319961287789,604.9783191284027,567105.34
2023-03-14,604.9783191284027,610.6833189890298,601.0023105006846,606.6960213635232,687083.46
2023-03-15,606.6960213635232,609.8015203124313,605.4471525310643,608.548837503536,711067.9
2023-03-16,608.548837503536,627.2676077019363,597.4356986296184,616.0180679508389,495110.11
2023-03-17,616.0180679508389,621.5461127040878,607.993400134383,613.4988377302649,760619.22
2023-03-18,613.4988377302649,626.0305850095932,605.8664829206418,618.3380272957697,1025592.3
2023-03-19,618.3380272957697,624.9544351454898,611.0643786595035,617.6736777640673,696725.84
2023-03-20,617.6736777640673,635.3596442115901,608.0628159424901,625.6250606818293,654425.66
2023-03-21,625.6250606818293,631.0226136268479,604.0456428924739,609.3023725570722,523995.24
2023-03-22,609.3023725570722,610.6548453022341,581.2802542925785,582.5733965424164,653674.48
2023-03-23,582.5733965424164,600.4378202550462,577.6447226232128,595.4006257095542,801429.08
2023-03-24,595.4006257095542,601.6322782175688,583.4842249919479,589.6557497996778,698885.91
2023-03-25,589.6557497996778,595.1383793111893,567.3065570052228,572.6308890627754,627129.27
2023-03-26,572.6308890627754,576.5902001923364,567.1653810520594,571.1142054572856,900144.23
2023-03-27,571.1142054572856,573.2487639823601,563.97612598687,566.0919135271704,655689.11
2023-03-28,566.0919135271704,571.2109917943382,564.6735504059513,569.7833795756118,628992.63
2023-03-29,569.7833795756118,585.2943619747194,559.3002149942988,574.7203642371621,725152.98
2023-03-30,574.7203642371621,576.551982047891,568.8437395226669,570.6624247932897,970516.88
2023-03-31,570.6624247932897,585.2701490159881,565.4429275804698,579.965561747657,673471.29
2023-04-01,579.965561747657,581.943066655901,566.0948749175589,568.0316889752795,560985.89
2023-04-02,568.0316889752795,570.3038501045562,543.3173417326578,545.4993722314582,802341.7
2023-04-03,545.4993722314582,554.428652374789,538.0509404739295,546.9602729873659,644285.01
2023-04-04,546.9602729873659,557.150142678196,534.4507524922036,544.5965867085007,804153.44
2023-04-05,544.5965867085007,549.0991965288695,522.7711171992507,527.1293112670102,419432.76
2023-04-06,527.1293112670102,540.989132604588,519.0002581377162,532.773045395426,706473.31
2023-04-07,532.773045395426,541.3235610199935,509.1309955359811,517.4353553928244,657816.26
2023-04-08,517.4353553928244,524.4345868410188,509.50907090514124,516.4955903635612,550696.08
2023-04-09,516.4955903635612,532.6807350193185,507.3861190203216,523.4486323546354,516896.38
2023-04-10,523.4486323546354,528.6599922052864,520.6427471526989,525.8412814873776,652666.64
2023-04-11,525.8412814873776,529.5002189587616,524.0784629972427,527.7310652001938,535779.47
2023-04-12,527.7310652001938,533.1186889200104,518.147097565332,523.4914388004502,333492.88
2023-04-13,523.4914388004502,531.1801670843181,517.4125213424601,525.0827706706655,521786.09
2023-04-14,525.0827706706655,534.3887621826358,520.5164389305027,529.7815678057667,516167.41
2023-04-15,529.7815678057667,539.632422152285,514.2380653124028,523.9810640422228,705139.39
2023-04-16,523.9810640422228,526.1930642804647,511.7400460290998,513.909529009715,520024.55
2023-04-17,513.909529009715,530.8116337715113,504.25146662785295,521.019943154532,699883.43
2023-04-18,521.019943154532,543.188717505266,516.0155287710267,538.021007318681,551583.91
2023-04-19,538.021007318681,561.5479075057818,528.875028474314,552.1615493883788,851249.9
2023-04-20,552.1615493883788,557.0212082775769,523.0931072359924,527.7378090223119,768732.35
2023-04-21,527.7378090223119,545.346894720607,521.8566440793029,539.3364730611663,649401.34
2023-04-22,539.3364730611663,547.0956480459547,525.8505166728938,533.5261006180158,725646.63
2023-04-23,533.5261006180158,556.2452174313697,527.9087688807464,550.449702312264,808166.88
2023-04-24,550.449702312264,560.2107062849337,531.1421788078221,540.730840330278,710782.89
2023-04-25,540.730840330278,547.0394651171308,524.1732707177143,530.3609111115421,725146.84
2023-04-26,530.3609111115421,531.5946939943352,528.7357881851918,529.9686585677155,413331.35
2023-04-27,529.9686585677155,538.6467182136284,517.7507427194886,526.3698734621657,614919.38
2023-04-28,526.3698734621657,532.1047062677117,517.543331316441,523.2441087189412,576189.3
2023-04-29,523.2441087189412,539.4152717333404,515.855295503734,531.9041684385425,910313.85
2023-04-30,531.9041684385425,547.7070547586962,527.7429676473093,543.455485527689,634905.67
2023-05-01,543.455485527689,551.3793303350369,526.9371540332316,534.733832911381,591343.15
2023-05-02,534.733832911381,558.4235631846476,526.7117330079524,550.1698908773486,809412.07
2023-05-03,550.1698908773486,561.1589134830587,527.9065395576239,538.6657805438568,478823.76
2023-05-04,538.6657805438568,543.2801973812565,528.5708540716544,533.1379171194094,685079.83
2023-05-05,533.1379171194094,560.371999737228,529.9638756288241,557.0555643141989,427085.56
2023-05-06,557.0555643141989,566.6786580394358,551.1098126888822,560.6940706918066,584649.32
2023-05-07,560.6940706918066,568.7974413053739,546.4229128178984,554.4358369834363,623499.34
2023-05-08,554.4358369834363,562.9827341497136,548.5195906562379,557.0387131807705,1007620.69
2023-05-09,557.0387131807705,573.8141351354442,547.2848321184397,563.939421028656,674419.78
2023-05-10,563.939421028656,578.2760688334198,553.0344105035089,567.3059588855444,560292.0
2023-05-11,567.3059588855444,591.4568532675754,556.1648437256323,580.0651647103341,677026.35
2023-05-12,580.0651647103341,582.5399281627878,569.093594328997,571.531952073869,1003489.43
2023-05-13,571.531952073869,575.180379069596,561.576319555394,565.1842252507478,418820.55
2023-05-14,565.1842252507478,569.3113087666321,552.5651287002297,556.6297457676814,849140.85
2023-05-15,556.6297457676814,567.0476074867632,538.4979542688536,548.7686887354846,769629.73
2023-05-16,548.7686887354846,558.061587680051,539.9542390315376,549.2395744999575,679878.78
2023-05-17,549.2395744999575,551.5379682562192,537.0504791755283,539.3073095470428,647702.48
2023-05-18,539.3073095470428,547.4509244078135,533.9731746243607,542.0892738687484,1002605.98
2023-05-19,542.0892738687484,558.3789198504741,531.9381112656135,548.114920991974,837716.16
2023-05-20,548.114920991974,551.2460075215384,533.6620189269839,536.7280584186888,540054.78
2023-05-21,536.7280584186888,543.1490674067825,524.6326983390749,530.9850017359468,703920.55
2023-05-22,530.9850017359468,538.634455296405,518.8062541841604,526.3895042845841,955645.88
2023-05-23,526.3895042845841,528.0562916062861,522.8040357687862,524.4647283791572,800752.13
2023-05-24,524.4647283791572,529.5904084443112,517.928977977115,523.0407411811361,747451.85
2023-05-25,523.0407411811361,541.1945966679846,513.3507062249384,531.350610184151,505377.28
2023-05-26,531.350610184151,541.682164517904,530.1750743953771,540.4864170877605,1248151.63
2023-05-27,540.4864170877605,547.7295024708867,525.9145510428733,533.058089031909,838352.84
2023-05-28,533.058089031909,549.1002885878939,523.6049219657259,539.5323087427491,1093289.55
2023-05-29,539.5323087427491,557.9497104739465,534.2776125253524,552.5680545122013,754760.68
2023-05-30,552.5680545122013,568.0634478523805,548.8871314095171,564.3043436505963,696816.04
2023-05-31,564.3043436505963,574.9163386389996,555.7947141541731,566.3754767490918,595848.48
2023-06-01,566.3754767490918,571.2492812038784,561.044875314093,565.9147147955465,893267.95
2023-06-02,565.9147147955465,570.4531438078084,547.9979436119049,552.4282158356024,1017880.37
2023-06-03,552.4282158356024,556.1230205911137,544.8998853975527,548.5688777482857,908152.07
2023-06-04,548.5688777482857,559.1530730530159,524.3448550224928,534.6607032867614,1230280.34
2023-06-05,534.6607032867614,553.769928976166,526.4180826679038,545.3623263078947,723314.83
2023-06-06,545.3623263078947,547.8138451778569,540.5105191489652,542.9511994945268,599358.23
2023-06-07,542.9511994945268,546.9441376482487,538.2214452309343,542.2089245924483,746505.18
2023-06-08,542.2089245924483,552.0440400897165,526.7918169638168,536.5238103007179,855854.21
2023-06-09,536.5238103007179,545.609196830703,514.8095164392004,523.6773638226476,655493.59
2023-06-10,523.6773638226476,534.6501362756834,519.3104239175525,530.2285659663659,692440.68
2023-06-11,530.2285659663659,542.8110430949307,522.3997864459062,534.9130968754325,738438.77
2023-06-12,534.9130968754325,545.7507438868016,532.8725942356762,543.676810804771,791930.71
2023-06-13,543.676810804771,546.2219018795463,525.0646375338655,527.5341607089888,723991.66
2023-06-14,527.5341607089888,549.5881062901091,517.9249238440325,539.7562395756394,737901.03
2023-06-15,539.7562395756394,546.1149518771242,532.3078419702136,538.6535639689831,820617.57
2023-06-16,538.6535639689831,548.4335998475203,536.2557394564928,546.0030589466301,848307.23
2023-06-17,546.0030589466301,551.9163068549486,516.1183222734296,521.7691150253999,618519.85
2023-06-18,521.7691150253999,530.9849713691859,516.3680636490986,525.5448359192153,442308.1
2023-06-19,525.5448359192153,536.0260783069283,514.4741989090764,524.9434474615092,539975.45
2023-06-20,524.9434474615092,526.1315555762338,521.8279244921365,523.0116603798742,785516.0
2023-06-21,523.0116603798742,531.0207839521795,514.1931689973314,522.1897055892933,583109.56
2023-06-22,522.1897055892933,530.343329514158,508.8339543539962,516.9050623014587,748048.62
2023-06-23,516.9050623014587,525.1501478866849,496.4636331855433,504.51102305881966,690053.48
2023-06-24,504.51102305881966,512.5814995246413,485.77690177848433,493.67402275369176,711814.11
2023-06-25,493.67402275369176,501.2620513766687,486.38067240012685,493.96441093960584,791491.28
2023-06-26,493.96441093960584,510.2101329570156,489.2082627114421,505.34441211345523,942540.64
2023-06-27,505.34441211345523,516.6517693531949,503.8842106698425,515.1631963621962,697092.87
2023-06-28,515.1631963621962,527.325226303183,505.1604835140958,517.2813854449636,539451.07
2023-06-29,517.2813854449636,520.5709825575084,509.7347599790754,512.9971116988006,756592.51
2023-06-30,512.9971116988006,535.6582859795262,509.1526487690019,531.6738572404728,836577.09
2023-07-01,531.6738572404728,540.5863348476867,529.1487161955523,538.0310010735157,398483.17
2023-07-02,538.0310010735157,547.9874422237159,533.7419560105052,543.6535754407985,584348.96
2023-07-03,543.6535754407985,547.9488433367451,527.1521604299342,531.3502226815021,705135.41
2023-07-04,531.3502226815021,538.2907362908713,526.8472780261559,533.767307968053,620797.74
2023-07-05,533.767307968053,538.7123091758664,517.7000826993999,522.5410803303758,723930.45
2023-07-06,522.5410803303758,549.3354155996409,515.2140512272604,541.7391921134341,598879.6
2023-07-07,541.7391921134341,552.2899880106388,523.5932656753214,533.9932023430689,884789.43
2023-07-08,533.9932023430689,540.0825615097489,522.4650108906651,528.4916332471037,709051.08
2023-07-09,528.4916332471037,539.0052922636041,512.2652933384373,522.6629992025678,446365.15
2023-07-10,522.6629992025678,524.2266941590865,517.842719018605,519.3966417381351,840441.43
2023-07-11,519.3966417381351,530.1166108930805,514.8453682744888,525.5117530555096,853893.02
2023-07-12,525.5117530555096,526.9414563451279,524.1753825377491,525.6048490852037,693496.72
2023-07-13,525.6048490852037,532.7629965407302,518.90254966371,526.0549575194145,441967.85
2023-07-14,526.0549575194145,543.1502358348021,515.7314534577722,532.6963976079753,877054.96
2023-07-15,532.6963976079753,535.7969098805459,515.9601559420913,518.9808380129929,542168.07
2023-07-16,518.9808380129929,533.6399275665494,511.23917656883606,525.7965951542027,639544.2
2023-07-17,525.7965951542027,535.3811725568548,517.5224417524282,527.0867172583113,606400.42
2023-07-18,527.0867172583113,529.1234299067227,518.7796172902907,520.7920065846365,488431.45
2023-07-19,520.7920065846365,527.1538205180449,515.6942816547433,522.0438421105866,701073.88
2023-07-20,522.0438421105866,525.4940187824116,519.6865780656981,523.1318419263,736395.35
2023-07-21,523.1318419263,527.494406253826,495.84416417721195,500.013940908525,720128.25
2023-07-22,500.013940908525,520.5550976608164,491.7522120240672,512.0937737338857,664309.14
2023-07-23,512.0937737338857,526.7449183007901,508.3906851283683,522.9632297187252,581049.86
2023-07-24,522.9632297187252,532.7948411633995,501.7476684535039,511.3611632057831,1010656.07
2023-07-25,511.3611632057831,519.5288187798703,496.7289636919015,504.79168911974676,733197.52
2023-07-26,504.79168911974676,520.2796295648918,501.3907039569697,516.7977546969719,554024.06
2023-07-27,516.7977546969719,527.8851562423712,511.799575611407,522.8286497104319,781483.33
2023-07-28,522.8286497104319,533.3238267598664,515.9694822171865,526.4175749317676,766769.94
2023-07-29,526.4175749317676,537.3162616957587,519.6156138479548,530.4620411451307,816408.04
2023-07-30,530.4620411451307,540.4458653299308,524.025121585471,533.9664216802116,694384.58
2023-07-31,533.9664216802116,538.6502820085893,519.7014692819635,524.3005422012604,599096.99
2023-08-01,524.3005422012604,534.2583953810112,509.4142569366765,519.2766939587668,497065.05
2023-08-02,519.2766939587668,530.2589139926414,517.4164904662657,528.3661493686758,613086.55
2023-08-03,528.3661493686758,541.6154560008404,521.2884820776297,534.4562100108951,462662.16
2023-08-04,534.4562100108951,538.5697916896016,533.045009796789,537.1514747872465,754669.93
2023-08-05,537.1514747872465,543.5989001601395,524.8630643979307,531.2395287238162,468502.32
2023-08-06,531.2395287238162,543.336120832676,528.4146437119219,540.4621939716353,640479.08
2023-08-07,540.4621939716353,542.3632275945263,529.7098377057157,531.5796275940222,839932.25
2023-08-08,531.5796275940222,547.0293681875964,530.0112266123834,545.4201314427046,658891.99
2023-08-09,545.4201314427046,555.892696862256,528.3528818511867,538.6963444094508,689734.53
2023-08-10,538.6963444094508,541.0191690262574,528.4252766557372,530.7136805300248,782074.19
2023-08-11,530.7136805300248,535.5546859733428,526.2186411071892,531.056740897361,795846.98
2023-08-12,531.056740897361,538.6562397453836,525.498837932955,533.0771912681902,907376.15
2023-08-13,533.0771912681902,535.340718392831,531.7770497175542,534.0382329223895,805863.54
2023-08-14,534.0382329223895,543.9945195367821,512.307039468334,522.0396313949409,765504.29
2023-08-15,522.0396313949409,527.1171730011238,520.8515922823943,525.9203023963775,428683.02
2023-08-16,525.9203023963775,544.8065975747011,516.2394647690337,534.9593739313893,743594.06
2023-08-17,534.9593739313893,536.335437503284,532.9030143174954,534.2773234668223,1059680.55
2023-08-18,534.2773234668223,539.291639189105,515.3795181673203,520.2622996636161,822979.92
2023-08-19,520.2622996636161,528.634864088166,510.0884399335704,518.4315420345871,892022.55
2023-08-20,518.4315420345871,519.6996320579597,507.2052357170451,508.44890809318423,591410.61
2023-08-21,508.44890809318423,516.8772856016674,483.6723822913107,491.8251943840695,688052.6
2023-08-22,491.8251943840695,496.9731849220696,482.15064822163646,487.2507576069133,806112.33
2023-08-23,487.2507576069133,506.42966120616944,482.1430520722919,501.1759816676183,781985.94
2023-08-24,501.1759816676183,503.8577321093333,497.8461316454295,500.52439550449753,852869.41
2023-08-25,500.52439550449753,503.62953058125464,495.1405517275867,498.2314619866146,527157.61
2023-08-26,498.2314619866146,512.702551110952,490.07299900537186,504.4423852241742,574100.91
2023-08-27,504.4423852241742,510.9740312834795,503.3391094545889,509.85890892935976,506554.39
2023-08-28,509.85890892935976,513.804201056345,493.3267262567888,497.1738613891342,746759.55
2023-08-29,497.1738613891342,517.5392160049344,493.3126958149225,513.5508629026492,667980.09
2023-08-30,513.5508629026492,518.9158500902834,510.02010019908806,515.3725628430572,666764.49
2023-08-31,515.3725628430572,527.5485893858713,511.4589413380905,523.5726979283938,590468.43
2023-09-01,523.5726979283938,525.7746888491986,516.1039402882192,518.2836872042453,566919.46
2023-09-02,518.2836872042453,520.8755055372121,498.6289081930049,501.1349697068901,700323.62
2023-09-03,501.1349697068901,507.1630404321194,494.1700208040925,500.1866847645868,923268.61
2023-09-04,500.1866847645868,506.2441324772722,484.87047643593377,490.8144225500291,1035801.43
2023-09-05,490.8144225500291,510.2907904800554,481.6194375852672,500.9067347491004,1036712.96
2023-09-06,500.9067347491004,506.70731131300505,483.1954418085929,488.85647451683906,622643.62
2023-09-07,488.85647451683906,493.9751618527804,484.025989026483,489.1418564482962,520778.54
2023-09-08,489.1418564482962,496.12922550213096,487.32585604912737,494.2940967655496,873061.13
2023-09-09,494.2940967655496,505.5936565662763,486.75652141229995,497.9995757295626,962693.02
2023-09-10,497.9995757295626,502.99408249375,488.8184698960857,493.77056330859216,777032.69
2023-09-11,493.77056330859216,501.50529037393704,471.3777461487877,478.8792057928325,695993.29
2023-09-12,478.8792057928325,481.5049537317918,464.07423563394195,466.6328353619755,598461.74
2023-09-13,466.6328353619755,472.73362733446635,454.60434941813264,460.62661563261184,814413.26
2023-09-14,460.62661563261184,467.5526899573492,442.8384071308879,449.5986629436653,808360.83
2023-09-15,449.5986629436653,453.4253838452985,445.24688010407306,449.06909362131717,751316.24
2023-09-16,449.06909362131717,453.84635863496186,438.5331238540013,443.2484681727958,530843.34
2023-09-17,443.2484681727958,444.6483990571739,432.14515856592425,433.514345748762,546036.34
2023-09-18,433.514345748762,436.490547294803,420.1395373690887,423.04385597014175,683756.85
2023-09-19,423.04385597014175,425.142465135311,409.5790512953988,411.62099465367146,908277.73
2023-09-20,411.62099465367146,415.2201267845446,407.67527027442543,411.2713451394704,878749.46
2023-09-21,411.2713451394704,412.7540966426003,404.6772000762178,406.1414568564539,633529.3
2023-09-22,406.1414568564539,413.2464890937462,399.2716446160533,406.3727643276236,443350.73
2023-09-23,406.3727643276236,412.5516298844546,399.7092607932349,405.8806436949923,977397.93
2023-09-24,405.8806436949923,413.01613512059066,397.3968892754844,404.5082537142649,954613.79
2023-09-25,404.5082537142649,416.90476201501974,396.79849821824075,409.1073497029725,722026.23
2023-09-26,409.1073497029725,414.0801165923049,394.0288587912402,398.877277475919,628655.88
2023-09-27,398.877277475919,409.66830497340584,392.72941023265423,403.4499593087286,648253.29
2023-09-28,403.4499593087286,410.6421645979892,399.08365206897207,406.2456017256735,883475.63
2023-09-29,406.2456017256735,412.8043018242842,398.3735350525412,404.910683337853,800553.98
2023-09-30,404.910683337853,409.63235216911016,394.6919461944178,399.34875733300464,628966.55
2023-10-01,399.34875733300464,405.76781274161993,393.2572245259316,399.67135907512346,1213767.48
2023-10-02,399.67135907512346,405.6305299650019,396.89339249711963,402.8306046491078,477509.59
2023-10-03,402.8306046491078,408.6170828857436,387.60569969518707,393.254623319742,602256.75
2023-10-04,393.254623319742,402.40261511595577,388.372856949134,397.4685382398239,605631.46
2023-10-05,397.4685382398239,412.3000114678926,394.88615496754767,409.63855864896243,718808.74
2023-10-06,409.63855864896243,415.51360064864497,403.36092872801066,409.23011279142975,929060.55
2023-10-07,409.23011279142975,422.2260799270332,405.6841247631545,418.59891105346315,861131.73
2023-10-08,418.59891105346315,427.7231120820761,413.0222783622639,422.09983953656075,722526.65
2023-10-09,422.09983953656075,429.9511272178541,416.2543292811053,424.07821908900524,502351.91
2023-10-10,424.07821908900524,430.05003323464024,413.12790919038247,419.02861547684535,888797.43
2023-10-11,419.02861547684535,425.02272353101057,410.65980030539276,416.61944574008623,527037.86
2023-10-12,416.61944574008623,420.58254500370333,405.7747761578708,409.67178569211615,633098.23
2023-10-13,409.67178569211615,421.96869115210535,404.2459859399239,416.45307819705687,686903.39
2023-10-14,416.45307819705687,424.08309971803504,403.649428725108,411.18289284316376,572042.09
2023-10-15,411.18289284316376,425.3103719642315,409.85638147074104,423.9426963683436,569262.32
2023-10-16,423.9426963683436,434.09520178976305,417.11830467281084,427.2180847298696,873736.95
2023-10-17,427.2180847298696,432.0469889092115,425.37341964977753,430.18949372056426,1006900.08
2023-10-18,430.18949372056426,434.6550891212605,416.153601786074,420.51881035776375,687173.03
2023-10-19,420.51881035776375,427.5409590598403,418.4358153856492,425.4336191079924,448686.44
2023-10-20,425.4336191079924,432.27610838306765,417.0531730203442,423.8705221234341,750856.57
2023-10-21,423.8705221234341,425.0018126061154,418.69252209736885,419.812983199548,588188.03
2023-10-22,419.812983199548,425.9508602600505,409.0657917285768,415.13527839099925,766033.77
2023-10-23,415.13527839099925,418.9658079059558,402.63074774167046,406.3804952635944,753668.34
2023-10-24,406.3804952635944,409.25305005253256,403.6289247289994,406.5006658522847,437326.57
2023-10-25,406.5006658522847,414.3413723348319,397.5614395532291,405.3805407271816,634911.48
2023-10-26,405.3805407271816,408.3224327268205,393.4592887693891,396.33554018677705,816616.63
2023-10-27,396.33554018677705,402.2489903258697,394.0325681520008,399.92516022080804,683880.82
2023-10-28,399.92516022080804,419.0065140586748,396.0193470867914,414.95392459964154,532183.54
2023-10-29,414.95392459964154,418.0413511967275,401.90952585016424,404.92231316292185,824811.54
2023-10-30,404.92231316292185,411.03686674160474,398.0781459962996,404.18151307906317,461606.46
2023-10-31,404.18151307906317,417.03601208475703,403.15373374605144,415.9782352707286,742178.23
2023-11-01,415.9782352707286,421.99205332055544,404.5468652165951,410.4812125351565,611746.2
2023-11-02,410.4812125351565,417.63243398024866,406.54142103386323,413.66211225901884,780234.15
2023-11-03,413.66211225901884,423.23875428393075,406.997666970953,416.52813495458116,661194.5
2023-11-04,416.52813495458116,424.7186924561868,413.19168296724314,421.3436673419561,790467.25
2023-11-05,421.3436673419561,435.9608576028594,420.36344658832,434.94898521666227,983738.27
2023-11-06,434.94898521666227,441.79464644545754,415.1223654898452,421.7604524268207,832667.44
2023-11-07,421.7604524268207,425.0621727431666,419.91074131788,423.2061213766202,828901.85
2023-11-08,423.2061213766202,427.69209390324727,415.16417997158936,419.6120555049433,809818.19
2023-11-09,419.6120555049433,426.7429091896956,412.2493702868691,419.3762161362671,455725.11
2023-11-10,419.3762161362671,427.5833612446642,411.55488743690154,419.7549688414242,714234.91
2023-11-11,419.7549688414242,422.45321858012954,414.99495451300896,417.6798651649411,748828.36
2023-11-12,417.6798651649411,424.81675248099975,402.9549239400868,409.95990037563547,803758.42
2023-11-13,409.95990037563547,416.50693884557245,396.4227133754437,402.8563078388561,685363.51
2023-11-14,402.8563078388561,425.75892794870464,395.3534363081107,417.97449250760076,837123.01
2023-11-15,417.97449250760076,424.943275668422,401.3637060617487,408.1690048022778,550806.13
2023-11-16,408.1690048022778,418.46711779969024,406.69514201037856,416.9615060501668,1152030.81
2023-11-17,416.9615060501668,424.88332068065364,401.8419408375644,409.62435763682834,804836.51
2023-11-18,409.62435763682834,411.3541834116534,408.6229514781271,410.3510008327808,556127.57
2023-11-19,410.3510008327808,428.0691394729609,406.99268436221223,424.59425606689035,982349.98
2023-11-20,424.59425606689035,434.3948461029972,420.77026111138997,430.5175049854583,529580.79
2023-11-21,430.5175049854583,435.13901028567636,415.4986785311909,420.0073598676783,701655.44
2023-11-22,420.0073598676783,422.6257383964218,415.01801622663226,417.62152113767144,720479.02
2023-11-23,417.62152113767144,419.38737253340776,415.7217745076884,417.4870573429758,631818.82
2023-11-24,417.4870573429758,432.29240160815993,410.3618663392064,425.0383340608173,678957.13
2023-11-25,425.0383340608173,431.2043950172958,419.277894973449,425.43853214458926,711157.29
2023-11-26,425.43853214458926,429.92609010885235,419.8498009187541,424.32561979903096,535259.47
2023-11-27,424.32561979903096,444.1454313963027,417.5606552419942,437.1756013638191,749511.81
2023-11-28,437.1756013638191,457.6300663386575,429.09973181878297,449.32967665528736,700524.26
2023-11-29,449.32967665528736,457.5848090433709,446.6199139260748,454.8418044447282,1138039.6
2023-11-30,454.8418044447282,458.39520482826555,446.48979282986187,450.005409421845,1014403.12
2023-12-01,450.005409421845,458.47352022122834,421.8256379803547,429.9157047801078,582766.46
2023-12-02,429.9157047801078,434.98560632091034,415.61436165723796,420.57409969979267,675750.28
2023-12-03,420.57409969979267,423.54432302630397,406.66590375794243,409.5583303415476,588554.53
2023-12-04,409.5583303415476,411.54386781848933,407.1930838052114,409.1767714860407,656765.18
2023-12-05,409.1767714860407,424.1452951266844,401.0763870234369,415.91158304934856,867793.02
2023-12-06,415.91158304934856,435.4104402616486,411.07435242448884,430.4046490447347,682273.31
2023-12-07,430.4046490447347,447.74262638928525,422.86368582341146,440.0329688801034,617903.39
2023-12-08,440.0329688801034,445.9505056344586,428.8797333582689,434.7259009845109,814385.49
2023-12-09,434.7259009845109,441.05237060450605,430.38474874315676,436.6915890948551,431347.62
2023-12-10,436.6915890948551,447.46580559131286,429.0715975725267,439.7917187705252,635547.16
2023-12-11,439.7917187705252,443.49351081918826,424.5528730664142,428.1567317053153,985921.21
2023-12-12,428.1567317053153,434.93552217657214,415.1187790404488,421.79687712873033,997724.16
2023-12-13,421.79687712873033,426.0829613675319,414.467676919612,418.72252112433705,970116.07
2023-12-14,418.72252112433705,442.3555460207681,411.1214439521314,434.46862947124544,514534.96
2023-12-15,434.46862947124544,442.2701923581413,429.66430869125196,437.433090792241,513572.12
2023-12-16,437.433090792241,440.8733732278494,424.30214075564174,427.66560479035724,618718.97
2023-12-17,427.66560479035724,434.1077017013115,418.19598125339826,424.5917758579513,702197.42
2023-12-18,424.5917758579513,435.43105243422804,417.1688886057943,427.9494646912594,582785.12
2023-12-19,427.9494646912594,435.3608343610168,418.7701087274857,426.1503202212036,459862.81
2023-12-20,426.1503202212036,430.672325893034,419.09474928301023,423.5895822149911,882747.52
2023-12-21,423.5895822149911,433.2902002320162,419.3862698447245,429.03287365739834,846722.72
2023-12-22,429.03287365739834,441.6608897720095,427.02187692116877,439.6003602787107,603892.61
2023-12-23,439.6003602787107,450.2037493193634,438.4106346329024,448.98861548693867,836373.29
2023-12-24,448.98861548693867,457.41495092769213,438.3381002996906,446.7218953653976,886204.96
2023-12-25,446.7218953653976,453.44690821036244,438.7989353238846,445.5056384702938,386104.48
2023-12-26,445.5056384702938,451.02192052267185,437.700882464324,443.18847321402984,822167.93
2023-12-27,443.18847321402984,457.0459324421433,437.64802841926377,451.40279767693875,689427.74
2023-12-28,451.40279767693875,452.4953021927569,447.35122934405683,448.43655483103237,373447.35
2023-12-29,448.43655483103237,452.99604559516087,429.4257523467673,433.8367997069637,902911.03
2023-12-30,433.8367997069637,445.65300157251494,425.77444402167373,437.5221577656166,714039.8
2023-12-31,437.5221577656166,446.1515669892039,433.00838585005073,441.59576896931435,469671.71
2024-01-01,441.59576896931435,447.09568117573355,433.1074365057017,438.5696596380433,773136.2
2024-01-02,438.5696596380433,456.8717268289054,434.7155879305943,452.89179476027596,732403.48
2024-01-03,452.89179476027596,454.65382479906737,446.9799170964258,448.7257385922578,801344.33
2024-01-04,448.7257385922578,463.5054928976665,445.2148017701364,459.90707067598606,431619.83
2024-01-05,459.90707067598606,461.5312803889291,447.86081282092607,449.44808553870064,649341.93
2024-01-06,449.44808553870064,457.262195026362,443.8684429821197,451.65515298177155,547788.62
2024-01-07,451.65515298177155,460.53992083458763,436.6832806388232,445.4459027653055,672054.77
2024-01-08,445.4459027653055,449.2449222916972,441.14483843099043,444.93953939859506,457843.46
2024-01-09,444.93953939859506,458.75608466172986,437.1744953697892,450.8872418748704,529426.29
2024-01-10,450.8872418748704,452.1362246218791,445.2907356825645,446.5276420956199,1028602.35
2024-01-11,446.5276420956199,451.47978245632754,436.3387754052377,441.2321874087034,935854.34
2024-01-12,441.2321874087034,447.3125553254848,433.5360997072104,439.5938912028408,892463.77
2024-01-13,439.5938912028408,472.7809375606133,436.1887589844537,469.14688529951803,1011066.01
2024-01-14,469.14688529951803,472.62278431086236,467.3780844053739,470.84757140547157,438644.5
2024-01-15,470.84757140547157,474.8674585274931,468.0591144817955,472.0717517540227,690160.57
2024-01-16,472.0717517540227,477.2412519100815,470.53271500892237,475.69041767909846,744017.29
2024-01-17,475.69041767909846,484.2471150495318,453.54693617440785,461.85475834054756,635382.55
2024-01-18,461.85475834054756,470.295775555119,460.89295654193,469.3184308320279,439602.09
2024-01-19,469.3184308320279,476.7235964366893,467.79375731918924,475.1798808470906,873046.38
2024-01-20,475.1798808470906,482.935964507872,453.2973506591745,460.81903054814643,816916.95
2024-01-21,460.81903054814643,483.9731915872666,457.4112088880153,480.4204149278201,599391.12
2024-01-22,480.4204149278201,484.6214414935676,476.30528862143524,480.5055856423156,864782.31
2024-01-23,480.5055856423156,484.11916369180045,467.8392805773611,471.3842629382828,722100.01
2024-01-24,471.3842629382828,482.55147505265774,462.8839216712792,474.00389469500817,820189.28
2024-01-25,474.00389469500817,482.8759677901268,457.9440925742149,466.67906462755934,556952.3
2024-01-26,466.67906462755934,475.4146654929425,445.43638129753634,453.9334005714193,743037.19
2024-01-27,453.9334005714193,457.35250855358765,448.4543270290079,451.857801223734,745004.62
2024-01-28,451.857801223734,454.3912869412906,447.6176023887385,450.1414649161899,660634.57
2024-01-29,450.1414649161899,457.7506256034087,430.71254477145527,438.118469563493,358741.15
2024-01-30,438.118469563493,445.68975591983997,424.83624853011685,432.3071065861783,730713.06
2024-01-31,432.3071065861783,435.9285254419134,421.156606374862,424.71442162084793,743253.68
2024-02-01,424.71442162084793,429.9826219036312,416.9171822238735,422.1536180422303,552621.46
2024-02-02,422.1536180422303,430.8129929447717,418.34026298753236,426.9562551974025,807664.2
2024-02-03,426.9562551974025,429.02497492715884,425.987222223468,428.05345172243665,744152.67
2024-02-04,428.05345172243665,432.0738013953515,423.8466949199286,427.8652772264778,775460.16
2024-02-05,427.8652772264778,435.6134582718291,407.1301237911862,414.6387872967302,636965.31
2024-02-06,414.6387872967302,421.8712622429453,407.25954651853095,414.4894160063361,456638.76
2024-02-07,414.4894160063361,416.09269429226094,405.2504377834091,406.8240658806053,459174.48
2024-02-08,406.8240658806053,409.885516857366,392.0068264523861,394.9791414648231,831269.73
2024-02-09,394.9791414648231,402.3974994065353,393.66408105468656,401.0621858488203,532514.6
2024-02-10,401.0621858488203,404.01586379827046,389.1090240666011,391.99593233787095,573396.18
2024-02-11,391.99593233787095,395.57212088763106,389.111522029539,392.6826574731422,863493.68
2024-02-12,392.6826574731422,393.8439240845677,388.28896103800844,389.4406401456202,410335.12
2024-02-13,389.4406401456202,396.4951292614008,376.18664472396273,383.1267616281969,468458.04
2024-02-14,383.1267616281969,398.03282415357415,376.5684791275286,391.3340510169927,852660.57
2024-02-15,391.3340510169927,398.65682816207345,380.0964406851922,387.3445652017252,714907.63
2024-02-16,387.3445652017252,393.30907460269236,377.93521435554993,383.84584891730555,425262.33
2024-02-17,383.84584891730555,389.8648940540091,373.106871460788,379.05072477576033,627146.75
2024-02-18,379.05072477576033,386.40034026768865,372.92133934525316,380.2515372707959,731485.56
2024-02-19,380.2515372707959,385.6337841026661,373.8845028508381,379.25261043467907,531444.48
2024-02-20,379.25261043467907,381.2123337479355,372.7933948084573,374.72974699470734,487644.29
2024-02-21,374.72974699470734,376.6780594488046,366.9334850242614,368.8512336363377,458943.15
2024-02-22,368.8512336363377,372.91098507115515,364.57659535741783,368.63395532418787,864949.28
2024-02-23,368.63395532418787,373.9536469132443,359.30031449507567,364.56123335170014,908599.56
2024-02-24,364.56123335170014,376.58301638690847,363.63709851952933,375.63082099704536,845353.03
2024-02-25,375.63082099704536,380.07650833354234,367.8777990521097,372.28387441535415,952563.13
2024-02-26,372.28387441535415,381.2146537048324,365.59452771004806,374.4857429384358,964091.29
2024-02-27,374.4857429384358,376.08417475887615,372.34834714481195,373.94446862339,479177.93
2024-02-28,373.94446862339,376.79878797245215,369.28779688882616,372.12825305855625,899108.88
2024-02-29,372.12825305855625,385.4710149367983,364.7744404647658,378.00114518337415,719914.33
2024-03-01,378.00114518337415,384.88020728944394,375.00748822078486,381.85602085481264,1125483.95
2024-03-02,381.85602085481264,386.5929065934851,380.89471368336234,385.62211842290725,1631997.84
2024-03-03,385.62211842290725,394.9208221291361,380.105592515547,389.35095329052604,666589.24
2024-03-04,389.35095329052604,397.01628711963,371.23563504451613,378.6911034373022,648611.51
2024-03-05,378.6911034373022,383.9800234125697,376.3614426487959,381.63226893800294,635971.56
2024-03-06,381.63226893800294,383.879783084301,377.8140532983653,380.0522624481359,712699.67
2024-03-07,380.0522624481359,383.76685002699236,373.0648473029618,376.7471309020751,741794.32
2024-03-08,376.7471309020751,404.6604094299021,372.3594084878717,400.0018547657268,1353704.35
2024-03-09,400.0018547657268,406.6676602246669,383.49821365289665,389.9972988259097,725508.18
2024-03-10,389.9972988259097,397.7515219540661,381.6932476804301,389.43631693975414,628711.66
2024-03-11,389.43631693975414,395.91436867873307,381.8746224658057,388.33434350313485,702295.34
2024-03-12,388.33434350313485,391.14446295571935,385.02743308834954,387.83393138859225,569547.03
2024-03-13,387.83393138859225,394.0978597074782,374.9918216526881,381.14776124988913,460151.29
2024-03-14,381.14776124988913,387.79078534097977,376.05727434588647,382.6798365322936,674574.0
2024-03-15,382.6798365322936,386.82698594548395,371.3023578457421,375.3702928163663,1254426.36
2024-03-16,375.3702928163663,382.32454859942135,370.33132556008485,377.2602110980231,874080.85
2024-03-17,377.2602110980231,382.08086366186706,373.5193883156141,378.32943867240795,620892.61
2024-03-18,378.32943867240795,383.391403923149,371.7428958948277,376.7841860023741,764183.28
2024-03-19,376.7841860023741,382.5349885254059,370.6142401623389,376.3585462067457,1312412.81
2024-03-20,376.3585462067457,387.71644045777896,375.51287275148735,386.8471991164276,735690.1
2024-03-21,386.8471991164276,395.89463408302413,381.782494549578,390.778460416475,560340.41
2024-03-22,390.778460416475,393.8607637532329,388.92035919722485,391.9968691574372,712092.76
2024-03-23,391.9968691574372,398.11431804882056,388.8375427862862,394.9313410944495,821846.61
2024-03-24,394.9313410944495,399.2019160019535,390.98776102734945,395.2551030157947,776845.21
2024-03-25,395.2551030157947,406.8751215229637,387.54749403143404,399.0926785108121,1006534.51
2024-03-26,399.0926785108121,402.2296141603574,391.8823806827203,394.98704536445723,717685.51
2024-03-27,394.98704536445723,417.2860286626607,388.37192919497573,410.4125707485857,389680.3
2024-03-28,410.4125707485857,415.12001940132063,407.1017438285865,411.79801599757434,787626.85
2024-03-29,411.79801599757434,435.10444382660296,409.2745796952845,432.4544281377097,774356.5
2024-03-30,432.4544281377097,453.7999447144975,428.21112190716633,449.3904596604636,761856.26
2024-03-31,449.3904596604636,451.01615535407245,443.9405529295027,445.55236409285106,566195.94
2024-04-01,445.55236409285106,454.9491230923683,438.0904864861135,447.45537485815925,1152174.76
2024-04-02,447.45537485815925,455.2861581196095,442.5469190293954,450.34599304676493,533367.55
2024-04-03,450.34599304676493,464.30563774416663,443.8719687937512,457.72552775394666,547724.75
2024-04-04,457.72552775394666,466.3277172944359,450.23746297657243,458.821719596506,661076.77
2024-04-05,458.821719596506,472.9313267332084,454.5269541293439,468.54554217165526,975233.69
2024-04-06,468.54554217165526,473.283876032439,449.98236256798344,454.579459437341,985859.34
2024-04-07,454.579459437341,457.5634059996656,446.9181695329842,449.871210246627,821498.37
2024-04-08,449.871210246627,456.5552747978119,441.7833416046708,448.4462342485675,875170.29
2024-04-09,448.4462342485675,456.0611596601008,435.8386873787608,443.3673701862625,505453.06
2024-04-10,443.3673701862625,448.836193080748,425.045406440181,430.35370916078153,457662.08
2024-04-11,430.35370916078153,438.20649352835596,429.19403997880823,437.02883695641583,637837.0
2024-04-12,437.02883695641583,443.5008252933101,422.45519014083396,428.80539702342855,873483.85
2024-04-13,428.80539702342855,434.8102745152229,417.9566950968453,423.8927775636124,879185.03
2024-04-14,423.8927775636124,433.0170784622123,420.4310882595445,429.50952043906074,563295.54
2024-04-15,429.50952043906074,442.8539503476288,425.48662175291764,438.74455391863364,548278.75
2024-04-16,438.74455391863364,443.5327580960082,429.79156989812395,434.53382056829753,937521.0
2024-04-17,434.53382056829753,441.58812039278513,419.94497500084725,426.8749391738405,734091.98
2024-04-18,426.8749391738405,432.9584122274112,414.97342226201386,420.9727825997005,417029.46
2024-04-19,420.9727825997005,434.0634242053713,416.21279243414295,429.2102915300885,528499.09
2024-04-20,429.2102915300885,445.26434519046705,422.1287091811174,438.0371280078682,790262.44
2024-04-21,438.0371280078682,448.34139735065736,430.3868832175298,440.6455961036073,520349.29
2024-04-22,440.6455961036073,443.8827897038988,439.35350171454354,442.5850084231509,547300.14
2024-04-23,442.5850084231509,444.02635475112385,431.2627060536835,432.6717683868243,552299.7
2024-04-24,432.6717683868243,440.82336557016816,428.1018661952746,436.21602871286296,871147.74
2024-04-25,436.21602871286296,449.33804495104874,429.2064282863842,442.23177684638597,698334.68
2024-04-26,442.23177684638597,445.3162085520196,440.4735440096807,443.5527238710194,1064404.67
2024-04-27,443.5527238710194,452.96614593802286,435.7723662399129,445.15763653638004,628817.75
2024-04-28,445.15763653638004,447.14768015628874,435.3940760042422,437.34921265445655,664046.07
2024-04-29,437.34921265445655,452.80139813512955,430.99951055567857,446.3214318957095,761068.77
2024-04-30,446.3214318957095,453.66773189153474,428.84259707846496,436.01932792308537,598791.42
2024-05-01,436.01932792308537,437.2483413213539,434.7199728879116,435.9487874528315,469401.71
2024-05-02,435.9487874528315,447.0553119305464,428.41674072622226,439.4625565298084,640943.11
2024-05-03,439.4625565298084,455.95183531506035,431.92722282113976,448.26555913969423,580516.53
2024-05-04,448.26555913969423,458.66808527215886,446.19140048411435,456.55556811785806,678162.19
2024-05-05,456.55556811785806,468.3701098403092,453.9245161397187,465.686438212989,602771.45
2024-05-06,465.686438212989,473.8293102398941,455.2188571608078,463.32035649778436,783490.53
2024-05-07,463.32035649778436,491.7058820178479,454.3405240849391,482.3570896171613,641043.24
2024-05-08,482.3570896171613,496.83586908300197,477.18747350753966,491.56754084071537,467354.32
2024-05-09,491.56754084071537,493.66237142826634,486.55942931357015,488.64179172895433,599097.02
2024-05-10,488.64179172895433,492.0779254117153,482.855017273049,486.2745041673756,518280.09
2024-05-11,486.2745041673756,496.75112526864905,482.3410950056183,492.7652136296971,1131713.19
2024-05-12,492.7652136296971,499.3491288741235,482.33194953333185,488.86373651475935,708105.75
2024-05-13,488.86373651475935,496.1923391202586,471.08513389731104,478.25469536142305,827055.84
2024-05-14,478.25469536142305,485.18649929493495,472.07478079935527,478.99699290771576,683421.69
2024-05-15,478.99699290771576,487.6313099566401,452.31480184265627,460.61781907909057,1107156.58
2024-05-16,460.61781907909057,464.551034051643,459.6087541940167,463.5355773005958,510733.34
2024-05-17,463.5355773005958,472.9575193881613,459.35517119549013,468.73026487547787,574317.39
2024-05-18,468.73026487547787,472.1296978953015,463.2553975017935,466.6396686204707,924542.87
2024-05-19,466.6396686204707,483.4543482776705,459.39242854255855,476.06079157803003,615025.55
2024-05-20,476.06079157803003,490.06727972143983,469.2742009397605,483.1792108715815,580576.14
2024-05-21,483.1792108715815,491.8939099417742,466.24521271680146,474.8089442935179,608330.11
2024-05-22,474.8089442935179,478.8617555519437,471.18164593853936,475.2312311406652,1134601.1
2024-05-23,475.2312311406652,483.5001137143826,462.849630373462,471.045685696963,1167033.33
2024-05-24,471.045685696963,476.55242284904847,463.005873273106,468.4826473474475,775503.47
2024-05-25,468.4826473474475,480.1857182320108,466.2525122903247,477.9107024597846,735282.84
2024-05-26,477.9107024597846,491.3384333271336,469.82289156625103,483.161757423218,851451.37
2024-05-27,483.161757423218,486.1594272472687,474.3087505011624,477.26986538955333,772168.92
2024-05-28,477.26986538955333,486.69728990828906,469.78394870206824,479.1813911836418,731436.55
2024-05-29,479.1813911836418,484.7705966184234,467.5087969615667,473.02620790586695,625423.52
2024-05-30,473.02620790586695,478.3562309226955,463.85436974582007,469.1406101452116,600139.93
2024-05-31,469.1406101452116,487.44385244857324,463.6851596077331,481.8407173888217,792440.48
2024-06-01,481.8407173888217,513.4233256352886,472.4166274378646,503.5741617395326,724775.11
2024-06-02,503.5741617395326,525.8576893483353,497.2675824304602,519.3534954140036,1010505.27
2024-06-03,519.3534954140036,523.3718719835539,517.901785877711,521.9130080352598,656110.55
2024-06-04,521.9130080352598,533.6964766087299,511.8890615342985,523.6393732553038,555454.01
2024-06-05,523.6393732553038,536.7760881183424,519.9372755995284,533.0077565777451,485803.67
2024-06-06,533.0077565777451,539.5974275200169,527.430659971936,534.0098456121025,577691.85
2024-06-07,534.0098456121025,542.9898100172779,512.3208782347073,521.0834714036905,488614.65
2024-06-08,521.0834714036905,539.6765604754506,519.2479528370543,537.7822204997934,932601.06
2024-06-09,537.7822204997934,541.1091406294796,523.6674332188804,526.9272001697004,629420.35
2024-06-10,526.9272001697004,547.6725219052271,517.5564895716641,538.1030632102944,577740.92
2024-06-11,538.1030632102944,547.5207607284455,535.8915596323726,545.2797622513268,789201.46
2024-06-12,545.2797622513268,569.5151279766321,539.1178133576545,563.1512221605875,1139502.09
2024-06-13,563.1512221605875,574.7315104617337,560.1406715837304,571.6753905262733,629156.09
2024-06-14,571.6753905262733,576.4616196404324,561.2322237079661,565.9706914575066,527193.88
2024-06-15,565.9706914575066,586.1124577919961,556.7861936551892,576.7529863292956,634081.41
2024-06-16,576.7529863292956,587.8630088044824,562.1741600216624,573.2160503162985,439831.15
2024-06-17,573.2160503162985,580.2839994838163,556.7389946342596,563.6894779188724,796119.23
2024-06-18,563.6894779188724,568.4893058826054,541.553210510654,546.2041505376649,808605.87
2024-06-19,546.2041505376649,548.0845778433306,543.2301012449044,545.1067505108507,627175.33
2024-06-20,545.1067505108507,550.1362757596002,524.6174473350919,529.503001796356,528992.24
2024-06-21,529.503001796356,551.9127227067376,520.6869721372254,542.874069699285,1275579.96
2024-06-22,542.874069699285,551.3537756993395,520.153772097687,528.4075100893741,514777.38
2024-06-23,528.4075100893741,532.8539846203253,520.5975204553528,525.015451290828,580292.77
2024-06-24,525.015451290828,527.6713125999372,519.3898798817492,522.0306421320778,705996.25
2024-06-25,522.0306421320778,529.8185243706289,515.877756548552,523.6465924768343,868079.33
2024-06-26,523.6465924768343,532.5368937890321,507.1655415893017,515.9247438706213,674121.55
2024-06-27,515.9247438706213,532.5812230653805,509.67080185709204,526.2026936910805,706216.88
2024-06-28,526.2026936910805,533.9544224870006,520.019489922769,527.7530016511301,815725.56
2024-06-29,527.7530016511301,535.5219331799367,519.8901653739322,527.6576938990654,1560098.17
2024-06-30,527.6576938990654,529.942002629545,519.5700939010551,521.8291700840128,605639.59
2024-07-01,521.8291700840128,533.7936565951061,514.9747067300239,526.8729410171912,616218.62
2024-07-02,526.8729410171912,541.6493495120834,525.0789135983603,539.8112664797892,681415.67
2024-07-03,539.8112664797892,568.3613083742241,537.1799351178968,565.6042481035855,829506.49
2024-07-04,565.6042481035855,567.25929178895,554.9250254947951,556.5535855709519,1316033.17
2024-07-05,556.5535855709519,563.820227121084,548.0618329517919,555.3122672297603,680891.74
2024-07-06,555.3122672297603,566.0606294034071,526.9834702472157,537.3848375525986,804120.78
2024-07-07,537.3848375525986,546.3398831940416,534.8752018091797,543.8002867233674,408014.3
2024-07-08,543.8002867233674,549.4940967486341,525.630878365918,531.1926816417197,711399.68
2024-07-09,531.1926816417197,543.4491541484709,521.5831671979166,533.7926059057629,697536.35
2024-07-10,533.7926059057629,554.8039320908342,524.557746018187,545.3687986939447,903124.2
2024-07-11,545.3687986939447,550.6139276236397,536.3608081135073,541.5693959775027,615078.59
2024-07-12,541.5693959775027,549.9120945787,524.7755576236123,532.9860323280311,515677.25
2024-07-13,532.9860323280311,546.8432952308285,531.5051781076368,545.3281495370204,741371.63
2024-07-14,545.3281495370204,560.7556785728341,536.8113722886293,552.1326309033451,474049.49
2024-07-15,552.1326309033451,560.4481409036453,533.374075368379,541.529900713233,572579.72
2024-07-16,541.529900713233,549.6881332810918,534.7652009760697,542.9062405400839,709691.36
2024-07-17,542.9062405400839,545.109074184997,532.8551250545337,535.0259846836133,384482.95
2024-07-18,535.0259846836133,548.9812651863797,531.1032852522698,544.9855443316173,656652.29
2024-07-19,544.9855443316173,548.9931618496905,542.210974495667,546.2123462561236,1039196.12
2024-07-20,546.2123462561236,562.6043611106377,544.5404351955904,560.8875305182568,467939.73
2024-07-21,560.8875305182568,571.0874809258361,541.9651286053469,552.0035199438638,590062.34
2024-07-22,552.0035199438638,557.1625498700533,549.0949771523713,554.2422112669854,810941.1
2024-07-23,554.2422112669854,557.4124419545507,551.02415837769,554.194113951628,858286.37
2024-07-24,554.194113951628,564.8426971103735,546.0952060384452,556.7070653108551,710214.25
2024-07-25,556.7070653108551,561.047685188217,547.0577208319047,551.3566235562433,668146.13
2024-07-26,551.3566235562433,556.4780327355074,525.4699395537813,530.396657020958,1058325.21
2024-07-27,530.396657020958,538.341561967808,528.7957995910581,536.7216143817942,738236.83
2024-07-28,536.7216143817942,547.3233549882789,526.6947865194386,537.2859837925073,537355.21
2024-07-29,537.2859837925073,547.9972043455638,519.1326179832708,529.6924555518174,721345.31
2024-07-30,529.6924555518174,534.2633217003367,520.6546210605094,525.1866049486217,676785.5
2024-07-31,525.1866049486217,528.2753369417601,511.72275405137555,514.7501068216676,627295.79
2024-08-01,514.7501068216676,522.3189394299742,491.22107955147436,498.5517329368214,459794.27
2024-08-02,498.5517329368214,515.5798613093444,490.7547421708246,507.6407252365492,698760.9
2024-08-03,507.6407252365492,515.1847485008054,505.2217006265559,512.7414179190615,809736.52
2024-08-04,512.7414179190615,518.2607233259793,495.5818847477873,500.9745277508927,844460.41
2024-08-05,500.9745277508927,526.2589882060843,498.2096553420876,523.3705126254262,701949.44
2024-08-06,523.3705126254262,526.6191686113106,510.16003694411353,513.3464718855048,706249.6
2024-08-07,513.3464718855048,525.4462633669849,507.7571339889,519.7868028766795,608559.38
2024-08-08,519.7868028766795,524.6647728384721,515.0081815844294,519.8852465119865,891649.69
2024-08-09,519.8852465119865,525.370150282584,503.3629993527561,508.7302150867418,519988.82
2024-08-10,508.7302150867418,516.4407259434918,504.19365389397075,511.8761114701679,614508.6
2024-08-11,511.8761114701679,513.5734371783013,508.6194740713149,510.3116120689956,572271.68
2024-08-12,510.3116120689956,512.0321821149852,503.0887821255832,504.7907379554688,680721.75
2024-08-13,504.7907379554688,519.9575964843988,501.4009315281638,516.4892315066926,971921.18
2024-08-14,516.4892315066926,528.1094165181572,510.5948363303077,522.1504135205066,520167.83
2024-08-15,522.1504135205066,531.8275862163188,519.1046960800664,528.7434116400848,750616.42
2024-08-16,528.7434116400848,535.7542106165031,519.8610956388804,526.8467460443196,754809.19
2024-08-17,526.8467460443196,538.4564081302748,518.5691950006359,530.1273144461509,550080.2
2024-08-18,530.1273144461509,539.7015503319736,520.3763891183012,529.9473752559884,667095.8
2024-08-19,529.9473752559884,544.7538179829659,519.8854563625715,534.603495029622,559414.87
2024-08-20,534.603495029622,539.1827014700851,521.2690789745635,525.7726437640346,717846.58
2024-08-21,525.7726437640346,535.7489910579527,495.1336111098401,504.7103081414556,679610.61
2024-08-22,504.7103081414556,525.912056870893,495.7487174932447,516.7369227400587,1019719.95
2024-08-23,516.7369227400587,520.7066642728948,512.7005326016475,516.669758154235,578104.09
2024-08-24,516.669758154235,526.3813468541018,512.1958966859304,521.8625210704715,670543.7
2024-08-25,521.8625210704715,524.4835686909191,513.2029193159582,515.7934852843166,637577.36
2024-08-26,515.7934852843166,524.8936825457198,504.80172266208643,513.8679474625882,982656.96
2024-08-27,513.8679474625882,533.6904492891114,507.9427786938795,527.606863563288,618932.77
2024-08-28,527.606863563288,534.0290209370444,524.5967884863122,530.999589855512,560196.85
2024-08-29,530.999589855512,560.8205441493208,522.2015671863908,551.679874116236,576566.62
2024-08-30,551.679874116236,570.008952343378,542.1319471876609,560.3116354687037,574188.44
2024-08-31,560.3116354687037,567.8837262265757,546.465264279133,553.9514024010414,605328.76
2024-09-01,553.9514024010414,563.342543658744,548.9110153974434,558.2629262306319,565176.85
2024-09-02,558.2629262306319,578.2210554968916,554.9353202271656,574.79490825052,702714.09
2024-09-03,574.79490825052,586.1724498755185,565.7162399882959,577.0580363604226,505944.13
2024-09-04,577.0580363604226,592.8611224533531,567.9007931550583,583.6000648273357,808539.36
2024-09-05,583.6000648273357,604.7869344492435,577.0667708215644,598.0914125058323,707244.29
2024-09-06,598.0914125058323,607.2836135827295,565.5886599549867,574.4170037330399,1049976.57
2024-09-07,574.4170037330399,584.7442281528477,571.2024103884974,581.4900521112497,786661.74
2024-09-08,581.4900521112497,602.1149740425138,574.7841586447581,595.2503927735244,767051.4
2024-09-09,595.2503927735244,599.9247817873621,582.87068182629,587.484083478697,1156866.07
2024-09-10,587.484083478697,610.1373136020763,575.82299013886,598.2622815742609,780308.96
2024-09-11,598.2622815742609,604.0495011950948,592.4962411045162,598.2832585496609,663407.2
2024-09-12,598.2832585496609,601.6940799182184,577.8094732150854,581.1224606305656,563280.18
2024-09-13,581.1224606305656,592.4447951649,577.9086780705439,589.1864164956593,1006569.48
2024-09-14,589.1864164956593,600.9235725639306,577.4260530824566,589.1627374413537,544020.75
2024-09-15,589.1627374413537,600.9377454745379,576.718593531682,588.4799554828323,526469.73
2024-09-16,588.4799554828323,604.9157692661109,578.8322895130426,595.1586119765607,527058.83
2024-09-17,595.1586119765607,601.4966882426618,579.3176312735822,585.5534180823399,579964.01
2024-09-18,585.5534180823399,601.7855804579889,577.3647614435362,593.4859909588481,707641.22
2024-09-19,593.4859909588481,602.1714553696333,575.7296387488466,584.2803822256078,655603.95
2024-09-20,584.2803822256078,602.4321901027309,581.740679444351,599.8249195818104,798251.9
2024-09-21,599.8249195818104,614.6271336482765,597.0723392917889,611.8195105057722,533026.73
2024-09-22,611.8195105057722,634.0804360123764,606.2565013665702,628.3669680273183,562918.47
2024-09-23,628.3669680273183,639.04589294893,622.871098097848,633.505083650296,727392.22
2024-09-24,633.505083650296,640.1097649508774,622.4066781401655,628.9640160092457,550064.76
2024-09-25,628.9640160092457,633.6494215940919,616.6305152662433,621.2585195126982,497969.51
2024-09-26,621.2585195126982,629.4117430750163,604.9698099599974,613.0148458480191,477526.08
2024-09-27,613.0148458480191,622.5712511399001,601.7371757060987,611.2663229410596,691559.92
2024-09-28,611.2663229410596,622.0762195437026,593.4542519015923,604.138089762359,688058.39
2024-09-29,604.138089762359,613.3060820748045,598.4780028517639,607.6134351300733,679998.54
2024-09-30,607.6134351300733,612.0226646469201,594.945167637788,599.2940262326764,948914.67
2024-10-01,599.2940262326764,602.1107807543498,590.1749230977405,592.961915933939,754935.0
2024-10-02,592.961915933939,600.1272579087827,582.0278744379453,589.1471184633132,700059.96
2024-10-03,589.1471184633132,590.7303897406019,579.811486689691,581.3738681696177,980521.26
2024-10-04,581.3738681696177,591.5096213951148,567.9424773412153,578.0197544801385,893220.31
2024-10-05,578.0197544801385,590.1324472322775,571.9012752645905,583.9511824142444,583240.98
2024-10-06,583.9511824142444,591.5222743996081,567.7178079209426,575.1751157233344,862398.51
2024-10-07,575.1751157233344,580.4671184566297,558.2257962526787,563.4095477487801,1090420.21
2024-10-08,563.4095477487801,564.5735089595153,560.5873367772725,561.7478650781806,1091430.14
2024-10-09,561.7478650781806,570.8476897882197,541.9473636483033,550.870992524255,893604.81
2024-10-10,550.870992524255,569.7432699254667,545.0713032265817,563.8073834976178,771299.06
2024-10-11,563.8073834976178,569.0612342242031,551.9223089679316,557.1137852613568,752678.59
2024-10-12,557.1137852613568,566.3800999918042,548.3883991888612,557.6463726597821,1007653.28
2024-10-13,557.6463726597821,566.7464831147292,553.0433319726781,562.1066256793589,501027.01
2024-10-14,562.1066256793589,569.7821304197353,542.5428213671033,550.0537453394223,961011.17
2024-10-15,550.0537453394223,558.3388267747974,533.9878677789965,542.1539601811862,723198.07
2024-10-16,542.1539601811862,552.8258719608019,525.7953266915281,536.353051750092,555798.76
2024-10-17,536.353051750092,552.3270113949454,527.8620553725511,543.7193985026157,520911.84
2024-10-18,543.7193985026157,562.6265224316687,542.4010782178515,561.2656588956218,456996.48
2024-10-19,561.2656588956218,587.302256943676,553.8288993840084,579.6222726423075,806096.23
2024-10-20,579.6222726423075,600.3438850312941,572.033658429525,592.585551116702,1131946.78
2024-10-21,592.585551116702,595.0863829757147,577.6524354164061,580.1005781436791,617873.47
2024-10-22,580.1005781436791,589.0946078015968,562.596047784425,571.4560504452535,565429.93
2024-10-23,571.4560504452535,590.5102531154679,566.4575096952716,585.3898332097824,946903.28
2024-10-24,585.3898332097824,609.0464341213585,577.6465538300425,601.0954082984254,720147.0
2024-10-25,601.0954082984254,613.6544839063364,596.9884669526529,609.4901858439524,957830.99
2024-10-26,609.4901858439524,621.3166839193275,606.3280699721145,618.1098480971868,548462.55
2024-10-27,618.1098480971868,623.7518916458664,608.0213410291017,613.6224238274727,824045.7
2024-10-28,613.6224238274727,635.7760379658793,610.1154378682779,632.1630880675594,1101992.35
2024-10-29,632.1630880675594,644.655748220718,611.9712251593157,624.3086680887103,538398.83
2024-10-30,624.3086680887103,633.72554435877,598.0966447483172,607.2563085722145,646058.46
2024-10-31,607.2563085722145,617.4440888246418,605.6315531468944,615.7964835820623,639497.49
2024-11-01,615.7964835820623,621.2899164234575,604.265744449965,609.7048345568602,844261.87
2024-11-02,609.7048345568602,620.9427934113094,585.2656562642529,596.2557237701617,959337.07
2024-11-03,596.2557237701617,613.1458817625735,588.6695889378069,605.4428594154331,590304.65
2024-11-04,605.4428594154331,611.9376042767506,580.4013742854668,586.6950059900234,1307135.95
2024-11-05,586.6950059900234,598.2900367319563,579.85080790722,591.3910560171814,709954.12
2024-11-06,591.3910560171814,595.8085568233284,582.5354992281926,586.9195996950775,607388.36
2024-11-07,586.9195996950775,608.8815312013085,581.6426367772513,603.4558913642213,1000242.6
2024-11-08,603.4558913642213,611.6917776456957,600.108351210878,608.3172700526553,724945.71
2024-11-09,608.3172700526553,628.9493199782362,599.3207305894618,619.7832082044357,637162.68
2024-11-10,619.7832082044357,623.6607186829207,604.5523204166429,608.3583543044006,611241.08
2024-11-11,608.3583543044006,614.2267356828442,585.1886330649551,590.8884956875274,1183974.39
2024-11-12,590.8884956875274,601.9272387295538,576.3044041936156,587.2756535609853,545994.08
2024-11-13,587.2756535609853,599.1116389140709,581.8107065392288,593.5879522228535,927541.5
2024-11-14,593.5879522228535,599.1885899048436,588.7992900577534,594.3934296976356,571447.26
2024-11-15,594.3934296976356,612.2288153464883,588.6821745312285,606.4021736406946,599081.12
2024-11-16,606.4021736406946,616.1988109865973,602.4702720283112,612.2291275022493,685805.99
2024-11-17,612.2291275022493,621.5262439872879,592.1751667463478,601.3064143898416,786377.16
2024-11-18,601.3064143898416,614.845859786909,592.7579543277814,606.2274400662579,464005.77
2024-11-19,606.2274400662579,612.0883898255299,602.257809185086,608.1064549885017,610923.57
2024-11-20,608.1064549885017,627.6261763768374,602.2902231706598,621.6801192996131,905378.27
2024-11-21,621.6801192996131,628.8753995247469,604.8096239848892,611.8916127512573,904352.73
2024-11-22,611.8916127512573,622.6694575705204,594.3407323971904,604.9971380981972,650992.51
2024-11-23,604.9971380981972,614.1315070183198,600.1348175732059,609.2351260744866,521785.05
2024-11-24,609.2351260744866,632.121243626529,601.6756299735083,624.3739029320103,738752.54
2024-11-25,624.3739029320103,636.1869444879318,610.5314991364725,622.305405086481,862179.68
2024-11-26,622.305405086481,633.0415987358793,618.1366914014817,628.8291834153564,732503.94
2024-11-27,628.8291834153564,638.7987962205294,619.3277607188912,629.2904046084544,994684.68
2024-11-28,629.2904046084544,637.9706964030489,620.2327059203847,628.9077190353491,654348.54
2024-11-29,628.9077190353491,644.6380435190397,625.9555532641958,641.6261758366294,503501.79
2024-11-30,641.6261758366294,655.6068544550844,628.9700774352427,642.9251340580732,603280.42
2024-12-01,642.9251340580732,653.2647638025304,627.8465989247983,638.1087711132725,700268.66
2024-12-02,638.1087711132725,644.3084806872141,626.5350171676155,632.6820015689493,587114.15
2024-12-03,632.6820015689493,640.3227968593249,621.8121718529422,629.4134939201382,614728.58
2024-12-04,629.4134939201382,634.7606772469337,616.7278156209406,622.0121205687977,890256.02
2024-12-05,622.0121205687977,626.1870089592434,615.3801833514775,619.5384688179039,571346.5
2024-12-06,619.5384688179039,631.4912329250473,608.3059616583358,620.2458997293608,501599.69
2024-12-07,620.2458997293608,631.2148118287313,612.4740098864496,623.4033579715276,857114.75
2024-12-08,623.4033579715276,628.7957768809644,607.6587167562866,612.9608079453092,822565.69
2024-12-09,612.9608079453092,623.579696601479,598.0567366856563,608.6000804138034,540116.21
2024-12-10,608.6000804138034,614.662787633478,598.7564511284254,604.7811148598043,835423.39
2024-12-11,604.7811148598043,608.0025973988749,593.7541035596221,596.9337857961771,527648.28
2024-12-12,596.9337857961771,599.7666905891069,588.2580953277144,591.0631394389427,584173.44
2024-12-13,591.0631394389427,611.7746443862594,579.8713289960705,600.405927773685,531113.75
2024-12-14,600.405927773685,620.2575398886045,595.0724552249704,614.7962366278815,624205.88
2024-12-15,614.7962366278815,620.4019779503022,605.9812388839242,611.5574487847698,806009.0
2024-12-16,611.5574487847698,618.6988987366202,597.1129577336656,604.1681189330552,748855.07
2024-12-17,604.1681189330552,611.6444739801482,595.9291299022441,603.3959293918812,571148.28
2024-12-18,603.3959293918812,610.2604044153312,597.4954009186856,604.3505409230444,733951.53
2024-12-19,604.3505409230444,623.2219106138687,592.9617744908869,611.6947453174523,770164.97
2024-12-20,611.6947453174523,616.5629217158145,602.7612647585028,607.5968278555027,888862.93
2024-12-21,607.5968278555027,610.0484022980675,599.5808710950317,602.0099030200731,765782.69
2024-12-22,602.0099030200731,640.6393283416791,590.019555131295,628.1287659979672,841768.44
2024-12-23,628.1287659979672,631.8695038003689,610.6676280385091,614.3261662835619,711433.14
2024-12-24,614.3261662835619,635.90023392377,602.651432610423,624.0408805677921,570985.69
2024-12-25,624.0408805677921,651.4161373896118,613.2931451042751,640.3868779723568,728898.6
2024-12-26,640.3868779723568,650.6305338229904,627.4648799431762,637.6649964609024,948595.56
2024-12-27,637.6649964609024,645.4311889519945,634.8646543440781,642.6091343721979,961060.5
2024-12-28,642.6091343721979,644.2967808447472,622.70197047044,624.341642105351,367129.88
2024-12-29,624.341642105351,627.8582476703816,621.1730650098206,624.6879132249255,819187.6
2024-12-30,624.6879132249255,643.2882719467817,618.9219071469163,637.4048854336828,618640.92
2024-12-31,637.4048854336828,649.1975962796572,627.0427570230194,638.8125832845985,773738.22
2025-01-01,638.8125832845985,645.1121892497889,633.0191906807323,639.3142470561684,497504.37
2025-01-02,639.3142470561684,660.5258694875039,637.6756629577217,658.8372472773403,628629.59
2025-01-03,658.8372472773403,670.50704724274,656.6695127575022,668.3081511494745,468737.41
2025-01-04,668.3081511494745,683.580903231511,661.4313646148943,676.6186034403413,628238.49
2025-01-05,676.6186034403413,678.3217705295314,665.6148579602461,667.2945547920193,814826.71
2025-01-06,667.2945547920193,677.7063178169844,629.7986006500599,639.781072204511,782381.04
2025-01-07,639.781072204511,648.1254813165223,635.6799588126668,643.9973408733123,1196982.62
2025-01-08,643.9973408733123,651.0769927727749,637.0611997497733,644.1393224438377,615429.95
2025-01-09,644.1393224438377,663.3764376740938,633.6641116475615,652.7610179590383,562000.82
2025-01-10,652.7610179590383,662.064376703345,644.9643498971731,654.249924930274,989857.3
2025-01-11,654.249924930274,666.5499276393635,642.5438047715247,654.8333682623719,455775.66
2025-01-12,654.8333682623719,666.5628358315935,643.5400324394528,655.262105946488,734638.75
2025-01-13,655.262105946488,658.6162992492094,639.6110313450697,642.901954796181,793774.01
2025-01-14,642.901954796181,644.447633803503,621.3165466774475,622.8139296131955,392890.17
2025-01-15,622.8139296131955,633.7484204499228,602.6656986187897,613.4355368279871,532992.37
2025-01-16,613.4355368279871,621.9032916956221,593.6288206751375,601.937863711366,497584.96
2025-01-17,601.937863711366,613.0983697779455,590.3838566838384,601.5369290365068,862101.59
2025-01-18,601.5369290365068,603.6407088911642,582.833788582945,584.8793110648231,596132.23
2025-01-19,584.8793110648231,596.4393578879436,568.6967841984952,580.1636262593283,655886.79
2025-01-20,580.1636262593283,611.7297933062811,568.7227198287899,599.899689006423,467636.88
2025-01-21,599.899689006423,603.9948776044977,595.111794601264,599.2022219715852,571697.94
2025-01-22,599.2022219715852,601.6080467692836,597.3707710516877,599.7748456353561,574530.36
2025-01-23,599.7748456353561,605.2285556635711,594.5586747657796,600.0103367555844,662847.64
2025-01-24,600.0103367555844,608.1988339389648,594.119944541577,602.286100210958,648460.18
2025-01-25,602.286100210958,606.4055718378594,592.8259763407189,596.9086678058153,1010934.03
2025-01-26,596.9086678058153,598.6837143326087,593.5124519020657,595.282663126384,832140.58
2025-01-27,595.282663126384,605.7613314503076,579.4271453554012,589.8094699086183,448979.53
2025-01-28,589.8094699086183,593.2327811501971,571.5294262178639,574.8660041379708,902766.23
2025-01-29,574.8660041379708,597.1003007290907,564.6808285654225,586.705361605378,872269.85
2025-01-30,586.705361605378,590.6103345838764,574.0588543674119,577.9052559109215,712024.77
2025-01-31,577.9052559109215,604.4579315536589,567.9085841832905,594.1797418916924,895619.18
2025-02-01,594.1797418916924,598.3925335169874,582.2974749141138,586.4555009266572,945505.54
2025-02-02,586.4555009266572,588.6922600413889,570.7400226553315,572.9251767020112,619944.76
2025-02-03,572.9251767020112,602.4398393945761,563.2949524073741,592.4809054159891,516017.29
2025-02-04,592.4809054159891,596.6258617409985,573.5614003782067,577.6022667538754,806167.42
2025-02-05,577.6022667538754,581.968396447506,551.314672845869,555.5138347758742,570894.79
2025-02-06,555.5138347758742,560.7031655142489,536.8128599493933,541.8747815146746,747817.29
2025-02-07,541.8747815146746,548.8674193616786,533.6764466334919,540.6533221245954,540004.09
2025-02-08,540.6533221245954,547.9254065470974,521.2625913618807,528.3694509638544,893002.3
2025-02-09,528.3694509638544,530.1470166655431,521.5643791930506,523.3249740248804,578954.17
2025-02-10,523.3249740248804,533.3497680597303,495.6460738104234,505.3260817235864,664040.03
2025-02-11,505.3260817235864,516.4844208573783,503.84201019857124,514.9720205686406,653461.88
2025-02-12,514.9720205686406,527.6282283845525,506.1939278373038,518.7851381420539,491279.62
2025-02-13,518.7851381420539,526.5035689581265,500.0758687631389,507.62830945337885,916864.59
2025-02-14,507.62830945337885,511.28874575134563,484.269386448706,487.7867480397381,965222.81
2025-02-15,487.7867480397381,494.00531744386745,474.1680582716579,480.29106869966785,675342.61
2025-02-16,480.29106869966785,491.5533772847105,474.5789346247235,485.776010427842,578936.83
2025-02-17,485.776010427842,501.8886470943806,478.9727860759726,494.95684643216566,660224.27
2025-02-18,494.95684643216566,502.5190464329005,485.4757831754709,493.00821094168936,616818.86
2025-02-19,493.00821094168936,498.5631004643348,483.3097827395544,488.8174535879474,696032.7
2025-02-20,488.8174535879474,496.0967923703278,476.8092157876876,484.01706851951377,647521.57
2025-02-21,484.01706851951377,489.3374453923985,481.3231537512951,486.6289933211502,557956.16
2025-02-22,486.6289933211502,501.30557742123756,479.58931202596625,494.1569944181002,928835.36
2025-02-23,494.1569944181002,498.95004746169417,488.2163920923406,492.99820551626806,663518.63
2025-02-24,492.99820551626806,502.3349936498694,480.6080222647758,489.88586647132547,1134551.7
2025-02-25,489.88586647132547,505.23968314224044,481.3620606865073,496.5990704623278,718483.33
2025-02-26,496.5990704623278,510.6792936058552,495.59405293733033,509.6478679159998,632626.11
2025-02-27,509.6478679159998,517.6442418444101,499.23637680404204,507.19425352809435,652327.71
2025-02-28,507.19425352809435,514.5273958354697,500.67940788948704,508.0021725794672,638592.74
2025-03-01,508.0021725794672,515.5493036285427,494.0629099299116,501.51364419832083,681669.61
2025-03-02,501.51364419832083,505.61232921581393,498.178807957415,502.27244728163294,740316.51
2025-03-03,502.27244728163294,510.49822632971564,486.2634882893646,494.35967893491596,528788.97
2025-03-04,494.35967893491596,509.01095112916596,492.1193421923984,506.7146243064556,542257.8
2025-03-05,506.7146243064556,523.9492742370867,497.50297432859804,514.5943769174653,850754.74
2025-03-06,514.5943769174653,535.5419911636964,509.54115385927633,530.3342058520667,795720.05
2025-03-07,530.3342058520667,532.4099697718934,523.2385345952597,525.2945730517454,472158.26
2025-03-08,525.2945730517454,552.4439916410992,517.6187580427535,544.4877186892463,797693.97
2025-03-09,544.4877186892463,551.762011890237,539.6078891294212,546.8609131919392,863657.83
2025-03-10,546.8609131919392,550.4598095762321,542.075628777402,545.6666658093745,745600.24
2025-03-11,545.6666658093745,565.5558936784112,538.0040590989375,557.7239704434586,462922.88
2025-03-12,557.7239704434586,562.1872427504754,543.6614251254823,548.0472580453502,501099.96
2025-03-13,548.0472580453502,551.6713716276284,544.8110812351816,548.4329175279454,691822.31
2025-03-14,548.4329175279454,555.480942265483,539.9918230041875,547.0217120485332,1120654.27
2025-03-15,547.0217120485332,555.6277869298447,542.4775305637611,551.0501407566607,611848.18
2025-03-16,551.0501407566607,552.6760342473107,545.2977617715113,546.9114438864565,814397.75
2025-03-17,546.9114438864565,550.2390797191173,538.609850971951,541.907037925211,595907.89
2025-03-18,541.907037925211,547.3886162270878,532.9758999876339,538.4222282265041,1070697.67
2025-03-19,538.4222282265041,545.0663268277642,529.182650633639,535.7943210146,707296.7
2025-03-20,535.7943210146,542.3621413805309,530.0304533609996,536.5897171634243,516935.95
2025-03-21,536.5897171634243,558.9021555909126,526.6424624582562,548.7298481659959,570888.19
2025-03-22,548.7298481659959,553.201529506915,524.423425524894,528.732142581618,559480.66
2025-03-23,528.732142581618,545.2818677859307,519.4205138114555,535.8449732463529,720658.4
2025-03-24,535.8449732463529,541.5335508882227,525.9153888330428,531.5584604761186,588160.72
2025-03-25,531.5584604761186,539.1405890453267,522.4248671872288,529.984545496265,618490.09
2025-03-26,529.984545496265,536.1976513204178,514.0956488242982,520.1939780342327,1138714.64
2025-03-27,520.1939780342327,522.7349998878177,518.1347102976193,520.6738325733307,604549.67
2025-03-28,520.6738325733307,525.6747236180412,512.2625455296688,517.2303632493381,731570.78
2025-03-29,517.2303632493381,524.5510562261753,507.99566939276764,515.288883359861,653824.14
2025-03-30,515.288883359861,524.1976499060364,511.69825738279064,520.5702226035456,691443.9
2025-03-31,520.5702226035456,530.5621460808826,516.4346642950242,526.3804298291618,826989.55
2025-04-01,526.3804298291618,547.4060608323374,518.6844845308486,539.5180371407347,404045.92
2025-04-02,539.5180371407347,547.7219600302169,525.9718643572022,534.0932985549451,726804.93
2025-04-03,534.0932985549451,546.7912135548224,527.8696124971444,540.4929535533012,637171.75
2025-04-04,540.4929535533012,554.8444013705854,532.2482617021092,546.5079565267338,731400.6
2025-04-05,546.5079565267338,556.796291141203,537.1324711437528,547.4054097165676,665296.97
2025-04-06,547.4054097165676,569.936249977068,541.2967469993138,563.6463496929832,666793.49
2025-04-07,563.6463496929832,571.8303060449236,549.440639354778,557.5358736395244,753680.54
2025-04-08,557.5358736395244,560.302577638557,556.297758530284,559.0610755266314,610044.69
2025-04-09,559.0610755266314,563.5039919807663,557.6484642384443,562.08374314708,1144648.96
2025-04-10,562.08374314708,569.3058089566088,543.5669173409246,550.6419708348978,550353.39
2025-04-11,550.6419708348978,570.4425141988158,543.2397001333312,562.8757845464214,1003116.72
2025-04-12,562.8757845464214,566.9780591221115,557.8151946421945,561.9104336792673,513252.63
2025-04-13,561.9104336792673,573.669213905913,554.5392612709481,566.2412298716022,655360.35
2025-04-14,566.2412298716022,584.2070794022349,564.0718969616621,581.977459253437,756552.21
2025-04-15,581.977459253437,593.4747503573292,572.7539714194239,584.2157882959827,554397.76
2025-04-16,584.2157882959827,589.58140073133,579.3345498853402,584.6961488135954,544918.71
2025-04-17,584.6961488135954,592.632745947102,577.5128386672397,585.4402935776534,652533.46
2025-04-18,585.4402935776534,596.9302354395911,564.1440177367889,575.4376460901456,875700.73
2025-04-19,575.4376460901456,581.938894972984,565.2792028715686,571.7386609132757,714491.57
2025-04-20,571.7386609132757,578.3022355483912,563.7690147229459,570.3162601605809,1124132.53
2025-04-21,570.3162601605809,573.5592903299244,568.1167022523618,571.3557234885169,806132.82
2025-04-22,571.3557234885169,586.8354412359552,569.7568933152536,585.1978764340142,624375.01
2025-04-23,585.1978764340142,605.8063072841057,574.3087727105416,594.739654369446,356936.2
2025-04-24,594.739654369446,605.2048684301961,578.4461605632995,588.8069815667232,475025.76
2025-04-25,588.8069815667232,598.573947432451,578.8775106149893,588.6417354238213,655068.54
2025-04-26,588.6417354238213,615.1332090451642,576.9300808188397,603.1332306990016,473356.15
2025-04-27,603.1332306990016,605.3904037610853,583.319569133806,585.5107917683259,667091.01
2025-04-28,585.5107917683259,594.7520625163409,574.0812299107869,583.2874084148414,740191.97
2025-04-29,583.2874084148414,585.6282183603091,568.057383858823,570.3462592515639,650616.87
2025-04-30,570.3462592515639,602.9960661841432,562.6888565345083,595.0075636548581,654095.87
2025-05-01,595.0075636548581,612.0729257312126,586.1282983732431,603.0732959680779,1141946.35
2025-05-02,603.0732959680779,611.8078627149044,589.3395477140618,598.0006451034207,711601.41
2025-05-03,598.0006451034207,602.0478547876507,593.6605554800628,597.7057694749758,676302.24
2025-05-04,597.7057694749758,608.4045588886678,578.8058995316696,589.3552160489032,545938.19
2025-05-05,589.3552160489032,617.4917738938702,582.171675454635,610.0559163322355,699431.61
2025-05-06,610.0559163322355,621.3071082158727,575.6210063750765,586.4365897039191,621074.25
2025-05-07,586.4365897039191,595.7370043187409,580.5700872488919,589.8364904692393,1098289.8
2025-05-08,589.8364904692393,594.6574434272943,584.3696774199602,589.1853080217398,807079.34
2025-05-09,589.1853080217398,599.8936663597693,568.3592679493925,578.8803348808751,998425.15
2025-05-10,578.8803348808751,588.5378033220651,566.8282482956668,576.4450895053837,737450.35
2025-05-11,576.4450895053837,578.4912368037403,558.6114721036512,560.6013806332248,955798.05
2025-05-12,560.6013806332248,581.7833232468461,555.053491905247,576.0822311217806,545064.2
2025-05-13,576.0822311217806,578.347713625901,574.1447683178815,576.4091513335677,745073.02
2025-05-14,576.4091513335677,596.0100206460893,566.227806949445,585.6651832835926,563278.28
2025-05-15,585.6651832835926,591.8792835167723,574.6928188981716,580.8558909578903,627142.27
2025-05-16,580.8558909578903,598.566486484033,576.9598121177756,594.5783644376929,707323.31
2025-05-17,594.5783644376929,596.952253063941,592.637332956376,595.0098130964107,551028.07
2025-05-18,595.0098130964107,610.6254551715235,590.6812484666269,606.2153725778996,485676.52
2025-05-19,606.2153725778996,617.5068612783198,601.0229456266743,612.2626375841871,895158.72
2025-05-20,612.2626375841871,624.1817320289766,600.0697857646422,611.9834450880883,459863.46
2025-05-21,611.9834450880883,635.0639580758785,599.8526689542829,622.7203542224295,1068062.41
2025-05-22,622.7203542224295,676.4072010547357,616.2866012023433,669.4902361609238,570872.04
2025-05-23,669.4902361609238,681.8412609753922,644.5045734875061,656.6181284888462,806503.04
2025-05-24,656.6181284888462,667.3718030479868,644.5977833717262,655.3303678044923,818397.83
2025-05-25,655.3303678044923,665.7178314936141,630.7698190175981,640.9290107063979,530952.39
2025-05-26,640.9290107063979,650.0323856897331,636.54593898501,645.617252848916,785332.89
2025-05-27,645.617252848916,658.1810060091888,635.6971051373921,648.2208530187592,730692.12
2025-05-28,648.2208530187592,683.7257782397323,635.3604580056227,670.424866112812,819665.81
2025-05-29,670.424866112812,681.9016467490737,656.1155537256088,667.5430006643194,947166.01
2025-05-30,667.5430006643194,686.6741878685742,659.6936538753209,678.6937245838508,857912.02
2025-05-31,678.6937245838508,680.0623151811596,653.5075616965272,654.8280269492251,563398.57
2025-06-01,654.8280269492251,662.3951430979147,649.0776540324327,656.6289553269285,676596.4
2025-06-02,656.6289553269285,665.6732417085869,638.0075684108608,646.9180992481205,569679.37
2025-06-03,646.9180992481205,656.5890820193208,644.0111019192676,653.6518259520521,606147.5
2025-06-04,653.6518259520521,673.0674993874486,647.5714241516706,666.864193465899,790818.87
2025-06-05,666.864193465899,676.7242101182317,650.3120655395817,660.0716500623641,814319.1
2025-06-06,660.0716500623641,678.370816442101,648.1610221721209,666.34695415981,809639.33
2025-06-07,666.34695415981,676.0928974911956,652.6469621644671,662.334215464048,752221.81
2025-06-08,662.334215464048,671.5708966235746,653.7298355042001,662.958407784899,781517.69
2025-06-09,662.958407784899,671.8198834536757,658.9365054906623,667.7687984519977,624779.83
2025-06-10,667.7687984519977,677.1695587311974,647.1299089549759,656.3702013003789,981287.18
2025-06-11,656.3702013003789,667.5892070252296,634.1924449521581,645.2208809519211,827237.11
2025-06-12,645.2208809519211,661.513864777876,638.8449838545368,655.0409286425203,696330.22
2025-06-13,655.0409286425203,666.8337344202918,635.8452282273856,647.5023151502572,927642.09
2025-06-14,647.5023151502572,667.4180553542451,642.2588277690492,662.0567062078111,615408.73
2025-06-15,662.0567062078111,670.9200151720872,633.5488420490519,642.1455902016462,721241.28
2025-06-16,642.1455902016462,663.8742077353943,631.1380019066785,652.6859379711417,875507.16
2025-06-17,652.6859379711417,664.5986879117357,640.9507273632149,652.8603415495295,516234.44
2025-06-18,652.8603415495295,659.6701608670128,645.0876922973305,651.8873627214018,1220175.89
2025-06-19,651.8873627214018,660.357482950474,645.1782514052643,653.6304322658592,604175.72
2025-06-20,653.6304322658592,666.0606234685827,625.4627259004781,637.5878324978007,625124.16
2025-06-21,637.5878324978007,656.9056417907946,630.9596862724594,650.1469354037363,703527.84
2025-06-22,650.1469354037363,651.486855661162,644.0830571118604,645.4132214219585,842259.61
2025-06-23,645.4132214219585,652.3351972759936,629.4349880218592,636.2587836792245,862626.1
2025-06-24,636.2587836792245,669.0858214727596,628.066215907469,660.5800887666451,1018278.5
2025-06-25,660.5800887666451,670.7444359193186,646.5886937277526,656.6932338357981,688913.97
2025-06-26,656.6932338357981,658.9422344754302,644.8344019862818,647.0503783964357,760212.27
2025-06-27,647.0503783964357,664.3907157720532,639.0556109753388,656.2818865054774,476531.72
2025-06-28,656.2818865054774,667.9290602569581,647.7505515612272,659.3577407521741,535600.34
2025-06-29,659.3577407521741,680.5964226804539,649.9721453131067,671.0444730237494,684200.36
2025-06-30,671.0444730237494,676.7346271200047,666.4129995915797,672.0958968787172,765512.73
2025-07-01,672.0958968787172,694.1579553558145,661.477329387451,683.3614020627082,691968.74
2025-07-02,683.3614020627082,719.589675535533,672.2838413715418,708.1109153693832,798027.98
2025-07-03,708.1109153693832,711.2758162131499,695.8649172688694,698.9890479376469,690135.7
2025-07-04,698.9890479376469,710.1018945864613,682.5306860949547,693.5571743401825,660231.1
2025-07-05,693.5571743401825,702.6387285860658,665.8708960786547,674.7056047022578,1275561.41
2025-07-06,674.7056047022578,685.9294920330406,668.0541039072785,679.2333549784076,655423.19
2025-07-07,679.2333549784076,691.6972332713063,668.348982966601,680.7879496635705,901618.28
2025-07-08,680.7879496635705,698.8751962328246,677.8645634505681,695.8869729782589,505046.38
2025-07-09,695.8869729782589,701.7545258928089,689.7645652545706,695.629951021306,721908.75
2025-07-10,695.629951021306,708.2009582860661,682.1512188380136,694.7055203460458,591373.83
2025-07-11,694.7055203460458,700.336749220683,691.5251638640317,697.1452237952079,1148352.2
2025-07-12,697.1452237952079,710.1832159407078,681.4308152526941,694.4177991726585,608916.33
2025-07-13,694.4177991726585,708.2473691586409,685.1641653637514,698.9335594839378,694613.21
2025-07-14,698.9335594839378,703.2486349142833,697.4512846128986,701.7603650487312,569755.89
2025-07-15,701.7603650487312,711.8121911542515,698.3922032613153,708.4121037505836,561250.97
2025-07-16,708.4121037505836,710.4943214136913,703.6430346457017,705.7173316337249,686794.74
2025-07-17,705.7173316337249,723.8717426280767,694.4976790522761,712.5435650551125,766412.2
2025-07-18,712.5435650551125,725.0061079823912,707.8575960889586,720.2693313144957,911859.23
2025-07-19,720.2693313144957,729.0960887676338,707.5317124137804,716.3099484167003,605657.15
2025-07-20,716.3099484167003,728.7107851243771,703.0045302738193,715.3894308805419,603129.85
2025-07-21,715.3894308805419,728.4371024790748,700.2982826184485,713.307991769109,965223.17
2025-07-22,713.307991769109,725.5320058025831,686.4670633863591,698.4362186984731,1042685.79
2025-07-23,698.4362186984731,706.1537893279298,685.0323934654147,692.686430163012,685426.91
2025-07-24,692.686430163012,705.1405207112481,689.5230015136132,701.9348554419083,786431.01
2025-07-25,701.9348554419083,718.2391930748262,696.1402008201161,712.3584886524137,1062600.28
2025-07-26,712.3584886524137,722.3788619613345,706.6397333460017,716.6258486402241,1357346.89
2025-07-27,716.6258486402241,730.8375348407154,690.3139137898135,704.2807801305182,777275.89
2025-07-28,704.2807801305182,728.2148759431828,692.6436741068992,716.3778847417885,845061.54
2025-07-29,716.3778847417885,745.5320692276897,710.7856820607307,739.7573612321936,723644.9
2025-07-30,739.7573612321936,754.5181649857545,732.7836795153584,747.4717597480652,483497.19
2025-07-31,747.4717597480652,752.6797159496332,742.3216562206424,747.5292165431165,763344.51
2025-08-01,747.5292165431165,754.452575817801,729.7271820560375,736.5488448936915,986217.45
2025-08-02,736.5488448936915,739.0859975355497,733.9264109899042,736.4632688522905,579863.11
2025-08-03,736.4632688522905,749.0054862669597,717.8492332331064,730.2862540053072,440302.33
2025-08-04,730.2862540053072,738.7455548015967,719.4387663832913,727.8700793209579,811423.91
2025-08-05,727.8700793209579,753.9487897407663,718.4869899593044,744.35321366357,451244.37
2025-08-06,744.35321366357,760.0785956801776,740.2277481489667,755.8891937344739,472509.99
2025-08-07,755.8891937344739,763.5485795605565,743.9035650792079,751.5186645608334,465187.54
2025-08-08,751.5186645608334,760.5234289970542,743.761799977722,752.7538156951942,424264.8
2025-08-09,752.7538156951942,755.5990094903412,749.9396172870507,752.784695636378,911802.01
2025-08-10,752.784695636378,754.7038190354291,745.3595273710398,747.2645779720696,724626.19
2025-08-11,747.2645779720696,757.0710399793359,720.6315761398869,730.2142846621285,1170576.62
2025-08-12,730.2142846621285,749.930462462968,721.2398995940829,740.8256628089676,841133.59
2025-08-13,740.8256628089676,766.5038770322641,730.7307018885306,756.1994234861959,1171968.11
2025-08-14,756.1994234861959,769.9082195338116,734.8328447707426,748.4002532009381,595906.48
2025-08-15,748.4002532009381,763.3460223858629,725.3171826547768,740.0971361952634,766385.51
2025-08-16,740.0971361952634,764.7490023704345,727.4370272338191,751.8872122508986,509048.32
2025-08-17,751.8872122508986,753.7043628422598,741.5841814058556,743.3807737545812,653112.9
2025-08-18,743.3807737545812,748.9750888298066,720.4148355974022,725.8774291809342,1001973.53
2025-08-19,725.8774291809342,737.4891087697192,708.8970304013131,720.4214317647574,692943.51
2025-08-20,720.4214317647574,751.0263118174798,707.2943536347088,737.5864630004411,660087.91
2025-08-21,737.5864630004411,751.1685775763542,717.57802771093,731.0395863476093,696131.99
2025-08-22,731.0395863476093,741.3313907809196,712.8106528051719,722.9891202534747,725578.66
2025-08-23,722.9891202534747,735.4571755195008,704.8522497248991,717.2208299641186,725809.22
2025-08-24,717.2208299641186,720.7217823456651,699.7598540449735,703.1923294523101,976862.37
2025-08-25,703.1923294523101,709.5674809572664,681.2230470892148,687.4555285367228,584536.67
2025-08-26,687.4555285367228,689.8641471693738,682.0348350759174,684.4328632811843,664744.16
2025-08-27,684.4328632811843,689.3760319921746,663.3063324324372,668.1317700137324,717350.4
2025-08-28,668.1317700137324,678.8037747231288,653.0321468390324,663.6322816521906,558473.91
2025-08-29,663.6322816521906,670.3118524178091,660.0796866526849,666.742607043184,626031.95
2025-08-30,666.742607043184,681.4915142497105,656.4991577541722,671.1798930548372,847835.06
2025-08-31,671.1798930548372,681.8049379429904,659.0341410447024,669.6347253123976,569668.72
2025-09-01,669.6347253123976,681.5788656927789,644.2976185420384,655.9985328913094,1400413.36
2025-09-02,655.9985328913094,668.7316153678668,638.7909978645745,651.4355110369323,1053879.96
2025-09-03,651.4355110369323,665.5386666140328,641.371981989749,655.4136818481556,731655.37
2025-09-04,655.4136818481556,671.9417948231837,646.1339203938419,662.5608393918163,808343.12
2025-09-05,662.5608393918163,673.2324290474915,648.9036736260599,659.5263886559522,848707.56
2025-09-06,659.5263886559522,663.0918866350198,648.114622850928,651.6374721714028,805197.23
2025-09-07,651.6374721714028,662.6396017678114,641.6682659137367,652.6548312388827,716901.49
2025-09-08,652.6548312388827,664.6436384571132,636.8430090996044,648.760276096936,1392763.22
2025-09-09,648.760276096936,655.3504554236173,631.0509333916225,637.5270038848398,584931.19
2025-09-10,637.5270038848398,642.5325980908145,635.9990436011593,640.9963228940007,635448.17
2025-09-11,640.9963228940007,646.4503718680156,635.8288045977716,641.2805621211891,712831.4
2025-09-12,641.2805621211891,643.6780012130349,626.8551366817562,629.2074401867842,822490.97
2025-09-13,629.2074401867842,637.5599926915127,614.1988687055249,622.4618757317897,1157511.67
2025-09-14,622.4618757317897,633.059989773952,609.9383439090306,620.503107721133,699711.6
2025-09-15,620.503107721133,622.7647356009969,602.2541075258443,604.4572509977006,808931.46
2025-09-16,604.4572509977006,610.3167948464613,591.2024174817533,596.98957043499,770839.14
2025-09-17,596.98957043499,612.1310126806653,588.5676114224789,603.6155780575615,685681.05
2025-09-18,603.6155780575615,614.6823400806545,587.6292552106441,598.6041368562525,954814.99
2025-09-19,598.6041368562525,602.1762042354445,586.955114124778,590.4786943211491,779135.23
2025-09-20,590.4786943211491,608.6229608750443,583.6854831874732,601.700645868651,896268.86
2025-09-21,601.700645868651,606.8181927356201,600.3108405460126,605.4197969353353,650540.01
2025-09-22,605.4197969353353,618.3414488212675,599.9569902381205,612.8119415350882,611496.95
2025-09-23,612.8119415350882,617.8441712698394,599.6661462343942,604.6311981329936,642448.01
2025-09-24,604.6311981329936,607.7692516477031,598.6202116806026,601.7432767995451,754322.63
2025-09-25,601.7432767995451,604.4985006297521,598.9511110359318,601.7061649407209,925656.45
2025-09-26,601.7061649407209,609.3665120052841,596.5042277863831,604.1435033018793,1182345.7
2025-09-27,604.1435033018793,630.5008841800446,602.2702226643687,628.551919845113,731302.54
2025-09-28,628.551919845113,641.0744619672707,617.0401622195646,629.5445250471519,1115325.85
2025-09-29,629.5445250471519,653.8174220325786,617.4778058724837,641.5211424797766,818631.15
2025-09-30,641.5211424797766,679.1724886641315,630.2725185055567,667.468889123793,592280.11
2025-10-01,667.468889123793,689.0571962712537,666.0896098982026,687.6362425764772,721120.32
2025-10-02,687.6362425764772,695.2542579330595,681.9925027345326,689.594446233188,848438.69
2025-10-03,689.594446233188,710.423470760732,682.7961819035966,703.4882365646787,865005.89
2025-10-04,703.4882365646787,710.7153908767364,697.9136699126823,705.1278317789122,620903.81
2025-10-05,705.1278317789122,716.692389520143,693.1831791413819,704.741399134436,640380.0
2025-10-06,704.741399134436,725.2664679995539,694.7656351584073,715.1434606367472,643735.8
2025-10-07,715.1434606367472,730.2361313924134,711.2011485994241,726.2326886874198,666256.77
2025-10-08,726.2326886874198,735.3216117562421,723.6476901072672,732.7135448067806,755533.12
2025-10-09,732.7135448067806,742.0910445923529,721.3359107768947,730.6874803484588,1122257.97
2025-10-10,730.6874803484588,743.2423939650731,712.2559723216983,724.7081470588951,630044.54
2025-10-11,724.7081470588951,734.4290634291091,700.3250349428159,709.8466051253897,464604.05
2025-10-12,709.8466051253897,716.4946335639492,705.2936367544235,711.9283130822357,457188.46
2025-10-13,711.9283130822357,723.5349609287624,703.3616171414603,714.932119916439,858583.9
2025-10-14,714.932119916439,733.7328007448798,706.6711285819091,725.3514151723198,610816.43
2025-10-15,725.3514151723198,737.0770370231609,695.9508869869773,707.3860915492801,748809.6
2025-10-16,707.3860915492801,715.5977026520366,700.5495550114,708.7480039051541,586510.49
2025-10-17,708.7480039051541,719.364812648463,695.7803943887055,706.3614534013407,674534.46
2025-10-18,706.3614534013407,711.076150812704,701.0376607067669,705.7482653179704,645366.04
2025-10-19,705.7482653179704,722.9347319243664,704.033705912709,721.1826758435454,589559.3
2025-10-20,721.1826758435454,749.1103937860111,709.7476679909921,737.4179607121108,953530.37
2025-10-21,737.4179607121108,765.390001761148,722.8501859631054,750.5625540915986,971218.94
2025-10-22,750.5625540915986,766.726458308454,735.7348415438805,751.8728600566158,821416.25
2025-10-23,751.8728600566158,763.5415860895541,737.8785136012219,749.5105780886232,1166828.67
2025-10-24,749.5105780886232,776.0877978203492,739.0015977083492,765.3566378787622,503804.35
2025-10-25,765.3566378787622,795.2912899110895,758.6684225973115,788.4016910275333,664037.86
2025-10-26,788.4016910275333,825.6905571965691,773.7035388353063,810.5789548524518,641487.74
2025-10-27,810.5789548524518,826.2675554353276,801.9447870534474,817.5590368298009,835831.22
2025-10-28,817.5590368298009,830.5719501297999,805.2227473430687,818.2256027153153,510774.6
2025-10-29,818.2256027153153,838.2713040709391,808.2389333711841,828.1633418771245,827110.63
2025-10-30,828.1633418771245,854.3673153635747,813.1365725549377,839.1413533962032,488012.91
2025-10-31,839.1413533962032,851.2331570099568,821.4560266424045,833.4660506537919,843910.08
2025-11-01,833.4660506537919,839.7356894328857,824.5559878270527,830.8056138198667,934307.1
2025-11-02,830.8056138198667,892.0085362872886,815.4472750769924,875.8180932645815,527474.0
2025-11-03,875.8180932645815,880.3590984223392,865.3797388351323,869.8900076246033,638607.46
2025-11-04,869.8900076246033,888.0427517182824,864.8185932113857,882.8955158548675,942596.92
2025-11-05,882.8955158548675,890.3686330668178,867.7869034205868,875.1948395829588,991332.86
2025-11-06,875.1948395829588,882.7379682546228,865.8981057158283,873.4259890194921,489882.23
2025-11-07,873.4259890194921,888.1177103008499,845.2735812121116,859.7350093025188,769109.66
2025-11-08,859.7350093025188,868.2223698568948,837.9396459593969,846.2943191364946,824260.32
2025-11-09,846.2943191364946,870.6302129850474,831.301672955912,855.4749264626225,698383.11
2025-11-10,855.4749264626225,869.857583714861,848.6546299358997,862.9774729375023,1002347.01
2025-11-11,862.9774729375023,898.950549532985,855.240482769,890.9626592906476,610541.54
2025-11-12,890.9626592906476,905.4986030389009,876.9466140946881,891.4745058063905,631032.01
2025-11-13,891.4745058063905,899.7484966932893,885.7261568852024,893.9839664285337,593648.82
2025-11-14,893.9839664285337,897.7615947362092,889.6582627623349,893.4335652890084,744318.91
2025-11-15,893.4335652890084,897.450332462025,874.7071275373985,878.6574631768178,654536.27
2025-11-16,878.6574631768178,893.2495367984673,873.2223671694869,887.7581468522793,870574.8
2025-11-17,887.7581468522793,899.1302941551479,873.9377634552212,885.278141992375,641750.42
2025-11-18,885.278141992375,887.6954256702686,861.3453169019551,863.7036907679709,671580.85
2025-11-19,863.7036907679709,892.7696959980909,851.6604239616157,880.4923325970069,745677.95
2025-11-20,880.4923325970069,894.3782038588165,858.156637601447,871.9071150371234,576349.01
2025-11-21,871.9071150371234,890.562305333498,858.4333412293503,877.0096804519658,914573.67
2025-11-22,877.0096804519658,894.4943985805612,865.2747256296855,882.6835240734126,842035.23
2025-11-23,882.6835240734126,894.7885389317198,873.932564153861,886.0046532045357,835199.8
2025-11-24,886.0046532045357,903.4405500953142,853.7374259835705,870.875594520076,549666.15
2025-11-25,870.875594520076,895.4810141709723,867.7165379210825,892.2444431683601,1044069.71
2025-11-26,892.2444431683601,906.1896923614943,867.4221651654801,881.194713668151,446564.65
2025-11-27,881.194713668151,889.0134075568453,837.2019543001243,844.6968083554739,853745.37
2025-11-28,844.6968083554739,871.734018776844,830.4503870513199,857.2754496097298,734807.46
2025-11-29,857.2754496097298,881.1365382083362,845.8519548616531,869.5494876174062,838469.43
2025-11-30,869.5494876174062,873.4631235010158,848.0594647739538,851.893635858858,672479.3
2025-12-01,851.893635858858,866.4977865788715,837.3135198845631,851.9172661729602,724873.7
2025-12-02,851.9172661729602,870.9966737033883,849.0427069970043,868.0676196268603,845438.26
2025-12-03,868.0676196268603,904.3711524721659,853.6635521285782,889.6096328520345,709609.47
2025-12-04,889.6096328520345,910.1615987861294,878.7482649117994,899.1833440718843,749101.04
2025-12-05,899.1833440718843,916.5269970294346,894.9501026009776,912.2323226177406,755216.24
2025-12-06,912.2323226177406,935.4506444327508,900.6410015975994,923.7134381025257,1228576.76
2025-12-07,923.7134381025257,934.7860209127919,910.5947217745324,921.6424799424603,476140.48
2025-12-08,921.6424799424603,928.7368990814409,897.618286664201,904.5813765501659,981626.87
2025-12-09,904.5813765501659,919.6192177362694,885.6497152696148,900.621730955493,794972.14
2025-12-10,900.621730955493,922.3169416353219,896.7771739053727,918.3965079525714,770678.15
2025-12-11,918.3965079525714,940.5976197926738,914.2494207500729,936.3693747837352,516545.08
2025-12-12,936.3693747837352,945.7579900287122,930.4157980203008,939.7827107637612,946995.13
2025-12-13,939.7827107637612,956.3046665441087,918.0732364059581,934.5023603919466,534727.21
2025-12-14,934.5023603919466,967.852839074868,929.8391562489934,963.0471950655734,1025851.4
2025-12-15,963.0471950655734,981.1757243407059,947.1402982387893,965.232728499233,619659.4
2025-12-16,965.232728499233,991.5835034740401,949.8612059459953,976.0398749707878,1025840.27
2025-12-17,976.0398749707878,988.6984333454624,943.6295011135909,956.0285262121016,594496.43
2025-12-18,956.0285262121016,966.0218042865,945.237871534521,955.2227266604708,562075.12
2025-12-19,955.2227266604708,981.6253106538863,947.1859439986839,973.4352962281943,692609.34
2025-12-20,973.4352962281943,979.1647473512907,945.2018674753353,950.7980803416236,589338.94
2025-12-21,950.7980803416236,964.594496675789,936.4926037369846,950.2815246656448,668764.64
2025-12-22,950.2815246656448,967.0057371094214,940.4834417400248,957.1369696376074,1081466.87
2025-12-23,957.1369696376074,987.9676740783393,950.5057769841933,981.1699770403036,617741.88
2025-12-24,981.1699770403036,1005.8022171415989,973.4754458089718,997.9758905745089,740959.82
2025-12-25,997.9758905745089,1032.3594369404766,993.4724041583818,1027.7217188910754,1056096.55
2025-12-26,1027.7217188910754,1045.6462406631854,1024.842391846679,1042.7248798597134,752947.27
2025-12-27,1042.7248798597134,1069.4766366358604,1032.412973308264,1059.0037421669665,939966.58
2025-12-28,1059.0037421669665,1079.7301907961892,1021.4122726626522,1041.802055941516,815238.37
2025-12-29,1041.802055941516,1061.5806566320746,1004.9224779130421,1024.3701337505768,910617.5
2025-12-30,1024.3701337505768,1059.3545897457527,1019.8242278156159,1054.6742017150393,697528.29
2025-12-31,1054.6742017150393,1067.2522977882772,1034.094393641189,1046.5759090806932,820379.88
2026-01-01,1046.5759090806932,1055.224998260099,1028.386201779061,1036.955788574114,1114687.85
2026-01-02,1036.955788574114,1051.1580702906047,982.9121571613883,996.5611891764042,652998.23
2026-01-03,996.5611891764042,1017.6323016970673,994.0813988146981,1015.1063644980986,787488.7
2026-01-04,1015.1063644980986,1027.0680789090934,984.0639587842032,995.7981508930956,598591.77
2026-01-05,995.7981508930956,1006.0553797371732,971.7966304076018,981.9108125840963,919120.09
2026-01-06,981.9108125840963,1012.8844500070195,970.027011398193,1000.7723724596137,467116.82
2026-01-07,1000.7723724596137,1005.5172792945092,958.8623133869854,963.4301717056914,658556.43
2026-01-08,963.4301717056914,999.3905069676524,950.773633782503,986.4317977395351,912020.17
2026-01-09,986.4317977395351,993.6662431018792,965.392259882379,972.5247113135373,682603.6
2026-01-10,972.5247113135373,983.3684572510175,959.3634846510639,970.1810990822529,453178.7
2026-01-11,970.1810990822529,987.2968577471247,940.4956910071871,957.3857158459682,584825.89
2026-01-12,957.3857158459682,960.9162564706586,932.3095589957504,935.7603520074443,597549.84
2026-01-13,935.7603520074443,944.328428814296,915.2320664064217,923.6896203041473,1050733.07
2026-01-14,923.6896203041473,934.6540313875197,899.8876310308912,910.6978264936507,863843.42
2026-01-15,910.6978264936507,919.2811482203374,883.2458988561195,891.6496920260531,886175.18
2026-01-16,891.6496920260531,925.5781825402125,882.1686185079166,915.8398902401517,521020.33
2026-01-17,915.8398902401517,929.5499476397845,887.2586255054312,900.7426787327778,709471.13
2026-01-18,900.7426787327778,913.4059740218319,859.7064155813844,871.9651352469458,1045762.02
2026-01-19,871.9651352469458,881.1998808920077,832.6121748708235,841.52453236812,886635.68
2026-01-20,841.52453236812,853.6061434196555,835.9479007686052,847.9866882761422,624177.03
2026-01-21,847.9866882761422,853.6215596834485,817.5974847405943,823.0667632501077,862499.76
2026-01-22,823.0667632501077,836.0335296395187,807.7113526487487,820.6398854971109,514039.01
2026-01-23,820.6398854971109,857.7263099151771,812.3462338742363,849.1445806405652,571947.7
2026-01-24,849.1445806405652,858.67612683241,842.4137432704667,851.9232639254127,442549.02
2026-01-25,851.9232639254127,869.0910970873573,839.7148227703826,856.8125897084806,689019.32
2026-01-26,856.8125897084806,866.2803561682163,839.7328010165292,849.1155149134787,830217.4
2026-01-27,849.1155149134787,857.5584603276145,840.5831076712855,849.0251546127479,556898.95
2026-01-28,849.0251546127479,852.8423643677311,842.1684947537864,845.9719774506447,692527.23
2026-01-29,845.9719774506447,866.0917409262744,830.5658942817404,850.6013517433711,574471.71
2026-01-30,850.6013517433711,890.2492203940126,836.1825543991945,875.4098861794135,611226.36
2026-01-31,875.4098861794135,890.3520052926413,854.2507141337917,869.0848734267859,545504.42
2026-02-01,869.0848734267859,873.7551332198933,852.8365046251052,857.4442102039154,966403.96
2026-02-02,857.4442102039154,866.942257856018,846.9462876914029,856.433135506193,596143.39
2026-02-03,856.433135506193,887.4609206028883,840.1110551352216,870.8638173044357,665766.07
2026-02-04,870.8638173044357,887.1487011944474,849.7041666894075,865.8961568664997,621384.52
2026-02-05,865.8961568664997,872.3486956044994,863.5590438039486,870.0005046260965,766676.78
2026-02-06,870.0005046260965,879.6927105624795,868.1529171904382,877.8284991085875,1320656.91
2026-02-07,877.8284991085875,921.4035761366056,867.9946973155332,911.195977898024,1422002.26
2026-02-08,911.195977898024,931.3333462105653,905.8958962323039,925.9474607597605,670878.65
2026-02-09,925.9474607597605,931.3052444376641,906.92949728926,912.2077794366207,786665.87
2026-02-10,912.2077794366207,921.6666728113983,869.3279429264569,878.4366557111688,901465.24
2026-02-11,878.4366557111688,883.339866996449,875.9348837450782,880.8312751966695,970281.93
2026-02-12,880.8312751966695,893.2076978727076,858.0483020744384,870.2764201304404,831081.1
2026-02-13,870.2764201304404,877.5131867153649,855.9350083387227,863.1122009992985,934811.12
2026-02-14,863.1122009992985,865.972267279909,845.6846565977528,848.4962906207894,786030.43
2026-02-15,848.4962906207894,863.1645381162737,826.6857082020427,841.22831164272,605788.11
2026-02-16,841.22831164272,850.8521268089573,824.1969776277502,833.7350686396056,933360.4
2026-02-17,833.7350686396056,849.1348322139081,816.8034699478821,832.1744068315884,734089.08
2026-02-18,832.1744068315884,833.9045181305212,820.9523395556753,822.6626757289639,771000.25
2026-02-19,822.6626757289639,832.9670853471127,802.4579439640121,812.63677232201,505410.66
2026-02-20,812.63677232201,828.7889659082069,804.1399888216067,820.2129670820572,585153.31
2026-02-21,820.2129670820572,835.7607679431404,804.7326321567219,820.2791832826704,644253.08
2026-02-22,820.2791832826704,824.6966759935995,816.0282918744979,820.4449256670341,809218.61
2026-02-23,820.4449256670341,830.1454068873416,810.1542049506918,819.8476240108006,1111189.66
2026-02-24,819.8476240108006,824.0293852211495,803.2528011773277,807.3709230201799,861797.91
2026-02-25,807.3709230201799,842.2175616010893,793.2716792573195,827.76222142863,677622.15
2026-02-26,827.76222142863,864.3279867006116,821.1157268891675,857.4431697829873,554011.12
2026-02-27,857.4431697829873,884.9447261104713,848.7800260767202,876.0931530241226,968799.67
2026-02-28,876.0931530241226,888.6892204288711,837.6848711040973,849.9044086984793,768061.95
2026-03-01,849.9044086984793,855.7468423732013,834.5748229210093,840.3515883645321,318633.44
2026-03-02,840.3515883645321,854.3482918035642,836.8445844495049,850.7976935972248,920312.47
2026-03-03,850.7976935972248,859.3349413303657,831.5217377333536,839.9501366987574,778641.8
2026-03-04,839.9501366987574,847.2015508590647,822.7787254940382,829.9437530596612,414358.39
2026-03-05,829.9437530596612,836.9009599871722,803.8218772651815,810.6170735648986,828488.85
2026-03-06,810.6170735648986,812.3501894604599,803.9379069508115,805.6604254312068,724296.15
2026-03-07,805.6604254312068,818.5730567407508,781.6751184436235,794.4073930499374,510317.01
2026-03-08,794.4073930499374,806.574916717537,750.6853846422957,762.3620870734419,1180504.7
2026-03-09,762.3620870734419,789.1856978791095,751.17600188591,777.7734823742173,791257.45
2026-03-10,777.7734823742173,790.8553110493023,770.4614145752896,783.4895053071646,628141.68
2026-03-11,783.4895053071646,792.0449040994384,757.3553532019722,765.7166796936483,582863.26
2026-03-12,765.7166796936483,788.2221380289711,755.0367692256864,777.3795583864426,675744.77
2026-03-13,777.3795583864426,794.1408275711574,762.4558520298137,779.1825091546285,681277.53
2026-03-14,779.1825091546285,800.6737010908204,773.6622678637406,795.0411070636169,818657.29
2026-03-15,795.0411070636169,817.7355081225253,782.7532844416555,805.2892938150529,667610.89
2026-03-16,805.2892938150529,815.8137248092777,784.2900881211018,794.6758101101044,639142.92
2026-03-17,794.6758101101044,814.8056819078158,784.0063867432013,804.0109240565782,737333.13
2026-03-18,804.0109240565782,817.0508882125297,801.0476728598843,814.0506348010798,635428.58
2026-03-19,814.0506348010798,842.1908681951837,801.2295746121468,829.1322765453261,688436.09
2026-03-20,829.1322765453261,851.571388846601,821.343412777901,843.6461815403493,1001033.22
2026-03-21,843.6461815403493,881.5277334805357,836.9549041548021,874.5910208544427,627915.24
2026-03-22,874.5910208544427,897.9119550207098,866.0338848259031,889.2117673105492,678238.8
2026-03-23,889.2117673105492,904.9459988408862,861.828408946689,877.3528010121092,578351.87
2026-03-24,877.3528010121092,892.2610004807293,865.2839732250501,880.1536444110889,922766.32
2026-03-25,880.1536444110889,882.0621436334599,862.5820389806004,864.4565009797861,458836.16
2026-03-26,864.4565009797861,888.307008687655,859.0786017319191,882.8148993934651,568754.91
2026-03-27,882.8148993934651,895.6197653182231,857.3438033859389,869.962246888262,836752.35
2026-03-28,869.962246888262,920.3168534895698,854.5111418047384,904.2566569929415,674170.54
2026-03-29,904.2566569929415,914.8232576732197,889.2983817910434,899.8130572309545,872865.7
2026-03-30,899.8130572309545,911.204606164229,887.8584008095085,899.2427294465087,667003.23
2026-03-31,899.2427294465087,905.5909487742553,885.8668960114293,892.165151054259,591728.37
2026-04-01,892.165151054259,896.199146687182,877.3105148525626,881.2953618698409,678918.14
2026-04-02,881.2953618698409,889.9992143201015,864.7424045109844,873.3679643692893,506822.91
2026-04-03,873.3679643692893,887.2300336846438,863.1595116708528,876.9793687092706,569433.2
2026-04-04,876.9793687092706,888.0274124217168,866.3127483109164,877.3562085545558,879380.88
2026-04-05,877.3562085545558,882.1158047290411,866.2927477777464,871.0179593930665,656149.25
2026-04-06,871.0179593930665,878.7175947601205,868.0670397758719,875.750641301448,694729.38
2026-04-07,875.750641301448,882.7932483975816,860.708150948477,867.6859030733493,722150.85
2026-04-08,867.6859030733493,881.9946162522615,853.4112931098513,867.719454325165,472942.13
2026-04-09,867.719454325165,900.8881436289275,861.7228471239431,894.7050452890129,474089.81
2026-04-10,894.7050452890129,907.5052944741118,873.327054324638,886.0028034132353,770067.2
2026-04-11,886.0028034132353,891.9161046020556,875.5988818112054,881.4820106244198,631741.14
2026-04-12,881.4820106244198,886.9722510942686,858.7983350575312,864.180816417761,662514.04
2026-04-13,864.180816417761,869.1931162365028,854.2686221847928,859.2523365288462,816398.31
2026-04-14,859.2523365288462,873.3405019710029,850.9048269642119,864.9377593630934,554140.68
2026-04-15,864.9377593630934,870.8510869836326,851.3229825821245,857.1832951889392,607523.27
2026-04-16,857.1832951889392,864.4900889138653,833.4926908979231,840.6586251873565,640934.19
2026-04-17,840.6586251873565,856.5032113673286,830.2516346632236,846.0297289001309,761452.34
2026-04-18,846.0297289001309,867.4698716804527,831.6704284045425,852.9923968025156,639838.81
2026-04-19,852.9923968025156,875.8084132264997,839.5236439457274,862.1943613185961,597568.87
2026-04-20,862.1943613185961,870.7055332997422,835.7101511780497,844.0421330091391,1068991.37
2026-04-21,844.0421330091391,870.8035912123313,837.7595049947672,864.3696552763944,707024.54
2026-04-22,864.3696552763944,876.3157861449045,845.3757602532332,857.2231215424073,824491.88
2026-04-23,857.2231215424073,865.6228824902565,834.280700638954,842.5365507652546,445300.53
2026-04-24,842.5365507652546,871.0931457441243,829.3667732297487,857.6865568680842,507272.02
2026-04-25,857.6865568680842,893.1414389090093,842.7044137332568,877.8078158773413,810382.14
2026-04-26,877.8078158773413,884.0922563810599,866.8974908632096,873.1485747217662,659082.13
2026-04-27,873.1485747217662,880.9457887294706,853.1000652487256,860.7868894460574,635555.82
2026-04-28,860.7868894460574,869.6829407568093,858.6175463409566,867.4966877117654,551957.96
2026-04-29,867.4966877117654,875.9370858355027,839.6151988105978,847.8645843684416,893055.47
2026-04-30,847.8645843684416,894.9425959848994,839.4800058223722,886.1791229033989,824421.19
