Date,Open,High,Low,Close,Volume
2020-01-01,72.0,73.3059798296713,70.69402017032871,72.0,941436.36
2020-01-02,72.0,72.33322503936608,67.84341851357419,68.15886630395312,1039293.74
2020-01-03,68.15886630395312,68.80282691196554,67.94974172767347,68.59237225563358,1036373.17
2020-01-04,68.59237225563358,69.33332002560307,68.06720342722922,68.8065116658705,1160819.53
2020-01-05,68.8065116658705,69.88576937834341,67.7019701312058,68.78082493704203,1097714.38
2020-01-06,68.78082493704203,70.39016354431725,67.78380586840757,69.38439536248187,1141964.94
2020-01-07,69.38439536248187,71.02541547821075,68.01287436471367,69.64867055404632,1479669.33
2020-01-08,69.64867055404632,70.92322300931457,69.05863457848832,70.32743679476661,747043.87
2020-01-09,70.32743679476661,70.81728509116701,69.58191845693041,70.06997345638383,940680.43
2020-01-10,70.06997345638383,72.20835868575409,69.45281556093677,71.57791920083034,1418788.84
2020-01-11,71.57791920083034,73.54276151047013,70.42690240387844,72.3788650140968,1377837.99
2020-01-12,72.3788650140968,73.37191192753444,71.95491311384357,72.9446460221027,920982.73
2020-01-13,72.9446460221027,74.86433170882668,71.55436018793615,73.46414451204043,1380225.71
2020-01-14,73.46414451204043,75.52285557614252,72.63944425479515,74.68445623617467,1672029.73
2020-01-15,74.68445623617467,76.99948115389572,73.48228967675936,75.77968512232266,1185381.81
2020-01-16,75.77968512232266,77.05965802288328,74.38994855942656,75.66803562030987,932702.77
2020-01-17,75.66803562030987,77.55856539383979,74.86454156069264,76.7436497405605,1493407.05
2020-01-18,76.7436497405605,78.12248286989848,75.56604262126412,76.94183466538914,1846114.05
2020-01-19,76.94183466538914,79.74132451955221,76.2828664892967,79.06417952550898,961545.38
2020-01-20,79.06417952550898,81.64277269212637,77.75197472060826,80.30989314666648,1211833.59
2020-01-21,80.30989314666648,81.66152905949491,78.27257205484165,79.6124701615774,1575953.47
2020-01-22,79.6124701615774,83.29151499805513,78.64185843095791,82.28828057688551,1235111.48
2020-01-23,82.28828057688551,82.7759752942756,79.41575358666961,79.88922994499664,775302.09
2020-01-24,79.88922994499664,82.19091409102514,78.33426460298757,80.62169209319934,1340678.71
2020-01-25,80.62169209319934,82.15718362859683,78.32117817848463,79.84181648563816,939525.23
2020-01-26,79.84181648563816,83.08278171563727,78.79135608552892,82.00387560144215,873402.22
2020-01-27,82.00387560144215,83.92946356322159,80.38759085673522,82.30720033115976,779100.34
2020-01-28,82.30720033115976,83.21672233069317,80.49924411235894,81.39872718075443,1615950.58
2020-01-29,81.39872718075443,82.11167573863027,80.39206099499144,81.10241423107948,973988.02
2020-01-30,81.10241423107948,81.93688137365466,79.47162932113552,80.29781792867873,1304285.79
2020-01-31,80.29781792867873,80.52476576551844,79.73511329742304,79.9611094863275,1386884.92
2020-02-01,79.9611094863275,80.91138276534231,78.65409786226554,79.60008060427086,1249541.03
2020-02-02,79.60008060427086,80.7138595729396,77.66679004729102,78.7689395372785,1292352.57
2020-02-03,78.7689395372785,79.39363669201973,78.4561197588035,79.07958323573331,1319936.43
2020-02-04,79.07958323573331,80.05245155067438,78.55759817923747,79.52750983982885,1242152.77
2020-02-05,79.52750983982885,80.71893643457331,77.25003732894547,78.42494606966915,992311.39
2020-02-06,78.42494606966915,79.70206676671432,75.36984888503063,76.61753659987316,970433.18
2020-02-07,76.61753659987316,78.48386555769403,75.1046768414298,76.9641614806178,1168915.24
2020-02-08,76.9641614806178,78.06276227753334,76.45942848192753,77.55416005266348,1162741.46
2020-02-09,77.55416005266348,79.71168392691519,76.22442336627628,78.36799332803473,1335961.81
2020-02-10,78.36799332803473,79.39292481404762,77.96848478898622,78.99024413164169,1580488.65
2020-02-11,78.99024413164169,81.12704272690812,78.64617754810467,80.77520120749641,1307736.65
2020-02-12,80.77520120749641,83.17050168458348,79.55342261724904,81.9312372805895,979807.29
2020-02-13,81.9312372805895,85.95706664616259,81.10981905492305,85.10384084046447,695609.11
2020-02-14,85.10384084046447,90.37526079454946,83.71744625601265,88.92659122487582,990136.22
2020-02-15,88.92659122487582,89.55673984021193,86.13991084249209,86.75466885468757,857442.61
2020-02-16,86.75466885468757,87.26109834817031,83.62127845732229,84.11228305065859,999728.54
2020-02-17,84.11228305065859,85.11266508222181,83.11316560954805,84.11353279616253,1274929.4
2020-02-18,84.11353279616253,85.0704830831756,83.77072064549667,84.72517811784365,1225586.11
2020-02-19,84.72517811784365,85.31973585658085,84.05047152330039,84.64446284374354,1909546.85
2020-02-20,84.64446284374354,85.92734966619581,84.22189515234261,85.50050836765485,1354038.96
2020-02-21,85.50050836765485,86.1640650981364,84.5236461980873,85.18475239340948,1934044.44
2020-02-22,85.18475239340948,86.52888061707421,83.03230581531845,84.36347512408184,1434916.14
2020-02-23,84.36347512408184,84.71555445123624,83.37924297931423,83.72867304756069,1574201.63
2020-02-24,83.72867304756069,84.81828790191857,82.41544631819764,83.50211279891788,1097018.44
2020-02-25,83.50211279891788,85.57217164782422,82.45618293050758,84.51357244898341,917313.71
2020-02-26,84.51357244898341,85.50122774835401,82.96322582145486,83.94422755638546,1072595.68
2020-02-27,83.94422755638546,84.84381224985138,82.71606251928083,83.61208785193162,1196444.42
2020-02-28,83.61208785193162,85.4745838732821,82.44574179536889,84.29866047813486,1025604.13
2020-02-29,84.29866047813486,85.75977474933774,82.61499907854846,84.07218799464141,934294.06
2020-03-01,84.07218799464141,85.83969879379273,83.65883367366904,85.4197191211189,1331799.43
2020-03-02,85.4197191211189,86.84233019928548,82.92253122143228,84.32694280527993,933300.79
2020-03-03,84.32694280527993,84.58890964749182,82.73557997443096,82.99340409650046,817870.37
2020-03-04,82.99340409650046,84.25157257746903,82.10718060107668,83.36141932705398,906467.62
2020-03-05,83.36141932705398,84.78872358287902,82.42723963675023,83.84907899334839,1131713.31
2020-03-06,83.84907899334839,84.31499017138876,82.37992561377563,82.8402310830354,936685.01
2020-03-07,82.8402310830354,84.74349864029354,82.54083688701529,84.43832873414851,1133487.41
2020-03-08,84.43832873414851,87.06784262073764,84.15559564038685,86.77727779564941,1394355.96
2020-03-09,86.77727779564941,87.00899150078443,85.79126777325914,86.02096195496419,1385321.61
2020-03-10,86.02096195496419,88.94150136097103,84.96078160435758,87.858671834396,1017262.38
2020-03-11,87.858671834396,88.28026544823615,84.55256311162809,84.96024851657451,866178.87
2020-03-12,84.96024851657451,87.70088705277966,83.55358840275552,86.27250039728838,1039163.11
2020-03-13,86.27250039728838,87.8410335797679,83.6933453273724,85.24316399130565,1413731.64
2020-03-14,85.24316399130565,87.0653190327898,84.62401332178102,86.43749353350682,1498733.79
2020-03-15,86.43749353350682,86.86625770817358,84.85831042817888,85.2813396219082,1310677.31
2020-03-16,85.2813396219082,86.08068279175463,84.41033701755902,85.20900216744936,1620412.21
2020-03-17,85.20900216744936,86.73153908124051,82.74368185916987,84.24906638738152,1848957.72
2020-03-18,84.24906638738152,85.02388359272103,83.23224633996182,84.0048172481783,1063446.0
2020-03-19,84.0048172481783,86.55647016132738,83.6729937402185,86.21591270838591,1740134.43
2020-03-20,86.21591270838591,87.9164375837849,84.39663341116169,86.09476884182693,1124326.49
2020-03-21,86.09476884182693,89.68700201550293,85.14822930871331,88.71169161864594,1548495.37
2020-03-22,88.71169161864594,89.43581734456681,87.519563194469,88.23983732169897,1432562.32
2020-03-23,88.23983732169897,91.7606643821389,86.64400449083904,90.13063612550252,732023.22
2020-03-24,90.13063612550252,91.8154718010132,86.44723625696675,88.09400056860176,942485.05
2020-03-25,88.09400056860176,89.05796744293072,86.78830558414914,87.7484917348376,884263.29
2020-03-26,87.7484917348376,88.40843893533022,86.44152070247371,87.09656482910309,768595.7
2020-03-27,87.09656482910309,89.97204419844408,86.16572823986904,89.02064418664449,1495036.02
2020-03-28,89.02064418664449,89.7955208218415,88.49123172834106,89.26465719981823,2012775.31
2020-03-29,89.26465719981823,90.21160219192129,85.75979195022654,86.6793108494488,1125135.45
2020-03-30,86.6793108494488,87.21063421344147,84.57769511291184,85.09933359568807,1485662.38
2020-03-31,85.09933359568807,86.22261498880465,82.79267455953696,83.90012684360893,1739291.57
2020-04-01,83.90012684360893,86.35815407155326,82.58474021370273,85.02512964185941,1264155.72
2020-04-02,85.02512964185941,87.68105605237878,83.37141636179778,86.00822192220633,1192430.06
2020-04-03,86.00822192220633,87.48466214841326,84.18371674552333,85.65407763584138,1128511.58
2020-04-04,85.65407763584138,85.95818620342887,84.70101769786359,85.00281400132448,1372606.21
2020-04-05,85.00281400132448,86.37675573759365,84.50916765294913,85.87802666881154,1493309.91
2020-04-06,85.87802666881154,86.87167437805812,83.55010184739355,84.52813064757513,1346855.73
2020-04-07,84.52813064757513,85.65147068960627,83.96714805249194,85.0867805374934,1335341.85
2020-04-08,85.0867805374934,85.7393273295981,84.8946057704139,85.54611512149505,1184737.03
2020-04-09,85.54611512149505,86.87945715462556,83.8966179042677,85.22495424787523,805802.12
2020-04-10,85.22495424787523,86.43893733863884,84.5056644857787,85.71550735923296,1501929.56
2020-04-11,85.71550735923296,86.12335599307336,85.44209198383855,85.8495131658787,870371.87
2020-04-12,85.8495131658787,87.43032918697503,84.89151368403525,86.4654563608358,1400974.36
2020-04-13,86.4654563608358,88.15929362571636,83.19822326932959,84.86062222370049,1449553.7
2020-04-14,84.86062222370049,86.82785939887809,83.65443919851418,85.61101058222533,902319.63
2020-04-15,85.61101058222533,87.29451530581531,85.19513026784436,86.87250690715366,1030837.27
2020-04-16,86.87250690715366,88.26036842366128,85.89455525020142,87.27785364850902,2039470.46
2020-04-17,87.27785364850902,89.63801703378739,85.68669073311618,88.03308548364522,1176390.67
2020-04-18,88.03308548364522,88.29510592726781,87.64528156520221,87.90692651102428,884500.8
2020-04-19,87.90692651102428,90.23222536304972,86.72175850501478,89.0318905051586,1466005.52
2020-04-20,89.0318905051586,90.46000515915918,87.69793336283925,89.12465808813911,989211.37
2020-04-21,89.12465808813911,90.43231384016158,86.41413200912706,87.70089805410387,742442.8
2020-04-22,87.70089805410387,89.15132061220878,87.28843480777634,88.73399862413116,1366515.33
2020-04-23,88.73399862413116,90.36058275710809,85.12892210320908,86.71856122588756,954246.84
2020-04-24,86.71856122588756,87.75547428759678,86.0420797900857,87.07620293034886,1300330.73
2020-04-25,87.07620293034886,87.33145431692834,86.361094235467,86.61499365327069,979364.93
2020-04-26,86.61499365327069,86.91797089339369,85.77735385398867,86.07845429186207,1432072.37
2020-04-27,86.07845429186207,87.18161157079959,85.19732141588212,86.2982289946188,1256331.72
2020-04-28,86.2982289946188,86.53293222008749,85.21530325551134,85.44769329943087,628147.3
2020-04-29,85.44769329943087,87.45874917665243,84.0778005527489,86.07873953128706,1320254.73
2020-04-30,86.07873953128706,87.67321555036328,84.56506012331576,86.15813990093702,1116153.86
2020-05-01,86.15813990093702,86.35119592265819,85.22856555397506,85.41996754022766,1710012.99
2020-05-02,85.41996754022766,88.50466322049901,84.00368371624273,87.0611678957102,1324617.21
2020-05-03,87.0611678957102,89.04085121564252,85.34939589927963,87.32391319562802,1449706.35
2020-05-04,87.32391319562802,88.34077773244492,87.1015317692792,88.1163781934155,1004697.35
2020-05-05,88.1163781934155,91.26203648210048,86.79027865474333,89.90895964941589,984919.49
2020-05-06,89.90895964941589,93.54957425502943,88.1122465642185,91.71673513868525,1192329.82
2020-05-07,91.71673513868525,93.99427776869719,90.21733761184946,92.48236364403805,1096548.51
2020-05-08,92.48236364403805,93.50858735357174,91.0766561137267,92.09862165869599,1676693.7
2020-05-09,92.09862165869599,93.74965647253133,88.64898967512754,90.26719280547762,1154874.63
2020-05-10,90.26719280547762,91.87689714678183,88.93640311141199,90.54205521566969,883482.42
2020-05-11,90.54205521566969,92.63256771311615,89.88434598252817,91.96452547152987,975725.8
2020-05-12,91.96452547152987,92.99531931517191,91.40926609895978,92.43720601279117,1527426.55
2020-05-13,92.43720601279117,93.47488751396124,87.0671093787605,88.05560389495685,1150857.39
2020-05-14,88.05560389495685,89.93255332898939,87.28830238205019,89.15566606199414,1135580.09
2020-05-15,89.15566606199414,91.06437905911267,88.44862384287146,90.34788206180912,1564190.52
2020-05-16,90.34788206180912,90.81793017236791,89.5067155366302,89.97482275139838,954689.39
2020-05-17,89.97482275139838,92.82219795986285,88.42589285632258,91.25129343301252,686277.98
2020-05-18,91.25129343301252,93.42832582824731,89.91078811483476,92.07570962108457,969577.27
2020-05-19,92.07570962108457,92.80898091009426,90.47258982102238,91.19887821193358,1274869.51
2020-05-20,91.19887821193358,93.44629524785073,90.62633097339719,92.86329876465359,1127433.35
2020-05-21,92.86329876465359,93.2632129295613,90.8327124499001,91.22557378093344,812380.99
2020-05-22,91.22557378093344,91.59277798775524,90.79572687455425,91.16267791083256,1547029.19
2020-05-23,91.16267791083256,92.37136806075978,89.76532643555542,90.97148158852143,1250065.3
2020-05-24,90.97148158852143,91.33161123009701,89.57115681934647,89.92715226481504,1322567.91
2020-05-25,89.92715226481504,92.06665626126915,88.19301259711187,90.32484750722061,1332722.87
2020-05-26,90.32484750722061,92.67052833791125,89.69036677343976,92.02411124186686,867352.77
2020-05-27,92.02411124186686,93.90325373059957,91.79731897088938,93.67239927438527,1294392.26
2020-05-28,93.67239927438527,96.29307441036823,92.0428803025809,94.64660816401503,1505590.23
2020-05-29,94.64660816401503,95.46213758432239,91.61984649437296,92.41615706972395,1595838.2
2020-05-30,92.41615706972395,93.17150998425367,89.95719028988137,90.69850416438457,1437114.65
2020-05-31,90.69850416438457,91.2985769285874,90.32345033906923,90.9225964433758,1364248.83
2020-06-01,90.9225964433758,92.1852928253339,89.62722410508647,90.88946030571704,777218.5
2020-06-02,90.88946030571704,91.65822887261905,89.49922984273017,90.2626970702614,1195527.96
2020-06-03,90.2626970702614,94.29654775711386,88.74502896969113,92.73727239077053,944762.19
2020-06-04,92.73727239077053,94.12734822019519,91.49912506081863,92.88719919802925,1653449.2
2020-06-05,92.88719919802925,95.28305269892537,91.23023810813355,93.6131419358725,1591881.15
2020-06-06,93.6131419358725,96.1943968641766,92.37687734316378,94.94060170390516,946191.17
2020-06-07,94.94060170390516,96.54868557294223,93.4189879080591,95.02570778130142,1186285.52
2020-06-08,95.02570778130142,100.0147696923335,93.64425187191887,98.58161898726446,1276917.43
2020-06-09,98.58161898726446,99.59963820798076,96.28706837618203,97.29176773688549,1503084.56
2020-06-10,97.29176773688549,98.69239285365992,95.08466052277942,96.47350583329765,789320.36
2020-06-11,96.47350583329765,97.81883912882509,93.88025136370362,95.20793615552412,690676.3
2020-06-12,95.20793615552412,97.5519659187507,95.0060320024902,97.34552864779498,1211499.3
2020-06-13,97.34552864779498,99.90221243777962,95.92667055987975,98.46700824320209,637288.61
2020-06-14,98.46700824320209,99.12859537257492,97.06774372991725,97.72434097368591,1248527.25
2020-06-15,97.72434097368591,98.87287666331349,95.41529359976813,96.55002780895538,1391487.75
2020-06-16,96.55002780895538,98.86432843924409,96.16344313978956,98.47005600981903,1634507.5
2020-06-17,98.47005600981903,99.22548080270383,98.23230941145174,98.98648732996041,1027038.58
2020-06-18,98.98648732996041,101.22086355750429,98.76157471179987,100.99139547775646,1249341.94
2020-06-19,100.99139547775646,101.48095139081836,100.42842543813676,100.9176237426224,1412270.96
2020-06-20,100.9176237426224,101.90168002958227,100.6796534141843,101.6619545206994,894394.39
2020-06-21,101.6619545206994,102.55394774566194,101.21635456126813,102.10639971468963,1508564.45
2020-06-22,102.10639971468963,103.3383261799754,100.00058141838846,101.22183550601765,1285190.73
2020-06-23,101.22183550601765,102.15357348989986,100.09794604122014,101.02789885550085,1031444.22
2020-06-24,101.02789885550085,103.01344725158444,97.41008556610275,99.36291118323501,1243172.65
2020-06-25,99.36291118323501,101.72795110311806,97.71780929487294,100.07112369537248,1158919.3
2020-06-26,100.07112369537248,101.63520843485846,99.60659718368929,101.16560139754182,1458400.15
2020-06-27,101.16560139754182,103.57840412106823,100.20430470112585,102.6034447366168,1096591.28
2020-06-28,102.6034447366168,104.59763159955448,101.60229425759451,103.58688522520175,1270098.15
2020-06-29,103.58688522520175,104.4692488816004,102.53083013675932,103.41170156083243,1027458.89
2020-06-30,103.41170156083243,106.872014948989,102.28238207278605,105.71751456246375,949196.77
2020-07-01,105.71751456246375,108.57707011738873,104.23136503710204,107.07188125474008,1252579.16
2020-07-02,107.07188125474008,110.685017617588,105.6225546766457,109.20679284444391,958994.1
2020-07-03,109.20679284444391,112.42263343714889,108.28642147879079,111.48307802946155,1465895.96
2020-07-04,111.48307802946155,113.12085599747682,109.66357800269584,111.29864652038454,1391496.37
2020-07-05,111.29864652038454,112.73083230358506,110.496101232288,111.92377934697592,991082.94
2020-07-06,111.92377934697592,115.09740950608891,110.01677485260561,113.1691852611921,1265878.9
2020-07-07,113.1691852611921,115.35999320336198,109.20365291153503,111.35942627831272,989947.45
2020-07-08,111.35942627831272,112.17293581623647,108.81219324691747,109.61294428014337,803517.23
2020-07-09,109.61294428014337,111.38038657572132,105.89589927695357,107.63139021413828,1033566.32
2020-07-10,107.63139021413828,109.42255569646125,105.69126390293226,107.47990847701273,1184999.5
2020-07-11,107.47990847701273,108.64431794038659,105.82849466656639,106.9875702653984,1367075.43
2020-07-12,106.9875702653984,107.37052709600863,104.47591499927626,104.85122488497555,1245692.42
2020-07-13,104.85122488497555,106.78257753343071,103.15774402033828,105.08531580224266,1505673.36
2020-07-14,105.08531580224266,106.06624606209685,103.97620644697105,104.95592893106516,938971.66
2020-07-15,104.95592893106516,107.3502270826431,104.35292742112819,106.73699285648647,1092148.61
2020-07-16,106.73699285648647,111.28870078508184,105.3195571656391,109.83018837278821,1810156.37
2020-07-17,109.83018837278821,111.64476072651425,108.74672609586761,110.55415658577569,740486.07
2020-07-18,110.55415658577569,110.94953186661904,109.09259459480894,109.48414318235601,1071793.04
2020-07-19,109.48414318235601,112.68015639993978,107.32663296518666,110.50257678424643,918005.47
2020-07-20,110.50257678424643,111.23811944767857,109.79492782282698,110.53029299404447,1142789.22
2020-07-21,110.53029299404447,111.76794169128647,108.93537892631362,110.16898188906725,1076494.24
2020-07-22,110.16898188906725,111.71258028443117,107.32352791174365,108.84862655941808,1394952.57
2020-07-23,108.84862655941808,109.29181555897202,107.70941512013613,108.14975860293671,1279157.58
2020-07-24,108.14975860293671,109.80546453701567,106.2394844818009,107.89123254173221,865816.02
2020-07-25,107.89123254173221,110.6291255287005,106.4164458205499,109.13730598177598,1035910.8
2020-07-26,109.13730598177598,111.13846355088671,107.94906787122272,109.94147006197196,1199964.89
2020-07-27,109.94147006197196,114.12695960046831,108.6760503545341,112.82831251009601,1443638.67
2020-07-28,112.82831251009601,116.1080520283156,110.6635534737716,113.92230334417113,2204632.06
2020-07-29,113.92230334417113,116.72973497434562,111.8265703022905,114.62114591202362,1430494.95
2020-07-30,114.62114591202362,115.08143002814063,113.68142889403148,114.13977998909377,931645.01
2020-07-31,114.13977998909377,115.12566655680845,111.52025197410528,112.49190496036172,1172174.12
2020-08-01,112.49190496036172,113.76327562048189,110.34152763752363,111.60285030346662,1255539.81
2020-08-02,111.60285030346662,113.67415068310723,108.46651609536488,110.5176761138515,1053874.99
2020-08-03,110.5176761138515,112.36311573435812,104.82201173191869,106.60206797989274,1349704.94
2020-08-04,106.60206797989274,107.55686951265047,104.16443445211756,105.10583468913637,680095.05
2020-08-05,105.10583468913637,109.45601801279933,103.21899710089299,107.52573882030872,1377966.64
2020-08-06,107.52573882030872,109.05224439046171,106.57877680808004,108.10022298790189,1065266.18
2020-08-07,108.10022298790189,108.84411173687509,106.79932861384587,107.53935778415006,1167535.65
2020-08-08,107.53935778415006,109.56328010760961,106.1437047637905,108.15957782977078,1731091.77
2020-08-09,108.15957782977078,109.06879228932391,104.34251248985362,105.22707565701415,875414.55
2020-08-10,105.22707565701415,107.05509600771248,103.83772721254563,105.66003110693164,1284669.36
2020-08-11,105.66003110693164,108.60644355697563,104.6695408666785,107.59778817477083,1463457.74
2020-08-12,107.59778817477083,109.35419773890904,105.67297625733464,107.42659122915141,1252204.59
2020-08-13,107.42659122915141,109.48677515876811,102.77279088900129,104.78226295526878,801535.1
2020-08-14,104.78226295526878,105.50165241545443,103.4682282512012,104.1835069127261,1681894.29
2020-08-15,104.1835069127261,107.28302062797067,103.01871639442702,106.09683871284517,1138239.81
2020-08-16,106.09683871284517,108.09975326245242,104.50116519297974,106.49804567657915,1051729.91
2020-08-17,106.49804567657915,107.01491729708796,103.89041061377648,104.39708555267515,1110378.38
2020-08-18,104.39708555267515,109.72485727057479,102.69266630138061,107.9622323254994,1090662.12
2020-08-19,107.9622323254994,109.31105796867388,104.75341965136224,106.07871356169557,891167.07
2020-08-20,106.07871356169557,106.57678806742263,105.2313446370906,105.72777135353932,1250519.67
2020-08-21,105.72777135353932,107.59155452249442,102.364579641184,104.2014567336883,1033564.29
2020-08-22,104.2014567336883,105.21019171814407,101.70499302816009,102.69918508766062,1419129.46
2020-08-23,102.69918508766062,103.23107938998513,101.52863626706781,102.05720566279247,1365772.81
2020-08-24,102.05720566279247,103.55937706075626,101.4941423265276,102.9911609674046,1801714.86
2020-08-25,102.9911609674046,106.59228265965187,101.32897475640311,104.89930076071644,1138160.4
2020-08-26,104.89930076071644,106.87590683944347,102.37473806975058,104.3408207709662,981679.03
2020-08-27,104.3408207709662,105.25990674471008,101.96796109662648,102.87412770656509,831009.52
2020-08-28,102.87412770656509,103.93886744783042,102.52241080040362,103.58472109014421,2076445.22
2020-08-29,103.58472109014421,104.74150728431341,103.18956449779974,104.3434562573457,1416017.79
2020-08-30,104.3434562573457,106.15399963867652,102.90553945031306,104.71101761081711,1009259.18
2020-08-31,104.71101761081711,106.04427202246858,103.80280337545314,105.13240288892028,1832370.22
2020-09-01,105.13240288892028,106.14907180342522,103.96263782788543,104.97781178973369,1684320.39
2020-09-02,104.97781178973369,105.98418956383178,104.13097123405942,105.13607234356463,855988.94
2020-09-03,105.13607234356463,106.22735262259856,103.79041647788083,104.87902872273763,993971.09
2020-09-04,104.87902872273763,107.93665328955167,103.45436351733618,106.49010342240352,1160951.99
2020-09-05,106.49010342240352,111.2007441284088,105.23985583601632,109.9103412231903,918328.86
2020-09-06,109.9103412231903,110.74910310867078,109.36558758325744,110.20289944905225,1171373.15
2020-09-07,110.20289944905225,111.40079569108586,109.00794783976292,110.2058124950684,1433776.75
2020-09-08,110.2058124950684,111.75660592230608,109.0716806144345,110.61822984031133,851297.47
2020-09-09,110.61822984031133,111.92609909006904,108.31162098436933,109.60754058166606,1291199.58
2020-09-10,109.60754058166606,111.2545275195822,109.16998064197092,110.81215867152223,1607123.69
2020-09-11,110.81215867152223,112.04974215762611,110.28430625963729,111.5185249781642,1326278.12
2020-09-12,111.5185249781642,112.80593890329595,109.59110516074452,110.87104431319163,1177528.17
2020-09-13,110.87104431319163,113.08833345800439,110.09962235002257,112.30692090848459,1015413.7
2020-09-14,112.30692090848459,113.84726631233927,110.81070404863297,112.35046927629188,1477028.09
2020-09-15,112.35046927629188,113.32898848465749,109.86864799732862,110.83395912276887,894126.09
2020-09-16,110.83395912276887,112.0647713744144,110.17192289652827,111.39935789384053,1275093.5
2020-09-17,111.39935789384053,113.33076986165477,109.86036393505135,111.78642848159281,1207679.19
2020-09-18,111.78642848159281,114.35776280331072,110.77025205689444,113.32757681923252,1589984.57
2020-09-19,113.32757681923252,115.23563198893847,112.77940855712558,114.6809175844351,1037313.67
2020-09-20,114.6809175844351,116.57986862568242,112.62144326210094,114.51769151440861,1059595.89
2020-09-21,114.51769151440861,115.63671909512556,112.65805638872146,113.76977559171543,879726.11
2020-09-22,113.76977559171543,115.88792924673474,111.66830379091616,113.78615489938474,1338624.54
2020-09-23,113.78615489938474,115.0125048490598,113.16246832541067,114.3855329540748,1079359.27
2020-09-24,114.3855329540748,117.23128130535504,112.35240969264864,115.18396644417408,967348.03
2020-09-25,115.18396644417408,117.61990209037583,113.2619630709293,115.68946379648794,990661.37
2020-09-26,115.68946379648794,116.1372381115182,115.1076983457001,115.55495203499757,1372450.64
2020-09-27,115.55495203499757,118.5644636544951,114.2179507702258,117.2083323435868,910812.18
2020-09-28,117.2083323435868,118.82185641082229,114.51213777548503,116.11054944333095,931257.05
2020-09-29,116.11054944333095,121.57867706436733,114.84277556679925,120.26553621888544,1501420.88
2020-09-30,120.26553621888544,122.68127374565472,119.18017156289864,121.58401021060875,1151184.5
2020-10-01,121.58401021060875,123.89278822634063,117.40375443207812,119.67630676510812,1523762.84
2020-10-02,119.67630676510812,121.7581526541031,117.92726441201577,120.0043165122032,1096894.06
2020-10-03,120.0043165122032,123.68859616857513,117.67795389823546,121.33641004522377,1199662.28
2020-10-04,121.33641004522377,123.42729672914106,118.67236541593381,120.7532021769527,1247817.94
2020-10-05,120.7532021769527,122.77079077411736,116.26691734899636,118.24255717262172,1697477.16
2020-10-06,118.24255717262172,120.02345340326474,114.77766719520656,116.53281230662463,1663277.02
2020-10-07,116.53281230662463,119.04370319931122,114.94453692292922,117.44302217721373,1601003.81
2020-10-08,117.44302217721373,119.55271197779167,112.5220014279326,114.58026605847243,1025434.92
2020-10-09,114.58026605847243,116.07455037977219,110.80644727307178,112.27061050812158,937643.15
2020-10-10,112.27061050812158,113.51872491347123,111.89392114185641,113.13912152666508,1451386.67
2020-10-11,113.13912152666508,114.55179281562134,111.38889374682766,112.79729696531311,1693015.88
2020-10-12,112.79729696531311,113.23168304761985,111.27672812539544,111.7069151114965,1604843.49
2020-10-13,111.7069151114965,113.83911183471703,108.82425222066772,110.94184574410824,1203921.17
2020-10-14,110.94184574410824,112.4550971318908,107.19025596137227,108.67255411702737,1439468.13
2020-10-15,108.67255411702737,110.7455560092526,107.36830599431838,109.43219100334373,1445808.2
2020-10-16,109.43219100334373,110.04071938502182,107.60312391887993,108.20482719998994,1245525.16
2020-10-17,108.20482719998994,109.4257895755186,106.1895657837069,107.4014631544774,1259122.39
2020-10-18,107.4014631544774,108.82340632266634,106.52447027040166,107.94199965639582,1229823.17
2020-10-19,107.94199965639582,109.47012925898082,106.04128149522458,107.56406063357338,985404.98
2020-10-20,107.56406063357338,108.94941865266652,105.13911611667099,106.51091021516783,1010867.07
2020-10-21,106.51091021516783,107.68120178300185,102.43236949880179,103.57035159760676,1006973.17
2020-10-22,103.57035159760676,104.80390499911539,102.89203435552254,104.12197498897804,804537.55
2020-10-23,104.12197498897804,105.4457810325558,102.92838560366354,104.2507158423874,1243632.51
2020-10-24,104.2507158423874,105.3255974292127,102.43639058132193,103.50356867443992,1187889.51
2020-10-25,103.50356867443992,105.29653882353513,100.24225833061274,102.00934435183886,1451812.23
2020-10-26,102.00934435183886,103.88664492180904,100.16317187834306,102.03991910423852,1644606.06
2020-10-27,102.03991910423852,104.35710182776829,100.44131226525674,102.74741107657421,1670954.71
2020-10-28,102.74741107657421,103.69958974528484,101.95075705008728,102.90173913324448,1710760.35
2020-10-29,102.90173913324448,105.60711466308997,102.62538507141228,105.32425466643986,993075.39
2020-10-30,105.32425466643986,108.37607905310138,103.35932039308548,106.39123906831314,838896.23
2020-10-31,106.39123906831314,108.5037669736982,104.13315036177737,106.24272942697317,1514382.02
2020-11-01,106.24272942697317,107.83007296762578,105.78733338342454,107.36984568257772,1695291.86
2020-11-02,107.36984568257772,108.9975751889081,105.83004523113267,107.45653156752161,1770602.12
2020-11-03,107.45653156752161,108.57603989901547,106.41929260637644,107.53801441348443,1354687.24
2020-11-04,107.53801441348443,110.05134117214247,107.03544977480439,109.53942321504113,728436.79
2020-11-05,109.53942321504113,111.72646801591142,106.01114609874494,108.17086653842694,1314851.75
2020-11-06,108.17086653842694,110.25373927938756,106.13745767576579,108.21941774534275,1378756.18
2020-11-07,108.21941774534275,112.23437483571941,106.08890642152309,110.06748076948531,1641056.62
2020-11-08,110.06748076948531,111.06986044381638,109.56225644015399,110.56236453240223,1715541.42
2020-11-09,110.56236453240223,111.76247935790845,108.80632397348697,110.00033820471745,1506410.86
2020-11-10,110.00033820471745,111.99397717769405,105.44614615445687,107.39252122210576,1036139.55
2020-11-11,107.39252122210576,108.91243168344896,102.54178210621869,104.0138750887956,927782.66
2020-11-12,104.0138750887956,108.17605513745755,102.99216422036116,107.12379603659141,1371372.2
2020-11-13,107.12379603659141,108.82070312558636,105.91324397199945,107.60471642194193,984341.67
2020-11-14,107.60471642194193,107.894692719877,106.44526892377208,106.73289581435162,1735170.77
2020-11-15,106.73289581435162,108.66946555226188,105.34458803853401,107.27411793301039,783630.1
2020-11-16,107.27411793301039,109.14872019596858,104.00972480441796,105.85960868906868,1382707.05
2020-11-17,105.85960868906868,106.07665108627153,105.16178889271781,105.37784353391571,1299793.36
2020-11-18,105.37784353391571,105.89202041088161,103.49078961911559,103.99823488302354,1139545.95
2020-11-19,103.99823488302354,105.17589240354671,100.79933964395373,101.95384687821057,952221.59
2020-11-20,101.95384687821057,103.18721904995385,97.77997798824126,98.97734231913657,716682.38
2020-11-21,98.97734231913657,99.78701085063992,95.98745271668686,96.779139194376,1050708.17
2020-11-22,96.779139194376,98.44359748626272,96.5369183672884,98.19782594070483,1055327.09
2020-11-23,98.19782594070483,99.70858002212755,95.35930921953131,96.8493167545069,1584479.12
2020-11-24,96.8493167545069,98.21779558316325,96.23212974995599,97.59585117445214,986696.93
2020-11-25,97.59585117445214,100.28185546756319,96.26831420442191,98.93608807065621,1343817.19
2020-11-26,98.93608807065621,100.16513127867456,97.74245965256068,98.97108068721079,868716.54
2020-11-27,98.97108068721079,99.93655203978598,97.60459236488003,98.56611322524539,1353080.18
2020-11-28,98.56611322524539,100.01027744667758,97.32169524251033,98.76336906730391,685845.06
2020-11-29,98.76336906730391,100.19649442920182,96.77040563402466,98.19528773968372,2026166.53
2020-11-30,98.19528773968372,101.12092601679183,96.98744664595851,99.89221207878971,1158417.3
2020-12-01,99.89221207878971,103.8237408236394,98.68996357797957,102.58903482651468,596722.19
2020-12-02,102.58903482651468,105.75667818346271,101.57859444399263,104.72519787777253,1002888.35
2020-12-03,104.72519787777253,105.74528638181107,100.61122669185315,101.60088242188768,964067.47
2020-12-04,101.60088242188768,102.7019705784576,99.89291262303787,100.9873517093919,1018536.74
2020-12-05,100.9873517093919,102.02927030276409,99.96360228590403,101.00533853954074,1095445.59
2020-12-06,101.00533853954074,102.68751722505554,100.00513898068967,101.68063062514423,1016806.94
2020-12-07,101.68063062514423,102.26902199349048,98.66610724605401,99.24037769726473,978454.04
2020-12-08,99.24037769726473,100.73365585564666,95.37950451744614,96.83661303038502,898211.98
2020-12-09,96.83661303038502,99.08678970998132,96.41119580222622,98.65339111328822,1473689.19
2020-12-10,98.65339111328822,100.46435046076674,96.0916894862927,97.88860990761201,1620290.51
2020-12-11,97.88860990761201,99.18536301304067,94.59390690972243,95.8638373842036,1126007.4
2020-12-12,95.8638373842036,96.13994558049812,94.11962947233482,94.39149701590235,1194720.65
2020-12-13,94.39149701590235,96.24099882591445,93.08304429345667,94.92514863718442,905506.2
2020-12-14,94.92514863718442,95.73270124460102,93.0409507023323,93.83926542248753,1221496.48
2020-12-15,93.83926542248753,95.93586231951926,92.08111479142056,94.17148725749325,1271010.81
2020-12-16,94.17148725749325,95.94655940547256,91.13807679285964,92.88897439579861,1135952.95
2020-12-17,92.88897439579861,94.48914590103716,89.07668610344653,90.63808213856261,1324904.39
2020-12-18,90.63808213856261,93.62251986492045,89.53036873673615,92.49214741181461,1296280.17
2020-12-19,92.49214741181461,94.75037423663417,90.77686218359763,93.02520337971106,921997.02
2020-12-20,93.02520337971106,94.29932748750396,91.33023092072858,92.5985108135626,1617017.55
2020-12-21,92.5985108135626,94.2423494867032,90.29774364674049,91.929709543717,1139295.39
2020-12-22,91.929709543717,94.32207758451689,91.48100453045987,93.86393171487872,1824333.03
2020-12-23,93.86393171487872,96.39318850686696,92.14854530588777,94.66319535845709,1332992.89
2020-12-24,94.66319535845709,97.55971610343099,93.34655976273439,96.22140790207877,1964140.69
2020-12-25,96.22140790207877,96.93911670744203,94.73043109087331,95.44232879926392,1609846.53
2020-12-26,95.44232879926392,97.42877294136807,93.53723850031744,95.52209054661856,1270129.63
2020-12-27,95.52209054661856,97.4581088284185,94.15001970008154,96.07805219797274,1001546.03
2020-12-28,96.07805219797274,97.84122752028856,93.5956989905834,95.34542959726872,1006953.75
2020-12-29,95.34542959726872,95.54570642661066,95.02812135791115,95.22815184070733,1371054.47
2020-12-30,95.22815184070733,96.36537513116483,93.32920797187519,94.45722478094395,1243715.26
2020-12-31,94.45722478094395,96.41124500823514,93.05684095598794,95.0027731089571,1035687.02
2021-01-01,95.0027731089571,95.21626942125805,93.0466585728695,93.25622994157871,1477847.36
2021-01-02,93.25622994157871,95.50295682443604,91.78967630973725,94.02432409323136,1211687.95
2021-01-03,94.02432409323136,95.74579269615008,92.73373987624669,94.44937421254657,1480047.25
2021-01-04,94.44937421254657,95.10538875310401,93.53541450896398,94.18962491564454,940309.73
2021-01-05,94.18962491564454,96.16643880603691,92.83319927630083,94.80120578506747,1540627.0
2021-01-06,94.80120578506747,95.21418057067531,93.91388144167684,94.32478081592403,1360116.62
2021-01-07,94.32478081592403,95.91251868440051,91.87387583632716,93.44683554210198,1618846.69
2021-01-08,93.44683554210198,95.83570024170587,91.8029139416697,94.17890012301774,1532161.04
2021-01-09,94.17890012301774,95.99467879038873,93.1675520228546,94.97478402351294,1174782.71
2021-01-10,94.97478402351294,96.03222937705563,93.25758217421304,94.30759911836097,1151399.23
2021-01-11,94.30759911836097,95.1787163833884,92.66769319446574,93.53164296923013,1874007.72
2021-01-12,93.53164296923013,94.30010004533462,92.53466300879047,93.30122698446046,1115920.29
2021-01-13,93.30122698446046,94.95379408652308,90.94732357455715,92.5872444981453,1446909.61
2021-01-14,92.5872444981453,95.32424500795567,91.8939773983328,94.61578874258579,1090869.2
2021-01-15,94.61578874258579,95.93060084571096,93.74046967600248,95.0512531670051,753407.36
2021-01-16,95.0512531670051,95.78567695656507,94.34801710387045,95.08221184585129,882926.59
2021-01-17,95.08221184585129,96.39632690272721,92.55122809550289,93.8482893192832,1328169.63
2021-01-18,93.8482893192832,96.42459652115879,92.2851587855146,94.8448670583683,1429899.96
2021-01-19,94.8448670583683,95.31511216635504,93.57357672091423,94.03983042111942,1329263.34
2021-01-20,94.03983042111942,94.65911705588671,92.57375470210049,93.18742795525932,1598089.63
2021-01-21,93.18742795525932,94.58676144170501,92.82642556676284,94.22175214464755,1323310.56
2021-01-22,94.22175214464755,95.21291824312117,93.7616380046206,94.75022341341456,988578.61
2021-01-23,94.75022341341456,95.63366210700124,90.61466546533515,91.46749644188804,1392216.53
2021-01-24,91.46749644188804,92.9278457466015,89.81739888965706,91.27466956417118,1251976.56
2021-01-25,91.27466956417118,92.52206525964048,90.20227226024514,91.44763575469663,1039180.12
2021-01-26,91.44763575469663,91.71822683998867,90.75133220454157,91.02065987974713,1350468.25
2021-01-27,91.02065987974713,92.44710895448455,89.81449400809784,91.2380621631083,1224048.86
2021-01-28,91.2380621631083,92.72665448902754,87.49364109282935,88.9448180516881,1031559.17
2021-01-29,88.9448180516881,89.75265228415913,84.69040457636238,85.46664861165792,1147809.24
2021-01-30,85.46664861165792,86.01450921520549,83.76614493966208,84.30656917085948,1708666.67
2021-01-31,84.30656917085948,85.98699524099412,82.97866659187717,84.65362620856745,1694764.02
2021-02-01,84.65362620856745,84.85936095769151,80.69506900593382,80.89166100474597,1257791.73
2021-02-02,80.89166100474597,82.24098555473539,78.60909143334574,79.94258478608008,1217303.72
2021-02-03,79.94258478608008,81.2597725718293,76.52678145682545,77.80881176335868,838668.35
2021-02-04,77.80881176335868,79.20810572922353,76.15705407432418,77.55172465066094,1844416.26
2021-02-05,77.55172465066094,80.0249519353534,77.27171337445361,79.7370502375048,1554893.46
2021-02-06,79.7370502375048,80.05118652071245,79.18896850256738,79.50217947655352,1448182.68
2021-02-07,79.50217947655352,80.91012736514408,77.98497903972138,79.39095723232425,679525.09
2021-02-08,79.39095723232425,81.19580566509985,78.55300712946558,80.34775680130926,1212339.81
2021-02-09,80.34775680130926,81.10996945971017,79.61963794611638,80.3815444179882,1162461.08
2021-02-10,80.3815444179882,81.37178750588548,79.15989249966148,80.14724923866449,1423367.32
2021-02-11,80.14724923866449,81.46149760038944,79.90243984553726,81.21343155841723,1072040.51
2021-02-12,81.21343155841723,82.87755672082487,80.10999351137616,81.76660279643636,1132461.98
2021-02-13,81.76660279643636,83.67165088969257,80.21209729191884,82.11060538114877,1400983.92
2021-02-14,82.11060538114877,83.27353444431763,80.79870891535495,81.9594978488764,988988.05
2021-02-15,81.9594978488764,82.80873200625874,80.7241739304311,81.56936568185903,1039573.87
2021-02-16,81.56936568185903,84.2380742530676,79.99541480123297,82.64339897867899,1259422.42
2021-02-17,82.64339897867899,83.83290983719296,81.07716418734047,82.26117356251093,1676893.51
2021-02-18,82.26117356251093,83.9683447714024,82.01230983419936,83.71508254990674,1468790.09
2021-02-19,83.71508254990674,84.89218672802082,81.3352178791977,82.49516905176169,1570152.23
2021-02-20,82.49516905176169,84.45271000321046,82.24153554844726,84.19385385011681,1219146.18
2021-02-21,84.19385385011681,85.4058199585404,83.55986252111646,84.76750892770438,1743842.59
2021-02-22,84.76750892770438,85.87646313414999,82.53110378772999,83.6251128225854,776488.03
2021-02-23,83.6251128225854,84.73427284456355,83.13330615070053,84.23885669080143,1989496.04
2021-02-24,84.23885669080143,84.46524064265022,83.25383695441536,83.47817665067546,2054970.11
2021-02-25,83.47817665067546,84.62373468668548,82.38267864788384,83.5275882472895,1345109.8
2021-02-26,83.5275882472895,84.12442887338261,82.37219798473657,82.96501880967884,1477552.82
2021-02-27,82.96501880967884,83.92686181144758,81.8590541878941,82.81920673840591,1188654.02
2021-02-28,82.81920673840591,84.50091019260365,82.2642666705429,83.93847036403507,1138748.06
2021-03-01,83.93847036403507,85.77991080706184,82.73347324965785,84.56590639714922,1030046.52
2021-03-02,84.56590639714922,86.09846261002646,81.73297131172673,83.24152628033536,1185386.11
2021-03-03,83.24152628033536,83.5377134864196,81.71244577707486,82.00423047874878,1378925.99
2021-03-04,82.00423047874878,83.65837373741672,80.67955576097927,82.32846147757944,1332814.03
2021-03-05,82.32846147757944,83.13655058556246,81.93248537144258,82.73860182289839,1971850.27
2021-03-06,82.73860182289839,83.39466732046809,81.31358009738277,81.96349951720096,1230462.6
2021-03-07,81.96349951720096,84.54464475743288,81.27233613363391,83.83767722913777,827053.76
2021-03-08,83.83767722913777,85.30182274117458,83.35866396984721,84.81721282707598,1810130.99
2021-03-09,84.81721282707598,85.10170826054605,83.79866180423572,84.08068676864332,884337.05
2021-03-10,84.08068676864332,85.41191582077307,81.91888430260596,83.23675153353432,1043388.75
2021-03-11,83.23675153353432,84.59228664594127,81.62775785977108,82.97909699177525,1284355.89
2021-03-12,82.97909699177525,84.63394905892316,80.95339253030734,82.60069819045304,1331911.76
2021-03-13,82.60069819045304,85.67301891823024,81.04591545109413,84.09019948007709,836074.11
2021-03-14,84.09019948007709,86.11629798809375,83.26413405558812,85.27855864177533,995712.71
2021-03-15,85.27855864177533,85.70655583048392,84.90324904732799,85.33101537478021,828719.07
2021-03-16,85.33101537478021,86.3516549928241,85.14391857815181,86.16273456857132,1401789.76
2021-03-17,86.16273456857132,88.18956667248963,85.16606301684892,87.18111519061644,1613114.09
2021-03-18,87.18111519061644,88.78959080987116,85.6563004511793,87.26333797781992,884141.68
2021-03-19,87.26333797781992,88.37055473592356,86.6680041595586,87.77175237871386,1539159.59
2021-03-20,87.77175237871386,89.01650387806215,87.28190308915566,88.52246490347488,1514395.34
2021-03-21,88.52246490347488,90.02786220409313,87.64598975362473,89.14522104560785,1017708.83
2021-03-22,89.14522104560785,90.75728671064205,86.58534304275682,88.17995319941768,731013.61
2021-03-23,88.17995319941768,89.07322749806107,86.4649802940981,87.34984549463147,918060.08
2021-03-24,87.34984549463147,88.6608646777865,85.6988519815312,87.00469079568953,1034074.85
2021-03-25,87.00469079568953,87.90305527550163,85.26084357860304,86.15038696835174,1764273.99
2021-03-26,86.15038696835174,86.90103767756112,83.65019958598499,84.38547213359786,1165028.92
2021-03-27,84.38547213359786,86.05226125085325,83.54698289534574,85.20562265503301,932967.01
2021-03-28,85.20562265503301,86.98968405166538,83.85671458469486,85.63399433941022,1245184.48
2021-03-29,85.63399433941022,86.96811279862519,82.72908077733406,84.03834004523361,868041.84
2021-03-30,84.03834004523361,84.85953305669634,82.94419177753487,83.76269124617795,1364661.71
2021-03-31,83.76269124617795,84.33371103267932,82.9851889836121,83.5547914938726,939794.11
2021-04-01,83.5547914938726,84.15727838145432,83.17843675753241,83.77990964840396,974520.84
2021-04-02,83.77990964840396,83.94953501937881,82.35141463344397,82.51848605747061,1318104.3
2021-04-03,82.51848605747061,82.8517482268008,80.63716057808165,80.96414533022462,1858704.94
2021-04-04,80.96414533022462,81.97564701949669,80.56225592879727,81.57074657398599,2078753.52
2021-04-05,81.57074657398599,82.74690539973278,78.6798854212494,79.83095845040334,925293.01
2021-04-06,79.83095845040334,81.1659305182706,78.24764283358091,79.57839135173093,1033726.23
2021-04-07,79.57839135173093,80.79315724581595,78.01264317739945,79.22196826523054,1365068.52
2021-04-08,79.22196826523054,80.41173882173125,77.90565464568131,79.09349577798321,1607240.76
2021-04-09,79.09349577798321,80.96555963496887,77.51971150625965,79.38595605559577,698584.34
2021-04-10,79.38595605559577,82.77903874365488,77.85168279049144,81.20952186114481,1226489.18
2021-04-11,81.20952186114481,81.76493404392988,78.86080515193466,79.40386801755051,1062405.64
2021-04-12,79.40386801755051,80.7740581267988,79.03767218772047,80.40325331835494,741793.97
2021-04-13,80.40325331835494,80.78592201203567,77.23867389071471,77.6080391306467,859013.72
2021-04-14,77.6080391306467,80.5957222620414,76.20171005655328,79.1612476210372,1041204.21
2021-04-15,79.1612476210372,79.46540439141597,76.62212033910535,76.9176566873337,1217774.86
2021-04-16,76.9176566873337,80.26846032802392,76.29288571064708,79.62172529706048,1543954.95
2021-04-17,79.62172529706048,80.54105664842207,78.27940298871685,79.19379333601744,1311155.21
2021-04-18,79.19379333601744,81.71285273689757,78.16093924595529,80.6608649389815,1520754.23
2021-04-19,80.6608649389815,82.95825519953613,79.63460163201003,81.91602229026651,1208044.14
2021-04-20,81.91602229026651,83.23940339977598,80.10658027529813,81.4219799635397,1006103.62
2021-04-21,81.4219799635397,82.42269507755724,80.0229771726314,81.01873622808982,1146122.0
2021-04-22,81.01873622808982,82.42188657212859,78.6885839865124,80.0753967878827,1427894.37
2021-04-23,80.0753967878827,81.2663948513817,79.79326361639603,80.98107067919398,1553424.89
2021-04-24,80.98107067919398,82.39511177845569,79.10170905350613,80.50748061760773,1156447.59
2021-04-25,80.50748061760773,81.52348960339341,78.58609815158485,79.59053523446661,951270.08
2021-04-26,79.59053523446661,80.6890035330147,79.11197436372768,80.20673756938899,1305043.14
2021-04-27,80.20673756938899,81.77873968875844,77.65326110471932,79.20564238169526,1352313.46
2021-04-28,79.20564238169526,80.70383428919683,77.35623110915867,78.84765154227468,1633134.75
2021-04-29,78.84765154227468,80.33673120646182,77.48965333121274,78.97651359590128,1012710.94
2021-04-30,78.97651359590128,80.43037094586155,76.83117231757831,78.27206160064934,1015491.0
2021-05-01,78.27206160064934,78.9670040897877,77.04926764762993,77.73948159806504,1449707.2
2021-05-02,77.73948159806504,79.9385004121017,77.2652328464535,79.45379352167919,1083788.92
2021-05-03,79.45379352167919,79.87428441057718,78.81491756125132,79.23424654839661,1072401.48
2021-05-04,79.23424654839661,80.63888587133744,77.44428858578581,78.84197382361127,1641903.97
2021-05-05,78.84197382361127,80.17277622035155,77.32879855793661,78.6564697640806,851777.58
2021-05-06,78.6564697640806,80.72900684583475,77.11032811934665,79.17271737807509,2006460.74
2021-05-07,79.17271737807509,80.53991444291934,76.68611610018326,78.0336430163248,1029592.1
2021-05-08,78.0336430163248,79.5663129116018,76.98935104259759,78.51557148843354,1490339.07
2021-05-09,78.51557148843354,79.16880535434629,78.15745635177969,78.80935027165239,1167800.01
2021-05-10,78.80935027165239,79.2008164652441,76.46959831396983,76.85133856275871,1284233.61
2021-05-11,76.85133856275871,79.66425538857555,76.04235591683795,78.83439788726054,1123697.89
2021-05-12,78.83439788726054,81.76179571159538,77.5872125203167,80.48844282516629,1486561.48
2021-05-13,80.48844282516629,80.90045970485257,79.18500148399094,79.59243172134445,1100198.47
2021-05-14,79.59243172134445,81.06324535009855,76.9013553690429,78.34919483151275,1039858.8
2021-05-15,78.34919483151275,79.73628637078548,77.22815628484558,78.61149477536674,1888262.35
2021-05-16,78.61149477536674,79.21063728469217,76.46518627010664,77.05244639298658,1208847.26
2021-05-17,77.05244639298658,79.97154367397864,75.66984251734416,78.5618554561976,1013487.82
2021-05-18,78.5618554561976,79.56551039133099,77.05562371526345,78.05277497073385,826752.35
2021-05-19,78.05277497073385,81.08574305718165,76.86661844851533,79.87194093776809,1913082.98
2021-05-20,79.87194093776809,80.58583312803702,78.25047893552696,78.9561861463637,1045337.93
2021-05-21,78.9561861463637,79.67341701217688,78.12431172103088,78.84049162828819,2009289.38
2021-05-22,78.84049162828819,80.45350875906598,78.66490468675318,80.2747276072491,1325825.31
2021-05-23,80.2747276072491,81.21251595287244,78.98476513320163,79.91839066644098,1243640.37
2021-05-24,79.91839066644098,81.49511616905792,78.6641240708727,80.23586699130992,1252050.38
2021-05-25,80.23586699130992,83.07835597338193,78.67617471074631,81.49420309702698,2088214.28
2021-05-26,81.49420309702698,82.96599517392877,79.40550812833939,80.86595397389458,693687.93
2021-05-27,80.86595397389458,81.15430899845285,79.16296199300909,79.44625459724705,1266056.48
2021-05-28,79.44625459724705,81.00732282659418,76.30511233331096,77.8345108255689,1123019.07
2021-05-29,77.8345108255689,78.85646089560225,77.46941619040525,78.4882995647189,1137744.97
2021-05-30,78.4882995647189,79.14642187339162,78.27323712095482,78.93014873754466,1245640.08
2021-05-31,78.93014873754466,81.37341425800533,77.70825186053472,80.13289793691673,1122724.16
2021-06-01,80.13289793691673,81.59980724919048,78.37126090333997,79.83267433554504,1257787.5
2021-06-02,79.83267433554504,81.3571664538873,76.74986242866493,78.24401740766595,1192947.57
2021-06-03,78.24401740766595,79.56239545134672,74.4187854858994,75.69420020631227,864098.95
2021-06-04,75.69420020631227,79.28305130548284,75.2636279878193,78.83461542578003,1320041.36
2021-06-05,78.83461542578003,79.81240239798498,78.45841250523338,79.43334232128323,1435244.43
2021-06-06,79.43334232128323,79.84022752040279,79.19016249786891,79.59654805363952,1047917.8
2021-06-07,79.59654805363952,80.9171804863653,78.6035458205288,79.92014128420963,1914191.95
2021-06-08,79.92014128420963,80.78087970101902,77.48547502328044,78.32907771541211,1675672.36
2021-06-09,78.32907771541211,78.63981738749112,77.15602974099963,77.46333492055012,1481877.15
2021-06-10,77.46333492055012,80.22820055161242,76.66028119278046,79.40501761653766,1477389.59
2021-06-11,79.40501761653766,81.13567835156718,78.43533746669256,80.15681735515746,1209063.14
2021-06-12,80.15681735515746,81.3602263695546,78.11528303133721,79.30591732740677,1596261.9
2021-06-13,79.30591732740677,80.05579889049469,77.21499047571753,77.9520706655258,1777148.67
2021-06-14,77.9520706655258,78.55466699097848,76.79696161771855,77.39525355533799,1468626.43
2021-06-15,77.39525355533799,78.47741144834642,75.98272911052256,77.06020224047006,1040551.35
2021-06-16,77.06020224047006,80.46966194525288,75.95700641439471,79.33391558084688,1188154.42
2021-06-17,79.33391558084688,79.87875822514746,78.58909548252163,79.13255524159726,1385053.91
2021-06-18,79.13255524159726,79.31905607278384,77.63922703335439,77.82264063752426,1479579.29
2021-06-19,77.82264063752426,79.30301639133994,76.28816658137902,77.76749329878983,1176980.49
2021-06-20,77.76749329878983,79.2853511581081,76.5546971622386,78.06787059103088,1041455.67
2021-06-21,78.06787059103088,78.5066025010602,76.24599694286051,76.67691183434593,1783135.45
2021-06-22,76.67691183434593,78.06266645479371,75.7428350961957,77.1231536075209,917815.97
2021-06-23,77.1231536075209,79.45865069898258,76.14299116396444,78.46147939860039,948369.22
2021-06-24,78.46147939860039,78.96033120414157,78.12662185963502,78.62477674551414,861172.54
2021-06-25,78.62477674551414,79.053268221673,77.3296133336357,77.75335571543793,947843.24
2021-06-26,77.75335571543793,79.24783098448675,75.70006020797784,77.18358405705747,1639117.15
2021-06-27,77.18358405705747,78.04373300566536,74.56386009999508,75.40417901093016,1652897.4
2021-06-28,75.40417901093016,75.81482714981715,74.86075220919537,75.2706732812254,1177990.68
2021-06-29,75.2706732812254,76.84773613974146,74.0395201374732,75.61101622911993,1358525.82
2021-06-30,75.61101622911993,76.40268772264545,73.88605982957188,74.66785613563022,1196852.76
2021-07-01,74.66785613563022,77.78766994879152,73.660480914756,76.75217432107686,890766.77
2021-07-02,76.75217432107686,78.19658601142669,76.18765996016363,77.62564723313264,2089340.17
2021-07-03,77.62564723313264,77.86180570348161,75.46235733448803,75.69263505258571,1692161.23
2021-07-04,75.69263505258571,76.06875145521965,73.46230314370015,73.82915994593806,1311178.57
2021-07-05,73.82915994593806,75.2699112146319,71.39721316874795,72.81823660791102,968844.72
2021-07-06,72.81823660791102,75.44897573716531,71.85524514990547,74.46421686211316,1134381.95
2021-07-07,74.46421686211316,76.69574597414118,73.20133847615327,75.41671368631184,1009257.76
2021-07-08,75.41671368631184,77.3607668674694,75.23666744084447,77.17651934636487,1229634.68
2021-07-09,77.17651934636487,78.41490278196036,75.95880314014552,77.19686554677796,1296673.77
2021-07-10,77.19686554677796,78.02512130846587,76.15193303041329,76.97783882434626,1101904.65
2021-07-11,76.97783882434626,78.05364582725342,74.58447745096164,75.64160993113921,834200.39
2021-07-12,75.64160993113921,76.66765723169976,75.00261300441409,76.02541801300087,2044874.26
2021-07-13,76.02541801300087,77.02710146664953,74.82495881528703,75.82398830382736,1273416.24
2021-07-14,75.82398830382736,76.02425127184524,75.38232900180391,75.58195271612064,1345101.61
2021-07-15,75.58195271612064,77.55756939240769,75.3687665002123,77.33942605278477,1079738.85
2021-07-16,77.33942605278477,78.60617279502871,75.94602819700697,77.21066597073651,812059.86
2021-07-17,77.21066597073651,79.01979224453905,76.88326380688727,78.68613354513899,1175268.26
2021-07-18,78.68613354513899,78.86331196362723,76.7757344193841,76.94900131843727,1106847.69
2021-07-19,76.94900131843727,81.4108327755846,75.53127623456719,79.93803704934507,1432906.86
2021-07-20,79.93803704934507,80.47998270542723,78.98778582584538,79.52694445016398,1505072.32
2021-07-21,79.52694445016398,81.33814163427081,78.5342192301773,80.33532549160694,1452925.23
2021-07-22,80.33532549160694,82.72544647784825,78.96155081862814,81.33458397962939,1536319.53
2021-07-23,81.33458397962939,82.58927790345415,79.5284810778734,80.77453551063903,1883700.15
2021-07-24,80.77453551063903,81.95671584680515,80.54519230939597,81.72467491401811,1322844.7
2021-07-25,81.72467491401811,83.74774013864459,80.73604526020974,82.74674640767103,1579527.12
2021-07-26,82.74674640767103,83.71921609331612,80.96391548993097,81.92674826083679,1357692.68
2021-07-27,81.92674826083679,82.6068585087229,80.45497165764739,81.12845491869052,746255.46
2021-07-28,81.12845491869052,82.45375805918876,79.8657608023311,81.19010442172375,1154527.87
2021-07-29,81.19010442172375,82.76130359118217,79.49854112953234,81.06736503385653,965985.63
2021-07-30,81.06736503385653,83.07357922602685,80.6904536881396,82.6891277221093,1271477.86
2021-07-31,82.6891277221093,83.90970516274768,82.30759743517429,83.52432126601859,984687.46
2021-08-01,83.52432126601859,84.7959998005836,82.18062571514258,83.45119082051279,1396182.57
2021-08-02,83.45119082051279,85.03599455232434,82.60169980885011,84.179093855082,1533539.68
2021-08-03,84.179093855082,85.5523866046591,80.45461380378957,81.78891328923257,1621276.93
2021-08-04,81.78891328923257,82.16018563469562,80.72234565312812,81.09044738457737,1798830.89
2021-08-05,81.09044738457737,81.65196181199606,80.87008930025766,81.43067916964515,789240.28
2021-08-06,81.43067916964515,83.93914295218973,80.24481938815133,82.73429880132386,889204.13
2021-08-07,82.73429880132386,84.62976921051084,81.08748921715168,82.97810667953958,2494966.63
2021-08-08,82.97810667953958,85.02999809933804,82.67055929805547,84.71600941115545,1544503.48
2021-08-09,84.71600941115545,87.27776595021786,83.22855877034527,85.77177803728637,1269259.36
2021-08-10,85.77177803728637,86.53816734362285,84.43083489277433,85.19204415200949,1209649.85
2021-08-11,85.19204415200949,85.38817428262377,84.83799736192228,85.0337630960193,1183062.62
2021-08-12,85.0337630960193,86.49253041664333,84.08305226811548,85.53620212332078,739992.61
2021-08-13,85.53620212332078,86.13661286439164,84.40904574369888,85.00573292213434,989296.97
2021-08-14,85.00573292213434,88.13381597795701,83.77474309569227,86.87574601221061,1166910.5
2021-08-15,86.87574601221061,87.49959650512076,84.92107839038378,85.53530322907673,1003362.23
2021-08-16,85.53530322907673,86.84543587475557,84.62259003239865,85.92852674634051,1036694.78
2021-08-17,85.92852674634051,87.32382541346688,85.44645271468654,86.83665661476044,2275055.42
2021-08-18,86.83665661476044,88.30470251208551,85.00142488235477,86.46315644875403,1126829.9
2021-08-19,86.46315644875403,88.07636581651337,84.21635401932399,85.81751720087345,1286405.07
2021-08-20,85.81751720087345,86.61219114972877,84.94160877059565,85.73552345377993,1275012.05
2021-08-21,85.73552345377993,87.60967762757801,84.87132304478939,86.73539863614312,1390532.03
2021-08-22,86.73539863614312,88.44307171574157,84.43927412500342,86.13512891048997,1065027.76
2021-08-23,86.13512891048997,86.52773959665234,84.46706334036283,84.85383378264697,1638968.15
2021-08-24,84.85383378264697,87.68314350416136,83.44906572916197,86.2551760179994,1340727.14
2021-08-25,86.2551760179994,87.81299343226961,85.20191277798396,86.75364339962731,869819.52
2021-08-26,86.75364339962731,89.57989826756877,85.20481155497187,88.00866033008198,1168178.34
2021-08-27,88.00866033008198,89.61504441111266,87.36939060891696,88.9688005064917,1149451.05
2021-08-28,88.9688005064917,92.43598384028562,88.31658416320752,91.76328159378866,1136303.21
2021-08-29,91.76328159378866,93.96504252588738,91.04158549304002,93.23179690602473,1362942.22
2021-08-30,93.23179690602473,93.44617032224708,92.08141439377395,92.29363062847048,1406357.25
2021-08-31,92.29363062847048,93.39014321534164,91.82680278268316,92.92014640751984,1365451.07
2021-09-01,92.92014640751984,94.7694951538756,90.36688068659711,92.20193519146288,1306106.27
2021-09-02,92.20193519146288,92.7995027866344,91.02920174596987,91.62301733146084,1225968.3
2021-09-03,91.62301733146084,91.83911092880344,89.61103377097378,89.82288173454255,700836.82
2021-09-04,89.82288173454255,90.45287478436292,88.84356700807872,89.47109270616642,1457605.05
2021-09-05,89.47109270616642,91.01689440823682,88.63444645831343,90.1736782666318,1355824.94
2021-09-06,90.1736782666318,91.2431535130152,89.03172547286111,90.10033080581482,938128.11
2021-09-07,90.10033080581482,90.39173224672089,88.43492378562513,88.72186701498757,1287197.18
2021-09-08,88.72186701498757,90.16162067999677,85.43372092073257,86.842984607071,1411010.59
2021-09-09,86.842984607071,90.99322596608415,85.37889674716807,89.48460300137006,1608228.6
2021-09-10,89.48460300137006,90.43226618790065,88.96229117940155,89.90748604395225,1363284.58
2021-09-11,89.90748604395225,91.3794089141277,87.4220368884964,88.87709061163088,1300465.15
2021-09-12,88.87709061163088,90.23068616134364,88.12113013436912,89.4696852610559,1520462.61
2021-09-13,89.4696852610559,93.17950262053805,88.60934627050743,92.29202406743738,1111473.43
2021-09-14,92.29202406743738,94.87166911703734,90.55185900783744,93.11596859282264,1330190.76
2021-09-15,93.11596859282264,94.7971102726241,87.91387776205124,89.53028246394177,1027412.25
2021-09-16,89.53028246394177,93.77455210119916,88.74671407308438,92.9609584586089,1583908.83
2021-09-17,92.9609584586089,93.96363400888907,89.59683240866192,90.57375966738718,802433.56
2021-09-18,90.57375966738718,91.22203484761516,89.67475036513368,90.32121799648858,1471829.01
2021-09-19,90.32121799648858,91.33984413268257,87.89404471882533,88.89660432321467,1205324.47
2021-09-20,88.89660432321467,90.16554487827854,86.72637260305467,87.98226151595291,1527554.96
2021-09-21,87.98226151595291,88.67120897218152,87.65954094855687,88.34714998710425,987267.22
2021-09-22,88.34714998710425,89.98662044197236,84.21669193722398,85.80906275123564,1227301.0
2021-09-23,85.80906275123564,87.09102710270773,84.42943513190104,85.70991829177638,1218327.58
2021-09-24,85.70991829177638,87.44737531939855,85.38923049296363,87.12140636977146,1337486.96
2021-09-25,87.12140636977146,88.65838495832986,84.58065828046334,86.09961054962581,923514.36
2021-09-26,86.09961054962581,87.42436426353194,83.13536524790003,84.43449907106319,1406881.18
2021-09-27,84.43449907106319,85.07926477585512,83.63491527251777,84.27848964522971,756424.94
2021-09-28,84.27848964522971,85.23806730091043,82.93136021996972,83.88647447100884,1015479.63
2021-09-29,83.88647447100884,85.35300733446007,81.7392832670556,83.19370488891096,811913.93
2021-09-30,83.19370488891096,84.80984753157857,80.22854145958567,81.81795849340779,1476060.05
2021-10-01,81.81795849340779,83.01223581082346,81.24037335954955,82.4303277218428,1326248.46
2021-10-02,82.4303277218428,84.27642613502859,81.3002040313145,83.13661915554937,1344915.54
2021-10-03,83.13661915554937,84.5902167700554,80.47167714674491,81.90371817227226,1734326.07
2021-10-04,81.90371817227226,83.52434731232347,79.24734847810727,80.84706971160227,1108864.08
2021-10-05,80.84706971160227,81.27798649326647,80.5824626857123,81.01283692243571,1397546.19
2021-10-06,81.01283692243571,81.90925979165736,79.04068009970473,79.9250665775262,1219971.07
2021-10-07,79.9250665775262,81.55718939332375,78.50831614910368,80.13668777107111,1174406.51
2021-10-08,80.13668777107111,81.99472458565218,79.97185892635216,81.82642022110119,1663590.16
2021-10-09,81.82642022110119,82.6340661322116,80.9599658464441,81.76702551793875,2019381.74
2021-10-10,81.76702551793875,82.7903870246621,79.38007896823302,80.38615812269728,1077296.75
2021-10-11,80.38615812269728,81.77030528601841,79.4635802089653,80.84249012945021,1478091.1
2021-10-12,80.84249012945021,82.07048014562704,79.42433899177804,80.64939592468073,1299657.52
2021-10-13,80.64939592468073,80.90581241771623,80.23213181667758,80.4880352800725,1303560.89
2021-10-14,80.4880352800725,82.34798674874511,79.1891595282767,81.04020043125637,1276492.38
2021-10-15,81.04020043125637,82.42614670293732,80.46505248431315,81.84528501463141,1104123.78
2021-10-16,81.84528501463141,83.27494442764004,80.46732724156736,81.89613061154935,489718.97
2021-10-17,81.89613061154935,82.67830275751913,81.0540984903505,81.83569341377846,1761250.18
2021-10-18,81.83569341377846,84.50108715927875,81.60880111798116,84.26745272652046,1008675.83
2021-10-19,84.26745272652046,87.3783383978003,82.63683826599247,85.71962375154288,1129677.59
2021-10-20,85.71962375154288,88.13798443389595,84.34383345702287,86.74572532483907,1135699.01
2021-10-21,86.74572532483907,87.63508869823784,86.02914590219046,86.91709365517963,986463.17
2021-10-22,86.91709365517963,87.51338773544214,85.11270224472534,85.70065092863005,1274280.36
2021-10-23,85.70065092863005,88.18484070060835,84.6207072785454,87.08742186854485,1186779.63
2021-10-24,87.08742186854485,89.00115941240155,85.36559007628382,87.27560695578862,1003192.65
2021-10-25,87.27560695578862,87.90599891227717,85.95159574889168,86.57694124094101,1245637.02
2021-10-26,86.57694124094101,88.22786655301313,84.64479535446749,86.29025385923119,1190126.83
2021-10-27,86.29025385923119,86.97599975857639,84.4536393499972,85.13016606861555,1513282.6
2021-10-28,85.13016606861555,87.69023547704064,83.88098646214945,86.42209836639186,858323.56
2021-10-29,86.42209836639186,88.04497921131376,85.65542905371825,87.27078104917472,981154.07
2021-10-30,87.27078104917472,87.81450199975195,86.96263315473068,87.5055252376555,1438564.81
2021-10-31,87.5055252376555,89.15512764700898,85.8142627894433,87.46306475896444,1022638.26
2021-11-01,87.46306475896444,87.89606849520106,86.20717293823819,86.6360825303262,957404.78
2021-11-02,86.6360825303262,88.28255331915528,82.47912350233314,84.07695957608605,1035359.62
2021-11-03,84.07695957608605,84.40145652413419,82.10646648801426,82.42458606270314,1170085.56
2021-11-04,82.42458606270314,82.9854898225472,81.01864982818506,81.57376369587057,1171197.61
2021-11-05,81.57376369587057,83.08912874882303,79.06385897396486,80.56039913554234,1138637.02
2021-11-06,80.56039913554234,82.02093676550417,79.44433667153909,80.90016724398424,927910.75
2021-11-07,80.90016724398424,82.28589554348129,80.46244055980424,81.84306710926043,1455881.11
2021-11-08,81.84306710926043,82.87901043071777,80.67020354172604,81.70439155241563,1671759.22
2021-11-09,81.70439155241563,83.79487382049881,81.2756851992197,83.35749357199798,744318.97
2021-11-10,83.35749357199798,84.83625194177044,80.98746333880605,82.45012502945275,813781.32
2021-11-11,82.45012502945275,82.68897602780355,82.06374228903942,82.30216465878307,1541931.42
2021-11-12,82.30216465878307,83.25160231177126,81.30382769046255,82.2526946575882,1776722.97
2021-11-13,82.2526946575882,83.80463508825233,81.99421437484723,83.54210282170442,704706.99
2021-11-14,83.54210282170442,84.89138617468012,82.32987269766494,83.67719579625671,1471350.49
2021-11-15,83.67719579625671,85.42531233608238,82.10035341211606,83.8453020979168,1807223.21
2021-11-16,83.8453020979168,85.26725101776357,80.52769345779932,81.91693888782552,967266.23
2021-11-17,81.91693888782552,82.62888726524797,80.18834153754933,80.89137665013321,1781113.11
2021-11-18,80.89137665013321,82.67851519312053,80.38464974592326,82.16381735350176,1147772.36
2021-11-19,82.16381735350176,82.50713844223488,79.46506019008588,79.7984978032289,1298202.78
2021-11-20,79.7984978032289,82.77894467511541,78.38405093453856,81.33722353617374,1002516.39
2021-11-21,81.33722353617374,82.20684365114462,81.05579964461862,81.92339163886699,1541226.75
2021-11-22,81.92339163886699,83.01452318458512,79.99236197089415,81.07215597222933,1478361.8
2021-11-23,81.07215597222933,81.77025326444391,79.44396249179329,80.13398133629526,1846882.16
2021-11-24,80.13398133629526,83.96012011455075,78.537391112393,82.31997610951562,1720256.49
2021-11-25,82.31997610951562,84.9256996053408,81.40138234306629,83.9884872242888,1197258.12
2021-11-26,83.9884872242888,84.98612238876083,82.86076842661438,83.85683985239012,2610172.24
2021-11-27,83.85683985239012,85.58286071732257,82.30364362143402,84.02652164060247,1682060.82
2021-11-28,84.02652164060247,85.66112857610526,81.65266853797924,83.2726092660496,1373621.34
2021-11-29,83.2726092660496,84.4848075618107,82.23124728991088,83.44133558605058,935226.02
2021-11-30,83.44133558605058,84.80403917957383,81.31033434313008,82.66028233946179,818577.97
2021-12-01,82.66028233946179,83.77006288075883,81.46975054013657,82.57843217740643,836159.91
2021-12-02,82.57843217740643,85.54980855216024,81.77798222893881,84.72851737985104,950188.57
2021-12-03,84.72851737985104,84.98538682902041,84.36764755788097,84.62420075279073,1693245.7
2021-12-04,84.62420075279073,85.88674218388265,82.14587956886595,83.3900075911855,1355396.17
2021-12-05,83.3900075911855,84.60789612862149,80.61020031425895,81.80493935827629,1029402.22
2021-12-06,81.80493935827629,82.29790747982848,81.46948662737017,81.96181147261692,1159923.79
2021-12-07,81.96181147261692,82.46515860715019,80.59682492665982,81.09484782960752,1125114.67
2021-12-08,81.09484782960752,82.62300234156362,79.86396530363363,81.38767519188065,1465701.88
2021-12-09,81.38767519188065,81.76977531875077,79.18205979891263,79.55555847564843,963312.05
2021-12-10,79.55555847564843,81.50492728618806,78.40702835307275,80.34500012819043,1309628.03
2021-12-11,80.34500012819043,81.54403592379589,77.97828494616795,79.15963077622797,1293488.72
2021-12-12,79.15963077622797,79.88319471011074,78.49784126955696,79.2208930393168,970547.0
2021-12-13,79.2208930393168,79.74749596610468,78.32829179691446,78.85244555256264,1784829.81
2021-12-14,78.85244555256264,81.50461446232556,78.16526940410337,80.80046191734108,1114525.5
2021-12-15,80.80046191734108,81.69195004145222,80.1164424408079,81.00618897445561,936256.34
2021-12-16,81.00618897445561,84.35066351693024,79.95907409684813,83.27423111801204,1485188.28
2021-12-17,83.27423111801204,85.23866822761617,81.99270154168049,83.94678848478382,1216460.55
2021-12-18,83.94678848478382,87.16535108041894,82.47675031686246,85.66522050861171,1329002.47
2021-12-19,85.66522050861171,85.88279827083569,85.20603873893651,85.4230012980069,892393.24
2021-12-20,85.4230012980069,87.14582847047267,84.1349994321027,85.8513677263897,1470239.95
2021-12-21,85.8513677263897,88.0218820578357,85.19414560190552,87.35316316614103,2065616.33
2021-12-22,87.35316316614103,90.0008336090326,85.85981225661645,88.48808065382316,875126.46
2021-12-23,88.48808065382316,89.46510609907529,88.19050362058786,89.16525180340875,1311109.54
2021-12-24,89.16525180340875,90.22820335878521,87.70539691864303,88.76355984750099,986091.76
2021-12-25,88.76355984750099,89.81772694557172,87.523244490714,88.57517429852936,2350723.31
2021-12-26,88.57517429852936,90.73064958734032,87.87744937582481,90.02153141124771,1635959.82
2021-12-27,90.02153141124771,93.54734776667699,88.26921560344584,91.76116901056335,1287688.04
2021-12-28,91.76116901056335,92.12129642880404,90.64924323760627,91.00640851016674,882809.97
2021-12-29,91.00640851016674,91.41185572957231,89.66432764583776,90.06558334782977,937824.49
2021-12-30,90.06558334782977,91.2901756122142,87.72350224259556,88.93269093962498,1446128.79
2021-12-31,88.93269093962498,91.00544222603583,87.93154130582272,89.99236344970778,853592.39
2022-01-01,89.99236344970778,90.600748571764,88.22805641527975,88.82857384441267,860314.8
2022-01-02,88.82857384441267,90.54360027401947,88.1644121613968,89.87163969990247,1202652.31
2022-01-03,89.87163969990247,91.01537886975407,89.4378814604569,90.57821042354965,1240699.98
2022-01-04,90.57821042354965,92.17417625429941,88.30994113730765,89.8938486821851,1319600.99
2022-01-05,89.8938486821851,93.03975610422579,88.7925286035547,91.91369026024898,1075128.55
2022-01-06,91.91369026024898,92.50258332992634,89.46758421010982,90.04450134458934,1510375.35
2022-01-07,90.04450134458934,93.02954784068011,89.2267555748623,92.19229670918845,967410.74
2022-01-08,92.19229670918845,94.31658652198138,90.50330331990136,92.61976183019608,1403518.99
2022-01-09,92.61976183019608,94.28350366297985,88.33993380935146,89.95582293233804,1265986.58
2022-01-10,89.95582293233804,92.3119711819657,89.66401339962741,92.01348675153325,1394427.35
2022-01-11,92.01348675153325,94.58264692717091,90.74611115869023,93.29758442657524,1612556.92
2022-01-12,93.29758442657524,93.74107272871923,92.30488256231894,92.74574771911617,1070888.28
2022-01-13,92.74574771911617,93.28329285210175,90.97043336172082,91.50076268522655,1017198.39
2022-01-14,91.50076268522655,93.10712597915739,87.93344359284579,89.50476568913828,786803.39
2022-01-15,89.50476568913828,94.30164946468179,87.88352776472833,92.6239130954351,724387.39
2022-01-16,92.6239130954351,92.94702740059219,91.11500195838585,91.4339651844145,1148352.17
2022-01-17,91.4339651844145,93.05514606984858,88.23370627923222,89.82638374923155,1168172.82
2022-01-18,89.82638374923155,91.54074991960005,88.46884803587542,90.1779017554098,914663.33
2022-01-19,90.1779017554098,91.61739235164835,86.71828104392803,88.12500163373886,965167.74
2022-01-20,88.12500163373886,89.55726872376967,85.50866499148763,86.92136984414203,1756257.32
2022-01-21,86.92136984414203,89.1440225325586,85.95391770987388,88.16275355073566,1493737.7
2022-01-22,88.16275355073566,90.44388370540806,86.4837523106808,88.753629621988,875394.92
2022-01-23,88.753629621988,89.25122443872421,87.78591260248835,88.28085683139967,1074370.11
2022-01-24,88.28085683139967,89.29358564192508,87.30187757522792,88.31423622919618,1328196.8
2022-01-25,88.31423622919618,88.9972538019049,87.09534481993047,87.77418567054477,1026042.12
2022-01-26,87.77418567054477,89.24912222881193,86.23395688951953,87.70777754136448,980343.49
2022-01-27,87.70777754136448,88.01375601836146,86.47617336975013,86.77891139239331,1102698.23
2022-01-28,86.77891139239331,87.62988386099069,85.23636310432471,86.08048667150901,1576152.54
2022-01-29,86.08048667150901,87.45111164027648,83.99195035689021,85.3509593556135,1612316.37
2022-01-30,85.3509593556135,86.001516010379,83.84597476470772,84.48996883225819,998461.04
2022-01-31,84.48996883225819,86.29863472149934,83.95526788686134,85.75592209829583,1346433.62
2022-02-01,85.75592209829583,87.28786680471724,85.17913764651908,86.70470097552457,1198078.01
2022-02-02,86.70470097552457,87.99179948134761,84.30953268296285,85.57993445502584,932638.78
2022-02-03,85.57993445502584,86.19286549075612,83.55479092901334,84.15753461165941,1114106.71
2022-02-04,84.15753461165941,84.93584906034998,83.20402557891734,83.980704650402,874820.12
2022-02-05,83.980704650402,87.6120510660349,82.98788261231037,86.5884007776381,1604938.38
2022-02-06,86.5884007776381,88.22783797271926,83.7340725897629,85.3500635013633,1769044.49
2022-02-07,85.3500635013633,86.74112069257907,83.77791928152544,85.16597617027848,1082938.62
2022-02-08,85.16597617027848,85.73799307178534,84.71160972953626,85.28300228851563,1020254.12
2022-02-09,85.28300228851563,86.80918563632801,83.63829781268075,85.16232151577118,1562004.87
2022-02-10,85.16232151577118,86.6276085623202,83.16671728813101,84.62272005237608,1626383.42
2022-02-11,84.62272005237608,87.35171422938143,83.31834194617109,86.02571037236764,908208.51
2022-02-12,86.02571037236764,87.56917283218755,85.05324928546432,86.5903291213001,1156398.45
2022-02-13,86.5903291213001,87.92745743237573,86.30833306389775,87.64203631256183,1182448.11
2022-02-14,87.64203631256183,89.69436838797176,86.34431241229338,88.38563396707816,989681.1
2022-02-15,88.38563396707816,90.53430952949215,87.38421067493954,89.52003331232567,1321565.45
2022-02-16,89.52003331232567,92.25169679702441,88.84183413548718,91.55805765240801,1007362.19
2022-02-17,91.55805765240801,93.51108790991385,91.35856326548799,93.30778107861546,1048390.75
2022-02-18,93.30778107861546,97.0297834641053,92.73310949755734,96.4358464983213,1169979.09
2022-02-19,96.4358464983213,99.38698853699279,95.19159039549407,98.12098999956581,827005.43
2022-02-20,98.12098999956581,98.51558538138347,96.81772404167239,97.20865043299558,717636.75
2022-02-21,97.20865043299558,99.74897975539508,95.86741050924084,98.39142051796286,1509667.83
2022-02-22,98.39142051796286,101.06141568213276,96.74296105572071,99.39612333090479,997244.59
2022-02-23,99.39612333090479,102.93198180983644,98.6280685994962,102.14270367496147,2046308.79
2022-02-24,102.14270367496147,102.49772512623065,100.4178616859913,100.7681053914208,1964585.02
2022-02-25,100.7681053914208,102.03652500126238,100.31317989677694,101.57794342944412,1057282.46
2022-02-26,101.57794342944412,102.43550107573763,99.76748665746813,100.61693109088004,2153479.28
2022-02-27,100.61693109088004,103.04731323436074,98.94248258187667,101.36049054532276,1516970.4
2022-02-28,101.36049054532276,102.7204459655192,99.70940012959684,101.06539626482862,1021215.01
2022-03-01,101.06539626482862,103.55798403028841,99.28442410907152,101.76468895437432,629305.54
2022-03-02,101.76468895437432,103.78977451676774,97.78298756488232,99.76834653595336,1425268.68
2022-03-03,99.76834653595336,101.47483341645389,99.20503533058977,100.90510386136899,1209425.59
2022-03-04,100.90510386136899,102.67970865483991,99.44129512825182,101.2114557406151,1336643.94
2022-03-05,101.2114557406151,102.49620183660667,100.15912981100166,101.44148423162538,1133275.95
2022-03-06,101.44148423162538,105.42362413736839,100.33753661827471,104.28869149177608,901547.38
2022-03-07,104.28869149177608,105.10844912868505,102.92342866971201,103.73886440994298,1078493.21
2022-03-08,103.73886440994298,105.1055675013753,102.89181377297277,104.25430815291315,1431869.42
2022-03-09,104.25430815291315,105.89448209748721,102.77670401697009,104.41460604745112,1098260.67
2022-03-10,104.41460604745112,106.0993678231829,103.03900077877786,104.71974254817198,1096602.86
2022-03-11,104.71974254817198,108.90868938429162,103.90993804857362,108.07295428283386,820759.44
2022-03-12,108.07295428283386,108.63063958894253,107.62613135033787,108.18336018802988,1227674.44
2022-03-13,108.18336018802988,109.5257364466941,106.0005053505109,107.3323216307036,908771.65
2022-03-14,107.3323216307036,111.90862728404218,105.68915671385611,110.22123559558699,1509763.64
2022-03-15,110.22123559558699,111.54997377784328,108.43295476201095,109.75608547009145,998797.06
2022-03-16,109.75608547009145,109.98280994633438,107.08542409482463,107.30708965071621,1114488.48
2022-03-17,107.30708965071621,108.0670040381403,105.45003393646826,106.20212330669005,2061260.0
2022-03-18,106.20212330669005,107.9028895758787,102.68869593277967,104.35996102655989,1111463.93
2022-03-19,104.35996102655989,105.9635423803474,100.18739087862853,101.75088146100607,1074846.49
2022-03-20,101.75088146100607,101.97344976663001,101.02082988693047,101.24228569804245,1389198.63
2022-03-21,101.24228569804245,102.30181984951528,100.09532934239033,101.15393891543529,767978.23
2022-03-22,101.15393891543529,103.88347996435307,100.15537483459254,102.86799518774284,1640537.43
2022-03-23,102.86799518774284,105.22578531642972,101.45447940277504,103.79947007470551,1538497.93
2022-03-24,103.79947007470551,105.11676961495378,103.35835961984019,104.67195142780186,1368115.84
2022-03-25,104.67195142780186,106.05210074196695,102.00829015144247,103.37128962294729,515843.0
2022-03-26,103.37128962294729,106.67835660412862,101.40263257929878,104.68468654087843,1124646.35
2022-03-27,104.68468654087843,107.70409683407429,103.77482046474421,106.77605365815946,872934.29
2022-03-28,106.77605365815946,108.25280290271088,105.9141129856718,107.38593898246715,1589386.75
2022-03-29,107.38593898246715,108.31304010577949,107.11651590249737,108.04197109159266,1561211.04
2022-03-30,108.04197109159266,108.36967438918418,105.81879732636773,106.14073396058723,1322235.72
2022-03-31,106.14073396058723,109.76934679986438,104.1486523940836,107.74711616375957,888290.68
2022-04-01,107.74711616375957,112.66783588307233,105.63968673744667,110.50643681247767,1743500.91
2022-04-02,110.50643681247767,111.25852404904789,110.27420194302213,111.02519897465508,1123845.48
2022-04-03,111.02519897465508,113.04721591760064,108.10431793427794,110.10966088293695,1884503.37
2022-04-04,110.10966088293695,110.67466444444094,109.30719566158314,109.87097445606683,1282316.65
2022-04-05,109.87097445606683,111.2009029348664,107.91092814416972,109.2331359340475,1362094.46
2022-04-06,109.2331359340475,110.78496048019622,107.14695723069968,108.69108105434798,1069557.98
2022-04-07,108.69108105434798,110.63252087317466,107.7712222628087,109.70408893838398,1705844.76
2022-04-08,109.70408893838398,111.42050559015584,108.44010194050192,110.1513651713899,1397143.83
2022-04-09,110.1513651713899,113.22432278486116,108.68681912394405,111.73867228397346,1721239.17
2022-04-10,111.73867228397346,112.9561388488727,111.12515172954988,112.33932033219465,1254462.08
2022-04-11,112.33932033219465,114.574493008744,108.78074615204363,110.98905307517734,1185971.05
2022-04-12,110.98905307517734,111.6183469150032,109.59468511271676,110.21961634396393,1392504.74
2022-04-13,110.21961634396393,110.46056660565606,109.12034942815527,109.35941921948172,1721088.06
2022-04-14,109.35941921948172,111.43693352018934,107.01232686007789,109.08462078114624,1547290.19
2022-04-15,109.08462078114624,112.9882973002786,108.02384935430585,111.9001468571156,1242191.93
2022-04-16,111.9001468571156,116.10408513503363,110.8734456718171,115.0484973461903,754286.45
2022-04-17,115.0484973461903,117.2413056256733,114.24752007438003,116.43070530630911,1469493.92
2022-04-18,116.43070530630911,116.92772062017369,116.14370656549359,116.64020546676673,837482.72
2022-04-19,116.64020546676673,117.42895306954524,113.65694687470955,114.43075366177474,1210547.81
2022-04-20,114.43075366177474,115.84312153679016,113.39179037137653,114.80079845937485,1165767.9
2022-04-21,114.80079845937485,116.10561589446361,112.24926811865217,113.53975259920684,841877.67
2022-04-22,113.53975259920684,117.3899316985708,112.3773784864485,116.20031977404619,1317119.73
2022-04-23,116.20031977404619,118.27131760530138,111.58128310117336,113.60604405986052,2056285.07
2022-04-24,113.60604405986052,116.34109649581818,111.51524552368575,114.2386554197057,1109789.3
2022-04-25,114.2386554197057,115.11929706344856,111.97943610106401,112.84936802196319,1453234.08
2022-04-26,112.84936802196319,115.02419908903262,110.67285938780378,112.84765748952161,2162454.71
2022-04-27,112.84765748952161,115.93010897010721,110.865057860827,113.92851987010162,1488806.6
2022-04-28,113.92851987010162,117.76112919454553,111.79834972106143,115.59971205218324,1021335.14
2022-04-29,115.59971205218324,117.30064111540429,113.8147127739966,115.51438635872847,1273253.27
2022-04-30,115.51438635872847,117.42803647640649,114.87109908035967,116.77771386212012,1353260.14
2022-05-01,116.77771386212012,117.42163788540499,115.06530990844102,115.70330955866844,1717337.01
2022-05-02,115.70330955866844,118.25081349426057,113.57949106403065,116.11935812524356,1625530.37
2022-05-03,116.11935812524356,119.10041242806506,114.82731912873076,117.78978687441253,600405.9
2022-05-04,117.78978687441253,120.49184670985785,115.66622412275483,118.35803927015746,968768.52
2022-05-05,118.35803927015746,120.1298427639579,115.73112518867633,117.48993325538584,1179174.81
2022-05-06,117.48993325538584,118.17433813803757,116.35968949464637,117.0414820497029,930996.08
2022-05-07,117.0414820497029,119.80764725901668,115.99680761328328,118.74774328632888,475826.81
2022-05-08,118.74774328632888,121.05392585613308,114.67228934365058,116.94343062084181,1000917.36
2022-05-09,116.94343062084181,117.21853883755968,115.13540727415827,115.40690082033753,1198917.31
2022-05-10,115.40690082033753,118.13623965807064,113.69166465641321,116.40615211229112,1052323.3
2022-05-11,116.40615211229112,118.68981202595457,113.42995461797138,115.6997564368703,935275.39
2022-05-12,115.6997564368703,116.14805192273019,112.9223491534231,113.36158505516747,1212504.09
2022-05-13,113.36158505516747,116.35716487373615,112.57985814416888,115.56027607225944,1307469.51
2022-05-14,115.56027607225944,116.92923039474317,112.44391636355884,113.79192235021513,1067342.89
2022-05-15,113.79192235021513,115.74775159143533,111.53464121696807,113.48519856063841,1690894.22
2022-05-16,113.48519856063841,114.74683775995308,111.2585665313174,112.50935709253572,1217439.84
2022-05-17,112.50935709253572,112.85506783950788,111.7060929775115,112.05039345367129,965067.86
2022-05-18,112.05039345367129,112.53101320304575,110.19677670067425,110.67148185997772,905912.3
2022-05-19,110.67148185997772,112.78786930426313,109.70122712122338,111.80765376838524,1137780.13
2022-05-20,111.80765376838524,112.87047985875327,110.93491317324373,111.99626699925585,1585146.32
2022-05-21,111.99626699925585,114.25386354000602,111.32941710588894,113.57759806094045,976675.7
2022-05-22,113.57759806094045,115.52230972758552,110.6891658832695,112.61743737402088,1392765.62
2022-05-23,112.61743737402088,116.36612672146887,112.33771026522338,116.0778045094906,1228705.02
2022-05-24,116.0778045094906,118.04279238887128,111.09542845022283,113.00845782594055,1975121.27
2022-05-25,113.00845782594055,115.10931253217659,108.46363245714886,110.51819252601192,1322976.9
2022-05-26,110.51819252601192,114.81574376730487,109.04365897352614,113.30404142317373,1007795.22
2022-05-27,113.30404142317373,115.59153558821642,111.80204824594684,114.07926579854043,1442552.25
2022-05-28,114.07926579854043,115.1814656770009,113.54511030375285,114.6446628131234,1454739.8
2022-05-29,114.6446628131234,116.77012828393103,113.24259076907501,115.35931622921575,1086616.57
2022-05-30,115.35931622921575,117.32626804808089,114.34956008883202,116.30820614230596,897019.78
2022-05-31,116.30820614230596,117.53117414513322,115.59606312618608,116.81592243510362,1372083.45
2022-06-01,116.81592243510362,118.27611352269044,113.80533397243464,115.24589988489693,1219206.64
2022-06-02,115.24589988489693,116.83583703419292,115.01293854906523,116.6001382025559,821341.77
2022-06-03,116.6001382025559,118.52903928636906,115.78680207164493,117.70797551356924,1278837.94
2022-06-04,117.70797551356924,121.78139565681649,116.08257474898741,120.12265122348168,1023341.58
2022-06-05,120.12265122348168,124.42521175069344,118.89851359916183,123.1700192189073,821536.47
2022-06-06,123.1700192189073,124.33335492404818,122.60078531335576,123.76138799013953,1098881.09
2022-06-07,123.76138799013953,124.01184713023441,121.40119108738145,121.6473720384061,1653759.6
2022-06-08,121.6473720384061,125.60477827169626,120.81190912098464,124.7480203877463,1623098.43
2022-06-09,124.7480203877463,126.23040953540249,121.51916616359318,122.98055236947141,1520454.92
2022-06-10,122.98055236947141,125.02036116420163,121.55129450517462,123.58408910450308,1283550.13
2022-06-11,123.58408910450308,124.12282850595145,122.61434472420416,123.15119702171168,1392736.97
2022-06-12,123.15119702171168,124.75789509563867,120.82146593021872,122.41860622270134,1229961.3
2022-06-13,122.41860622270134,126.23569576930986,119.97260426838048,123.76283526011709,910336.33
2022-06-14,123.76283526011709,125.76197406279941,122.21238343136048,124.20597080725142,956902.36
2022-06-15,124.20597080725142,126.56370883109955,122.77791425235608,125.12508477515709,1030997.03
2022-06-16,125.12508477515709,126.77766134742834,122.07189791695642,123.70572848836399,1703459.74
2022-06-17,123.70572848836399,125.91190585491552,121.21547879845502,123.41649800660623,1570657.37
2022-06-18,123.41649800660623,125.76486567491928,119.7728882183442,122.09613197742841,916083.43
2022-06-19,122.09613197742841,122.4305048453703,121.43416790293978,121.76764116486376,1216124.71
2022-06-20,121.76764116486376,122.46048546021257,120.8861779657879,121.57794289916525,1085097.42
2022-06-21,121.57794289916525,125.31302960286662,121.08144859162405,124.80336347388653,1154360.4
2022-06-22,124.80336347388653,126.78803250528894,122.38389197643127,124.36153488698888,1049496.84
2022-06-23,124.36153488698888,124.71225076407873,120.35530266205886,120.69568034742974,1705305.82
2022-06-24,120.69568034742974,125.36013219256101,118.4932944841506,123.11362505479741,1194341.42
2022-06-25,123.11362505479741,124.20623273726464,122.82184618591195,123.91256039436612,1266631.18
2022-06-26,123.91256039436612,125.5043216454547,122.10910056077194,123.698106977009,1269199.15
2022-06-27,123.698106977009,124.55909175438221,122.09502812836347,122.95081145126345,928095.18
2022-06-28,122.95081145126345,124.23812408432164,120.06052215343436,121.33087380697856,1233012.03
2022-06-29,121.33087380697856,125.95626142684053,120.12315278611887,124.71485642421406,1565023.38
2022-06-30,124.71485642421406,126.75340142983518,122.7842606101284,124.82116002758487,1734109.98
2022-07-01,124.82116002758487,126.18664832475109,120.4750646687105,121.80758579633184,900655.74
2022-07-02,121.80758579633184,123.56039642910663,120.64042856145203,122.38768073902182,820920.71
2022-07-03,122.38768073902182,126.39230937668628,120.53412080166575,124.5066575611126,1218785.9
2022-07-04,124.5066575611126,127.12638996927379,122.18279999473761,124.79711122338932,1583469.7
2022-07-05,124.79711122338932,126.83013144625828,121.2242514968979,123.23177138961883,1312876.68
2022-07-06,123.23177138961883,125.11239993888736,119.67758810738148,121.53228089093807,1422471.11
2022-07-07,121.53228089093807,122.84227703802318,118.68794727331465,119.9812245884543,854071.22
2022-07-08,119.9812245884543,124.83582956429652,117.79710024958739,122.60396123086073,1040108.14
2022-07-09,122.60396123086073,123.92240036635839,121.17720511414653,122.49446678555279,693013.0
2022-07-10,122.49446678555279,124.7906432212712,117.39421517619617,119.63682469911613,1158005.98
2022-07-11,119.63682469911613,122.28171022471153,117.66848779050356,120.30242250121847,698560.63
2022-07-12,120.30242250121847,121.12401299871925,119.73643758992499,120.5568311749477,1674453.73
2022-07-13,120.5568311749477,120.89991893111024,119.46777594640672,119.80873472547403,1770083.86
2022-07-14,119.80873472547403,121.6460498791617,116.29625524301468,118.10748098608627,1242943.59
2022-07-15,118.10748098608627,119.80174519134651,114.68966930856585,116.35884920751562,822158.8
2022-07-16,116.35884920751562,119.69070399544418,114.86508086442217,118.17363811853072,1318177.0
2022-07-17,118.17363811853072,120.92319137227989,115.8607073892041,118.60187898129993,1910002.78
2022-07-18,118.60187898129993,120.83234745226719,117.20033035051546,119.42111766911766,1351554.53
2022-07-19,119.42111766911766,120.83943228374582,118.43443679638814,119.84921439130235,1613761.12
2022-07-20,119.84921439130235,121.88533156551344,118.39072312169776,120.41989545811494,1062931.04
2022-07-21,120.41989545811494,120.72231937382796,119.33921047210748,119.63967493298598,965141.12
2022-07-22,119.63967493298598,121.12640800788927,117.82380675830306,119.30639828555415,1178928.59
2022-07-23,119.30639828555415,123.51426445557033,117.12980293456735,121.30127508358565,741296.36
2022-07-24,121.30127508358565,124.02262977164736,121.04921816243439,123.76545243477184,2113496.53
2022-07-25,123.76545243477184,125.89613269730451,119.56630250336158,121.66074931538978,1242634.93
2022-07-26,121.66074931538978,123.66020967678823,119.32385510474293,121.31767717148432,1490355.67
2022-07-27,121.31767717148432,123.25991292035472,120.84334248268661,122.77986130167072,1069236.05
2022-07-28,122.77986130167072,128.27888562723356,120.6627744302202,126.1044726522321,815910.97
2022-07-29,126.1044726522321,131.3722163583727,124.11910719146208,129.33597472745876,1713906.49
2022-07-30,129.33597472745876,130.7378261769631,126.51853008635625,127.9048700263688,906011.29
2022-07-31,127.9048700263688,131.0814636347455,127.08450726176187,130.24608466851953,1309350.55
2022-08-01,130.24608466851953,131.30642608065932,129.3101613783825,130.36961512444742,1340567.14
2022-08-02,130.36961512444742,134.04693383005048,128.67207905928413,132.3239504647595,1222391.74
2022-08-03,132.3239504647595,134.68322944315557,131.47264803600254,133.82228750502037,986270.62
2022-08-04,133.82228750502037,134.8736492139162,130.43587053046951,131.46874183809905,1155939.57
2022-08-05,131.46874183809905,134.99561475013684,129.003033521261,132.51037059046752,946304.24
2022-08-06,132.51037059046752,136.45676274432648,130.505764954688,134.423219689779,1469050.07
2022-08-07,134.423219689779,136.47308411563347,132.3514455828089,134.40097072682067,1384318.95
2022-08-08,134.40097072682067,136.9823907638273,131.37715186017948,133.94990840836985,1193596.42
2022-08-09,133.94990840836985,134.2317781767816,130.7474058969448,131.02311684023078,1041054.03
2022-08-10,131.02311684023078,133.15776418319777,130.18447125655436,132.31087598140456,2032265.2
2022-08-11,132.31087598140456,134.55490074086492,130.47922622402132,132.71762020704932,866585.55
2022-08-12,132.71762020704932,134.03004983725876,129.7192121755889,131.01480283619614,815599.61
2022-08-13,131.01480283619614,131.5428565665617,129.9027483817175,130.4284387781582,1175648.68
2022-08-14,130.4284387781582,132.8289369980741,128.33347028068772,130.72913859804737,1125030.03
2022-08-15,130.72913859804737,131.1013644082176,129.3472433026664,129.71658606632917,1578882.27
2022-08-16,129.71658606632917,131.2664832432869,128.18731572136778,129.73697255548083,1410368.01
2022-08-17,129.73697255548083,131.30995005239762,125.04818485314085,126.58292150608618,1208890.45
2022-08-18,126.58292150608618,130.77067737981469,124.88072251065273,129.03549784536946,1359892.98
2022-08-19,129.03549784536946,130.071411446466,128.04434090179228,129.07991333536478,1353728.98
2022-08-20,129.07991333536478,129.39290849611453,126.79691287705597,127.10511952431541,2030355.17
2022-08-21,127.10511952431541,129.3932276463473,120.56709087927011,122.77729072936498,1278467.9
2022-08-22,122.77729072936498,126.92395121127437,120.47820169755433,124.5909010809372,1012125.19
2022-08-23,124.5909010809372,126.93324337328858,123.26079390245037,125.59244392661012,1261052.68
2022-08-24,125.59244392661012,126.28075351056313,125.29459813488633,125.98198391448875,623536.3
2022-08-25,125.98198391448875,129.13294211461053,124.41279252571388,127.54429112576912,1190245.6
2022-08-26,127.54429112576912,130.11347386843633,126.56389166195288,129.12095500353414,1577067.6
2022-08-27,129.12095500353414,130.17603195550046,128.4385842783346,129.49170192905177,1394962.57
2022-08-28,129.49170192905177,130.14448873927415,128.39218827761036,129.04271166152668,1292994.14
2022-08-29,129.04271166152668,129.71716603066187,127.62895016311741,128.29952016913984,1411469.48
2022-08-30,128.29952016913984,130.10729417669597,127.2788797795227,129.08044145051022,1581123.54
2022-08-31,129.08044145051022,132.59839760250222,128.17027410382133,131.6699710581712,1713657.39
2022-09-01,131.6699710581712,133.9156876029536,129.2515937863389,131.4943143930506,1342032.87
2022-09-02,131.4943143930506,135.74874110723326,130.05896654283765,134.28295340846662,1108817.02
2022-09-03,134.28295340846662,136.3183518775802,132.98072367214291,135.00908041218673,672967.03
2022-09-04,135.00908041218673,136.38145689342244,134.38466287145565,135.75359596525942,1532445.64
2022-09-05,135.75359596525942,142.959433115895,133.3417929262258,140.46394583954208,1364955.99
2022-09-06,140.46394583954208,144.22994860386905,140.04440816764537,143.80044547584527,1246683.01
2022-09-07,143.80044547584527,148.19966353816469,142.89283969488505,147.2701584401733,1010362.0
2022-09-08,147.2701584401733,149.21213652630053,143.71635224759783,145.6367919448613,1527465.09
2022-09-09,145.6367919448613,152.43701304696384,143.50443283971973,150.23729510569146,1125258.12
2022-09-10,150.23729510569146,152.7043144375283,147.61628939380287,150.08073792867503,1189717.67
2022-09-11,150.08073792867503,151.48928218775868,148.21266204112155,149.61685262369602,1183320.43
2022-09-12,149.61685262369602,150.84989321689505,143.94137449120154,145.13749929322532,1342836.93
2022-09-13,145.13749929322532,146.87477350914781,144.0933904101721,145.82571366071323,900471.79
2022-09-14,145.82571366071323,147.6085356830963,141.87125447042857,143.62719809205527,1381209.44
2022-09-15,143.62719809205527,145.67110397103946,142.43861967781945,144.4755054393397,1002101.67
2022-09-16,144.4755054393397,145.61768491277945,141.01643265936823,142.14014951806686,1010929.93
2022-09-17,142.14014951806686,146.15097097688096,141.81265358724042,145.81500804206547,1497252.21
2022-09-18,145.81500804206547,149.77636695567597,143.03436136568496,146.9736258003927,935723.21
2022-09-19,146.9736258003927,152.27354798009722,146.51937494456428,151.80436677055377,1496579.48
2022-09-20,151.80436677055377,152.84812613173557,148.61434778014907,149.6432479641358,1230798.61
2022-09-21,149.6432479641358,155.8169738397323,146.86204540429057,152.9738698297085,794734.14
2022-09-22,152.9738698297085,155.3046206331962,146.8712229737342,149.143614989832,1687824.67
2022-09-23,149.143614989832,151.45670636423293,147.29326227326382,149.60068302554924,1296780.93
2022-09-24,149.60068302554924,151.679332221403,146.22850223028553,148.2889250070131,1324258.95
2022-09-25,148.2889250070131,148.84457561309634,146.81848698888288,147.3706969199929,1543622.82
2022-09-26,147.3706969199929,149.81051492057836,143.8939959183744,146.31635866146553,1745649.59
2022-09-27,146.31635866146553,147.26769617067998,143.5150782255172,144.45430883251984,1261849.22
2022-09-28,144.45430883251984,147.22954357705362,139.19576121989374,141.92235239305018,1400239.63
2022-09-29,141.92235239305018,142.7972672028165,140.18500474455217,141.05456989837322,1316686.09
2022-09-30,141.05456989837322,143.1761050459357,139.18467160087258,141.30291455274974,1101424.82
2022-10-01,141.30291455274974,145.36061539398904,139.63330180187452,143.6631148915221,807721.85
2022-10-02,143.6631148915221,144.94144534613542,143.0057332095963,144.28123523471922,1266240.24
2022-10-03,144.28123523471922,147.94880327901487,143.05012832293852,146.69708269215838,1693938.03
2022-10-04,146.69708269215838,149.05351747881966,141.3734791416388,143.6814733830032,1388403.88
2022-10-05,143.6814733830032,144.51864574829446,141.98985783763735,142.82202253924882,918940.19
2022-10-06,142.82202253924882,147.07075012276286,140.06106836996645,144.28158060644031,1578858.21
2022-10-07,144.28158060644031,146.06157869892525,143.22562620953389,145.00036373994942,1110659.62
2022-10-08,145.00036373994942,146.92611210201903,141.3607430419141,143.2634231131128,711282.99
2022-10-09,143.2634231131128,147.09212326379125,141.38099807710316,145.1844566032396,1547742.64
2022-10-10,145.1844566032396,146.70511981529486,142.6061917150871,144.11566034621225,947409.75
2022-10-11,144.11566034621225,146.10395037594955,140.5912713770098,142.5580721594668,1872929.25
2022-10-12,142.5580721594668,145.7682109340928,140.36490389409278,143.5596342518985,1598818.48
2022-10-13,143.5596342518985,145.4763408848602,141.67296586039706,143.58928284989813,1133569.77
2022-10-14,143.58928284989813,145.32382747981734,140.8270931996998,142.54907218554004,1346032.69
2022-10-15,142.54907218554004,144.39070546520676,139.621087312504,141.44850200313715,2199656.47
2022-10-16,141.44850200313715,142.7548081377621,138.05581523162448,139.3426736060068,1540833.21
2022-10-17,139.3426736060068,139.79912077192947,138.12809890506225,138.58205449803603,1273630.6
2022-10-18,138.58205449803603,141.4562481525952,137.90652645827114,140.7700545516035,2470968.19
2022-10-19,140.7700545516035,143.0996247999991,138.95121074026352,141.27426623449531,1235797.87
2022-10-20,141.27426623449531,145.89488254723938,138.63397309821133,143.21825789791535,1387877.03
2022-10-21,143.21825789791535,144.63924435285833,142.8654640846929,144.2838256946491,949583.57
2022-10-22,144.2838256946491,145.98531197784254,141.37082914483074,143.05785804074105,789497.86
2022-10-23,143.05785804074105,143.99304239344008,138.86517509568432,139.77892471433663,1116692.27
2022-10-24,139.77892471433663,141.47183176300493,136.30532460687405,137.97640071362872,1211577.92
2022-10-25,137.97640071362872,140.11418394685052,134.57217284858834,136.6900251950717,1302958.51
2022-10-26,136.6900251950717,138.77292917445087,133.2064699949119,135.26770036612578,841456.29
2022-10-27,135.26770036612578,139.23667095230383,133.2321995372129,137.1725067036066,1415510.35
2022-10-28,137.1725067036066,141.31183687395827,134.97491777184226,139.08363054873647,975041.91
2022-10-29,139.08363054873647,143.9916816465017,138.62368204472446,143.51707178617664,1397248.78
2022-10-30,143.51707178617664,145.12050206402785,140.40692042203605,141.99332680997537,1515966.48
2022-10-31,141.99332680997537,146.22767377619127,141.0402657919006,145.25273556503842,1087024.65
2022-11-01,145.25273556503842,151.33491487777744,142.55352284864784,148.5739838362005,943052.64
2022-11-02,148.5739838362005,150.96481053167724,145.72148990341816,148.10476602756393,1765146.85
2022-11-03,148.10476602756393,149.70396767178863,147.52185421531007,149.11707161984302,1492644.8
2022-11-04,149.11707161984302,152.74101852982557,148.16593876861415,151.77294537291726,1246470.1
2022-11-05,151.77294537291726,153.32011340512966,150.1186393898441,151.66470401347016,1732262.74
2022-11-06,151.66470401347016,154.59673994162634,148.46396757653517,151.39070648719144,1225240.3
2022-11-07,151.39070648719144,151.99235091504798,149.47593695864867,150.07234205157522,1027567.91
2022-11-08,150.07234205157522,151.90675171989693,143.39238627975516,145.16683345077507,934163.35
2022-11-09,145.16683345077507,146.51225933205058,143.9847144873644,145.32882127341387,1168092.15
2022-11-10,145.32882127341387,147.31025275605876,141.9334248693875,143.8953117016926,1455357.65
2022-11-11,143.8953117016926,145.86332774547847,139.80336965194226,141.7419345571281,1698526.92
2022-11-12,141.7419345571281,143.50999007685775,140.8446164383236,142.6071943042384,1207073.83
2022-11-13,142.6071943042384,144.90952602188665,137.4728397257177,139.72869938290074,1625154.34
2022-11-14,139.72869938290074,141.8613230725935,139.21970622853746,141.3464369460004,1137410.51
2022-11-15,141.3464369460004,144.71347964496016,138.9822058137145,142.33275093210176,987007.2
2022-11-16,142.33275093210176,143.16047330355096,140.7237656759756,141.54691811253127,865665.46
2022-11-17,141.54691811253127,143.3321683370763,139.65333678834284,141.43720324205222,1057345.55
2022-11-18,141.43720324205222,142.6042829443103,137.9468681057911,139.0946177882862,873853.27
2022-11-19,139.0946177882862,142.41857163417382,137.28972089816799,140.59421590360725,1983175.73
2022-11-20,140.59421590360725,141.94440744347858,139.63627422325825,140.98381124697127,1339298.09
2022-11-21,140.98381124697127,143.2558212889962,139.25797961968954,141.52338455806964,1171655.66
2022-11-22,141.52338455806964,142.85390790278882,141.2194533693611,142.5477767614643,1845632.43
2022-11-23,142.5477767614643,143.79367002275876,140.04153166662178,141.27631209758886,866541.49
2022-11-24,141.27631209758886,143.66035111073342,135.95853166813956,138.29221399955068,1159554.46
2022-11-25,138.29221399955068,141.64141127349103,136.86308586455561,140.192643870896,1978304.18
2022-11-26,140.192643870896,143.1362365166781,138.65238938106694,141.58073152452775,1157556.63
2022-11-27,141.58073152452775,143.44795244896702,138.6769820833964,140.53035017623165,2212282.97
2022-11-28,140.53035017623165,142.74965543822788,139.1509361903468,141.36207740683335,1460418.1
2022-11-29,141.36207740683335,146.44885390925035,138.87306143698086,143.91488960219976,1663299.09
2022-11-30,143.91488960219976,147.6214545339865,142.58226016696455,146.26704451109637,1675388.81
2022-12-01,146.26704451109637,149.04113705948157,142.3696204385323,145.12199606237195,1200480.83
2022-12-02,145.12199606237195,147.70297398911723,139.58996237366563,142.1175057881432,1062121.84
2022-12-03,142.1175057881432,143.47893181672788,138.1765623775679,139.5130387051448,1165862.87
2022-12-04,139.5130387051448,140.71067663092768,137.72383084809218,138.91634652008807,937619.03
2022-12-05,138.91634652008807,143.84510767284067,136.94660936495063,141.83400021796177,1180373.41
2022-12-06,141.83400021796177,144.04597541440688,138.20851871615315,140.39810030466282,1198678.91
2022-12-07,140.39810030466282,141.14859952804014,138.49217946909474,139.23646918356602,1830575.33
2022-12-08,139.23646918356602,140.11906321602893,137.169250430998,138.0442874455781,1391859.31
2022-12-09,138.0442874455781,138.6837838605308,136.3923838195247,137.02716838435109,2166203.18
2022-12-10,137.02716838435109,139.17746089457992,134.87156888391226,137.0217767867447,699377.61
2022-12-11,137.0217767867447,139.05781537214378,132.5815867675335,134.5813626695587,885202.04
2022-12-12,134.5813626695587,137.4144225018336,133.85422378514036,136.67596653836176,1097994.38
2022-12-13,136.67596653836176,138.27012031697748,134.82171207877582,136.41279630661396,1742716.62
2022-12-14,136.41279630661396,143.52002499068087,134.26343420934353,141.29375697156473,1167573.02
2022-12-15,141.29375697156473,143.9849107644457,136.3390441246724,138.98624790944447,831407.57
2022-12-16,138.98624790944447,142.90254152137953,138.26165592406446,142.16139619325196,1128670.56
2022-12-17,142.16139619325196,146.08600865172565,141.098322365444,145.00169524924812,889515.8
2022-12-18,145.00169524924812,146.2008761044542,142.98534515439482,144.17771156889535,846974.34
2022-12-19,144.17771156889535,146.0880074896327,141.4922064809683,143.3920932795391,1977885.83
2022-12-20,143.3920932795391,144.03098238699476,140.92339119117304,141.55409100726416,1099020.51
2022-12-21,141.55409100726416,142.3300513585794,138.99617608925013,139.7623144171789,1253086.58
2022-12-22,139.7623144171789,142.0209290639525,137.51942793263868,139.7777941625777,1172434.63
2022-12-23,139.7777941625777,141.4794061515982,138.13443139109273,139.8353665040528,1126874.25
2022-12-24,139.8353665040528,140.51873525148469,136.05251632602,136.72066366968428,972540.36
2022-12-25,136.72066366968428,142.5116359341948,135.4913002465679,141.24162101445782,1110336.26
2022-12-26,141.24162101445782,141.86603546346916,140.11913969898322,140.7413424688154,1305557.86
2022-12-27,140.7413424688154,142.0902743785867,139.54104118574415,140.88871623017832,1710833.0
2022-12-28,140.88871623017832,142.1853978315333,138.37856839862692,139.66397801488085,1520714.77
2022-12-29,139.66397801488085,140.22514612007143,138.59543040757802,139.15455164402454,884754.42
2022-12-30,139.15455164402454,139.582730432009,138.042978409845,138.46904790166852,1536419.43
2022-12-31,138.46904790166852,140.95430838781473,135.99476746716428,138.47983519692204,1351454.01
2023-01-01,138.47983519692204,140.9693793683082,135.97847723918923,138.46780513820244,1026485.99
2023-01-02,138.46780513820244,140.3551812303155,138.18444188649846,140.06854219867031,1255891.69
2023-01-03,140.06854219867031,142.43890674333096,138.17177969959,140.53581656720687,1384575.17
2023-01-04,140.53581656720687,142.48181533793618,140.01777032931793,141.9585246819022,1214199.24
2023-01-05,141.9585246819022,144.31255896135988,139.60179105845134,141.9557798211189,1353078.53
2023-01-06,141.9557798211189,144.97742992721044,139.4244068864454,142.43746747894667,967135.96
2023-01-07,142.43746747894667,144.30326623442585,140.109818357479,141.96948700263155,1974923.31
2023-01-08,141.96948700263155,145.89109843305445,140.1186594458109,144.0136219019966,740818.5
2023-01-09,144.0136219019966,145.94587092799438,142.76262350160056,144.68900569339522,1386502.46
2023-01-10,144.68900569339522,145.62810121309445,143.44624784300456,144.3833595845302,1315231.14
2023-01-11,144.3833595845302,145.96968149750185,142.43531835044732,144.0176219497706,1409249.66
2023-01-12,144.0176219497706,144.65229465136886,143.17884506970924,143.8126143211342,1005242.66
2023-01-13,143.8126143211342,145.92054948448555,141.78484954074136,143.89167001500596,1607404.58
2023-01-14,143.89167001500596,145.39700194674637,142.2899459647118,143.79425882302158,1168039.13
2023-01-15,143.79425882302158,144.54153272532787,141.93861249789634,142.68009629014847,892050.82
2023-01-16,142.68009629014847,146.06406574128832,140.88380288130503,144.24803255339796,912669.88
2023-01-17,144.24803255339796,148.34498596210776,141.89449592636723,145.9634605811039,1238000.8
2023-01-18,145.9634605811039,151.5939533147901,144.12455593370365,149.7078750721492,805083.87
2023-01-19,149.7078750721492,151.4345915423362,146.74164297828884,148.45389617448424,1882212.7
2023-01-20,148.45389617448424,152.4632894529407,145.8917430574282,149.87658231723526,1559791.06
2023-01-21,149.87658231723526,150.20535112808747,145.58421256453798,145.9042677182809,1894647.18
2023-01-22,145.9042677182809,149.5757274870802,143.99270918473277,147.64140985993734,1845365.63
2023-01-23,147.64140985993734,149.02546824729518,143.2945065003953,144.650526977912,1098938.75
2023-01-24,144.650526977912,145.44381804921932,141.88682027393415,142.6692456204949,965594.98
2023-01-25,142.6692456204949,146.17223622047464,139.86830573708397,143.35777877780987,614392.31
2023-01-26,143.35777877780987,144.68651169991895,140.803823448747,142.12109397357517,1084113.96
2023-01-27,142.12109397357517,143.26299867963536,139.49297070013287,140.6228373175564,1865883.69
2023-01-28,140.6228373175564,141.33187902607648,138.97501463755492,139.6792988819447,975660.01
2023-01-29,139.6792988819447,143.96108063572225,136.8913298108524,141.14387886004334,1138647.67
2023-01-30,141.14387886004334,143.60104197784514,136.8865989027735,139.31186869408037,1044646.96
2023-01-31,139.31186869408037,139.76595622271628,138.76810445099787,139.22189872219224,1317940.57
2023-02-01,139.22189872219224,140.9181184388262,136.8080203395083,138.49538856900205,1655069.05
2023-02-02,138.49538856900205,140.77823286110524,137.85093880830075,140.126194598244,816701.92
2023-02-03,140.126194598244,143.94342130178975,138.04054714374914,141.83237888861274,856738.59
2023-02-04,141.83237888861274,143.35190032473614,136.73666458698406,138.21745755718132,1740159.14
2023-02-05,138.21745755718132,140.85015095253834,137.66638436653506,140.29081129771794,1441361.68
2023-02-06,140.29081129771794,141.97804680395063,137.42876718612763,139.10170162703307,1124655.11
2023-02-07,139.10170162703307,142.15089088979548,136.54332063520226,139.58364590093905,1838761.5
2023-02-08,139.58364590093905,140.72006675173827,136.63859459400916,137.76016960473473,853051.24
2023-02-09,137.76016960473473,138.90481143871514,137.35866744360857,138.50114969033982,1514559.94
2023-02-10,138.50114969033982,146.33374958436482,135.86772650205765,143.60331520869164,1179702.2
2023-02-11,143.60331520869164,144.53378303588693,142.9495775754172,143.87879132914807,1396483.81
2023-02-12,143.87879132914807,145.3968472505015,141.45544179718132,142.96384416959643,660692.69
2023-02-13,142.96384416959643,144.65141630644766,140.83030548741675,142.51255046844034,1124283.24
2023-02-14,142.51255046844034,143.40575847249417,138.72604650391443,139.60100618775283,1442706.32
2023-02-15,139.60100618775283,143.24625226131005,138.87598493118657,142.50614310476664,1181150.55
2023-02-16,142.50614310476664,143.73259613626738,141.93091707934803,143.15475200113517,1642379.33
2023-02-17,143.15475200113517,143.62132126487538,140.60542050000248,141.06517943912434,1628684.78
2023-02-18,141.06517943912434,142.63753112527618,137.52001054969148,139.07012480252135,944292.46
2023-02-19,139.07012480252135,141.50350097807788,136.68418573154435,139.11676178557812,1474501.14
2023-02-20,139.11676178557812,141.58168088153747,138.52111140559904,140.97806105486646,936276.81
2023-02-21,140.97806105486646,143.03791159600723,136.69311255599501,138.7199698040652,1216314.54
2023-02-22,138.7199698040652,142.26547054179034,137.4122325298106,140.9368344986192,1413902.51
2023-02-23,140.9368344986192,141.3080672369029,140.40043713694007,140.77123367664714,973848.85
2023-02-24,140.77123367664714,142.4108668433264,137.33084646264743,138.94925816669564,1460900.61
2023-02-25,138.94925816669564,139.85745119238848,137.14803909890057,138.05035677132537,1057579.3
2023-02-26,138.05035677132537,143.34600561410517,136.2702562751149,141.5211507097459,1037845.75
2023-02-27,141.5211507097459,142.69405171150498,137.63803397400244,138.78828549665516,1431874.32
2023-02-28,138.78828549665516,140.73078601075426,135.45378502222025,137.37652635528994,973680.87
2023-03-01,137.37652635528994,141.83587662871867,134.83051887656725,139.25505427828662,961378.29
2023-03-02,139.25505427828662,140.59268552471565,138.36357097694003,139.69836424071286,1556765.96
2023-03-03,139.69836424071286,142.3410561401608,135.54780164024405,138.16141894818523,1233013.1
2023-03-04,138.16141894818523,140.8701311534961,137.37699927364315,140.0748478724173,834261.55
2023-03-05,140.0748478724173,142.57520317042486,139.61645182896214,142.11014659585905,1486213.93
2023-03-06,142.11014659585905,143.57518454567895,141.33300052246338,142.7942971145971,1084014.47
2023-03-07,142.7942971145971,145.17446394048315,139.22074723584657,141.5806849669317,844988.91
2023-03-08,141.5806849669317,143.59056612841275,138.68627619720777,140.68341977082557,641140.15
2023-03-09,140.68341977082557,144.01859219693335,137.94360809448355,141.2674073537941,1504070.55
2023-03-10,141.2674073537941,143.35490051712935,136.6394891604328,138.68887970017474,967869.55
2023-03-11,138.68887970017474,142.66518402380734,137.38140931898485,141.33278855471318,879290.77
2023-03-12,141.33278855471318,147.40255102130556,138.77978733060138,144.78715103098645,1408002.83
2023-03-13,144.78715103098645,147.57376990556142,141.54469049292564,144.32236392931105,1467807.01
2023-03-14,144.32236392931105,147.425144543465,141.9771560284862,145.06782308890376,985649.77
2023-03-15,145.06782308890376,149.31032058582292,143.32417856940623,147.53699779002935,1507543.83
2023-03-16,147.53699779002935,154.24747895566227,145.0489657179212,151.68942130997357,2005803.62
2023-03-17,151.68942130997357,155.89265047770417,150.8971770825589,155.08268390236498,1680325.25
2023-03-18,155.08268390236498,157.9061658343037,148.58783571371234,151.34323613624338,1616213.12
2023-03-19,151.34323613624338,154.36889944865,147.67523534548423,150.68779503904494,1298037.93
2023-03-20,150.68779503904494,153.8966365388546,148.58230635761578,151.77594367557822,1074002.16
2023-03-21,151.77594367557822,152.61465795201264,149.90456629161466,150.73754235956017,1183350.76
2023-03-22,150.73754235956017,155.31319280582704,150.0441707800941,154.60204505530197,1339782.06
2023-03-23,154.60204505530197,161.27111454074512,151.6229472402874,158.22225719523973,876291.54
2023-03-24,158.22225719523973,161.0203150934163,153.66061548386412,156.4269240814817,990026.15
2023-03-25,156.4269240814817,158.84782146739707,153.67130551500145,156.08694125208117,839779.45
2023-03-26,156.08694125208117,159.06572731583054,151.51291216001977,154.4606620735707,1272671.47
2023-03-27,154.4606620735707,156.16919278296854,152.34965244336448,154.05368143098636,1225176.65
2023-03-28,154.05368143098636,156.82347962192168,150.82066738818313,153.58198473898506,1019328.82
2023-03-29,153.58198473898506,156.45344499442328,152.8247079639002,155.68579482482926,1473213.93
2023-03-30,155.68579482482926,156.50946218725335,152.9480554833129,153.76154244434167,924198.38
2023-03-31,153.76154244434167,155.48708135453506,146.5337241543144,148.1968147171167,1009911.67
2023-04-01,148.1968147171167,149.38019205334783,143.73440546975232,144.89138840205996,1458565.15
2023-04-02,144.89138840205996,146.30920088942324,141.4205077338233,142.81803170683338,1513652.34
2023-04-03,142.81803170683338,145.15561237520689,139.20130595684992,141.51760177887851,983527.19
2023-04-04,141.51760177887851,142.3296162768004,141.09852082563393,141.90937515156017,1271671.54
2023-04-05,141.90937515156017,144.03449486774542,137.68374984768164,139.77693588274906,987696.07
2023-04-06,139.77693588274906,140.27847325690712,136.92820791997923,137.42129294851802,1142234.78
2023-04-07,137.42129294851802,139.79249995630076,133.30365768601115,135.64420093754862,1243936.45
2023-04-08,135.64420093754862,136.4084470221093,132.78583335078224,133.538213890456,1380454.93
2023-04-09,133.538213890456,135.57185407159025,130.49365361692668,132.5116605188386,1299151.44
2023-04-10,132.5116605188386,134.18844043563777,129.75061449088605,131.41349845248368,1284811.66
2023-04-11,131.41349845248368,133.9019296987732,130.2385043524996,132.71529596952794,916399.36
2023-04-12,132.71529596952794,133.61983730929163,129.99578949077537,130.8878757694702,1322323.9
2023-04-13,130.8878757694702,131.28502462229613,129.84841948584403,130.24361347440234,1377248.81
2023-04-14,130.24361347440234,131.3325599727674,128.17896692820662,129.25968697083908,1425546.41
2023-04-15,129.25968697083908,131.49490942031312,128.53460247937286,130.76140103733246,1002444.49
2023-04-16,130.76140103733246,131.34282180924168,129.91195192374212,130.49217560493895,1508654.15
2023-04-17,130.49217560493895,134.48581181289128,128.49656317318633,132.46010391992064,863305.06
2023-04-18,132.46010391992064,133.23171976805517,129.57666330066078,130.33590511758163,1077471.42
2023-04-19,130.33590511758163,131.12011603821728,129.47678887913858,130.26054637792896,1120126.68
2023-04-20,130.26054637792896,131.3193908695514,128.16972090179073,129.22010801734953,875219.38
2023-04-21,129.22010801734953,130.5546618760803,125.70376164657817,127.0155473386067,1115880.53
2023-04-22,127.0155473386067,128.44406953031782,125.48223122217605,126.90956140820951,1268318.22
2023-04-23,126.90956140820951,131.8875683916266,125.13767132614112,130.07153141291025,760239.71
2023-04-24,130.07153141291025,131.70957382832182,126.90982596961844,128.52843556664328,1087247.7
2023-04-25,128.52843556664328,129.89987379675742,126.94330721683531,128.3124407149592,775088.02
2023-04-26,128.3124407149592,129.47891934423546,124.82465680261461,125.96983901822341,1999118.34
2023-04-27,125.96983901822341,126.82443753019966,122.57610399090355,123.41335895401288,1265470.97
2023-04-28,123.41335895401288,125.23728091906678,120.25850245808111,122.06245952499063,1238348.8
2023-04-29,122.06245952499063,123.0041743012951,120.36729900269137,121.3031557321879,1271681.33
2023-04-30,121.3031557321879,123.40078631720101,118.53835038319993,120.62424085642934,1395777.65
2023-05-01,120.62424085642934,122.13818656082272,118.74459696493479,120.253894480028,1532438.52
2023-05-02,120.253894480028,121.86661909976226,115.92319984651205,117.49897829349628,811746.71
2023-05-03,117.49897829349628,118.81005823137251,115.17835708965937,116.47804522753756,1665067.99
2023-05-04,116.47804522753756,119.51647743340536,114.29827402177527,117.32093242883401,1638494.58
2023-05-05,117.32093242883401,118.44589002761745,114.00042698209211,115.10412826594151,1180260.18
2023-05-06,115.10412826594151,116.21896149177434,113.43214067154204,114.54152484005964,1164904.82
2023-05-07,114.54152484005964,117.10935970853632,112.47127143347983,115.03027254835091,552463.1
2023-05-08,115.03027254835091,116.51282003716739,112.3127290290609,113.77915166585841,879258.59
2023-05-09,113.77915166585841,115.49639984924808,112.63172568528245,114.34328476861182,1366200.97
2023-05-10,114.34328476861182,115.11152528986177,111.17281488115121,111.9248063227491,1620080.64
2023-05-11,111.9248063227491,114.0791941278264,111.20727877315139,113.35251383091969,1439838.26
2023-05-12,113.35251383091969,115.82540195498478,111.4906061088366,113.95362056332841,1177499.11
2023-05-13,113.95362056332841,114.8587741996892,113.15248223754436,114.05690971097667,1942138.59
2023-05-14,114.05690971097667,116.14208897026126,113.81701627350687,115.89832252893906,1542825.45
2023-05-15,115.89832252893906,116.17071737209724,115.10272912290768,115.3738914000374,1087482.02
2023-05-16,115.3738914000374,117.63651728264286,112.14127740995552,114.3845000952954,2070622.36
2023-05-17,114.3845000952954,118.04749468419931,113.00306900983485,116.63883777577892,912360.34
2023-05-18,116.63883777577892,121.02058511066589,115.37885333555882,119.72723839761385,830573.79
2023-05-19,119.72723839761385,121.94479867942982,116.37759585861117,118.57379227755612,1080090.91
2023-05-20,118.57379227755612,119.56155621681239,117.41117223194982,118.39746731849586,992688.37
2023-05-21,118.39746731849586,122.13341723762855,116.4664098272827,120.17339445286359,1095366.11
2023-05-22,120.17339445286359,121.97510327809047,118.25513924221664,120.05507414110255,1464983.87
2023-05-23,120.05507414110255,122.36458289703413,118.7839626287834,121.08259229308602,1189849.3
2023-05-24,121.08259229308602,124.39211995428276,119.15212722059007,122.44001301532737,1197513.55
2023-05-25,122.44001301532737,124.81339157159978,119.13049058838487,121.48536422196794,1217774.8
2023-05-26,121.48536422196794,122.9077087216229,120.80371801148812,122.22192969181533,673168.36
2023-05-27,122.22192969181533,122.5087895391218,121.9389652127261,122.22581606242602,821606.61
2023-05-28,122.22581606242602,124.27752052749801,118.13920194241307,120.15616487147895,1089799.51
2023-05-29,120.15616487147895,121.26935974878721,117.4036060551481,118.50147090886023,971989.14
2023-05-30,118.50147090886023,119.89969878314159,116.04232937719894,117.4278898051354,1132440.1
2023-05-31,117.4278898051354,119.70763329006354,116.72281496959918,118.99316006820585,1704639.5
2023-06-01,118.99316006820585,122.70442686190317,116.95216586017948,120.63526691261504,1177871.72
2023-06-02,120.63526691261504,123.76191556854567,118.82794402838302,121.93511867888056,862240.97
2023-06-03,121.93511867888056,125.06174703015914,119.59876872836129,122.71053955101425,984173.19
2023-06-04,122.71053955101425,124.74616951929966,121.41538702735293,123.44328322781631,1840367.97
2023-06-05,123.44328322781631,126.36982307715418,121.02648961506968,123.94324120207973,1760231.0
2023-06-06,123.94324120207973,126.0699081191938,122.55564740224213,124.67413170990383,1392764.91
2023-06-07,124.67413170990383,127.1846747806926,123.03022877361798,125.52949338946718,811964.05
2023-06-08,125.52949338946718,127.3037641442597,121.33763097238055,123.07724086929478,1295663.33
2023-06-09,123.07724086929478,124.40843030071177,120.4083063048475,121.7248686320423,1320810.85
2023-06-10,121.7248686320423,123.20139657596575,118.52658079221771,119.98196726687448,1207686.58
2023-06-11,119.98196726687448,122.62230289543437,119.25973255564615,121.88859120959015,1040622.19
2023-06-12,121.88859120959015,125.8498663125899,120.84979141925102,124.7863701000997,1095996.28
2023-06-13,124.7863701000997,126.61272824031722,119.26221532981936,121.03364910179278,1022645.43
2023-06-14,121.03364910179278,124.08920840836129,120.70664023368741,123.75484740320117,901273.12
2023-06-15,123.75484740320117,125.73157119199998,121.94710637034126,123.92139729226818,1688462.78
2023-06-16,123.92139729226818,126.66163117423727,122.99595705565248,125.7227385899786,1496157.28
2023-06-17,125.7227385899786,127.51389337472449,124.85612608847309,126.64095158964244,1117494.58
2023-06-18,126.64095158964244,131.1327892733659,124.80683698370618,129.26073291842064,1310444.16
2023-06-19,129.26073291842064,130.42089781314323,128.50210000571383,129.6599220542372,1322794.81
2023-06-20,129.6599220542372,132.16369428643435,124.74432293321645,127.20060501097313,2155542.53
2023-06-21,127.20060501097313,129.72327572527487,124.50672832437901,127.02593494301016,1492516.66
2023-06-22,127.02593494301016,129.28144200791155,125.72445168623223,127.97028314142949,1478479.16
2023-06-23,127.97028314142949,129.15087683343856,126.41839253502619,127.59552892071245,1211448.57
2023-06-24,127.59552892071245,129.24332057831856,127.15881099390364,128.80247167964953,1076500.57
2023-06-25,128.80247167964953,130.86433344264836,126.63809926608276,128.69829334899984,1695536.35
2023-06-26,128.69829334899984,129.3326513472616,127.0058242912983,127.63494099183038,1412540.12
2023-06-27,127.63494099183038,130.03382202887357,123.34338582177719,125.70601292294425,975247.56
2023-06-28,125.70601292294425,128.19884729439076,122.54741539075309,125.02678012112825,1344185.42
2023-06-29,125.02678012112825,125.93084847941208,124.50124554902486,125.4037294475412,1479446.57
2023-06-30,125.4037294475412,127.19626363371887,120.24958211545797,121.99336823741704,710606.69
2023-07-01,121.99336823741704,123.26061776110605,119.41674401208634,120.67024916558714,952871.58
2023-07-02,120.67024916558714,122.08699335504346,115.94926142581406,117.32675085415121,1313917.01
2023-07-03,117.32675085415121,117.94064480245179,115.71326086726327,116.32189707468505,741712.36
2023-07-04,116.32189707468505,120.09862335123496,114.57434945579661,118.32104182864943,771660.0
2023-07-05,118.32104182864943,118.91253214538372,115.78634589390059,116.36807326418923,1121543.79
2023-07-06,116.36807326418923,119.65245748691082,114.28096536958523,117.54425431515648,1356906.7
2023-07-07,117.54425431515648,123.6327204162172,116.34864787114857,122.38784715904144,1372683.36
2023-07-08,122.38784715904144,126.62053691920846,120.74446894631554,124.9428510700767,1782329.91
2023-07-09,124.9428510700767,127.52139367882057,122.61988360583466,125.19376123263615,1224934.69
2023-07-10,125.19376123263615,128.6738649432423,123.28043611114006,126.73695532366392,1093253.75
2023-07-11,126.73695532366392,128.2242466870618,122.86318312550134,124.32213595111611,865439.04
2023-07-12,124.32213595111611,125.47189163805218,120.4780956277215,121.60270144683535,1089985.78
2023-07-13,121.60270144683535,122.92195419479344,120.34795221711953,121.66654618745052,1432188.77
2023-07-14,121.66654618745052,123.36578626239056,120.67494983548958,122.36846915745174,1448461.72
2023-07-15,122.36846915745174,126.6560487949158,120.03963702685863,124.2906353262937,1282070.45
2023-07-16,124.2906353262937,125.10491811468054,122.5024433104806,123.31030351263904,1375889.31
2023-07-17,123.31030351263904,124.82104367264789,122.1551038473353,123.66254413509041,1651059.9
2023-07-18,123.66254413509041,125.94000482668766,121.68295033909558,123.95571789614198,1222795.36
2023-07-19,123.95571789614198,125.01654953655147,122.68152890334932,123.74051883791556,1689024.71
2023-07-20,123.74051883791556,125.96277433757822,121.40834728986313,123.62859270860196,1000660.06
2023-07-21,123.62859270860196,124.41676300571136,121.38003201857472,122.1588321400751,1178212.9
2023-07-22,122.1588321400751,122.97182829032617,121.8455915891719,122.65730954010931,1064082.84
2023-07-23,122.65730954010931,124.6487566782182,121.02381836464411,123.01056106845203,1463012.75
2023-07-24,123.01056106845203,124.38195196460657,120.89953523162866,122.26258729562349,931182.91
2023-07-25,122.26258729562349,125.75304475694257,119.96465641203055,123.43311377498364,1107250.8
2023-07-26,123.43311377498364,126.45859579900717,122.24613381799826,125.25410449983693,753823.09
2023-07-27,125.25410449983693,127.03563059535202,124.69789803672705,126.47400700312367,1392242.25
2023-07-28,126.47400700312367,127.4776313260949,123.65022051839959,124.63928555671524,1638889.91
2023-07-29,124.63928555671524,125.96300597151728,123.50783348241507,124.82982422291623,1506815.59
2023-07-30,124.82982422291623,126.38974422409804,121.70679742639831,123.24693707998091,1470317.64
2023-07-31,123.24693707998091,124.2866836519837,122.3914790002545,123.42995524157982,1480191.77
2023-08-01,123.42995524157982,124.89946782466515,120.42056855257957,121.87152705103152,1429386.05
2023-08-02,121.87152705103152,126.38272195973376,119.63581514408926,124.10601869335274,1399227.73
2023-08-03,124.10601869335274,126.71075826768786,122.91123189513127,125.50252707893428,1421979.51
2023-08-04,125.50252707893428,129.33095228517433,123.77959689975553,127.57950878010615,1018571.37
2023-08-05,127.57950878010615,130.29798393207054,126.7986999150385,129.5053883478508,1141420.11
2023-08-06,129.5053883478508,131.6323701874683,126.90735275808633,129.02646887854849,1221259.1
2023-08-07,129.02646887854849,129.91082550182657,127.38886130506877,128.26801946193268,1103398.84
2023-08-08,128.26801946193268,133.1153256370951,126.67282061498265,131.48017892863604,811187.66
2023-08-09,131.48017892863604,132.45371792527314,130.21798797439453,131.1893737170874,881235.23
2023-08-10,131.1893737170874,131.6109169621717,128.30358862129,128.71718813508602,1271014.74
2023-08-11,128.71718813508602,131.5910442725834,127.71912415471756,130.5785474436782,1504958.82
2023-08-12,130.5785474436782,131.62090512453173,129.81903054638502,130.85975258295343,1202805.85
2023-08-13,130.85975258295343,136.10613513546969,128.49536184531922,133.69059635076832,2395344.41
2023-08-14,133.69059635076832,135.07756678647257,132.7827144650916,134.16645339460123,953496.95
2023-08-15,134.16645339460123,136.78801454465196,131.52340550086745,134.14453844111455,1341189.75
2023-08-16,134.14453844111455,138.57457840860488,132.68743033422186,137.08552464894476,1657188.03
2023-08-17,137.08552464894476,137.90518222286434,133.3510207174024,134.1531450972425,1566338.67
2023-08-18,134.1531450972425,135.36645222046855,131.86034812380908,133.06380302557417,1413527.39
2023-08-19,133.06380302557417,133.7692753891996,130.72443744737808,131.42120112978768,1568131.92
2023-08-20,131.42120112978768,133.6561893145261,125.25508570010122,127.4220633538018,1216733.91
2023-08-21,127.4220633538018,129.55625182516647,126.89205805408078,129.0196016498163,1818554.57
2023-08-22,129.0196016498163,131.3062804986199,125.7534861583662,128.02249274802054,1653858.98
2023-08-23,128.02249274802054,130.0531057532719,127.66063629248008,129.6865458402307,969732.19
2023-08-24,129.6865458402307,131.3813497169695,128.72778062911547,130.41718294753616,1300454.14
2023-08-25,130.41718294753616,132.15109415157028,129.8279632058961,131.5567259989069,815052.62
2023-08-26,131.5567259989069,133.44256270080604,128.85439245957414,130.72835464043496,1755526.48
2023-08-27,130.72835464043496,132.1953609346225,127.88800635357299,129.33942638494415,1269190.65
2023-08-28,129.33942638494415,131.96801632394332,126.89386198458347,129.51905547654428,1681211.67
2023-08-29,129.51905547654428,132.3555663317386,128.40632441203192,131.22815198552078,1167637.15
2023-08-30,131.22815198552078,131.5868619977246,130.79189786577655,131.1503953314352,754465.81
2023-08-31,131.1503953314352,133.2107500925227,127.83103946344133,129.87129980893047,2320223.33
2023-09-01,129.87129980893047,131.4857314555914,126.1169047516376,127.70439963692021,1239978.07
2023-09-02,127.70439963692021,130.25259125875291,125.54698251754303,128.08868213408525,934512.2
2023-09-03,128.08868213408525,129.3273630042148,125.8756206372056,127.10478675265989,1598014.83
2023-09-04,127.10478675265989,129.04787078994798,125.04978876467231,126.991135383833,1996280.86
2023-09-05,126.991135383833,127.6361465630855,125.93550932092315,126.57842426499636,1140779.74
2023-09-06,126.57842426499636,129.10891404731578,123.28595292336529,125.80089882292522,1170593.58
2023-09-07,125.80089882292522,126.98697488499151,125.15608800598389,126.33940388199177,1273581.63
2023-09-08,126.33940388199177,129.5053729821001,124.19966777471996,127.34854563504081,908990.08
2023-09-09,127.34854563504081,131.71339188577087,126.60688209038479,130.95074951263194,1009701.45
2023-09-10,130.95074951263194,134.50611946821746,128.84438788612664,132.37681930415687,1873490.04
2023-09-11,132.37681930415687,137.77826669781533,130.05988826503452,135.40827743094079,1160986.35
2023-09-12,135.40827743094079,137.81577381643922,131.48667166542043,133.86676059638364,973295.36
2023-09-13,133.86676059638364,135.28078609157217,129.5050550174994,130.8876119681779,1071769.57
2023-09-14,130.8876119681779,132.15966070069405,129.60459566445184,130.87653676108914,1569139.65
2023-09-15,130.87653676108914,134.74242185358725,128.6505571686817,132.48901681291116,732235.82
2023-09-16,132.48901681291116,135.48790482618622,130.84207154604158,133.82436016514413,1278879.15
2023-09-17,133.82436016514413,137.94625301973778,132.06015590454498,136.15137180433564,2220819.44
2023-09-18,136.15137180433564,137.00221007097247,130.55181575116967,131.37279167576992,1993889.42
2023-09-19,131.37279167576992,135.07724695100242,130.05501402775099,133.73576671095904,1384892.13
2023-09-20,133.73576671095904,135.54979558305646,132.5789416320269,134.38733439157127,1667677.95
2023-09-21,134.38733439157127,136.26550329545796,129.6645131234734,131.50236226839723,1663673.53
2023-09-22,131.50236226839723,133.6054148636944,130.77427326542264,132.869755018592,1162832.17
2023-09-23,132.869755018592,134.44354949989162,131.6335966447204,133.20427887175055,1512131.14
2023-09-24,133.20427887175055,136.25396342965604,130.9028849602717,133.93986073999594,1876610.66
2023-09-25,133.93986073999594,137.46874665009048,132.35454557647415,135.86069643269124,874923.34
2023-09-26,135.86069643269124,139.18397967766788,133.39770618153983,136.70567105764036,1386086.45
2023-09-27,136.70567105764036,137.55126316453314,133.07730752083128,133.90557967932864,1313493.55
2023-09-28,133.90557967932864,135.2336900419084,132.32554716006797,133.65113386286924,1231351.91
2023-09-29,133.65113386286924,135.12229765199618,129.20786134576852,130.64594554851408,1204398.03
2023-09-30,130.64594554851408,133.0800948006053,129.44266851911524,131.8655846350322,1271553.08
2023-10-01,131.8655846350322,136.43911461199374,129.97715287776043,134.5127727800474,1298506.3
2023-10-02,134.5127727800474,135.14188318165324,131.57089002527175,132.1891328638152,1587206.23
2023-10-03,132.1891328638152,133.68937469888982,129.47004101416022,130.9562910725187,1351817.82
2023-10-04,130.9562910725187,131.54531967645528,128.7670350229511,129.34883343948917,1147806.13
2023-10-05,129.34883343948917,131.07247840756722,126.82425086658499,128.53707875310698,972720.19
2023-10-06,128.53707875310698,131.49486305428945,126.359086541157,129.3038778409606,1066317.29
2023-10-07,129.3038778409606,129.60902811893374,128.20880259619946,128.51208428346825,1280964.21
2023-10-08,128.51208428346825,131.04450984190552,127.19806724265717,129.71816084674552,1005820.75
2023-10-09,129.71816084674552,133.13316470948473,128.3082976571521,131.70174263462786,1520122.36
2023-10-10,131.70174263462786,135.78644848924762,129.73088192506557,133.78442137581297,1336207.45
2023-10-11,133.78442137581297,134.23192475012598,131.2620654271101,131.70260521217745,1597122.24
2023-10-12,131.70260521217745,135.57399624455456,130.4766680978091,134.32366135913063,1022874.45
2023-10-13,134.32366135913063,139.36558544581237,132.1558571682128,137.15213349860352,974875.65
2023-10-14,137.15213349860352,141.83513138664935,135.5641035166702,140.21167617740818,1594142.32
2023-10-15,140.21167617740818,142.3845689661538,137.7476916535264,139.9160023160274,1239626.4
2023-10-16,139.9160023160274,141.1125885993313,137.26965079353687,138.45373147921907,1140757.23
2023-10-17,138.45373147921907,141.02365125339043,134.0227785336183,136.5575012825691,1429016.84
2023-10-18,136.5575012825691,137.02073363870744,134.00756718730355,134.4636969095779,1415784.6
2023-10-19,134.4636969095779,134.99167735581446,133.97412006120416,134.50196118875743,876674.61
2023-10-20,134.50196118875743,137.7068698892612,132.95347423430405,136.1395300203203,1696356.71
2023-10-21,136.1395300203203,140.1460153353882,134.71349168473836,138.69322745513705,1082983.6
2023-10-22,138.69322745513705,140.56453410621668,135.90246203771653,137.76119329667526,1835516.79
2023-10-23,137.76119329667526,138.60470651943336,136.8591678334544,137.70232057794195,859791.3
2023-10-24,137.70232057794195,138.53796838240592,136.68160236286803,137.51612020867103,1299099.43
2023-10-25,137.51612020867103,139.6454159937643,134.19276332118037,136.30327951466046,1145585.95
2023-10-26,136.30327951466046,138.74327192928402,135.31483898895374,137.74438086284732,732357.05
2023-10-27,137.74438086284732,140.55873081507391,135.66564580532858,138.4690594509195,1414637.83
2023-10-28,138.4690594509195,140.64127545509848,136.5951956470808,138.7634280418547,741809.58
2023-10-29,138.7634280418547,139.9726928248335,138.27777147976232,139.48451254718597,1115613.91
2023-10-30,139.48451254718597,142.8025058706896,137.42009524127565,140.71980581246402,1581526.35
2023-10-31,140.71980581246402,144.4770260903694,138.2105920118139,141.94594859837733,1051074.07
2023-11-01,141.94594859837733,144.3163937936075,137.94776499770603,140.29056591017746,957325.35
2023-11-02,140.29056591017746,142.40278517096442,139.98760652710456,142.0959270859049,1465813.93
2023-11-03,142.0959270859049,144.29753713900593,140.43129457036247,142.62668685224995,1127431.51
2023-11-04,142.62668685224995,145.25673291484853,139.15599265039947,141.77024588171153,1084432.31
2023-11-05,141.77024588171153,144.07491944338437,139.95883864110374,142.25728921978333,1650485.81
2023-11-06,142.25728921978333,144.00165983623262,141.2293566449268,142.96858751289685,896283.84
2023-11-07,142.96858751289685,145.98724086268768,142.18200242972262,145.1884425730497,1069744.4
2023-11-08,145.1884425730497,147.26885582875929,141.02460406334643,143.0747298115251,1490234.23
2023-11-09,143.0747298115251,148.11210114374876,140.80233528204988,145.79647825190187,881909.99
2023-11-10,145.79647825190187,148.54934482224044,143.10995568843472,145.86162188788617,1870411.29
2023-11-11,145.86162188788617,148.53131234887002,142.1882721711929,144.83925026818847,1136677.67
2023-11-12,144.83925026818847,146.01346829676405,142.59636761412568,143.7618511215016,1493247.68
2023-11-13,143.7618511215016,145.61203520315578,139.93420394658492,141.7586067037467,1492466.84
2023-11-14,141.7586067037467,142.30116584729342,137.800487942116,138.32992433415444,1155172.38
2023-11-15,138.32992433415444,140.1940755629816,137.81805853198787,139.67722431180866,1064567.41
2023-11-16,139.67722431180866,144.1319718113276,139.21818430453266,143.6598431891579,1187179.61
2023-11-17,143.6598431891579,146.34464402165716,137.8052317061773,140.4296650429056,1434035.67
2023-11-18,140.4296650429056,141.09583299501392,137.91521766108698,138.57257598444212,937738.03
2023-11-19,138.57257598444212,141.56520872490725,137.0923615242649,140.06900955352785,888257.95
2023-11-20,140.06900955352785,141.44102788226652,138.62410485366064,139.995402175864,1739107.82
2023-11-21,139.995402175864,142.78450583356002,138.89701505358113,141.6729568188993,998608.76
2023-11-22,141.6729568188993,143.3275767793712,139.83388003109476,141.4863202345777,1311068.6
2023-11-23,141.4863202345777,141.776400585866,140.05907856183987,140.34682267417543,1140846.47
2023-11-24,140.34682267417543,141.587865851471,138.679048676126,139.91628474076563,1153562.7
2023-11-25,139.91628474076563,141.40334203120958,133.8625821000747,135.3005828192581,1715867.85
2023-11-26,135.3005828192581,137.5275599143238,130.95601271861486,133.14755204903574,1174719.34
2023-11-27,133.14755204903574,136.93279902205182,131.20128878056425,134.9600419690421,1097587.98
2023-11-28,134.9600419690421,139.64316795296364,132.62581188789287,137.26900275003646,1121753.01
2023-11-29,137.26900275003646,141.26951376177934,136.06469124169044,140.04088352271174,1058081.07
2023-11-30,140.04088352271174,141.57226931434712,139.40561613275867,140.93295521999937,1014908.93
2023-12-01,140.93295521999937,142.2322184385384,135.26800756286792,136.5266489720606,1059142.74
2023-12-02,136.5266489720606,139.16640175244544,132.7065772482317,135.32305851884732,1818703.86
2023-12-03,135.32305851884732,138.70448898029423,134.53035002185894,137.8967043320079,1433607.17
2023-12-04,137.8967043320079,141.83924374997713,137.18714352821146,141.11313250452582,1100783.74
2023-12-05,141.11313250452582,146.60745614321544,138.432255198284,143.87412529989712,1533780.29
2023-12-06,143.87412529989712,146.62192190322338,140.6727016746317,143.4116659445332,806963.46
2023-12-07,143.4116659445332,144.08373078287636,140.14480385104955,140.80465153322655,1692558.26
2023-12-08,140.80465153322655,143.0364265930483,138.5098528053403,140.740612842207,1658826.62
2023-12-09,140.740612842207,142.1574757310385,139.3704515952605,140.78686421013992,2098882.5
2023-12-10,140.78686421013992,145.51702039891254,139.25793535263657,143.95370007479326,1545286.63
2023-12-11,143.95370007479326,146.02047728286476,142.37360860505405,144.43510176207855,1338607.9
2023-12-12,144.43510176207855,147.29386418760765,141.62862834902904,144.48639412858267,1657162.25
2023-12-13,144.48639412858267,145.4239259702049,143.71716300671778,144.65380357716725,1026206.71
2023-12-14,144.65380357716725,147.80642132802694,142.35161699519887,145.4909120415959,1087049.81
2023-12-15,145.4909120415959,147.11079314018806,145.18507065590796,146.80219526152484,1180880.51
2023-12-16,146.80219526152484,148.7568638378882,143.3890374702713,145.32402422601572,1689684.69
2023-12-17,145.32402422601572,147.3219684962246,141.21659773196203,143.18513613323523,968847.53
2023-12-18,143.18513613323523,148.27577786779585,140.95621438928487,146.00299138335694,943467.02
2023-12-19,146.00299138335694,148.72847631392938,140.00956504468584,142.67288582065873,1273101.53
2023-12-20,142.67288582065873,148.304600253913,140.45160710979482,146.03103835904778,1435774.15
2023-12-21,146.03103835904778,148.24758387241445,139.99979756966226,142.15754896894757,1006572.92
2023-12-22,142.15754896894757,143.09126466990938,140.07870185865008,141.00484640712423,1418962.61
2023-12-23,141.00484640712423,145.81293184864484,138.20292292173485,142.97192040999303,1689481.02
2023-12-24,142.97192040999303,144.48124755184907,141.48052903894745,142.98967101784766,1620017.55
2023-12-25,142.98967101784766,144.35008931012626,139.03518419649458,140.37068519089536,1310809.32
2023-12-26,140.37068519089536,142.79439962576726,138.82186364134228,141.2360300374318,1173126.16
2023-12-27,141.2360300374318,142.6723348951087,139.95176852777405,141.38670331093354,1851928.38
2023-12-28,141.38670331093354,143.18026098238406,139.18418298144073,140.9724861104185,1204630.11
2023-12-29,140.9724861104185,142.14160513993127,138.59259823427934,139.75159209350124,1518025.1
2023-12-30,139.75159209350124,140.6346834214718,138.81716330296345,139.69992816620123,1957938.09
2023-12-31,139.69992816620123,142.312862802684,135.980440146379,138.5722834189913,1478663.41
2024-01-01,138.5722834189913,146.1225288222216,135.98085525252023,143.4400686297759,935240.79
2024-01-02,143.4400686297759,145.00821533623198,141.4083745917456,142.97139759076583,880351.4
2024-01-03,142.97139759076583,145.73341229408263,139.48737739081216,142.23516915300678,1113952.17
2024-01-04,142.23516915300678,143.58397230121764,139.82873078022692,141.16740845099798,1432894.23
2024-01-05,141.16740845099798,146.07369576965954,139.90073875699395,144.77465886829225,1341137.35
2024-01-06,144.77465886829225,147.45361410024958,138.85859191184394,141.4765173084943,2083589.39
2024-01-07,141.4765173084943,144.11856680886117,139.58179219388245,142.21396541600467,1337879.14
2024-01-08,142.21396541600467,144.4503244867818,139.52168226720318,141.75075724465924,1105680.8
2024-01-09,141.75075724465924,143.0873802712493,137.6341871376341,138.9443474345203,903920.41
2024-01-10,138.9443474345203,140.24014658154624,136.08061238999434,137.36165126512606,1611927.88
2024-01-11,137.36165126512606,138.47769226875803,136.88095874234176,137.99478411864388,1198183.01
2024-01-12,137.99478411864388,140.6720747326765,133.69046238984788,136.33556178440492,823482.17
2024-01-13,136.33556178440492,137.68817308278824,135.5034702122883,136.85292391435246,1206696.8
2024-01-14,136.85292391435246,141.78348569754098,135.3616639951722,140.25515235121955,935557.22
2024-01-15,140.25515235121955,141.18179043331205,139.68529778601896,140.61049212796658,1078867.82
2024-01-16,140.61049212796658,142.52914549946155,135.8881489552253,137.76801627457746,1201859.03
2024-01-17,137.76801627457746,139.01285474416582,134.91519740399877,136.14537407114685,956979.84
2024-01-18,136.14537407114685,138.29890985344161,133.46839706442336,135.61352002530205,1062277.85
2024-01-19,135.61352002530205,137.17454227169688,133.4027661466447,134.95622236070926,996298.47
2024-01-20,134.95622236070926,135.84837404407781,134.37177720946605,135.26260207635946,1003003.76
2024-01-21,135.26260207635946,136.17542100589654,134.96592666768356,135.8773971492631,932688.9
2024-01-22,135.8773971492631,140.0691287184227,135.08603682334694,139.2580790432727,1063569.19
2024-01-23,139.2580790432727,141.36171019682578,137.1638830594385,139.26737442681178,959490.32
2024-01-24,139.26737442681178,141.62283894574227,134.71665420600175,137.03435103241202,1389532.81
2024-01-25,137.03435103241202,140.4382789660134,135.91833907861488,139.30378467509058,1261777.66
2024-01-26,139.30378467509058,143.48139027888755,137.68136207269032,141.8295509573772,1617691.87
2024-01-27,141.8295509573772,143.21265822345728,140.93315426569075,142.31320472426046,1923213.35
2024-01-28,142.31320472426046,144.85320771918538,139.30395620163875,141.83543191786535,1421414.94
2024-01-29,141.83543191786535,145.87838876989744,139.08755075028532,143.10589401442851,1342748.07
2024-01-30,143.10589401442851,145.33160859668178,140.4773096893336,142.69665947942798,1443983.88
2024-01-31,142.69665947942798,143.2103618841965,138.1281362942113,138.62718876323027,1348467.5
2024-02-01,138.62718876323027,141.13128859177527,137.25919702593106,139.75219514028888,1215154.7
2024-02-02,139.75219514028888,144.34913255966296,136.98103457018553,141.54247239870807,1191234.43
2024-02-03,141.54247239870807,145.3573879189142,140.67496892821907,144.47193001674663,929511.65
2024-02-04,144.47193001674663,146.5044319285926,140.99278999905823,143.00464948938512,1480013.85
2024-02-05,143.00464948938512,146.1905040023865,140.30269924007456,143.47958034179416,1190648.19
2024-02-06,143.47958034179416,146.29225394679818,141.19572102310667,144.00010902893388,1724093.32
2024-02-07,144.00010902893388,146.05981994273526,142.13394209249347,144.19117686594709,1508484.54
2024-02-08,144.19117686594709,146.04895308467323,142.58767107488163,144.44265073000324,1026170.23
2024-02-09,144.44265073000324,147.24123649112784,141.73887807496618,144.5357216728925,1638849.25
2024-02-10,144.5357216728925,146.30632439329403,143.21969493204764,144.9861959933923,632633.55
2024-02-11,144.9861959933923,149.19949208384716,142.34413545192496,146.52931159066617,1944253.29
2024-02-12,146.52931159066617,150.55102928912916,145.09933896644569,149.09600839217075,858739.41
2024-02-13,149.09600839217075,151.42456158676032,145.22436405060748,147.52843518400036,1358117.57
2024-02-14,147.52843518400036,150.25518114980142,144.46675635343644,147.1871952323331,1335326.19
2024-02-15,147.1871952323331,148.94042615811787,144.58520079901308,146.32819973781199,1589231.83
2024-02-16,146.32819973781199,147.4370510234396,144.08023449414205,145.18038784805248,1105333.78
2024-02-17,145.18038784805248,145.60398951498124,141.50511091015585,141.9191972023555,701834.22
2024-02-18,141.9191972023555,144.33694301985446,139.56806736967587,141.98472756664248,1105723.18
2024-02-19,141.98472756664248,144.85346586961424,140.11107174710793,142.96684978984234,1136020.06
2024-02-20,142.96684978984234,143.92970602659173,141.70997749595622,142.67084016064305,718940.67
2024-02-21,142.67084016064305,145.2094408799838,140.13121901356814,142.6698012470944,1213688.97
2024-02-22,142.6698012470944,146.1978652872025,140.0210722214894,143.5331085728246,917005.95
2024-02-23,143.5331085728246,149.07314232673943,140.95396366184767,146.44173238521816,1411415.12
2024-02-24,146.44173238521816,148.32018766571653,143.72537075208234,145.5929382770995,1128401.04
2024-02-25,145.5929382770995,148.4434250954464,140.41517052472176,143.219182846118,1959315.7
2024-02-26,143.219182846118,145.76082226950842,140.51461712960815,143.0533129425287,1125555.73
2024-02-27,143.0533129425287,147.49956307952255,142.49873998259193,146.92996156514647,1336319.74
2024-02-28,146.92996156514647,149.8185910283795,141.7143253045642,144.55628857624043,1137751.2
2024-02-29,144.55628857624043,147.64117158480136,142.83917457624537,145.90800124597777,799718.5
2024-03-01,145.90800124597777,151.08615777562764,143.19985444775756,148.3330014072243,1140131.16
2024-03-02,148.3330014072243,150.6597744982529,141.22266245635043,143.473204057461,1448712.05
2024-03-03,143.473204057461,146.2955431410854,141.51390526577265,144.32461728001405,1394894.81
2024-03-04,144.32461728001405,146.7251706374142,143.18732444920093,145.57800101384316,1115167.51
2024-03-05,145.57800101384316,145.9399865982846,144.68567201858613,145.04633559547247,833711.82
2024-03-06,145.04633559547247,146.05894069484006,142.74089572904896,143.7444117693937,1409783.58
2024-03-07,143.7444117693937,145.80639169296978,140.52142510557047,142.56650827943426,1332681.67
2024-03-08,142.56650827943426,145.06656430929212,139.43420029243822,141.92297121231832,1481676.58
2024-03-09,141.92297121231832,142.21281180337058,141.04656533315784,141.33520556643327,1120520.72
2024-03-10,141.33520556643327,142.14696826683672,139.56881303640776,140.37506112037016,787594.32
2024-03-11,140.37506112037016,142.3564858329898,137.7379682797067,139.71000558792028,1371303.3
2024-03-12,139.71000558792028,143.10767357780134,138.7173056605728,142.0980058770752,1197260.3
2024-03-13,142.0980058770752,142.74464436261533,139.06096452757808,139.69667539526418,1699344.35
2024-03-14,139.69667539526418,140.18210035535506,135.82854722442696,136.30217681190288,1208650.94
2024-03-15,136.30217681190288,140.5326997970696,134.46457513370305,138.66326633039037,1186437.16
2024-03-16,138.66326633039037,140.42532655733243,136.54649465796567,138.30398938144785,1331938.2
2024-03-17,138.30398938144785,140.71809164278713,135.16247150556254,137.5636511299255,1033642.31
2024-03-18,137.5636511299255,138.6183623745361,136.31081072604255,137.36399116210433,1021260.48
2024-03-19,137.36399116210433,138.40195845344306,136.7512193083268,137.78729825418765,1170987.89
2024-03-20,137.78729825418765,140.04491442071674,134.54569239719015,136.7869175341036,953343.48
2024-03-21,136.7869175341036,140.51129117789515,134.0802673800349,137.78489372303036,1133202.49
2024-03-22,137.78489372303036,138.95427573242995,134.78631704420695,135.9400417734684,1948796.29
2024-03-23,135.9400417734684,138.3293637857671,132.99813451604015,135.37757036604617,1557341.17
2024-03-24,135.37757036604617,137.50649346303254,129.1580891321235,131.22165709135976,1296062.79
2024-03-25,131.22165709135976,135.88582002525692,128.80605858392659,133.42957694720533,1768693.03
2024-03-26,133.42957694720533,134.7156652214279,131.8307803099021,133.11382514579074,976380.93
2024-03-27,133.11382514579074,134.91031868329708,132.60487414109693,134.3964636039796,2236543.34
2024-03-28,134.3964636039796,135.87977668997084,133.84135087631313,135.32084588291073,1069505.0
2024-03-29,135.32084588291073,138.5391758214108,133.191224386153,136.39268616155812,1980348.88
2024-03-30,136.39268616155812,138.78631865722312,134.00036211375132,136.393972054882,1978170.28
2024-03-31,136.393972054882,138.56337961032804,134.99916619611656,137.16073262689994,774152.89
2024-04-01,137.16073262689994,137.5821282547518,134.91034935011072,135.32610850629632,1731684.43
2024-04-02,135.32610850629632,135.7592479627125,132.69447956522913,133.1205597023418,1117779.66
2024-04-03,133.1205597023418,134.8211490672364,131.24798076341548,132.94634456365867,1041153.72
2024-04-04,132.94634456365867,135.41053674177442,129.2500456037738,131.69096909848167,1368179.59
2024-04-05,131.69096909848167,135.6222102328327,130.48039943748196,134.38685859884814,932713.43
2024-04-06,134.38685859884814,136.96996629742978,132.54425932572843,135.11735112681032,1360457.21
2024-04-07,135.11735112681032,136.70580960163258,132.19942254411853,133.77206565480554,948496.61
2024-04-08,133.77206565480554,136.1820551922437,130.8745505352726,133.2755958508561,1254317.22
2024-04-09,133.2755958508561,135.81022888128757,131.01217947058558,133.5422833532944,1675584.74
2024-04-10,133.5422833532944,134.28855423434885,132.68428071291058,133.42992369741208,1321742.63
2024-04-11,133.42992369741208,135.8609769190689,131.53578241905169,133.95932044320963,1096774.57
2024-04-12,133.95932044320963,136.41935392044397,131.6478446871222,134.10535827322514,1373928.75
2024-04-13,134.10535827322514,136.6190946691371,129.04604609054843,131.51115548108987,844256.85
2024-04-14,131.51115548108987,133.17065379025433,125.97890506802104,127.58890978035191,972978.16
2024-04-15,127.58890978035191,128.24808540873303,126.27637590594237,126.9321584930061,1077619.07
2024-04-16,126.9321584930061,129.49851093647706,125.4028573153081,127.9568639258254,1460872.88
2024-04-17,127.9568639258254,129.74630768180896,125.53792582948016,127.31844141117539,1328129.08
2024-04-18,127.31844141117539,130.47314569435173,126.43933264129512,129.57843213350927,1371785.49
2024-04-19,129.57843213350927,132.10702911509,126.98082662272003,129.50805016876302,1191813.29
2024-04-20,129.50805016876302,132.84088135171265,128.71444134655593,132.03180726772274,985404.21
2024-04-21,132.03180726772274,136.68491970900945,129.60184828414867,134.21478445922202,1740810.47
2024-04-22,134.21478445922202,137.55514817430543,132.91917510321076,136.2399890051487,1007904.27
2024-04-23,136.2399890051487,136.51382797255232,133.68906724489855,133.95832011494994,1332532.54
2024-04-24,133.95832011494994,135.58525502004017,132.38039782587018,134.00676212270182,1166835.51
2024-04-25,134.00676212270182,138.17371729691678,132.22324661603366,136.35889688624158,1381361.83
2024-04-26,136.35889688624158,139.317177053183,133.95236139140655,136.9010729423409,1031433.74
2024-04-27,136.9010729423409,139.6129874987035,135.29520442434045,137.9942953309008,1561256.35
2024-04-28,137.9942953309008,138.5040916412444,134.83020541494986,135.3301595314727,1693658.59
2024-04-29,135.3301595314727,141.6648697460726,132.80183432934646,139.0667354264689,1537491.71
2024-04-30,139.0667354264689,140.7600657096928,135.86178229254713,137.53647958966116,1248231.67
2024-05-01,137.53647958966116,138.48377054520796,132.80886740917836,133.72994059345604,1076311.85
2024-05-02,133.72994059345604,136.16107804357154,130.66446681785123,133.08385885399537,2429898.54
2024-05-03,133.08385885399537,133.63967593852408,128.03768580678363,128.57467052552508,936519.83
2024-05-04,128.57467052552508,129.0574286969208,126.15759938730237,126.63306743886449,1495751.78
2024-05-05,126.63306743886449,132.83849541301385,125.16030413618496,131.31132322971055,1304106.04
2024-05-06,131.31132322971055,133.05092462290492,128.89304781077428,130.6235374760085,1181384.67
2024-05-07,130.6235374760085,132.08616384206897,126.59590840726084,128.02948851970072,1256854.65
2024-05-08,128.02948851970072,130.48864513797173,125.63253876330919,128.0905521569058,1056295.24
2024-05-09,128.0905521569058,128.9527008463109,125.63929657036084,126.49067685906803,1335205.81
2024-05-10,126.49067685906803,130.59957738469328,123.98309641540112,128.0608690870109,1298912.89
2024-05-11,128.0608690870109,128.3615928917223,126.17912351927896,126.4761258905272,2343709.34
2024-05-12,126.4761258905272,127.50098611473712,125.95332267098915,126.97611612959501,1568354.7
2024-05-13,126.97611612959501,127.6544445733939,124.2817391378848,124.94923965588085,1365188.14
2024-05-14,124.94923965588085,130.08446858390832,124.5203684979396,129.6394987537711,1385708.12
2024-05-15,129.6394987537711,131.872245637079,128.35763355438507,130.58107025253645,1900669.08
2024-05-16,130.58107025253645,132.8762544407241,128.0376319774098,130.32837461031437,941496.09
2024-05-17,130.32837461031437,132.51445948186878,127.62807669854652,129.80538918629026,1146413.5
2024-05-18,129.80538918629026,131.80512212853438,126.82477289738877,128.8091582814852,744931.4
2024-05-19,128.8091582814852,129.08395577692832,127.17473591729356,127.44662662962912,1379905.5
2024-05-20,127.44662662962912,129.68748351262275,123.83324755808935,126.04953987189829,1483441.9
2024-05-21,126.04953987189829,130.26993281696787,124.89782728634404,129.09043561669625,935589.51
2024-05-22,129.09043561669625,131.0486703439416,126.15824417744714,128.1014769158735,1717881.01
2024-05-23,128.1014769158735,130.03382829710108,122.44337651801264,124.31866594982995,1002604.95
2024-05-24,124.31866594982995,124.96454847280295,121.66612023793749,122.30152293950351,1101534.85
2024-05-25,122.30152293950351,125.32794012885387,120.92231554767925,123.9303641203296,1236411.26
2024-05-26,123.9303641203296,126.24429983127331,121.1979817712795,123.50395590473157,1787594.12
2024-05-27,123.50395590473157,124.3357396519288,122.45455043939477,123.2848585935133,968285.89
2024-05-28,123.2848585935133,127.21903363407006,121.451550947963,125.35494279872945,1290633.7
2024-05-29,125.35494279872945,127.76738848244794,121.61408497524491,124.00046382114914,1456492.28
2024-05-30,124.00046382114914,126.19114014358126,122.94753109867145,125.12862777353467,1383254.56
2024-05-31,125.12862777353467,126.25195828085074,122.85499741780005,123.96790766936273,1396084.89
2024-06-01,123.96790766936273,126.26407943926121,122.7101137616127,124.99585584070087,1451643.86
2024-06-02,124.99585584070087,127.06612549596358,122.26255215799107,124.32165522645906,1044607.14
2024-06-03,124.32165522645906,125.55332540390677,122.68514884441882,123.91276812625755,1829909.48
2024-06-04,123.91276812625755,126.72034818613223,122.58040510682173,125.37229174522491,1167114.2
2024-06-05,125.37229174522491,127.48033995544135,124.61984300435866,126.71980383132338,1129030.73
2024-06-06,126.71980383132338,129.22761550936957,123.93672251156032,126.43897655857474,1680729.51
2024-06-07,126.43897655857474,128.7227647388953,123.34513743831111,125.61402503504543,1024986.91
2024-06-08,125.61402503504543,130.14593347971157,124.00559049950063,128.50053836020174,1300034.89
2024-06-09,128.50053836020174,132.09052474005907,126.0217525299029,129.59070942137424,1001614.2
2024-06-10,129.59070942137424,131.45240434356347,127.04006004427812,128.89171321506615,2252702.28
2024-06-11,128.89171321506615,131.37467046782933,125.2623561251364,127.72279546156865,2137175.69
2024-06-12,127.72279546156865,130.23773629062515,127.09597724623424,129.60169709196902,1167379.29
2024-06-13,129.60169709196902,130.61525737270614,128.81653977176637,129.82872466648607,1366545.26
2024-06-14,129.82872466648607,132.15698010214265,127.22128299400227,129.54444027686478,1201560.96
2024-06-15,129.54444027686478,131.01090169382448,128.30628832141358,129.77058827482227,1099847.67
2024-06-16,129.77058827482227,131.5391826185752,128.64407073339842,130.40713928056286,1236431.53
2024-06-17,130.40713928056286,132.43862644504,128.28815013671942,130.31825262158623,1187881.18
2024-06-18,130.31825262158623,134.33914035821496,128.57904322125833,132.5698810360556,820496.78
2024-06-19,132.5698810360556,136.0723411358908,131.48369771510096,134.96652144790224,1281559.1
2024-06-20,134.96652144790224,137.24706999802524,133.73002693358865,136.00109722745714,1187378.98
2024-06-21,136.00109722745714,139.9825635745685,134.72936352706574,138.68572615698417,1297412.21
2024-06-22,138.68572615698417,139.31181052968725,138.09298836921684,138.71893082636151,1176968.56
2024-06-23,138.71893082636151,140.954681785434,137.86831040277312,140.09561954690625,1096624.38
2024-06-24,140.09561954690625,143.77474984911166,138.45992682693858,142.11547422481948,1493390.55
2024-06-25,142.11547422481948,146.51177956496312,139.83126801922765,144.19416282871367,1371088.78
2024-06-26,144.19416282871367,147.48448611750072,142.8181368050108,146.09036488574307,1701199.14
2024-06-27,146.09036488574307,148.72900710578554,144.79010944928487,147.41694464464942,1357987.74
2024-06-28,147.41694464464942,153.64725465571536,145.39596288704186,151.56934641487274,1142158.53
2024-06-29,151.56934641487274,152.30151268435415,149.70894933691127,150.4356391546229,1400058.03
2024-06-30,150.4356391546229,151.76752196434845,148.79478587131265,150.12390877429561,731372.97
2024-07-01,150.12390877429561,150.9865886478825,148.82717632540445,149.68734752059208,2030417.69
2024-07-02,149.68734752059208,151.74249974972318,146.8837767509537,148.92851042586082,1285202.88
2024-07-03,148.92851042586082,149.52758314331712,144.2357094078807,144.81824838142606,2071836.75
2024-07-04,144.81824838142606,149.1629827390371,143.36125939090218,147.67723007475084,965591.21
2024-07-05,147.67723007475084,149.55734980151047,143.71538545852826,145.56866040063457,907474.52
2024-07-06,145.56866040063457,148.41764944897713,143.09309676611684,145.93584147510273,1314925.33
2024-07-07,145.93584147510273,148.1309971619608,140.89794330342804,143.04968565677098,1313841.44
2024-07-08,143.04968565677098,147.0654005255055,140.3358133700463,144.32729011949482,1305887.32
2024-07-09,144.32729011949482,146.38219484606617,140.71874405530903,142.7512088338944,1257063.08
2024-07-10,142.7512088338944,143.933961616459,139.33049642515218,140.49455187182036,1025614.83
2024-07-11,140.49455187182036,141.76725192880605,139.6275557935032,140.8977675942158,827772.11
2024-07-12,140.8977675942158,141.32306514789585,139.10481981305546,139.525976638692,1288023.92
2024-07-13,139.525976638692,140.50218089180615,137.44648909947804,138.4149197574593,870814.37
2024-07-14,138.4149197574593,139.3872885256986,137.79713571280305,138.76792890365144,850500.72
2024-07-15,138.76792890365144,141.57604133773737,137.5681350071159,140.36246104297777,1091075.17
2024-07-16,140.36246104297777,142.41826670567255,136.73252903772766,138.7649367096322,1336409.18
2024-07-17,138.7649367096322,140.77100761932675,134.87259774129606,136.85099960402832,1972420.3
2024-07-18,136.85099960402832,137.97068457160782,135.79355251464006,136.9127602579108,1532861.7
2024-07-19,136.9127602579108,139.51559759369886,135.38564317905343,137.97661434731785,1717081.34
2024-07-20,137.97661434731785,141.70683391417538,137.16229178743913,140.87540302742764,1413030.91
2024-07-21,140.87540302742764,142.43258069634655,137.24113868705714,138.7751004919147,1315260.82
2024-07-22,138.7751004919147,140.32681063829145,136.6244398442666,138.16937711054132,2245142.82
2024-07-23,138.16937711054132,141.5442340107042,137.14369841826309,140.50124506255304,862092.81
2024-07-24,140.50124506255304,145.455265944264,139.56404270077002,144.49144725663544,1082219.45
2024-07-25,144.49144725663544,147.32815252708312,139.69719855030002,142.49470305906578,1103543.77
2024-07-26,142.49470305906578,144.15736305914498,139.38586466784818,141.03145111767776,1500368.6
2024-07-27,141.03145111767776,143.5283628620464,139.32251952161008,141.80999732621405,939532.72
2024-07-28,141.80999732621405,142.11351235968306,140.3725442441185,140.67362711165984,1452344.23
2024-07-29,140.67362711165984,141.41541800745375,138.45494048507774,139.18890222750127,1387126.05
2024-07-30,139.18890222750127,140.86334747667442,138.01704367427922,139.68729287524695,1470582.26
2024-07-31,139.68729287524695,145.5653050642345,136.97908406143924,142.79681001008302,1463933.98
2024-08-01,142.79681001008302,143.53283492156606,139.47259877918177,140.19521415188652,1762796.5
2024-08-02,140.19521415188652,144.2808592412373,139.14946793505112,143.21260565304732,1185327.6
2024-08-03,143.21260565304732,146.05148419989305,139.25471878572773,142.07096682485508,1370068.9
2024-08-04,142.07096682485508,144.3060568106275,140.5564966318452,142.7839858663207,998185.88
2024-08-05,142.7839858663207,147.17707195157706,141.68007433096363,146.04792578708856,942822.54
2024-08-06,146.04792578708856,148.70745551337365,144.08818745376493,146.73845138948255,1865499.33
2024-08-07,146.73845138948255,148.3428076079796,144.54243731339957,146.14025316685064,979504.8
2024-08-08,146.14025316685064,150.48857064965966,143.32937931287356,147.6486835200889,1408675.04
2024-08-09,147.6486835200889,148.16508639473457,146.79016287647795,147.3053649908378,1370372.03
2024-08-10,147.3053649908378,150.8211340298998,144.91461916131328,148.41242083614935,1609730.51
2024-08-11,148.41242083614935,149.45480360872318,146.9618988139693,148.00139472210182,792764.87
2024-08-12,148.00139472210182,152.30670528451324,145.55640458346784,149.83148201601676,1499487.38
2024-08-13,149.83148201601676,152.41741848941257,144.38985708208475,146.92564175686726,1182716.08
2024-08-14,146.92564175686726,149.46540008175538,142.34949086149933,144.8534288910741,1032873.04
2024-08-15,144.8534288910741,147.40292493706065,139.51510189720057,142.01463366368753,1127065.3
2024-08-16,142.01463366368753,144.13438599740803,139.8000408707982,141.91835613775297,1555060.19
2024-08-17,141.91835613775297,142.56596857338997,138.26628346787282,138.9001228762072,1440703.72
2024-08-18,138.9001228762072,139.30769010102196,137.16143875199307,137.5650886570787,1162230.14
2024-08-19,137.5650886570787,138.6840120518882,134.34319100641702,135.4448690129884,902618.49
2024-08-20,135.4448690129884,139.83282546906156,133.966995176229,138.32354169355582,918682.6
2024-08-21,138.32354169355582,139.35366148299713,135.40076086079563,136.4166799145543,1448573.24
2024-08-22,136.4166799145543,138.51200257762585,131.9169284883305,133.97474368287834,871870.78
2024-08-23,133.97474368287834,136.47927674778168,131.96458895984475,134.4618140297389,1165072.05
2024-08-24,134.4618140297389,140.4070250778699,131.84052923432475,137.72218060644903,2345713.43
2024-08-25,137.72218060644903,138.9906453589471,136.24632796726024,137.51286485562713,1346100.33
2024-08-26,137.51286485562713,139.7327484947551,135.23510397407412,137.454037964947,1444674.24
2024-08-27,137.454037964947,142.14896741644168,135.3452731684975,140.00112621227842,920408.89
2024-08-28,140.00112621227842,144.57311710321997,137.22945513265006,141.766496128025,882934.86
2024-08-29,141.766496128025,144.90993055844885,139.50885411249618,142.63840335534886,1464153.22
2024-08-30,142.63840335534886,143.65175529130806,140.4810351660534,141.48620146625493,1118214.88
2024-08-31,141.48620146625493,142.74183246103968,141.16433405600495,142.4178456504684,1609183.53
2024-09-01,142.4178456504684,145.1845958249155,137.00744182536957,139.72181626173756,1243717.48
2024-09-02,139.72181626173756,141.80216830700732,136.4498943652684,138.51223668657065,2919499.66
2024-09-03,138.51223668657065,143.710126772471,136.20920490472642,141.35974962282194,1066350.0
2024-09-04,141.35974962282194,146.346198192857,139.0586398124996,144.00207555782796,1322606.54
2024-09-05,144.00207555782796,147.12145039155658,141.80695117338558,144.91244855460923,983915.89
2024-09-06,144.91244855460923,147.16243754655696,138.84167364277928,141.0314034306822,1592558.05
2024-09-07,141.0314034306822,143.67295649766183,136.06311985512414,138.6602608348386,1373620.09
2024-09-08,138.6602608348386,141.21909771462515,134.81683506563948,137.35152044627142,967561.87
2024-09-09,137.35152044627142,138.56379614959422,135.82550468755875,137.0349866377134,1136553.38
2024-09-10,137.0349866377134,137.38542722658042,134.30638353958108,134.65072684317144,1733738.83
2024-09-11,134.65072684317144,135.01378138109234,133.83699534091878,134.1988314474362,1682446.25
2024-09-12,134.1988314474362,138.99076138110425,132.85154354576574,137.60923476749144,863918.06
2024-09-13,137.60923476749144,140.76451610523534,135.2658002031464,138.40748758945787,1095081.89
2024-09-14,138.40748758945787,141.24893138519826,136.01898928836644,138.85274920350744,1939966.58
2024-09-15,138.85274920350744,140.14116559376902,135.61641880939297,136.88659119499098,1180014.95
2024-09-16,136.88659119499098,137.9035229480369,132.77453856099785,133.76830453357243,1288111.49
2024-09-17,133.76830453357243,135.25565103596517,130.02022640115865,131.48215358898938,1590509.71
2024-09-18,131.48215358898938,133.71548022447993,126.2324282542831,128.41363369287768,881862.73
2024-09-19,128.41363369287768,130.29531183945844,126.68558039342702,128.56521867153754,972774.66
2024-09-20,128.56521867153754,129.86393002320023,127.98455326411003,129.28003613935834,1134732.32
2024-09-21,129.28003613935834,130.38152932352452,126.4569034405241,127.54360183808032,1662757.65
2024-09-22,127.54360183808032,129.35936720026586,126.01337624240482,127.82575640816457,1587662.64
2024-09-23,127.82575640816457,132.04843505698966,126.3316364516914,130.52279021734108,1472944.04
2024-09-24,130.52279021734108,136.47528780765975,128.31024457778076,134.20040146336245,1188309.33
2024-09-25,134.20040146336245,138.23377245176601,131.68023981151165,135.68571790615945,1631849.43
2024-09-26,135.68571790615945,136.20245466898416,134.8514900185276,135.36701304625814,1184309.91
2024-09-27,135.36701304625814,137.62896587305062,134.54948608638506,136.80276790626522,1421643.45
2024-09-28,136.80276790626522,140.7213894335148,135.56349565552992,139.4580633278478,1545474.99
2024-09-29,139.4580633278478,140.481011297942,134.5793525245869,135.57380884533939,1880479.08
2024-09-30,135.57380884533939,139.7543973950562,134.30629827234515,138.4599040572717,1213174.42
2024-10-01,138.4599040572717,138.8383124987151,137.03920188965603,137.41475395456118,1123747.41
2024-10-02,137.41475395456118,137.85286501345917,135.96117968877562,136.39604285335062,1700785.83
2024-10-03,136.39604285335062,138.72712032434077,133.4100960892573,135.72978690862493,1733746.55
2024-10-04,135.72978690862493,136.88594057874883,135.20770606823984,136.36143014028715,1074094.45
2024-10-05,136.36143014028715,138.6568500952309,131.99273278558755,134.25265498603744,933385.6
2024-10-06,134.25265498603744,135.26186119649807,132.72404101028178,133.72931314708015,1668758.89
2024-10-07,133.72931314708015,135.761275265714,132.71751440122927,134.74181590309482,816188.22
2024-10-08,134.74181590309482,135.6902789181432,134.227985195989,135.1747970605552,805832.96
2024-10-09,135.1747970605552,136.2247544823751,134.87217571822745,135.9204637854773,1150558.85
2024-10-10,135.9204637854773,137.06154257692492,134.1797207853074,135.3157226570867,1231128.82
2024-10-11,135.3157226570867,138.99344859935243,133.01042658964087,136.6651628954209,920658.15
2024-10-12,136.6651628954209,141.31225335035748,134.12876702811278,138.73739845229716,1268439.8
2024-10-13,138.73739845229716,141.1591651778303,138.3061276982769,140.7217260620415,1282663.89
2024-10-14,140.7217260620415,141.95355733691133,140.36199276033412,141.5916003363231,1064201.32
2024-10-15,141.5916003363231,144.19718037499965,140.90369012475466,143.49999838106842,1995086.89
2024-10-16,143.49999838106842,147.58943883619796,141.2336718308014,145.29476711465287,1336109.27
2024-10-17,145.29476711465287,151.7722813801006,144.4683464924702,150.91389975077712,1591128.98
2024-10-18,150.91389975077712,154.49763372681568,149.98508706462505,153.55258104774458,833825.03
2024-10-19,153.55258104774458,156.31667623180564,150.61745961240845,153.37841972395523,832028.24
2024-10-20,153.37841972395523,156.10074597967113,148.74519917613577,151.43299594430468,1346269.2
2024-10-21,151.43299594430468,153.56293221982065,148.77081424083903,150.89315757856136,1907962.62
2024-10-22,150.89315757856136,151.64041792373692,149.46135331320284,150.2052067552561,932242.42
2024-10-23,150.2052067552561,152.6535585836605,148.87428567069378,151.31282325771085,1243793.17
2024-10-24,151.31282325771085,152.25870896630738,148.90396065781354,149.84064348606918,881216.0
2024-10-25,149.84064348606918,154.55266026814277,147.7289062615774,152.40478601762908,1002669.46
2024-10-26,152.40478601762908,154.8491696472406,147.06176464935092,149.45889992190456,1259354.62
2024-10-27,149.45889992190456,150.14019441697027,145.40171379516175,146.06754913306466,1060954.27
2024-10-28,146.06754913306466,148.7206039706952,143.15798267995547,145.80629225536063,865836.3
2024-10-29,145.80629225536063,147.31259757062296,142.6089501669078,144.0976032443995,861002.5
2024-10-30,144.0976032443995,146.4478503384521,139.26570902610925,141.57480908151078,748877.04
2024-10-31,141.57480908151078,141.98954922194739,139.91155116836708,140.32262305870807,1351841.19
2024-11-01,140.32262305870807,141.51402686861292,137.65838828631752,138.83717999931466,1393358.21
2024-11-02,138.83717999931466,139.188330394431,138.52256702758777,138.87363481401397,1391608.0
2024-11-03,138.87363481401397,140.94739663547313,135.62173116363286,137.67763342505268,956023.87
2024-11-04,137.67763342505268,138.14988387988836,136.18019567125177,136.6489175096604,1543124.69
2024-11-05,136.6489175096604,137.76125404718275,135.54354470589317,136.65582536477905,1431920.03
2024-11-06,136.65582536477905,140.87349200517642,134.45956451280009,138.64525803331117,1202190.32
2024-11-07,138.64525803331117,143.76584486219446,136.49883580535317,141.57408037397516,1153861.76
2024-11-08,141.57408037397516,143.80602061311265,139.65926075803605,141.88696911031704,1020244.89
2024-11-09,141.88696911031704,144.42002588138692,139.83069044308263,142.35693627540365,1259055.72
2024-11-10,142.35693627540365,144.31038148042416,140.05718323741004,142.0058102333488,1797925.51
2024-11-11,142.0058102333488,144.92851052850116,140.08263019432732,142.99197489376854,1594859.61
2024-11-12,142.99197489376854,144.99252033984254,141.8060304087958,143.79987530376297,1125546.79
2024-11-13,143.79987530376297,146.9045724989814,143.43937150794173,146.53720626187686,1372970.89
2024-11-14,146.53720626187686,147.99567133675373,141.27437715329967,142.69459725837686,911160.74
2024-11-15,142.69459725837686,143.09674969304703,141.83858685681008,142.23945658046486,1440281.17
2024-11-16,142.23945658046486,144.4322219878981,140.7545316844716,142.93998385815124,974926.95
2024-11-17,142.93998385815124,144.41990177183538,141.42440248193301,142.9039472938749,1426017.29
2024-11-18,142.9039472938749,143.64947542500838,140.30078281184873,141.03656885267787,2520833.51
2024-11-19,141.03656885267787,143.30961424012463,136.25488689917296,138.48683903219043,1040621.83
2024-11-20,138.48683903219043,142.14661720246508,136.45443829011998,140.0906788786512,2491842.47
2024-11-21,140.0906788786512,141.7818131705009,136.94328390951407,138.6166238337841,1356598.45
2024-11-22,138.6166238337841,141.20409086584527,132.71281790805412,135.23720348202013,994928.05
2024-11-23,135.23720348202013,137.88208652180703,134.26763819785688,136.9005957661675,983593.59
2024-11-24,136.9005957661675,138.73353438141697,135.98109196452234,137.8079363541378,2167469.72
2024-11-25,137.8079363541378,138.53857262835092,136.86933772853396,137.5988655417728,1357396.77
2024-11-26,137.5988655417728,139.22252062163852,134.2450763197515,135.84807218475578,1041626.41
2024-11-27,135.84807218475578,136.62192112194538,134.8739365976865,135.6466380797406,1140488.19
2024-11-28,135.6466380797406,140.4481154372322,133.25381505063555,138.01353997371587,1336448.2
2024-11-29,138.01353997371587,139.04554668977835,133.90703462846153,134.91587834467728,1197386.65
2024-11-30,134.91587834467728,136.3779290935141,130.55205593871338,131.98231638598537,1308388.65
2024-12-01,131.98231638598537,133.50423005027972,129.32352479918168,130.83217597149527,1869599.58
2024-12-02,130.83217597149527,131.81834153359813,129.81261501346768,130.7985269413673,905135.06
2024-12-03,130.7985269413673,132.79863957185935,127.9134673543131,129.89983762939957,1409844.11
2024-12-04,129.89983762939957,132.99630709381086,128.02183503734037,131.1009397920192,1178328.79
2024-12-05,131.1009397920192,135.23952601980247,129.0433631779643,133.14979346987207,1059249.06
2024-12-06,133.14979346987207,135.41684329927898,131.4312865455192,133.69134678005554,1568884.88
2024-12-07,133.69134678005554,136.15638621143628,132.31656105899742,134.7705032211699,832739.13
2024-12-08,134.7705032211699,136.6698469707677,133.41194812062636,135.3058948507594,664123.75
2024-12-09,135.3058948507594,137.35647216230956,133.29015876013477,135.3402246394657,1269286.35
2024-12-10,135.3402246394657,136.5294097047307,131.73660242743532,132.90438465747022,1159253.92
2024-12-11,132.90438465747022,134.2162407853803,129.71004302486256,131.00313250870377,855653.09
2024-12-12,131.00313250870377,131.65108450146843,127.90533442257708,128.54110904999365,782456.8
2024-12-13,128.54110904999365,130.37067941488831,126.46097128641075,128.28692374332476,1944451.44
2024-12-14,128.28692374332476,129.15978086765645,127.85271798593506,128.72409543906008,1347263.19
2024-12-15,128.72409543906008,131.27659370469132,123.62843257280208,126.1294816741385,1205908.21
2024-12-16,126.1294816741385,126.85326936446113,125.55089088089122,126.2740155543577,2077432.56
2024-12-17,126.2740155543577,127.39704754453835,123.62728147547742,124.73664065110734,1549352.62
2024-12-18,124.73664065110734,125.5199931648828,122.10895247124712,122.88064926372643,1867574.91
2024-12-19,122.88064926372643,123.769303228478,120.93304296893406,121.81398296700881,893448.2
2024-12-20,121.81398296700881,122.7646385960737,118.97871631637481,119.91454845749085,885124.83
2024-12-21,119.91454845749085,122.76745895807491,118.12421711374768,120.96149661602823,1400165.39
2024-12-22,120.96149661602823,121.58825702817832,120.06368730270839,120.68903596355234,1331021.06
2024-12-23,120.68903596355234,122.92621691906267,119.87445524087582,122.10209884468134,1640066.95
2024-12-24,122.10209884468134,122.56873761105264,120.88989423999904,121.3536727391192,798216.3
2024-12-25,121.3536727391192,122.32041007237846,119.71297417781275,120.67429943310754,1430781.66
2024-12-26,120.67429943310754,126.27412625620744,118.38844445065122,123.92666384425772,1536702.24
2024-12-27,123.92666384425772,125.02241865812748,120.05982821388459,121.13086266080214,1516438.62
2024-12-28,121.13086266080214,125.33738868373291,119.19372706720858,123.36453204942379,1083989.22
2024-12-29,123.36453204942379,127.6003753563864,122.0925609607033,126.29815663011715,1366121.02
2024-12-30,126.29815663011715,128.9764495009148,125.02345531255526,127.68772357003773,988474.22
2024-12-31,127.68772357003773,129.83689655147552,124.96851760781789,127.10793183805869,1115257.18
2025-01-01,127.10793183805869,130.03468039861943,126.79235459940035,129.71263632945707,924582.93
2025-01-02,129.71263632945707,131.99142234500388,126.87082577393085,129.13954372322246,992682.03
2025-01-03,129.13954372322246,130.5256955755743,126.50054519928683,127.87310339507036,1129845.59
2025-01-04,127.87310339507036,128.93704461326598,126.13029122248582,127.18853664727182,1061398.49
2025-01-05,127.18853664727182,129.5190159076415,123.87074390457923,126.18279493018224,992650.83
2025-01-06,126.18279493018224,127.2070797720616,123.51001299102857,124.52080669604933,867120.17
2025-01-07,124.52080669604933,128.9839835955995,122.08037914217856,126.50467509301289,1959316.14
2025-01-08,126.50467509301289,128.8898469880333,122.78482523087423,125.14434896993164,1058847.25
2025-01-09,125.14434896993164,125.99816103527385,124.25329641431125,125.1068526566382,1303187.19
2025-01-10,125.1068526566382,126.12407757905325,121.59786304704087,122.59466172443547,773042.36
2025-01-11,122.59466172443547,124.70122258855669,120.55725910077113,122.66268941168127,1684946.55
2025-01-12,122.66268941168127,123.339907848304,120.02321711732512,120.68954184276102,1251210.8
2025-01-13,120.68954184276102,122.52102110698647,116.90553234473884,118.70692514651998,1073960.18
2025-01-14,118.70692514651998,119.22029943654252,118.02522251980362,118.53786567483856,1076307.59
2025-01-15,118.53786567483856,121.02220974663418,117.86209321788336,120.33618525054241,1491338.47
2025-01-16,120.33618525054241,122.4351806909026,119.0113916032519,121.10195658689153,573525.83
2025-01-17,121.10195658689153,123.87281336164013,119.23385341671994,121.99099598433612,976552.49
2025-01-18,121.99099598433612,123.85864343665558,119.91730579228157,121.78174974417719,1164801.4
2025-01-19,121.78174974417719,123.36011439956891,119.64883541184237,121.21991839534856,1161449.49
2025-01-20,121.21991839534856,123.44316111703623,120.38373998832583,122.59748024959194,2244874.34
2025-01-21,122.59748024959194,123.75931224100907,120.48734453245845,121.64010365588399,1102878.07
2025-01-22,121.64010365588399,123.88948104202481,120.85773192821284,123.09773404442937,1537070.46
2025-01-23,123.09773404442937,126.1569688774457,122.23773466470031,125.28171154588532,1887467.25
2025-01-24,125.28171154588532,126.26116802244256,122.84760486657073,123.81559922957724,1419032.18
2025-01-25,123.81559922957724,125.39787081543616,121.05401385963437,122.62101960329348,1013964.14
2025-01-26,122.62101960329348,123.32446058667443,120.99540070610017,121.69352090025707,870401.8
2025-01-27,121.69352090025707,122.03015576616338,118.88102712015188,119.21079413981707,1445819.99
2025-01-28,119.21079413981707,120.9350809691389,116.72362978345099,118.43672026604007,1810454.4
2025-01-29,118.43672026604007,120.93829447886722,118.15335861127389,120.64963838384371,1375493.16
2025-01-30,120.64963838384371,122.99918473062941,116.57878659917334,118.894146270077,1633432.45
2025-01-31,118.894146270077,122.16248327825204,117.90671383708883,121.15626364560856,2294025.92
2025-02-01,121.15626364560856,121.41292891353714,120.17561368825352,120.43074196410947,1479442.2
2025-02-02,120.43074196410947,126.32203277900445,118.27231770326559,124.09788403384545,911342.35
2025-02-03,124.09788403384545,125.6859003234913,121.3495481400471,122.92252395608442,1215416.42
2025-02-04,122.92252395608442,124.97693563499062,120.63681076039514,122.68729097608514,1690248.15
2025-02-05,122.68729097608514,123.89336162767965,119.94291097850034,121.1337092303748,1127639.61
2025-02-06,121.1337092303748,122.14823722300574,118.97160461684452,119.97644016407585,1748481.95
2025-02-07,119.97644016407585,123.96826408088593,118.32155593756816,122.28158405957656,1180086.02
2025-02-08,122.28158405957656,124.26508841323574,121.1433851494547,123.11909394788438,1304615.57
2025-02-09,123.11909394788438,126.43790818381662,121.64021758457015,124.9371932574585,1099258.98
2025-02-10,124.9371932574585,125.811855035032,121.79174099527692,122.65039331682793,1248828.16
2025-02-11,122.65039331682793,124.79439030618404,121.67070891072409,123.8054795135677,1265457.12
2025-02-12,123.8054795135677,124.23625247593537,121.70700576315572,122.13195581069026,802668.14
2025-02-13,122.13195581069026,124.0939685234764,117.93417937487612,119.8596888096022,1074572.85
2025-02-14,119.8596888096022,121.27499982892415,118.86733270386586,120.27917070052408,881632.07
2025-02-15,120.27917070052408,123.04201992649952,117.92771476349188,120.68267547728838,1083876.98
2025-02-16,120.68267547728838,121.59444438469059,119.87703910861099,120.78810420976386,983665.49
2025-02-17,120.78810420976386,123.32136250962239,119.51367517365291,122.03379030400183,1545390.84
2025-02-18,122.03379030400183,124.49113611018883,121.11858817854463,123.56445464564575,1549870.75
2025-02-19,123.56445464564575,128.00121753644547,121.77392454706231,126.17288950368344,1380430.07
2025-02-20,126.17288950368344,128.2611248320774,122.02926398117503,124.08290890477227,874073.55
2025-02-21,124.08290890477227,128.12483872060506,122.74700834097379,126.76011484060093,1170917.77
2025-02-22,126.76011484060093,131.31319979369442,125.66938258324987,130.1929292121375,856863.61
2025-02-23,130.1929292121375,132.19861947430522,127.54070754841969,129.53628181349677,1156615.66
2025-02-24,129.53628181349677,130.24176111888863,125.8435390282487,126.53266003637188,1410828.12
2025-02-25,126.53266003637188,128.15106262321703,122.51024425342511,124.09750018611868,1537792.02
2025-02-26,124.09750018611868,125.9844324952056,121.4299737120715,123.30485363996311,1350578.14
2025-02-27,123.30485363996311,127.74899418851099,122.46060343230903,126.88026367392241,1643682.99
2025-02-28,126.88026367392241,128.67794510519005,125.12898765361386,126.92603729050496,1280512.84
2025-03-01,126.92603729050496,128.85963750503458,123.9217385965507,125.83877538646087,1131938.32
2025-03-02,125.83877538646087,126.35641310479085,124.12789543660756,124.64060447971455,1492924.11
2025-03-03,124.64060447971455,125.61658213225766,121.3888819536086,122.34689912548336,1505222.28
2025-03-04,122.34689912548336,125.03704636779996,121.20742019614019,123.88325854142,1052616.15
2025-03-05,123.88325854142,125.86133141357062,121.76119816541936,123.73693464987875,1319254.92
2025-03-06,123.73693464987875,129.03632443539726,122.22547656077494,127.4791547816313,1114876.03
2025-03-07,127.4791547816313,129.9294786021373,126.19262157294622,128.63131764312968,726274.57
2025-03-08,128.63131764312968,131.17165053371275,127.63598084602786,130.1644505016161,1339569.35
2025-03-09,130.1644505016161,130.43429502401537,129.46637307536236,129.73532798188768,868221.0
2025-03-10,129.73532798188768,130.04201732024518,127.46350191606378,127.76553473876102,1302619.98
2025-03-11,127.76553473876102,128.5740391391665,125.41423826431799,126.21291765402934,817499.47
2025-03-12,126.21291765402934,126.73044500219214,123.30117619652675,123.80884581421968,1002407.68
2025-03-13,123.80884581421968,125.9478824492336,123.29472230863978,125.42703930014022,1076722.66
2025-03-14,125.42703930014022,127.0386906160201,123.1583802843836,124.76147961539886,1620529.18
2025-03-15,124.76147961539886,128.0985579080692,123.15228162078058,126.46735717070118,1050160.27
2025-03-16,126.46735717070118,127.08120805098021,126.1125026699608,126.72562886621373,917207.84
2025-03-17,126.72562886621373,128.33388285317014,124.61554667552824,126.21735018180445,1314436.2
2025-03-18,126.21735018180445,126.80107193999913,123.58880008154982,124.16302111282917,1136641.84
2025-03-19,124.16302111282917,125.80450663527657,123.07162030685039,124.7083126819285,1462228.58
2025-03-20,124.7083126819285,127.17932178339065,121.87473592646846,124.33841577616636,931789.42
2025-03-21,124.33841577616636,127.3842410063877,122.92144318660316,125.94891501205795,1264953.08
2025-03-22,125.94891501205795,126.27831981949137,124.37067119155778,124.69680124036536,2224902.86
2025-03-23,124.69680124036536,126.84115603213563,123.66707405574587,125.80229980878272,1130321.17
2025-03-24,125.80229980878272,130.5815792388957,124.03148564542057,128.76900523493336,1257347.27
2025-03-25,128.76900523493336,130.06260566510116,127.99088479318154,129.2813890101821,792202.29
2025-03-26,129.2813890101821,133.27088776564202,126.77849016645307,130.7397548337622,969549.97
2025-03-27,130.7397548337622,133.08915449081437,129.4774250357918,131.8164290943243,1346154.13
2025-03-28,131.8164290943243,135.73860322308818,131.5027624736029,135.41637028483126,1105001.97
2025-03-29,135.41637028483126,137.74257637085645,133.82791040186936,136.1455629190464,1399240.79
2025-03-30,136.1455629190464,139.46421040185484,134.2161878863534,137.5154225226408,1334499.38
2025-03-31,137.5154225226408,138.91915811650566,136.0581573888425,137.4613409263614,863133.59
2025-04-01,137.4613409263614,140.03284055660723,133.43757505723252,135.9813891178282,1546737.89
2025-04-02,135.9813891178282,138.46097969846033,131.25733524344608,133.6952383704054,879545.77
2025-04-03,133.6952383704054,136.73956085365302,133.09343849179032,136.1268157611587,991130.65
2025-04-04,136.1268157611587,136.59496500271874,133.75511883240804,134.21669905461317,1270858.66
2025-04-05,134.21669905461317,136.68903388859252,133.19375816754007,135.65512991162646,1775491.54
2025-04-06,135.65512991162646,138.23813349489487,133.89888597634155,136.47132280973284,933655.71
2025-04-07,136.47132280973284,140.04327679526594,134.72057101397985,138.26945724413966,1245133.4
2025-04-08,138.26945724413966,139.22207514996364,136.33786777886687,137.28369419545095,1247730.97
2025-04-09,137.28369419545095,139.90853232287333,133.17831644981607,135.77429515460173,1414337.96
2025-04-10,135.77429515460173,137.54680985431403,134.75164711440982,136.51855606262026,1613376.51
2025-04-11,136.51855606262026,138.76777979919777,133.73169781345257,135.97191532138223,1084699.23
2025-04-12,135.97191532138223,138.28012604796854,131.37408336631265,133.64275509990588,1545401.69
2025-04-13,133.64275509990588,137.8891898325832,133.13867730140637,137.37104953999554,1673474.47
2025-04-14,137.37104953999554,138.22082031623313,135.01896807463802,135.8593877831739,1874442.63
2025-04-15,135.8593877831739,136.65735071621287,133.1939755340023,133.98090529946398,1360432.12
2025-04-16,133.98090529946398,136.46674999772688,131.06149406037804,133.53914241208676,1248172.88
2025-04-17,133.53914241208676,137.07186860265526,132.4281116193522,135.9408558218283,1065746.44
2025-04-18,135.9408558218283,138.25952885424198,129.60797732181825,131.85699403093304,833247.03
2025-04-19,131.85699403093304,135.4928784370131,130.45873973939536,134.07114457562793,1119445.16
2025-04-20,134.07114457562793,135.44268471516278,131.0168479918101,132.3709957056614,1234179.02
2025-04-21,132.3709957056614,135.30927738827313,129.95369159061525,132.88263001999508,1167597.81
2025-04-22,132.88263001999508,134.20298177425028,130.32691462870673,131.6348683417696,1393405.92
2025-04-23,131.6348683417696,137.4955784472403,129.60672589202753,135.40928233847123,834250.33
2025-04-24,135.40928233847123,136.97179832226678,134.1041000205498,135.6641592975781,1146630.9
2025-04-25,135.6641592975781,136.18424891524208,133.81438347797834,134.32935591965366,1975880.13
2025-04-26,134.32935591965366,134.72639404334848,133.3795388153085,133.77493824318364,1539136.04
2025-04-27,133.77493824318364,134.73054128993735,133.00595666402592,133.96049308159976,1399855.6
2025-04-28,133.96049308159976,136.32812637638781,131.95097521457546,134.31331587648418,1323119.43
2025-04-29,134.31331587648418,136.34428538979583,133.1413388528369,135.16487789572756,1095229.13
2025-04-30,135.16487789572756,136.55361834125796,133.78971901572027,135.17832267492133,773990.25
2025-05-01,135.17832267492133,135.69656597236295,132.08033213903167,132.58864720294184,1345282.06
2025-05-02,132.58864720294184,134.34076332257214,130.22440964454455,131.9683284523755,650648.63
2025-05-03,131.9683284523755,135.31195310445085,129.79585688362437,133.1205141762105,1106202.07
2025-05-04,133.1205141762105,134.88360198806714,130.13524890363357,131.8819325711296,1198902.75
2025-05-05,131.8819325711296,135.7840161023652,129.28081816292567,133.15773889776017,1073070.27
2025-05-06,133.15773889776017,133.53899326882532,132.85225573056826,133.23333666938007,2065076.6
2025-05-07,133.23333666938007,133.53738272337196,132.53668187058346,132.839829919786,1893462.67
2025-05-08,132.839829919786,136.60310056391867,131.3785783929651,135.11680211332236,1553521.81
2025-05-09,135.11680211332236,136.03496740705737,130.95795704547032,131.85395013412767,952171.48
2025-05-10,131.85395013412767,133.74700199196272,128.74181976548704,130.61711413726024,1939975.59
2025-05-11,130.61711413726024,135.09166092004472,128.49095712807903,132.92788960970674,1400828.49
2025-05-12,132.92788960970674,136.9513374094411,132.41693522534135,136.42693323896455,948215.62
2025-05-13,136.42693323896455,143.53199737884597,133.9013858931016,140.92321448054244,1209855.32
2025-05-14,140.92321448054244,141.39841185362596,140.56546499309928,141.0403649664503,1524955.56
2025-05-15,141.0403649664503,144.01613617465216,139.01061489454887,141.97296480600465,1033139.11
2025-05-16,141.97296480600465,144.92113197674522,140.70642202878955,143.63972005298288,1242909.12
2025-05-17,143.63972005298288,148.3188112028694,141.6267665426298,146.26901105599887,1298799.86
2025-05-18,146.26901105599887,147.48728222860325,145.71941200619378,146.9351800794768,911291.92
2025-05-19,146.9351800794768,151.69793371893817,144.16288854057575,148.88878268878906,1121647.23
2025-05-20,148.88878268878906,152.70593886992899,146.0787525645917,149.87725299947763,928630.75
2025-05-21,149.87725299947763,152.71929420716975,148.17626388325934,151.00550036936647,1491061.91
2025-05-22,151.00550036936647,152.69261258595117,147.4105234314361,149.07607914772106,956291.69
2025-05-23,149.07607914772106,151.077656187719,146.4092811624705,148.40180502906676,1290813.3
2025-05-24,148.40180502906676,150.2481076665712,145.4940977181459,147.32702880551395,847709.39
2025-05-25,147.32702880551395,149.0631066758714,143.18225053105584,144.88960620789084,903898.99
2025-05-26,144.88960620789084,146.71600354408525,139.7792854748953,141.56375904192862,893017.82
2025-05-27,141.56375904192862,144.03480302642024,138.27896745079866,140.73555484691002,1116197.44
2025-05-28,140.73555484691002,142.56500475751452,138.4055596396161,140.22841716503564,1255353.19
2025-05-29,140.22841716503564,141.22949644482125,139.45365258191126,140.45348833932073,1314571.01
2025-05-30,140.45348833932073,144.19000558009304,137.8620629487239,141.57783551554917,770483.36
2025-05-31,141.57783551554917,142.80750598135646,140.74432557967802,141.97167738374628,1150459.83
2025-06-01,141.97167738374628,142.6776898297962,140.77048495343524,141.4740226068165,994692.66
2025-06-02,141.4740226068165,144.29601072531725,136.88672888978724,139.67278770192797,1371446.72
2025-06-03,139.67278770192797,142.25787162912874,138.85688904270918,141.4316982928136,1122336.28
2025-06-04,141.4316982928136,141.9693764160538,140.70820751372682,141.24517654086804,1175994.07
2025-06-05,141.24517654086804,142.95652143284633,138.6975824207161,140.39867094097332,996091.98
2025-06-06,140.39867094097332,142.7699325228631,137.6806047033931,140.0459083051956,1846853.69
2025-06-07,140.0459083051956,140.4791421371881,138.1908668631453,138.61968866620427,870599.43
2025-06-08,138.61968866620427,140.11981363082643,136.11129103363982,137.60038522366284,1085877.11
2025-06-09,137.60038522366284,138.04525306595104,136.0858380493236,136.52723635611315,1232717.61
2025-06-10,136.52723635611315,137.85379507319044,134.6688376424031,135.99017806475032,1126912.33
2025-06-11,135.99017806475032,138.39713130341667,134.8762441237651,137.27269192929043,991374.97
2025-06-12,137.27269192929043,138.6982319688517,136.65931230677506,138.0812394894,762922.12
2025-06-13,138.0812394894,143.79739238059213,135.49105934611438,141.14965376124064,1009489.06
2025-06-14,141.14965376124064,145.5330665286656,139.2543010618282,143.60474692266274,944098.61
2025-06-15,143.60474692266274,150.1841552517084,141.1383334684678,147.64829382523612,1825999.86
2025-06-16,147.64829382523612,151.56219829476598,144.94529628497443,148.8374312145052,2113817.47
2025-06-17,148.8374312145052,152.8136505852468,146.04772123815684,150.0021106313062,1184858.83
2025-06-18,150.0021106313062,152.3220527386605,146.68587455437395,148.99016586004765,844620.74
2025-06-19,148.99016586004765,151.89205837963996,147.86900448117788,150.75759695860913,1443156.29
2025-06-20,150.75759695860913,153.30853416639266,146.85628088556547,149.38397533423287,938992.71
2025-06-21,149.38397533423287,151.08146912682764,144.66631879611404,146.32909913721588,1046057.98
2025-06-22,146.32909913721588,150.56792799081356,145.32092521309738,149.5376479017712,1025427.06
2025-06-23,149.5376479017712,150.87510194460947,145.62420203278467,146.93840866553197,1058862.42
2025-06-24,146.93840866553197,148.96769798910674,145.84782833544145,147.8702018679207,1098165.98
2025-06-25,147.8702018679207,149.40682061078056,144.5415357622589,146.05933658576646,864111.1
2025-06-26,146.05933658576646,150.80554262289405,143.71303465794333,148.421298069072,1006841.44
2025-06-27,148.421298069072,152.73329118742498,146.82909194811762,151.11221792195363,1548532.36
2025-06-28,151.11221792195363,153.30339185129438,150.08141281726424,152.2647249723088,1189975.03
2025-06-29,152.2647249723088,155.54281028109088,151.72064423006492,154.9889950263174,1238189.23
2025-06-30,154.9889950263174,157.72153189306977,152.2916270694911,155.02356234020868,686780.55
2025-07-01,155.02356234020868,161.53768564284061,153.54887978736238,160.01551645297232,1520847.08
2025-07-02,160.01551645297232,163.34109608215476,158.4226250621204,161.73112646984958,1011001.66
2025-07-03,161.73112646984958,164.27790462032394,157.1900012768788,159.7048720223481,1589331.83
2025-07-04,159.7048720223481,162.6462845868861,156.94276397533383,159.8811281761335,1247186.55
2025-07-05,159.8811281761335,161.67189407435833,157.76883169551095,159.55595546151534,1042694.47
2025-07-06,159.55595546151534,161.69123234311462,156.883252479043,159.01123963518108,788892.01
2025-07-07,159.01123963518108,160.01377697600716,154.36964119727475,155.34908933742776,2066865.16
2025-07-08,155.34908933742776,159.16120263145223,152.42367599013147,156.21940026498223,1466873.66
2025-07-09,156.21940026498223,158.1288048236102,151.33543157458104,153.20802940343663,1488978.27
2025-07-10,153.20802940343663,155.49893191223669,145.64322852647672,147.8540739387008,1890853.82
2025-07-11,147.8540739387008,148.45374566347238,146.55771049298724,147.15454504399932,1269144.83
2025-07-12,147.15454504399932,149.13591876760475,143.64773297248666,145.60828698517696,1682736.89
2025-07-13,145.60828698517696,146.86650218353532,142.62019148994244,143.86332833292533,1064683.68
2025-07-14,143.86332833292533,145.31651102582592,136.3160686189147,137.70706608465693,1442988.33
2025-07-15,137.70706608465693,139.67337379405419,134.1343222025803,136.07735946713254,1025107.39
2025-07-16,136.07735946713254,138.30003287438035,133.54254416304914,135.76003441598385,1057975.16
2025-07-17,135.76003441598385,136.88529154685784,133.44947312357547,134.56482366131718,1229455.88
2025-07-18,134.56482366131718,137.71723986420562,132.18056867935525,135.31961135511895,874128.25
2025-07-19,135.31961135511895,138.8459063336695,134.51556584104105,138.02578123048525,1303010.83
2025-07-20,138.02578123048525,140.7403215902723,136.3512292368363,139.05330352333849,1109968.91
2025-07-21,139.05330352333849,141.76826337147506,138.3965855507992,141.10187047070178,730103.77
2025-07-22,141.10187047070178,144.38116134241616,140.08502041923506,143.34812367642508,1070264.79
2025-07-23,143.34812367642508,145.945219896794,138.75543003480144,141.31570408332698,1100822.78
2025-07-24,141.31570408332698,142.526377965296,141.00367590409695,142.21236992818137,1485172.12
2025-07-25,142.21236992818137,146.90955550775885,139.5841429210645,144.24378589924567,1288683.36
2025-07-26,144.24378589924567,145.3849326190816,142.24063790846958,143.3749107514262,1723211.41
2025-07-27,143.3749107514262,145.45733348499937,139.73921724848972,141.79874728332925,1366631.5
2025-07-28,141.79874728332925,143.40435770548518,141.28105008219546,142.8827030584523,1044806.07
2025-07-29,142.8827030584523,144.8177472633615,138.04350413550983,139.93867774020475,1182619.29
2025-07-30,139.93867774020475,142.50939365671775,135.28806599349596,137.8198585595829,1099999.3
2025-07-31,137.8198585595829,139.47281959165346,134.9059323439675,136.54358623201816,1355695.72
2025-08-01,136.54358623201816,138.60278376796722,135.38048243506205,137.4321113479469,1218081.52
2025-08-02,137.4321113479469,140.11960403398666,135.19411226398162,137.87440250515627,1025501.38
2025-08-03,137.87440250515627,141.9922625226476,135.82985504350754,139.91741905088546,1202582.92
2025-08-04,139.91741905088546,140.4936641975696,137.55398396398135,138.1228381902333,1346645.55
2025-08-05,138.1228381902333,140.0541584085118,134.34291678579126,136.24802214943315,933061.81
2025-08-06,136.24802214943315,139.19385463990733,134.3454813052301,137.27694610203412,1298972.73
2025-08-07,137.27694610203412,139.40948594240126,133.64353663062354,135.75239318011737,808682.24
2025-08-08,135.75239318011737,136.79680741707523,133.57987923126532,134.61554711623236,1582038.8
2025-08-09,134.61554711623236,135.85710680126175,129.93519213450483,131.14474055791058,1369049.58
2025-08-10,131.14474055791058,134.23989374888419,128.6161801234928,131.70061566168144,1803343.27
2025-08-11,131.70061566168144,136.27565735453825,130.07777109896412,134.6168779529512,907712.52
2025-08-12,134.6168779529512,136.1182720527859,131.20880640521327,132.68869531130412,1593104.28
2025-08-13,132.68869531130412,137.29539466802765,130.06632955440165,134.6345719775873,1516290.02
2025-08-14,134.6345719775873,135.46015620480372,133.71266228209285,134.5376521935714,1146557.01
2025-08-15,134.5376521935714,135.77040245476715,130.0356558186914,131.2381734032028,1092163.64
2025-08-16,131.2381734032028,133.29571290122234,127.57269052632911,129.60461932007698,914877.63
2025-08-17,129.60461932007698,131.5274088874582,125.98256906048387,127.87976907657517,857159.84
2025-08-18,127.87976907657517,130.3607148047773,124.85402416865085,127.32419134916354,994528.0
2025-08-19,127.32419134916354,129.86143017491983,125.56999425420499,128.09659141061636,876672.0
2025-08-20,128.09659141061636,132.50765559480507,127.11848304829793,131.5035328175568,1788276.27
2025-08-21,131.5035328175568,132.7078073761836,127.70558738605592,128.885890266813,824324.16
2025-08-22,128.885890266813,129.3517911887928,127.55839810914993,128.02117322374474,1245510.43
2025-08-23,128.02117322374474,130.40581909180904,124.07049954683532,126.4254214021285,1338096.17
2025-08-24,126.4254214021285,126.97107660687277,123.65888887449997,124.19491716852664,1312188.51
2025-08-25,124.19491716852664,125.84786964871493,122.72660201560544,124.3773970963666,1341305.92
2025-08-26,124.3773970963666,125.54239624200034,123.2300016476462,124.39483988162807,1520321.21
2025-08-27,124.39483988162807,124.94417060871906,120.7256657599325,121.26115806969155,1073410.56
2025-08-28,121.26115806969155,122.18910809263502,120.37912131391231,121.30673978183732,1226554.74
2025-08-29,121.30673978183732,122.9327647128311,117.67323739916846,119.27198802461601,1115085.61
2025-08-30,119.27198802461601,119.6118859651198,118.9663503540433,119.30616072608238,1661885.76
2025-08-31,119.30616072608238,123.8356937307444,116.99307535916721,121.48045358354481,2028482.62
2025-09-01,121.48045358354481,124.53840175611396,119.24962041198505,122.29265357049734,890331.08
2025-09-02,122.29265357049734,123.04641884764868,121.86183782674728,122.6144694027068,722199.65
2025-09-03,122.6144694027068,124.77620711404889,119.57023860497875,121.71613841411593,1383483.3
2025-09-04,121.71613841411593,122.81007375289268,120.75284257880486,121.84575211818512,1568178.54
2025-09-05,121.84575211818512,123.22911121917383,121.45400826851372,122.83418946428712,1957299.83
2025-09-06,122.83418946428712,124.58603042898447,121.91170089143105,123.65735982121538,1443100.82
2025-09-07,123.65735982121538,125.70512259554935,121.45368549359645,123.49882290050336,1701085.87
2025-09-08,123.49882290050336,125.62623100718024,121.77169604403068,123.89358343795823,1817272.48
2025-09-09,123.89358343795823,124.67337867306465,120.85870202989473,121.62421368654826,1730682.78
2025-09-10,121.62421368654826,123.44190903628629,118.58374676009413,120.38289031282106,1495725.97
2025-09-11,120.38289031282106,123.39979762940091,118.60835260358944,121.60721245672201,870897.64
2025-09-12,121.60721245672201,124.96955414596557,119.73792663796675,123.07766525533594,1197494.06
2025-09-13,123.07766525533594,124.7012914144586,121.63374023833119,123.25528262247055,1293473.47
2025-09-14,123.25528262247055,127.98087347314592,121.19186325674315,125.87362045681586,1170427.6
2025-09-15,125.87362045681586,128.51310405253835,124.16872269673011,126.79571693828817,1188622.49
2025-09-16,126.79571693828817,127.33550986081937,125.85565348549254,126.39373509664553,1775582.56
2025-09-17,126.39373509664553,128.48992561902156,122.18783227422098,124.24844398493626,993137.29
2025-09-18,124.24844398493626,127.80844555993025,123.2758487982193,126.81575391804917,1465336.12
2025-09-19,126.81575391804917,130.10278922990128,124.95275124233447,128.219169502222,1298788.57
2025-09-20,128.219169502222,133.3967908027401,126.4045642833428,131.53525511102023,968446.98
2025-09-21,131.53525511102023,136.73316288977034,130.4768664961063,135.64173181647675,916834.03
2025-09-22,135.64173181647675,136.3077742060986,132.55880850014125,133.21292470398333,784265.86
2025-09-23,133.21292470398333,135.14574374333333,128.9341475047377,130.83242732297714,1354883.96
2025-09-24,130.83242732297714,133.09352832809398,123.48739871156039,125.65909196029985,1181175.77
2025-09-25,125.65909196029985,129.49139646454162,123.511808825883,127.31580317763141,976165.83
2025-09-26,127.31580317763141,130.22417381629296,125.6254201628121,128.51783136842343,750733.37
2025-09-27,128.51783136842343,129.49518167498368,127.73472970109947,128.71090355494826,1337094.91
2025-09-28,128.71090355494826,129.70091943294173,125.54174986594352,126.51487437187973,1148997.4
2025-09-29,126.51487437187973,128.48639339315207,124.40158760296951,126.37086244340793,1003905.8
2025-09-30,126.37086244340793,127.9068290388778,125.18356134068522,126.71628258585753,943000.54
2025-10-01,126.71628258585753,130.08688213240598,124.79210172298937,128.14106599960624,1130520.07
2025-10-02,128.14106599960624,129.6256412526463,127.17102533296688,128.65173477239807,1349616.77
2025-10-03,128.65173477239807,130.15433930607557,128.3797999420552,129.87980866103078,1104978.43
2025-10-04,129.87980866103078,131.55042941262798,127.99974256958852,129.6676341585042,891535.5
2025-10-05,129.6676341585042,133.556701570684,128.00574965250115,131.86663360066274,1182688.6
2025-10-06,131.86663360066274,134.8343024077879,130.11333691192786,133.06507131009582,1558476.0
2025-10-07,133.06507131009582,133.9735519861778,129.97375686752346,130.86723214518798,1212141.29
2025-10-08,130.86723214518798,135.69350814020845,128.694930694766,133.47787195614154,1220703.63
2025-10-09,133.47787195614154,137.28953941749933,132.0397275588965,135.8260943258768,1106170.8
2025-10-10,135.8260943258768,138.88880066138685,133.69050304052874,136.73885800875252,960698.75
2025-10-11,136.73885800875252,139.08363119125667,134.9612962885374,137.29879052617275,952749.94
2025-10-12,137.29879052617275,141.90581904760364,135.99592459149963,140.57189373754622,792041.13
2025-10-13,140.57189373754622,142.57269331663,135.42528939509663,137.38066734505458,1612245.64
2025-10-14,137.38066734505458,141.55530350319822,135.68407209857432,139.8284787831651,1347074.36
2025-10-15,139.8284787831651,141.39355103658318,137.35240995173135,138.90717018186723,1225002.97
2025-10-16,138.90717018186723,143.01995463436614,137.00774110925542,141.09066821430872,1292033.39
2025-10-17,141.09066821430872,141.84910717276773,140.59023350105736,141.34776057820602,1306306.78
2025-10-18,141.34776057820602,143.94639669675604,136.34946324387175,138.90315604236912,998685.85
2025-10-19,138.90315604236912,140.0187535216654,136.84040831946405,137.94833719329765,1106283.25
2025-10-20,137.94833719329765,140.81745012978874,137.1145121462055,139.9713967531128,1065846.57
2025-10-21,139.9713967531128,142.19586900209123,137.35470736041873,139.57284570281513,2248307.16
2025-10-22,139.57284570281513,140.43289273608576,137.51621054643954,138.36883849455586,1548632.17
2025-10-23,138.36883849455586,141.12567892261384,134.42945460270957,137.16225524317215,1251436.55
2025-10-24,137.16225524317215,139.75400724877267,135.84976803703785,138.42939495287212,1688461.27
2025-10-25,138.42939495287212,142.95543238529336,137.4134284894155,141.91389236132102,1635982.63
2025-10-26,141.91389236132102,142.35626227469263,137.2716540330176,137.7008913003645,849753.03
2025-10-27,137.7008913003645,143.67192606174467,137.3218730130684,143.27755813732273,1134972.29
2025-10-28,143.27755813732273,144.24137597223068,142.74563589000797,143.70785623029357,1195112.66
2025-10-29,143.70785623029357,145.21133623602594,143.40742189112447,144.90839206753802,1398224.96
2025-10-30,144.90839206753802,146.05137434526125,142.89880779863086,144.03490030558646,1134649.02
2025-10-31,144.03490030558646,145.1379696711152,142.94193767075217,144.04493092216484,1170801.76
2025-11-01,144.04493092216484,145.86182558084823,142.6416954166064,144.45459922944335,1069278.74
2025-11-02,144.45459922944335,145.34915060340882,141.4641633312324,142.3456548294954,1559796.47
2025-11-03,142.3456548294954,142.79110290097609,140.31039939988278,140.75085680476838,836512.72
2025-11-04,140.75085680476838,143.61370075230863,140.28906372908696,143.14405576911096,1078404.75
2025-11-05,143.14405576911096,143.8996609569361,139.31530526891393,140.0546023606014,756844.52
2025-11-06,140.0546023606014,142.03219655040985,138.97637639053087,140.9470995909129,927661.57
2025-11-07,140.9470995909129,141.60445669442174,139.5737140801304,140.22771608189416,1299027.52
2025-11-08,140.22771608189416,141.42976500717032,137.16721721103465,138.3531975368539,1305205.02
2025-11-09,138.3531975368539,144.92646156051077,135.77983321486963,142.28005778416082,1109626.68
2025-11-10,142.28005778416082,143.23459394335205,139.44855512307817,140.39041393726444,1589338.42
2025-11-11,140.39041393726444,141.09674446193782,137.48729810233553,138.18252029968286,1683428.15
2025-11-12,138.18252029968286,140.11237358563633,135.90932578567345,137.83431606078324,1179410.48
2025-11-13,137.83431606078324,139.32786923132616,134.88398831316593,136.36158315809712,1277531.59
2025-11-14,136.36158315809712,136.7789424394966,135.972874608467,136.39015245103187,1071634.92
2025-11-15,136.39015245103187,138.91830912505418,134.18328723013298,136.70632801533185,1403604.38
2025-11-16,136.70632801533185,139.21747097477484,134.6726609621345,137.17680502397232,890302.88
2025-11-17,137.17680502397232,139.86428663675693,134.27007416206075,136.9531745473196,1880015.95
2025-11-18,136.9531745473196,139.540154160875,133.05531226254377,135.61705318605604,1595708.55
2025-11-19,135.61705318605604,138.58530937220615,133.91960650529606,136.8721532697981,889220.51
2025-11-20,136.8721532697981,138.8360473858813,134.71154768994728,136.6725782268198,985177.88
2025-11-21,136.6725782268198,137.95335374511706,134.46283586155226,135.73482356573442,1333268.9
2025-11-22,135.73482356573442,141.1143935563141,133.29262705606857,138.62028072033903,1102696.76
2025-11-23,138.62028072033903,140.27687054338836,136.74539157566295,138.3993410461326,1375024.36
2025-11-24,138.3993410461326,141.67337529738143,137.311532761294,140.56851745113016,1096882.94
2025-11-25,140.56851745113016,143.35457054354328,140.26336472719757,143.04404383095613,1756853.63
2025-11-26,143.04404383095613,147.51764343189268,141.24796911734578,145.68836635146909,1202494.69
2025-11-27,145.68836635146909,148.821796761134,144.01909672633954,147.13594109953792,2197807.65
2025-11-28,147.13594109953792,149.59693554607827,144.6914555901406,147.15218024297508,1395133.88
2025-11-29,147.15218024297508,147.9418110960388,146.24759009062652,147.03660073442268,856389.89
2025-11-30,147.03660073442268,149.48876288775014,144.1036723807799,146.54768070584905,2021714.07
2025-12-01,146.54768070584905,146.88109206470452,141.82145727170507,142.14485173241675,1579315.14
2025-12-02,142.14485173241675,145.41877851805583,140.35785771506724,143.613323402349,1319639.33
2025-12-03,143.613323402349,145.44535383490722,142.30021749517067,144.12754621208666,1410550.31
2025-12-04,144.12754621208666,146.99821365769225,142.97922881298192,145.83628212836257,891419.51
2025-12-05,145.83628212836257,147.26537960504982,144.18580457597892,145.6127112080186,764317.14
2025-12-06,145.6127112080186,147.89046908801066,144.73544606044996,147.00481699483564,1187540.22
2025-12-07,147.00481699483564,147.78418681101545,143.42343811070253,144.18787344499594,1693867.1
2025-12-08,144.18787344499594,146.56580888288767,139.50248690936633,141.84172992687044,1324783.13
2025-12-09,141.84172992687044,142.70691475030273,136.14464930271993,136.9801803783453,1839721.92
2025-12-10,136.9801803783453,139.0712507604202,134.64930608721525,136.73665899460488,1669671.25
2025-12-11,136.73665899460488,138.76097546797212,133.26549585889063,135.26807063080565,1206198.57
2025-12-12,135.26807063080565,135.61993094830441,133.22057870857748,133.56801683341743,1613266.15
2025-12-13,133.56801683341743,136.61425658516364,131.18258507443133,134.2172303253477,1755880.43
2025-12-14,134.2172303253477,136.3926758534747,131.26580084954068,133.42846170642537,1176184.9
2025-12-15,133.42846170642537,135.6072431429359,128.63355451665998,130.7689075332685,1137550.96
2025-12-16,130.7689075332685,137.81945387861222,128.60266318028317,135.5736173977428,1242883.62
2025-12-17,135.5736173977428,137.26638390720225,133.82680934282348,135.51889256025373,656616.33
2025-12-18,135.51889256025373,138.21312409485537,130.82250647956994,133.4761260685167,1287148.79
2025-12-19,133.4761260685167,134.17350392703437,131.54343448482658,132.23432425355676,1436818.15
2025-12-20,132.23432425355676,132.67096817511572,131.4912623534531,131.92689111641857,1244145.97
2025-12-21,131.92689111641857,133.86292015686524,129.68479044436836,131.61626098310361,1307988.11
2025-12-22,131.61626098310361,135.05432117030188,130.6566638984424,134.07678472622564,1187027.71
2025-12-23,134.07678472622564,135.81283748618583,132.20803107562682,133.94234305824645,728378.89
2025-12-24,133.94234305824645,138.76159177048987,132.73008059942893,137.5169766292923,1818424.1
2025-12-25,137.5169766292923,138.61758479292882,135.6014220879348,136.69545525880227,1094573.01
2025-12-26,136.69545525880227,140.02463889695895,134.22420985511536,137.53815869997388,1028271.28
2025-12-27,137.53815869997388,140.19162305685666,136.91142725902242,139.5556981280406,1685087.1
2025-12-28,139.5556981280406,142.71658440098403,138.8018542829529,141.9498081915426,1532647.56
2025-12-29,141.9498081915426,146.65113844410538,139.95951071774658,144.623354811285,1284780.67
2025-12-30,144.623354811285,146.94988443191403,141.76777307929828,144.08565278517142,1454502.6
2025-12-31,144.08565278517142,146.538323267487,141.6390984495724,144.09166681450665,899042.0
2026-01-01,144.09166681450665,144.97937161054188,138.2894471387948,139.14668742555676,1175975.44
2026-01-02,139.14668742555676,141.6343576820029,136.29724303709307,138.77832774385197,1658672.5
2026-01-03,138.77832774385197,142.78040185537893,136.97810751443646,140.95198513398125,1013121.44
2026-01-04,140.95198513398125,145.1679264155296,138.58146429750704,142.7668827551103,934950.43
2026-01-05,142.7668827551103,143.22850446907714,142.14839062960402,142.60950347420288,1223814.41
2026-01-06,142.60950347420288,147.32356270582434,141.40814703439702,146.09286211132394,1231011.03
2026-01-07,146.09286211132394,147.7652677063877,143.65595840713112,145.31951102564318,1410881.35
2026-01-08,145.31951102564318,147.11932609713242,142.09143908183682,143.87334303508084,850257.06
2026-01-09,143.87334303508084,144.41765732346775,142.40084489860922,142.94163426440943,634433.61
2026-01-10,142.94163426440943,144.61345794922002,139.0630949859893,140.70880382446506,1510785.23
2026-01-11,140.70880382446506,143.95341884639404,138.7418698175014,141.96887067267303,915372.73
2026-01-12,141.96887067267303,143.7789136829154,140.76089850392532,142.56586188812128,1030273.16
2026-01-13,142.56586188812128,145.40122640954277,140.9957403693877,143.81732217522358,695247.55
2026-01-14,143.81732217522358,144.86232696732029,141.95561132495803,142.99463833536592,1549681.97
2026-01-15,142.99463833536592,145.52121129988578,140.36957587094773,142.8943773231521,1309841.47
2026-01-16,142.8943773231521,144.72138466691445,136.80690893588806,138.57873772478382,1296761.75
2026-01-17,138.57873772478382,140.99541636619347,136.9264731173258,139.33414508950582,1294578.72
2026-01-18,139.33414508950582,142.19670898520258,136.68701457664207,139.54556188438548,716971.65
2026-01-19,139.54556188438548,141.49484138366248,135.48894835046775,137.40837396880661,938033.2
2026-01-20,137.40837396880661,138.3752922305494,136.2560552640964,137.22165965042566,1071853.91
2026-01-21,137.22165965042566,139.08122658169626,134.88581825987814,136.7388422645665,995147.67
2026-01-22,136.7388422645665,142.9151887382708,134.09852157320756,140.20788355769338,1121249.48
2026-01-23,140.20788355769338,140.54775428247854,137.8025974794467,138.13744937112665,1276180.31
2026-01-24,138.13744937112665,140.64565283485078,136.30317216925147,138.80254408100348,1543312.59
2026-01-25,138.80254408100348,139.4719928174594,136.03630106404017,136.69558788905704,828838.92
2026-01-26,136.69558788905704,138.9778944961861,133.37363043816103,135.63828401303613,1197352.31
2026-01-27,135.63828401303613,138.02912139594517,133.80278314151374,136.1862058696834,1433626.83
2026-01-28,136.1862058696834,138.75546907319386,133.2343101249983,135.79621585056557,952467.55
2026-01-29,135.79621585056557,137.70925029041746,133.88795290084187,135.8009212189677,1143522.45
2026-01-30,135.8009212189677,136.77247342379837,135.48722922857252,136.45726531786497,1348455.13
2026-01-31,136.45726531786497,137.98372666762586,134.00865102311568,135.52468013066277,1203367.37
2026-02-01,135.52468013066277,139.75200212639928,133.0491829156157,137.24508004328857,1420304.09
2026-02-02,137.24508004328857,138.09345420260738,135.8253316021984,136.67015186941393,1228748.4
2026-02-03,136.67015186941393,137.14742252782924,136.02147027717209,136.4981402477356,1109995.46
2026-02-04,136.4981402477356,139.26571560059656,134.45640357119777,137.2132818491111,895067.74
2026-02-05,137.2132818491111,139.19119647323356,135.69773999212669,137.6706034288794,1276489.45
2026-02-06,137.6706034288794,139.34325836934096,137.27731779160348,138.94632834992345,1230369.77
2026-02-07,138.94632834992345,140.56926388083608,137.9683582048835,139.58678589192087,936237.17
2026-02-08,139.58678589192087,141.6394824845499,138.48663603679447,140.5318838627722,1387960.65
2026-02-09,140.5318838627722,142.502352600395,137.94218711893444,139.90384987383396,1647571.58
2026-02-10,139.90384987383396,141.37127393019978,136.3774168671785,137.82301545927012,1017448.77
2026-02-11,137.82301545927012,139.3072902085549,133.631473706628,135.08627533600765,1000413.61
2026-02-12,135.08627533600765,137.3177474967882,129.7701645425593,131.94982611711825,991322.29
2026-02-13,131.94982611711825,136.24295716363838,131.02465888564862,135.29433984814662,788720.05
2026-02-14,135.29433984814662,137.20284365912613,129.2945798526591,131.1445453791265,1980683.48
2026-02-15,131.1445453791265,134.54097344364288,130.01459984680253,133.391666643748,1072615.66
2026-02-16,133.391666643748,134.6629773795247,130.61208179897108,131.86887936564457,968223.83
2026-02-17,131.86887936564457,135.7248207279266,130.28562949820653,134.1146080946742,905405.65
2026-02-18,134.1146080946742,136.06217248563422,128.1317001528834,130.01980122239317,1089076.07
2026-02-19,130.01980122239317,132.49193462373069,127.1397688214933,129.60399631001863,1008555.61
2026-02-20,129.60399631001863,133.21585129774232,128.7172197264466,132.3105558897077,1719166.97
2026-02-21,132.3105558897077,134.18380254200898,131.7988561996569,133.6668574722925,878215.83
2026-02-22,133.6668574722925,134.96586602587377,131.75415319969417,133.04713917305818,816840.03
2026-02-23,133.04713917305818,134.6225354438953,127.92603420278985,129.45894304523168,1377496.3
2026-02-24,129.45894304523168,130.2491688319317,126.30130166946618,127.07698784711303,1168265.22
2026-02-25,127.07698784711303,131.94864552241788,124.78592649979036,129.61188274775748,1134946.31
2026-02-26,129.61188274775748,131.7348276968534,126.87818000986753,128.99095462430358,1380203.04
2026-02-27,128.99095462430358,130.39514376380478,127.47253269823219,128.87546461926198,1241722.42
2026-02-28,128.87546461926198,130.71552306718928,127.57367411741345,129.40834981165614,1186036.6
2026-03-01,129.40834981165614,129.7620671696686,126.71529986928373,127.06260550440395,844432.93
2026-03-02,127.06260550440395,129.30212989759957,125.58054534372305,127.81133652689908,790806.29
2026-03-03,127.81133652689908,129.4375373849195,125.45401552046235,127.07079412596175,1007240.55
2026-03-04,127.07079412596175,129.91791592237263,124.77724608404188,127.61455336758625,915056.31
2026-03-05,127.61455336758625,129.0208357796862,125.19637794990201,126.59138529004427,1283541.44
2026-03-06,126.59138529004427,127.20317532772799,123.22442531000554,123.82283551804714,765399.64
2026-03-07,123.82283551804714,124.47179399823645,122.44678010535239,123.09190777553867,1073078.41
2026-03-08,123.09190777553867,124.83241036175221,122.491513020318,124.22648159392033,1149184.82
2026-03-09,124.22648159392033,127.29561668159882,121.8793926961044,124.93513868059688,1188162.19
2026-03-10,124.93513868059688,127.03987940122917,122.90106885910735,125.00467741907723,1325861.75
2026-03-11,125.00467741907723,128.74951138163925,122.8988748400363,126.61655544345284,1105929.89
2026-03-12,126.61655544345284,128.78521890449775,124.10514175409034,126.26783235465062,1015568.5
2026-03-13,126.26783235465062,126.85370048958649,125.79793626762017,126.3833744215852,1637943.67
2026-03-14,126.3833744215852,128.2335238198779,123.70647019284601,125.5443367649949,1107730.56
2026-03-15,125.5443367649949,129.13637607124056,123.70158935367424,127.26832387229675,1711044.75
2026-03-16,127.26832387229675,128.58183537889235,126.49875894966,127.80900109423517,1106320.61
2026-03-17,127.80900109423517,129.19342613180103,125.44833849243587,126.82207314235168,1195129.01
2026-03-18,126.82207314235168,128.58791273331008,122.46670379335833,124.19597828045228,1159089.43
2026-03-19,124.19597828045228,128.45583936324547,121.9415659445683,126.16567301844165,1271409.6
2026-03-20,126.16567301844165,126.66877872476648,124.36292848588899,124.86083092664619,1080430.43
2026-03-21,124.86083092664619,127.26046180792305,122.6059096507789,125.00297351134898,1229189.86
2026-03-22,125.00297351134898,131.6487471606985,122.67748451888546,129.24435378019527,1759491.88
2026-03-23,129.24435378019527,133.1671477758876,126.83718066019128,130.7322623921676,1559763.96
2026-03-24,130.7322623921676,134.0382337824145,130.4594204924833,133.75907484022508,1562451.63
2026-03-25,133.75907484022508,134.5586836348267,131.96788670614677,132.76153221295874,857991.5
2026-03-26,132.76153221295874,136.74918411844106,130.84413516847937,134.8023132685662,893411.12
2026-03-27,134.8023132685662,135.92002927414248,133.7520258405697,134.86922055036692,1267136.07
2026-03-28,134.86922055036692,136.00508943489197,134.45119350278907,135.5848443120036,1455000.2
2026-03-29,135.5848443120036,141.72475483897318,133.45169372559332,139.52954248406914,1053942.26
2026-03-30,139.52954248406914,139.88041176863612,138.6482145263904,138.99774652521637,1007956.83
2026-03-31,138.99774652521637,140.44663321876155,137.6038237614404,139.0521647283532,1700261.92
2026-04-01,139.0521647283532,141.70199417776877,134.68834430996927,137.30487679466412,1424457.05
2026-04-02,137.30487679466412,140.43639052470098,135.9422369893468,139.056368580585,1563330.1
2026-04-03,139.056368580585,141.61694853807876,135.43475985990347,137.97543554772892,1074611.33
2026-04-04,137.97543554772892,141.31153264938922,136.68369897512028,140.00083414036177,1053709.09
2026-04-05,140.00083414036177,141.1544900089072,135.66327505082745,136.7904764484827,1521268.02
2026-04-06,136.7904764484827,138.41390059349163,136.25249449044765,137.8716664336926,1123714.92
2026-04-07,137.8716664336926,139.03608039308205,135.48543591295783,136.6394429609794,1030049.95
2026-04-08,136.6394429609794,139.1875594161718,135.53734244198225,138.0738890042179,955063.4
2026-04-09,138.0738890042179,140.45399584302788,135.68397061016475,138.06390535155538,1056010.12
2026-04-10,138.06390535155538,140.62616063005797,134.49640697131457,137.0396537031152,1493455.32
2026-04-11,137.0396537031152,137.3678282549531,135.98288003340377,136.30930559027462,822756.77
2026-04-12,136.30930559027462,136.82300293710134,134.18938501105612,134.69700622166928,1404364.2
2026-04-13,134.69700622166928,138.16849501302457,132.86807513022111,136.31755986208427,1005280.76
2026-04-14,136.31755986208427,137.77961639977835,132.88756090208528,134.32828169141607,1138539.68
2026-04-15,134.32828169141607,135.31476379930075,132.85530371003418,133.83818665039402,1156918.68
2026-04-16,133.83818665039402,135.4071314437393,132.944371464832,134.50883743289867,1135570.69
2026-04-17,134.50883743289867,138.45949000843294,133.69584683696934,137.6276488713915,1116880.63
2026-04-18,137.6276488713915,139.20460238833596,136.04904957197638,137.6259840127783,1073830.94
2026-04-19,137.6259840127783,137.94453846307533,136.85397350219463,137.17147593042353,1040254.36
2026-04-20,137.17147593042353,139.82648941155333,135.0727634902435,137.71939387138048,1669067.26
2026-04-21,137.71939387138048,138.7394792378362,132.76755327289678,133.7582988715033,1207538.37
2026-04-22,133.7582988715033,135.05347594804456,130.25366261838346,131.52723639252417,1162804.18
2026-04-23,131.52723639252417,133.0380818076111,129.34393189975106,130.84696305613787,1021383.8
2026-04-24,130.84696305613787,131.60646070058408,128.7986525683018,129.55062565751447,1083650.68
2026-04-25,129.55062565751447,131.87044306447046,124.39953595149242,126.66773036828182,1022273.18
2026-04-26,126.66773036828182,130.05870163389326,124.85920922595226,128.22790482216186,1453039.54
2026-04-27,128.22790482216186,130.98864182622887,125.96271603519381,128.71485097279333,993940.22
2026-04-28,128.71485097279333,130.34748806326792,127.35586530242055,128.9856433370835,684381.4
2026-04-29,128.9856433370835,130.24767605080672,126.492138494148,127.74200307305637,1217620.53
2026-04-30,127.74200307305637,128.70242558169474,126.9412438660358,127.90067174956636,1119042.99
