Date,Open,High,Low,Close,Volume
2020-01-01,14.0,14.091657092136863,13.908342907863135,14.0,4287981.64
2020-01-02,14.0,14.193818808049272,13.863680477089673,14.056944807355308,4353013.22
2020-01-03,14.056944807355308,14.301542009398089,13.801656523571403,14.046064401629918,8153023.52
2020-01-04,14.046064401629918,14.233711999260635,13.798571426914313,13.985408698127653,5906231.95
2020-01-05,13.985408698127653,14.286703635726678,13.719828641365165,14.020457999877504,5888254.17
2020-01-06,14.020457999877504,14.138017316712254,13.764126384624817,13.880512278782072,3702137.09
2020-01-07,13.880512278782072,14.675272612680898,13.782638069864795,14.572518929423145,3142602.29
2020-01-08,14.572518929423145,15.01827504675211,14.487315612337797,14.930975885984605,6373168.81
2020-01-09,14.930975885984605,15.524027519936409,14.63870743794934,15.225984387279778,2855773.58
2020-01-10,15.225984387279778,15.37418622582355,14.938048754403122,15.084877128038515,4410745.01
2020-01-11,15.084877128038515,15.364873785016153,14.556504027257118,14.831803275561109,4081758.34
2020-01-12,14.831803275561109,14.953548289713748,14.656371023372953,14.77767170525727,3967565.3
2020-01-13,14.77767170525727,14.915755358987692,14.671581526531655,14.80943713351504,4478111.26
2020-01-14,14.80943713351504,15.044537327826975,14.205109258822592,14.434253401770754,3840135.15
2020-01-15,14.434253401770754,14.750859074735544,14.244801817082463,14.559760195907643,3689295.25
2020-01-16,14.559760195907643,15.01447171893284,14.393139277086384,14.844591213061495,5329240.21
2020-01-17,14.844591213061495,14.991908435651185,14.125626232944304,14.267213579368306,6527458.13
2020-01-18,14.267213579368306,14.415532905587455,13.896072017893726,14.042050591132707,3239348.26
2020-01-19,14.042050591132707,14.598225284627846,13.803053712978889,14.353920356917492,5250515.02
2020-01-20,14.353920356917492,14.52017005334858,14.285652581048117,14.451438477691644,5724707.51
2020-01-21,14.451438477691644,14.493618632180418,14.190448757142187,14.231988391411736,5590485.54
2020-01-22,14.231988391411736,14.451517407876269,14.202000425645725,14.421130903338543,4730977.7
2020-01-23,14.421130903338543,14.578466181643858,14.115384170841756,14.271082412409953,4306692.79
2020-01-24,14.271082412409953,14.509753003041107,13.975185373959173,14.212882627271387,6044110.72
2020-01-25,14.212882627271387,14.412963922433665,13.733237329912251,13.929326880218195,5437188.26
2020-01-26,13.929326880218195,14.211438500487596,13.653135051272073,13.935131575568843,3113859.14
2020-01-27,13.935131575568843,14.375778212690623,13.754262238739896,14.191580330594588,4731168.73
2020-01-28,14.191580330594588,14.350010414705746,13.916012452497016,14.073120085823577,5069843.48
2020-01-29,14.073120085823577,14.414882151230223,13.897639325258753,14.237353528552065,3803823.88
2020-01-30,14.237353528552065,14.49190477807167,13.972003332579552,14.226357991654822,4704770.72
2020-01-31,14.226357991654822,14.536684971397655,14.194156679338425,14.503855544326527,5653769.08
2020-02-01,14.503855544326527,14.654652146873952,14.236915814844307,14.386492190468536,4065775.13
2020-02-02,14.386492190468536,14.9309503323244,14.251243902311197,14.791890866554345,5299884.09
2020-02-03,14.791890866554345,15.261038098296895,14.508482412992963,14.974137844090436,3904207.86
2020-02-04,14.974137844090436,15.12182461979663,14.893716721275252,15.041044165343484,3670278.95
2020-02-05,15.041044165343484,15.155252932531605,15.004045654855615,15.118064963467866,5831856.79
2020-02-06,15.118064963467866,15.320197560298292,14.794721375776179,14.99521138723246,6705562.97
2020-02-07,14.99521138723246,15.19390304968821,14.65948093974442,14.856332408389365,3719191.97
2020-02-08,14.856332408389365,15.043200977000074,14.741224224006713,14.927541061640838,6345172.71
2020-02-09,14.927541061640838,15.102424722848053,14.442939654654356,14.614151802868857,4983748.0
2020-02-10,14.614151802868857,14.800338335829746,14.275945879368097,14.46017066909368,2875066.09
2020-02-11,14.46017066909368,14.580981158207738,14.103797007527534,14.222622854250021,3492791.41
2020-02-12,14.222622854250021,14.507264943359193,14.08652356356828,14.369757688284949,5821186.76
2020-02-13,14.369757688284949,14.588454945640375,14.304341456369476,14.522344086340164,3331593.17
2020-02-14,14.522344086340164,15.091330588966409,14.291751771933374,14.855449083518344,4283619.7
2020-02-15,14.855449083518344,14.989226373753645,14.635947646762425,14.768945953184588,4899330.91
2020-02-16,14.768945953184588,14.97008433236056,14.361548257136185,14.559838804579421,5592591.69
2020-02-17,14.559838804579421,14.700768388892184,14.04839136061471,14.185699524808689,5236263.96
2020-02-18,14.185699524808689,14.326063137252103,14.115897335143936,14.25591544295942,7400721.13
2020-02-19,14.25591544295942,14.829986988329265,14.047614923179168,14.61641896597942,4077512.04
2020-02-20,14.61641896597942,14.755451212968083,14.459847618063788,14.598711429915685,5124786.08
2020-02-21,14.598711429915685,14.685271100085469,14.52080700763358,14.607320735190081,5599028.52
2020-02-22,14.607320735190081,14.88205627988289,14.332660007616912,14.607394171490602,5974773.71
2020-02-23,14.607394171490602,14.940597855421823,14.343296125135069,14.675272584278854,6502947.1
2020-02-24,14.675272584278854,15.165143446100009,14.453839620503322,14.939720271256519,4485817.66
2020-02-25,14.939720271256519,15.651816552380694,14.754929240783232,15.460582915022608,5884422.12
2020-02-26,15.460582915022608,15.806856005499075,15.255677535309962,15.600101528975134,3966859.92
2020-02-27,15.600101528975134,15.893067056526359,15.467754522506796,15.759368869381932,4903816.06
2020-02-28,15.759368869381932,15.86547829154325,15.588550874853798,15.69422165423622,5667509.74
2020-02-29,15.69422165423622,15.892865807333376,15.467663307126562,15.665949616740402,6380749.73
2020-03-01,15.665949616740402,15.905954190436656,15.394458290923385,15.633972977970963,5766088.52
2020-03-02,15.633972977970963,15.80457989158917,15.364709059019647,15.534227492476637,5114476.47
2020-03-03,15.534227492476637,15.853472890992665,15.25274952734949,15.571322764871695,4901625.65
2020-03-04,15.571322764871695,15.888859640366313,15.431316106910488,15.747270976721499,5735277.47
2020-03-05,15.747270976721499,15.905293593210601,15.609065077923137,15.766915286161538,8642930.57
2020-03-06,15.766915286161538,15.9192138819811,15.538655243810283,15.690212942695096,6190930.91
2020-03-07,15.690212942695096,15.958059686840235,15.459950049292233,15.727253206279162,5500425.18
2020-03-08,15.727253206279162,15.766480301296292,15.424102265032596,15.46266943217098,3550879.69
2020-03-09,15.46266943217098,15.818412912283693,15.33326899111131,15.68713402344112,4048386.28
2020-03-10,15.68713402344112,15.928285131574034,15.33460180117009,15.57401396661177,4610880.41
2020-03-11,15.57401396661177,15.760680646630691,15.076042312149317,15.25893249548103,6277320.31
2020-03-12,15.25893249548103,15.503213730556395,15.143303092940634,15.386616759988343,3956054.95
2020-03-13,15.386616759988343,15.743707880995888,15.173959288404044,15.52908141430053,5871151.66
2020-03-14,15.52908141430053,15.812027038260702,15.016325724078047,15.29500641471445,5151884.84
2020-03-15,15.29500641471445,15.63904250538154,15.125349981617765,15.46747302503648,5463943.11
2020-03-16,15.46747302503648,15.884222759880728,15.230724253721732,15.64476038661208,4737214.64
2020-03-17,15.64476038661208,16.296550977303276,15.557595902335082,16.206258119112796,4307168.49
2020-03-18,16.206258119112796,16.3766492052837,15.970781799225263,16.140481314204923,3919630.42
2020-03-19,16.140481314204923,16.25739127306954,16.00992362101984,16.126734004326515,5826033.88
2020-03-20,16.126734004326515,16.44717550866684,15.638329635078223,15.955366022557374,4905011.0
2020-03-21,15.955366022557374,16.19360018913937,15.860635781355,16.098022964763732,3819531.16
2020-03-22,16.098022964763732,16.405297358986882,15.79130101061347,16.098565075782464,5287036.61
2020-03-23,16.098565075782464,16.539324044547694,15.94793121659096,16.38600065800913,11766571.23
2020-03-24,16.38600065800913,16.565759604266194,16.083426227203923,16.261822909311213,4754395.48
2020-03-25,16.261822909311213,16.58831263484619,16.07594940960779,16.40085004756719,7560701.18
2020-03-26,16.40085004756719,16.505037526982683,16.22970442175706,16.333463825763246,2619850.62
2020-03-27,16.333463825763246,16.43637870057177,15.708803440593131,15.808410024718262,4673089.21
2020-03-28,15.808410024718262,16.128130022598224,15.66979227094469,15.987938057841259,6347968.46
2020-03-29,15.987938057841259,16.234369985425534,15.261106387906255,15.500017698750375,5019482.06
2020-03-30,15.500017698750375,15.726533258695596,15.231974578033514,15.457874258359517,4257916.22
2020-03-31,15.457874258359517,15.766365486105554,15.11239244698066,15.42013042487244,4967075.36
2020-04-01,15.42013042487244,15.47550090888341,15.364247855594607,15.419616494187283,6396271.7
2020-04-02,15.419616494187283,15.676204800147254,15.178032200140805,15.434389059376159,8544593.64
2020-04-03,15.434389059376159,15.531561480416189,15.349363864224681,15.446469735056386,6526132.31
2020-04-04,15.446469735056386,15.72251273309771,15.273494514456052,15.548396103721952,4407274.8
2020-04-05,15.548396103721952,15.634454502410264,15.43423105326817,15.520133019372384,4717219.42
2020-04-06,15.520133019372384,16.56808214525719,15.227581561319806,16.261555028014715,4725998.2
2020-04-07,16.261555028014715,16.442537759907186,15.984733452781025,16.16463754298277,4025406.64
2020-04-08,16.16463754298277,16.333576583222683,15.653231812425073,15.818553880641756,4809878.22
2020-04-09,15.818553880641756,15.93771855985541,15.312113524267978,15.42833862530799,4669194.71
2020-04-10,15.42833862530799,15.76932983189761,15.272803021862275,15.611943279918563,3703576.48
2020-04-11,15.611943279918563,15.674274904426102,15.117089858716325,15.177687691614125,6165505.91
2020-04-12,15.177687691614125,15.394962503640887,14.64346293994716,14.856134587668798,5554837.43
2020-04-13,14.856134587668798,15.038449262351797,14.326178219928813,14.504173625154252,4259711.4
2020-04-14,14.504173625154252,14.679801766348145,14.449171757488093,14.624344194968756,5188205.1
2020-04-15,14.624344194968756,15.03409176966894,14.56814597456309,14.976540135746609,3928665.89
2020-04-16,14.976540135746609,15.085469309552634,14.621628558897008,14.728755515789842,4355220.41
2020-04-17,14.728755515789842,14.997585240205295,14.57386893821306,14.84151291360677,5937908.51
2020-04-18,14.84151291360677,14.930680923363491,14.077664822299077,14.16275484442153,5624878.66
2020-04-19,14.16275484442153,14.22456127332413,13.916899368098884,13.977899084287646,4397960.25
2020-04-20,13.977899084287646,14.1829728233444,13.925703535376798,14.130208528373046,5404888.95
2020-04-21,14.130208528373046,14.236071101069177,13.948228763927057,14.053516767101693,4907888.54
2020-04-22,14.053516767101693,14.496733483977323,13.866140997151085,14.30599146473509,3896669.77
2020-04-23,14.30599146473509,14.509287837151518,13.554773320809497,13.750171166895562,4795260.53
2020-04-24,13.750171166895562,13.847682086479939,13.476805140639438,13.573060056422758,5570284.35
2020-04-25,13.573060056422758,13.820338464842237,13.438273303167435,13.684445601693913,5397727.4
2020-04-26,13.684445601693913,13.977288852043015,13.502274459953586,13.793663767732767,3274886.78
2020-04-27,13.793663767732767,14.040831068729865,13.67668245847545,13.922754962813126,5211993.13
2020-04-28,13.922754962813126,14.250018330732296,13.649660697751651,13.975881981389952,5031883.44
2020-04-29,13.975881981389952,14.178100649058528,13.497609789537186,13.695775564769363,3110763.36
2020-04-30,13.695775564769363,13.865761885689752,13.34108463625735,13.50874966884953,4085433.66
2020-05-01,13.50874966884953,14.2332274271212,13.360662923871315,14.078890635176991,5653900.52
2020-05-02,14.078890635176991,14.23171755526383,13.618993371010907,13.768450450495568,7068431.26
2020-05-03,13.768450450495568,13.868286970744501,13.330115253336022,13.427479355373125,3317822.64
2020-05-04,13.427479355373125,13.638588391595492,13.381955617847574,13.592505160271564,6386993.99
2020-05-05,13.592505160271564,13.824698462722136,13.11232892665727,13.34021245128596,3124719.96
2020-05-06,13.34021245128596,14.026179798582296,13.09612131332524,13.774148756594409,7090936.13
2020-05-07,13.774148756594409,14.745312090594629,13.504985744494213,14.462694095492552,4710392.79
2020-05-08,14.462694095492552,14.596785454299457,14.268944846997396,14.40247790939265,4181864.71
2020-05-09,14.40247790939265,14.759389166118554,14.128322202940282,14.483687607467246,5463404.25
2020-05-10,14.483687607467246,14.695765235122746,13.817218176265799,14.02254349385548,3930684.97
2020-05-11,14.02254349385548,14.421111370646006,13.887952362807102,14.284010626620057,5688338.58
2020-05-12,14.284010626620057,14.548743176550738,13.473291235836886,13.72771366224931,4847415.55
2020-05-13,13.72771366224931,13.994491298803027,13.145355938408642,13.405879202334102,1928867.76
2020-05-14,13.405879202334102,13.591755221004194,13.25022658938936,13.435755718627098,4082704.32
2020-05-15,13.435755718627098,13.786472733876682,13.22033199665907,13.568914003360648,5244668.81
2020-05-16,13.568914003360648,13.7857286522847,13.00561493843209,13.216803288822893,6527705.0
2020-05-17,13.216803288822893,13.38808002878697,12.921669983341824,13.09132059126091,5432026.34
2020-05-18,13.09132059126091,13.217127702272865,12.58919120807662,12.711346784736037,6501707.68
2020-05-19,12.711346784736037,12.767507708708157,12.585442039821935,12.641293456097483,3998611.16
2020-05-20,12.641293456097483,12.893653445592786,12.215048491740356,12.46386648058259,5997539.32
2020-05-21,12.46386648058259,12.504872182408317,12.284531519845466,12.325080620857118,6022734.46
2020-05-22,12.325080620857118,12.52540392061553,12.270511618558425,12.470192439180897,3325746.78
2020-05-23,12.470192439180897,12.643912595933449,12.36112591598585,12.53428550338808,6581856.05
2020-05-24,12.53428550338808,12.77771365065503,12.41929727589388,12.661557840022985,5426427.77
2020-05-25,12.661557840022985,12.747767460830811,12.547917488755116,12.633939059671185,4660249.87
2020-05-26,12.633939059671185,12.841226958025633,12.590915132021346,12.797645540289395,4640239.05
2020-05-27,12.797645540289395,13.03042774706147,12.558469820278237,12.791133578000665,3857169.13
2020-05-28,12.791133578000665,12.934888695590791,12.538710176747104,12.681230127543952,5854087.65
2020-05-29,12.681230127543952,13.061421591631005,12.434489387967911,12.81213383746147,5392180.8
2020-05-30,12.81213383746147,13.04023321670245,12.491009345607349,12.717422543003284,5784427.03
2020-05-31,12.717422543003284,12.855943744682133,12.506803867889625,12.6445311187784,5099716.51
2020-06-01,12.6445311187784,13.004554390741772,12.530882082610672,12.888710668960996,5263965.12
2020-06-02,12.888710668960996,13.202047278907946,12.803762865115258,13.115604050503137,4643473.93
2020-06-03,13.115604050503137,13.376275158596734,12.788614069128236,13.047940369414338,6544575.22
2020-06-04,13.047940369414338,13.424592528849612,12.879738937105778,13.253738150515314,5818427.19
2020-06-05,13.253738150515314,13.480813423974093,12.735163970012314,12.957157957906656,5220798.51
2020-06-06,12.957157957906656,13.21272571783929,12.637366630638434,12.891642152907671,4834586.04
2020-06-07,12.891642152907671,12.969392038958482,12.645054285759965,12.72177972634815,3213786.94
2020-06-08,12.72177972634815,12.960099103837061,12.484554961173163,12.722854300923121,3044324.72
2020-06-09,12.722854300923121,13.101905946159903,12.515464137565276,12.891762478108753,4560182.2
2020-06-10,12.891762478108753,13.1539930465379,12.76047723199106,13.021387741611266,6866199.02
2020-06-11,13.021387741611266,13.370827717215407,12.77296224409599,13.1205111175781,4192185.4
2020-06-12,13.1205111175781,13.320156107654947,12.954954997398309,13.154175210079371,4233602.36
2020-06-13,13.154175210079371,13.273698514131894,12.99923832881067,13.1184369024609,3921015.47
2020-06-14,13.1184369024609,13.468821771906095,13.05444128358734,13.403435843823713,3621328.68
2020-06-15,13.403435843823713,13.605856282614832,12.844127755332758,13.041075785189046,3978639.01
2020-06-16,13.041075785189046,13.24885341359172,12.683383035866072,12.888733462164817,5360705.57
2020-06-17,12.888733462164817,13.059248790976167,12.814953098009502,12.984917828301576,4421494.41
2020-06-18,12.984917828301576,13.460379579262248,12.87203801536367,13.344374952331965,4371624.21
2020-06-19,13.344374952331965,13.384284726241273,13.224361055746733,13.264030539093262,4275369.51
2020-06-20,13.264030539093262,13.423604471560317,13.045253892667548,13.20410690932995,5305196.86
2020-06-21,13.20410690932995,13.373134997639873,12.740727926268114,12.905939116367033,5512467.11
2020-06-22,12.905939116367033,13.128806576222606,12.562883251873615,12.783638756110616,3133612.84
2020-06-23,12.783638756110616,12.979268662416755,12.752054217664295,12.947279815976028,4134532.01
2020-06-24,12.947279815976028,13.373192453802567,12.893501343475407,13.31787465992268,4889502.63
2020-06-25,13.31787465992268,13.3520779003907,13.216046722219007,13.250075840359841,5579869.72
2020-06-26,13.250075840359841,13.501828271180491,12.816291311890275,13.064518132397454,5162192.49
2020-06-27,13.064518132397454,13.229197463373833,12.917777834643868,13.082257912907838,6142008.35
2020-06-28,13.082257912907838,13.166350646050537,12.631431990152258,12.71315211179001,3513017.94
2020-06-29,12.71315211179001,13.02776297211277,12.683354578426082,12.997299444230393,5546868.71
2020-06-30,12.997299444230393,13.045874997530607,12.669660849647792,12.717189532094158,8350002.24
2020-07-01,12.717189532094158,12.981257418789902,12.526904244235062,12.789884409029002,5060008.61
2020-07-02,12.789884409029002,12.99649959489129,12.653734787681035,12.85960776136098,5111824.56
2020-07-03,12.85960776136098,13.20351841938395,12.663889221902211,13.005578262147395,5693089.16
2020-07-04,13.005578262147395,13.154885415406762,12.917485771588614,13.06638108066785,4362754.86
2020-07-05,13.06638108066785,13.198056537806416,12.936868533460052,13.068522762481567,3946088.67
2020-07-06,13.068522762481567,13.34434114056063,12.895632411648718,13.170106880086955,5073055.42
2020-07-07,13.170106880086955,13.446576818172074,13.093434269381635,13.368747776749931,3306651.39
2020-07-08,13.368747776749931,13.903708709571742,13.272821489823626,13.804654611068742,5520286.06
2020-07-09,13.804654611068742,13.867451081273945,13.476416504932349,13.537999980678498,5757880.35
2020-07-10,13.537999980678498,13.738529166013333,12.90951424926939,13.10360909792527,3348391.27
2020-07-11,13.10360909792527,13.26715845141833,12.590145116178837,12.749271900351593,5207964.42
2020-07-12,12.749271900351593,12.876816951637133,12.222341038356463,12.34585021687128,4736598.55
2020-07-13,12.34585021687128,12.496618536491889,11.938856383662262,12.08645697628824,7234834.23
2020-07-14,12.08645697628824,12.147568494523854,11.746122721811464,11.805815259993897,6937199.4
2020-07-15,11.805815259993897,12.00216897995012,11.525087654951173,11.720014338334963,6170887.37
2020-07-16,11.720014338334963,12.086749372667127,11.537200557452737,11.901110772389794,6767341.03
2020-07-17,11.901110772389794,12.099434771193947,11.838319787191425,12.03593245856882,4563692.4
2020-07-18,12.03593245856882,12.251890950748455,11.691159271562002,11.904764236792715,5335721.71
2020-07-19,11.904764236792715,12.012997148454154,11.685920977700134,11.793139041892227,4694185.16
2020-07-20,11.793139041892227,12.350671928894203,11.671133492938258,12.224206782194031,3896771.5
2020-07-21,12.224206782194031,12.498581417737848,12.08286214093363,12.355716174914688,5104407.21
2020-07-22,12.355716174914688,12.59687996638897,12.154662169127487,12.395183738679444,4897019.6
2020-07-23,12.395183738679444,12.484974116425633,12.333800669387557,12.423451062512774,4753387.66
2020-07-24,12.423451062512774,12.507561954338746,12.277405264029188,12.36109397767042,4926495.39
2020-07-25,12.36109397767042,13.052741411177143,12.128019406346276,12.811180239657176,5076580.1
2020-07-26,12.811180239657176,13.053060488154113,12.528353508931676,12.769445794272073,6242674.47
2020-07-27,12.769445794272073,13.016966993676906,12.557964740260115,12.804898785294268,4320274.74
2020-07-28,12.804898785294268,12.869330485533322,12.373485274263192,12.436061056515229,3631078.19
2020-07-29,12.436061056515229,12.594118270975647,12.141143125977354,12.297438504895895,5923563.01
2020-07-30,12.297438504895895,12.420750701923348,12.056786794686738,12.178910455239158,6194011.06
2020-07-31,12.178910455239158,12.328616708148912,12.136852205054165,12.286187989244162,5468072.59
2020-08-01,12.286187989244162,12.327467823130723,12.078532302810823,12.119251253147361,3761207.34
2020-08-02,12.119251253147361,12.34243864274644,11.908096784186254,12.131078113658472,4838310.52
2020-08-03,12.131078113658472,12.175101643242039,11.958707634467938,12.002263698161146,5369309.43
2020-08-04,12.002263698161146,12.084899531684732,11.689775724363322,11.770818049816485,3828036.99
2020-08-05,11.770818049816485,11.826294421651761,11.48111987053733,11.535487117565252,4130194.32
2020-08-06,11.535487117565252,11.677971944510547,11.359212651504077,11.501274893536356,4820098.36
2020-08-07,11.501274893536356,11.704418067554013,11.320930405254796,11.523721606041843,6720576.65
2020-08-08,11.523721606041843,11.60177510723968,11.407594665322678,11.48538852547291,5289525.52
2020-08-09,11.48538852547291,11.670037244900891,11.135763160269914,11.317716239686646,4333195.11
2020-08-10,11.317716239686646,11.375995961511212,11.233165727204746,11.291309469367343,4754166.93
2020-08-11,11.291309469367343,11.386396389215372,11.133392827593404,11.227946149193773,4232822.78
2020-08-12,11.227946149193773,11.299489078604642,10.952718910140439,11.022955668386661,4510625.57
2020-08-13,11.022955668386661,11.152914861885717,10.91076249008556,11.040542680525183,5989484.03
2020-08-14,11.040542680525183,11.62751842298261,10.823505989212546,11.403349616941235,3093918.87
2020-08-15,11.403349616941235,11.577391530424554,11.200749483666511,11.374348776166471,6946056.31
2020-08-16,11.374348776166471,11.439224586092902,11.020468455671994,11.083686416311242,8642859.81
2020-08-17,11.083686416311242,11.59918567831213,10.868709274468062,11.37849056937314,5207389.73
2020-08-18,11.37849056937314,11.803262737323827,11.216186410666884,11.637267355401887,4061973.36
2020-08-19,11.637267355401887,12.060622885685696,11.518856533218857,11.939140462437962,6687541.17
2020-08-20,11.939140462437962,12.159925596416315,11.710908324331658,11.931553149558653,5359787.23
2020-08-21,11.931553149558653,12.119247851860308,11.582572238684161,11.767689204968358,4383936.92
2020-08-22,11.767689204968358,11.9456811662147,11.408280994903356,11.583486806239986,3921463.47
2020-08-23,11.583486806239986,11.8889204982594,11.518424867052035,11.822515983896892,4517589.53
2020-08-24,11.822515983896892,12.21902882623061,11.771639445815248,12.166671264207146,5246615.68
2020-08-25,12.166671264207146,12.380575189217,11.759943105040943,11.970396292715035,6254583.06
2020-08-26,11.970396292715035,12.140888222470144,11.283688460540501,11.446721800576016,5368168.28
2020-08-27,11.446721800576016,11.63800064685847,11.253181849142099,11.444422269430442,5601123.1
2020-08-28,11.444422269430442,11.625056152070412,11.085257471798421,11.263028309498372,4599752.33
2020-08-29,11.263028309498372,11.468645420499412,10.92036849203106,11.123437237516741,6191454.64
2020-08-30,11.123437237516741,11.220871612149576,10.980627140417043,11.077660539719377,4748162.1
2020-08-31,11.077660539719377,11.252717421683071,10.985676957718347,11.160049719434705,7916395.15
2020-09-01,11.160049719434705,11.229950983297392,10.938344414840103,11.007288857038127,4247132.39
2020-09-02,11.007288857038127,11.078265425460783,10.964385438266824,11.03525301002538,5518943.97
2020-09-03,11.03525301002538,11.153243467716221,10.894039245576245,11.011778712821416,8643308.19
2020-09-04,11.011778712821416,11.132555709634046,10.45442782460278,10.5703633858096,6487820.36
2020-09-05,10.5703633858096,10.717956030221458,10.52744462594921,10.674613982517304,6024242.52
2020-09-06,10.674613982517304,10.811926320141819,10.454273539063237,10.590503931453174,5385153.43
2020-09-07,10.590503931453174,10.680953227294323,10.267708320205637,10.356156144497437,5066481.16
2020-09-08,10.356156144497437,10.461916780065348,10.119980607152893,10.224395659236986,4787323.12
2020-09-09,10.224395659236986,10.37732025487895,10.11008236188369,10.262580039151123,4344828.98
2020-09-10,10.262580039151123,10.350178017654116,10.184690112621501,10.272214964907073,3405889.08
2020-09-11,10.272214964907073,10.540828607919892,10.125003906246807,10.391902310538583,5868459.81
2020-09-12,10.391902310538583,10.591241939165052,10.275748747138831,10.474168856682303,3403930.16
2020-09-13,10.474168856682303,10.578342536932405,10.157190054049643,10.259225961581677,5884279.81
2020-09-14,10.259225961581677,10.355382608850375,9.643653209965475,9.73489546478178,4628003.89
2020-09-15,9.73489546478178,9.780671031394755,9.711270475361205,9.756992416308869,3937592.97
2020-09-16,9.756992416308869,10.025038490650632,9.602030592508386,9.868308726716196,7105429.61
2020-09-17,9.868308726716196,10.05972251402037,9.643208767609845,9.833956225707722,3480458.4
2020-09-18,9.833956225707722,9.994764124664632,9.791104659052491,9.951400792088439,4232969.88
2020-09-19,9.951400792088439,10.023150018580637,9.70622285539993,9.776712586481231,4333063.63
2020-09-20,9.776712586481231,9.945307494865654,9.55023776265764,9.71781704453043,5190507.36
2020-09-21,9.71781704453043,9.861216609275655,9.41992710225207,9.561012807909536,4289919.53
2020-09-22,9.561012807909536,9.755321299467312,9.488127892015328,9.681517757763121,7205659.1
2020-09-23,9.681517757763121,9.814073268345064,9.39658411228861,9.527024360400207,3548816.37
2020-09-24,9.527024360400207,10.06684206100099,9.350676139053643,9.883888178000165,13884767.88
2020-09-25,9.883888178000165,9.942738055623254,9.738781212096274,9.797114428212888,3837206.94
2020-09-26,9.797114428212888,10.079880272485322,9.657667569473706,9.938422116099687,10468862.05
2020-09-27,9.938422116099687,10.103554587316163,9.689702234781407,9.8534223877208,6571212.1
2020-09-28,9.8534223877208,10.1294591400581,9.816812161473674,10.09196262155777,4864020.49
2020-09-29,10.09196262155777,10.5236780017772,9.902020308100342,10.329269304325491,5291465.91
2020-09-30,10.329269304325491,10.528293161075933,10.07320865598083,10.271111939463971,4548272.85
2020-10-01,10.271111939463971,10.479495008005532,10.115040205165123,10.32264028944994,5453197.81
2020-10-02,10.32264028944994,10.679700743589315,10.206191563673103,10.560567978129138,4158626.99
2020-10-03,10.560567978129138,10.755828402072991,10.424640209454964,10.619146652316488,5969634.35
2020-10-04,10.619146652316488,10.764330066346846,10.304930684108339,10.447771076424804,5232751.69
2020-10-05,10.447771076424804,10.511965834776237,10.397889533885785,10.462016280338812,3904227.8
2020-10-06,10.462016280338812,10.538471892318038,10.249371466365323,10.324824491280074,5563484.64
2020-10-07,10.324824491280074,10.393311483289523,10.28542690248629,10.353803316746893,5478291.28
2020-10-08,10.353803316746893,10.44355330045872,10.122384421724622,10.210895637274398,4179343.09
2020-10-09,10.210895637274398,10.438489515903317,10.053526572504538,10.28005458200316,4492958.61
2020-10-10,10.28005458200316,10.464470783342705,9.780445401932035,9.959103998884927,5683455.28
2020-10-11,9.959103998884927,10.045578734834569,9.678574159247415,9.763349159148616,6567429.24
2020-10-12,9.763349159148616,9.891150825997801,9.501580982724676,9.627605776672834,4825308.34
2020-10-13,9.627605776672834,9.74994435852767,9.479299932945743,9.601304300314338,6309785.74
2020-10-14,9.601304300314338,9.702172979950074,9.249260801050076,9.347462690085333,6693943.97
2020-10-15,9.347462690085333,9.482961230442017,9.069311485906313,9.202711751952355,6925804.49
2020-10-16,9.202711751952355,9.376111056913283,9.159324829050451,9.332114056464615,5549367.26
2020-10-17,9.332114056464615,9.515149204984612,9.300877057642062,9.483405793597223,3990835.76
2020-10-18,9.483405793597223,9.56178249950541,8.991419543069366,9.066349438410862,6248005.07
2020-10-19,9.066349438410862,9.242668583291533,8.798701076924157,8.973208856843977,4766384.01
2020-10-20,8.973208856843977,9.356033505914377,8.80131693231427,9.180176875818884,5674963.87
2020-10-21,9.180176875818884,9.368365112558916,9.057205339948158,9.244531524669302,4272447.33
2020-10-22,9.244531524669302,9.428503951464162,9.129744607412865,9.31286851180644,4303356.35
2020-10-23,9.31286851180644,9.533972426730916,9.188096045059444,9.407926388289281,4195823.67
2020-10-24,9.407926388289281,9.499453905657454,9.15981755823834,9.249806766758354,3590151.27
2020-10-25,9.249806766758354,9.352956530375902,9.183291607788474,9.286179813618372,4317821.5
2020-10-26,9.286179813618372,9.385217256341393,9.266679011945634,9.365549779244583,3862048.36
2020-10-27,9.365549779244583,9.40651241512001,9.343580924906814,9.384499111163954,5760385.77
2020-10-28,9.384499111163954,9.567487226600079,9.138333799384155,9.320065525939926,3831354.08
2020-10-29,9.320065525939926,9.463617277545048,9.169724332565982,9.31316987430946,4229484.65
2020-10-30,9.31316987430946,9.44749146252582,8.995521743638703,9.127160564739063,5003977.9
2020-10-31,9.127160564739063,9.387261990481269,8.97017469960073,9.228532541739114,7865957.83
2020-11-01,9.228532541739114,9.347809454602858,8.880543910813394,8.996826064414952,4205577.85
2020-11-02,8.996826064414952,9.122939123075405,8.74379500510152,8.868103697275192,3539135.25
2020-11-03,8.868103697275192,9.12302806474372,8.724245186765142,8.97739660308472,3601941.61
2020-11-04,8.97739660308472,9.063315394291957,8.939216275688402,9.024932897895056,4032062.68
2020-11-05,9.024932897895056,9.073463782077859,8.900421309548475,8.948541404336122,4242827.82
2020-11-06,8.948541404336122,9.055989944132925,8.576710297673307,8.68094571425189,8895888.19
2020-11-07,8.68094571425189,8.713446501751552,8.642346638408394,8.674824508588786,6366972.45
2020-11-08,8.674824508588786,8.79514105642054,8.46008423462017,8.579072741515578,4621334.2
2020-11-09,8.579072741515578,8.800673314316674,8.433403368662184,8.653736184762693,7945861.51
2020-11-10,8.653736184762693,8.801512996724657,8.429087989840832,8.575529290144788,4290025.7
2020-11-11,8.575529290144788,8.642586900682293,8.248425722148767,8.313433838817838,4511476.68
2020-11-12,8.313433838817838,8.360391247958063,8.0663291696714,8.112149649812148,4444327.73
2020-11-13,8.112149649812148,8.26836492298304,7.896619511123957,8.051670133170138,6463363.66
2020-11-14,8.051670133170138,8.216843670879848,7.903334341256402,8.068203288898799,4913293.87
2020-11-15,8.068203288898799,8.129869953624775,7.843309597148671,7.903719080795961,7288293.21
2020-11-16,7.903719080795961,8.046735727711669,7.65753515544917,7.798650603554803,5573029.19
2020-11-17,7.798650603554803,8.05159420983802,7.659380954243549,7.9103301675851645,6275679.79
2020-11-18,7.9103301675851645,8.134261134856235,7.846378414271017,8.069026388123012,3175311.36
2020-11-19,8.069026388123012,8.17906385348838,8.000137857967767,8.109826992133737,3269548.12
2020-11-20,8.109826992133737,8.262081943928818,7.918223812539724,8.069725901213193,3296559.29
2020-11-21,8.069725901213193,8.193626262320544,7.859345790529669,7.981897660892176,4492505.07
2020-11-22,7.981897660892176,8.165502779212401,7.877211043957496,8.059794505835425,3403233.51
2020-11-23,8.059794505835425,8.214156793483145,7.861956817783503,8.01547020026354,6817669.63
2020-11-24,8.01547020026354,8.291903969800435,7.874653507177689,8.148745874495471,4757110.5
2020-11-25,8.148745874495471,8.31973089683188,8.121483813787473,8.291989606634855,5831494.48
2020-11-26,8.291989606634855,8.445400096755131,8.200957750510494,8.35369086638565,4421018.28
2020-11-27,8.35369086638565,8.505083492125586,8.130920498061428,8.280995680378535,6144997.29
2020-11-28,8.280995680378535,8.314127403953044,8.187335632382883,8.220224213281464,3059238.06
2020-11-29,8.220224213281464,8.247351555661542,7.9578237289011415,7.984172081947095,4939258.8
2020-11-30,7.984172081947095,8.123599794409948,7.8383028416450875,7.977616066312154,5666762.09
2020-12-01,7.977616066312154,8.105201185631715,7.839253983127867,7.9666639464219475,5787431.28
2020-12-02,7.9666639464219475,8.006574431930593,7.735685840411536,7.774634317761759,4618259.75
2020-12-03,7.774634317761759,8.152311137329761,7.733741739763328,8.109656429144751,3259873.3
2020-12-04,8.109656429144751,8.330426009961977,7.971898156632036,8.19128118240811,6438280.94
2020-12-05,8.19128118240811,8.238502901094083,8.024083519539946,8.07060958143332,4532934.69
2020-12-06,8.07060958143332,8.410517787808946,8.033552023168795,8.372075995911679,4632477.33
2020-12-07,8.372075995911679,8.525586678610194,8.147273898824022,8.299452963012937,8707983.02
2020-12-08,8.299452963012937,8.562898301646547,8.162587176908486,8.423978964641892,5122220.96
2020-12-09,8.423978964641892,8.516307826767838,8.345904357258648,8.438102322145104,4391671.53
2020-12-10,8.438102322145104,8.55006527247511,8.258953283879341,8.370012771957455,4326391.06
2020-12-11,8.370012771957455,8.451596502592416,8.239830027373111,8.320935393671068,5875144.4
2020-12-12,8.320935393671068,8.596661298972196,8.263185269154592,8.537408775486984,4072346.66
2020-12-13,8.537408775486984,8.84397651606088,8.368688740198484,8.672585067311164,5682346.52
2020-12-14,8.672585067311164,8.775108151334972,8.552402295939196,8.654714118292626,6584863.57
2020-12-15,8.654714118292626,8.771346381149925,8.233107932145316,8.345574177460499,4890839.72
2020-12-16,8.345574177460499,8.470335393316693,8.267552783042824,8.391881083285684,6400619.34
2020-12-17,8.391881083285684,8.484303717950723,8.11831888296365,8.20872435036365,4914682.51
2020-12-18,8.20872435036365,8.348246018589396,8.149794479409014,8.288741708490834,4210469.66
2020-12-19,8.288741708490834,8.369366731734196,8.10540823289952,8.185024392395523,3297925.66
2020-12-20,8.185024392395523,8.293890058410792,7.989964663096726,8.09766844331655,5355989.68
2020-12-21,8.09766844331655,8.23223735658211,7.87409542764193,8.007160255055974,5384147.89
2020-12-22,8.007160255055974,8.288935532983759,7.8755067827487935,8.15485368995315,6390210.39
2020-12-23,8.15485368995315,8.172839617577063,7.8859894532455055,7.903420833438959,6238109.69
2020-12-24,7.903420833438959,8.101926355944475,7.811518848580125,8.00879902009915,8383615.59
2020-12-25,8.00879902009915,8.128936124705575,7.9389647212808585,8.058666992292029,4323996.74
2020-12-26,8.058666992292029,8.162839700461223,7.945137090819133,8.049187256418996,5465277.55
2020-12-27,8.049187256418996,8.193027218643008,7.843470204827601,7.986184296439493,4210305.26
2020-12-28,7.986184296439493,8.185064914354145,7.858799227281638,8.056557347191715,6308854.37
2020-12-29,8.056557347191715,8.120632607996678,7.931055805952125,7.994638615864289,3965814.63
2020-12-30,7.994638615864289,8.116995874228962,7.810520943552356,7.93191827244006,6283108.58
2020-12-31,7.93191827244006,7.972217043592875,7.901580152198259,7.941840970864978,4159119.79
2021-01-01,7.941840970864978,8.22488062770716,7.907636851253149,8.189609412763929,6056099.55
2021-01-02,8.189609412763929,8.239238626876771,7.92466207409894,7.972978500091297,6760212.08
2021-01-03,7.972978500091297,8.119250962185477,7.899663515056059,8.045271214381062,3390283.11
2021-01-04,8.045271214381062,8.135315784202016,7.935918701108802,8.02574472587254,3570263.97
2021-01-05,8.02574472587254,8.09927050785563,7.921977068052297,7.995223235303292,5302428.58
2021-01-06,7.995223235303292,8.101562527080038,7.678280867561934,7.781781306326719,5163174.87
2021-01-07,7.781781306326719,7.814738497658663,7.511311357383604,7.543258362746657,4647813.1
2021-01-08,7.543258362746657,7.676331150061967,7.457365996726488,7.589907605912155,4438749.51
2021-01-09,7.589907605912155,7.642302986887236,7.370002615002885,7.421233589265569,4037551.1
2021-01-10,7.421233589265569,7.622282618928444,7.357680550770549,7.557562107203501,5431443.46
2021-01-11,7.557562107203501,7.64190390483392,7.340177160658993,7.423017450522077,3928792.8
2021-01-12,7.423017450522077,7.5299235486379965,7.39044659718064,7.497027950654425,5479220.41
2021-01-13,7.497027950654425,7.564412752317452,7.354716247592556,7.421421483051833,4331192.77
2021-01-14,7.421421483051833,7.537887518638966,7.225118161230886,7.340311316745503,4498600.67
2021-01-15,7.340311316745503,7.391665963494979,7.172201810052947,7.222733855590737,6775970.37
2021-01-16,7.222733855590737,7.394690201271561,7.108887531477886,7.279942147444376,6347485.65
2021-01-17,7.279942147444376,7.419492202948443,7.23512430025937,7.374094719892903,3897023.54
2021-01-18,7.374094719892903,7.488947042445796,7.2194281370227,7.33365053705505,4019702.3
2021-01-19,7.33365053705505,7.452835148684728,7.293321323392278,7.412074665029283,6073263.51
2021-01-20,7.412074665029283,7.55637602858436,7.270342024273993,7.4145951906946905,3493743.6
2021-01-21,7.4145951906946905,7.449946363653455,7.206924774981485,7.241450431486248,7191769.82
2021-01-22,7.241450431486248,7.437044702651517,7.096641704040055,7.291240316943085,5171827.68
2021-01-23,7.291240316943085,7.335875968810959,7.2087831845785715,7.2531858740434165,4327041.54
2021-01-24,7.2531858740434165,7.36041450057724,6.821895045559185,6.924260958306305,5013136.47
2021-01-25,6.924260958306305,6.976137219158273,6.825546674861989,6.877069378457668,7026642.74
2021-01-26,6.877069378457668,6.900997141684587,6.650450270130475,6.673670335955821,2934851.14
2021-01-27,6.673670335955821,6.690007877270463,6.513764471857838,6.529749686876455,6462486.4
2021-01-28,6.529749686876455,6.560120581377815,6.471395493479252,6.5016356250499205,6740099.78
2021-01-29,6.5016356250499205,6.562395706916042,6.433003107808178,6.493688924954433,4614541.19
2021-01-30,6.493688924954433,6.574495302551327,6.319016150450059,6.398639752055634,4911317.25
2021-01-31,6.398639752055634,6.528273468369421,6.330728859274951,6.459714370342805,5173502.28
2021-02-01,6.459714370342805,6.545940290556104,6.36124744784851,6.447307761472221,6006371.39
2021-02-02,6.447307761472221,6.471323063367103,6.375746240985374,6.399583777847661,4166203.06
2021-02-03,6.399583777847661,6.496068578770175,6.308865331114002,6.405269532601047,4981892.59
2021-02-04,6.405269532601047,6.650465850735927,6.301931365559659,6.544875379977618,4876691.34
2021-02-05,6.544875379977618,6.5851378264480465,6.261121301581184,6.299876576311091,5924813.88
2021-02-06,6.299876576311091,6.552825330420222,6.197475425215338,6.448016247569607,9760007.82
2021-02-07,6.448016247569607,6.489928991361154,6.336919709460286,6.378379809512303,4161889.8
2021-02-08,6.378379809512303,6.442121237858299,6.228428841418335,6.291300050621304,5099522.49
2021-02-09,6.291300050621304,6.3951350683742,6.144048066507525,6.24715448192507,4133963.71
2021-02-10,6.24715448192507,6.336925923159642,6.061682034692442,6.15005820504988,4424818.68
2021-02-11,6.15005820504988,6.2181219769262,5.971113026450916,6.037935921365671,3820757.02
2021-02-12,6.037935921365671,6.183380035864041,5.985683683557684,6.130328235879101,3410359.57
2021-02-13,6.130328235879101,6.223164298626089,6.05586964581699,6.148485175491141,6720424.14
2021-02-14,6.148485175491141,6.218306786177382,5.875390063569253,5.942876805231277,5465509.04
2021-02-15,5.942876805231277,6.132510563557928,5.827074177960878,6.0152967642580615,5117453.98
2021-02-16,6.0152967642580615,6.175289027187683,5.913814292417629,6.072835829087987,4018663.39
2021-02-17,6.072835829087987,6.097708661854463,5.890947164473056,5.91517425444487,4907166.49
2021-02-18,5.91517425444487,5.9907900128442595,5.859436279216827,5.934866480143023,3744726.51
2021-02-19,5.934866480143023,6.076903412341068,5.860256119435926,6.001455920390534,4966043.52
2021-02-20,6.001455920390534,6.089656458137077,5.747479471920944,5.833207340464984,5435060.43
2021-02-21,5.833207340464984,5.894022774150159,5.802918337835803,5.863576081450683,4365849.66
2021-02-22,5.863576081450683,5.962985530866706,5.695987047808563,5.794220664643401,4138096.21
2021-02-23,5.794220664643401,5.92912931851418,5.716926306778821,5.851076509041021,4420983.98
2021-02-24,5.851076509041021,5.869881085650073,5.736829196600826,5.75532604403358,6129680.34
2021-02-25,5.75532604403358,5.881716155565991,5.73769308943209,5.8637510125648955,5258490.62
2021-02-26,5.8637510125648955,5.9479029257958,5.755269613753262,5.8390672856735915,3345810.86
2021-02-27,5.8390672856735915,5.930156114535188,5.686079156566739,5.776187060602491,5991269.17
2021-02-28,5.776187060602491,5.8200136886731695,5.659778371084875,5.703050074696584,5727343.35
2021-03-01,5.703050074696584,5.821595144832026,5.675018475529098,5.793120830400333,5239426.98
2021-03-02,5.793120830400333,5.827630711728802,5.68563143415236,5.719703967929214,7544673.29
2021-03-03,5.719703967929214,5.8821600983579305,5.667883138717707,5.829345907209907,5029880.06
2021-03-04,5.829345907209907,5.93047098595691,5.751385660615484,5.852205027083503,5568488.22
2021-03-05,5.852205027083503,5.883683825818429,5.679605350026193,5.710320959504018,5622586.85
2021-03-06,5.710320959504018,5.80643267584588,5.617564115861886,5.713622207659497,6226359.16
2021-03-07,5.713622207659497,5.7561080006256455,5.67659952744945,5.719050148868674,4729037.28
2021-03-08,5.719050148868674,5.81382725887211,5.484737520547968,5.577163255879949,4255565.64
2021-03-09,5.577163255879949,5.682574898289974,5.473245993934159,5.578630301416319,6377050.65
2021-03-10,5.578630301416319,5.661282204391641,5.5509888361074236,5.633369512647843,6295108.78
2021-03-11,5.633369512647843,5.854731935528061,5.5290442506763675,5.748278652992262,6876752.32
2021-03-12,5.748278652992262,5.947096059963325,5.663798230735065,5.860959605522451,5547404.19
2021-03-13,5.860959605522451,6.226130669109409,5.755641559239071,6.116225640171112,3310995.53
2021-03-14,6.116225640171112,6.167416543803865,6.06581189600953,6.1169964461787005,5209366.81
2021-03-15,6.1169964461787005,6.286699703640189,6.009668253139208,6.1782959556862,5042291.49
2021-03-16,6.1782959556862,6.243675098133885,6.048019437983822,6.112704487108975,6799169.11
2021-03-17,6.112704487108975,6.356111740555631,6.0796104340053185,6.321885187553872,6514601.12
2021-03-18,6.321885187553872,6.447933934277952,6.099078462785126,6.223158755050383,5827803.47
2021-03-19,6.223158755050383,6.553576699006111,6.104511828556137,6.430967812526953,2977812.94
2021-03-20,6.430967812526953,6.658717686568073,6.403657357076899,6.630559622578293,4068333.97
2021-03-21,6.630559622578293,6.698267733866757,6.472565385983777,6.539342026704986,4564765.38
2021-03-22,6.539342026704986,6.793417121135554,6.41018002432056,6.661835681794603,4590990.25
2021-03-23,6.661835681794603,6.796726157356339,6.5827456112494085,6.716981390686109,5213005.59
2021-03-24,6.716981390686109,6.79051613163068,6.595678541449967,6.668684548492721,7239044.0
2021-03-25,6.668684548492721,6.705472047231896,6.61665263979913,6.653355576955433,6075426.61
2021-03-26,6.653355576955433,6.749494203382581,6.589806681918068,6.685636975626176,3973661.93
2021-03-27,6.685636975626176,6.803267299186362,6.612312298976877,6.7294619721945095,4064418.09
2021-03-28,6.7294619721945095,7.0142637199377535,6.629509907240508,6.9116062826926035,3973668.11
2021-03-29,6.9116062826926035,7.053566619654053,6.841794835765827,6.983033712043709,4856060.98
2021-03-30,6.983033712043709,7.076814432126496,6.796293366508106,6.8888086633840855,6115492.47
2021-03-31,6.8888086633840855,7.008106335121995,6.862443167424557,6.981386516502106,6362634.0
2021-04-01,6.981386516502106,7.091330317192079,6.661786332268394,6.7683756089378635,4551168.5
2021-04-02,6.7683756089378635,6.782311412843245,6.708905428360771,6.722747285445608,4962465.45
2021-04-03,6.722747285445608,6.813899623194655,6.598183373984705,6.688876464286384,7598745.02
2021-04-04,6.688876464286384,6.882693347083794,6.576010732537383,6.768484340239137,3449481.84
2021-04-05,6.768484340239137,7.096384839367431,6.661526901526659,6.985990311868059,5864566.5
2021-04-06,6.985990311868059,7.046545341213951,6.9534934843294725,7.013918599275429,5708324.66
2021-04-07,7.013918599275429,7.134533129700516,6.849907238008818,6.969762439043875,4642609.72
2021-04-08,6.969762439043875,6.993637532996383,6.860898887682336,6.884481850866706,4976993.48
2021-04-09,6.884481850866706,7.010686051538607,6.862489873226238,6.988362235548255,5553858.31
2021-04-10,6.988362235548255,7.105815075035521,6.847918232112122,6.964978055575853,4645037.4
2021-04-11,6.964978055575853,7.001790521762217,6.867193333837234,6.903681826950658,4263270.18
2021-04-12,6.903681826950658,7.0929186239098,6.834320112319142,7.022364497212843,4183753.85
2021-04-13,7.022364497212843,7.3060902198846875,6.889926932637249,7.170852265440253,7964385.65
2021-04-14,7.170852265440253,7.212166030767439,7.00965850119278,7.050277594046742,4478841.76
2021-04-15,7.050277594046742,7.163438126835289,6.755574864909314,6.865774021742832,5258131.49
2021-04-16,6.865774021742832,6.951732940562988,6.768809770970285,6.854629157012405,6084539.4
2021-04-17,6.854629157012405,6.918394507055936,6.6552207684815485,6.717712447593668,4742497.26
2021-04-18,6.717712447593668,6.786677514789157,6.500096751295912,6.567519918936771,5044938.03
2021-04-19,6.567519918936771,6.6291599700449915,6.387238568404856,6.447754550838493,5669631.79
2021-04-20,6.447754550838493,6.6806975604515015,6.3388425954417285,6.56972534095075,4044892.29
2021-04-21,6.56972534095075,6.757660716816759,6.460327984874364,6.646976986450485,3405271.45
2021-04-22,6.646976986450485,7.005501920667307,6.589005006916948,6.944931315875615,4165294.0
2021-04-23,6.944931315875615,7.045983367552317,6.766917797134933,6.8668334882993225,7702576.13
2021-04-24,6.8668334882993225,7.113484074144123,6.787359454851481,7.032097341773108,4330349.36
2021-04-25,7.032097341773108,7.20470062803854,6.923325320953272,7.094956308835768,5166007.6
2021-04-26,7.094956308835768,7.115537608207136,7.005482223981655,7.025863095323599,3589400.25
2021-04-27,7.025863095323599,7.082411576743943,6.951950099905814,7.008357686998444,6993449.7
2021-04-28,7.008357686998444,7.064736518103603,6.883695982927492,6.939521056801492,4637458.96
2021-04-29,6.939521056801492,7.06119883744193,6.851093373722212,6.97235279202133,4462467.76
2021-04-30,6.97235279202133,7.137404185847871,6.932349237459661,7.096687267929635,4835960.78
2021-05-01,7.096687267929635,7.178799412624257,6.9695210949888855,7.0511058402585345,9371725.95
2021-05-02,7.0511058402585345,7.299788826584158,6.912639950501371,7.159200236210617,5583522.65
2021-05-03,7.159200236210617,7.344241048938453,7.139275417606711,7.323857970281072,4807799.34
2021-05-04,7.323857970281072,7.605262685858997,7.242841535919765,7.522053811336682,2432047.82
2021-05-05,7.522053811336682,7.555821742018975,7.3344419202197,7.367516101721655,7012446.99
2021-05-06,7.367516101721655,7.4594864438826916,7.270024984991255,7.361925538913317,4202650.38
2021-05-07,7.361925538913317,7.5035635114076955,7.315283831433263,7.456323741190659,4040122.87
2021-05-08,7.456323741190659,7.592365551868547,7.180898216391036,7.314349687922409,4131439.92
2021-05-09,7.314349687922409,7.370844537118681,7.091480719114819,7.1466805188775515,7211621.66
2021-05-10,7.1466805188775515,7.284251476087922,7.00662595643817,7.1441481668076365,4947572.77
2021-05-11,7.1441481668076365,7.1589681699182846,7.077943055832183,7.09265624278275,3417545.03
2021-05-12,7.09265624278275,7.213075821458714,6.951688477369545,7.071753162184521,4751233.51
2021-05-13,7.071753162184521,7.119206790181567,6.966429449781329,7.013492128411226,4061505.97
2021-05-14,7.013492128411226,7.330202125995027,6.974011746531508,7.289169897559775,5470243.83
2021-05-15,7.289169897559775,7.419752617523858,7.1008364030200015,7.230365667457589,4539575.08
2021-05-16,7.230365667457589,7.36160687186731,7.1762917062747285,7.306960081650568,3377426.25
2021-05-17,7.306960081650568,7.4678288818286696,7.2155513879064435,7.375561991123943,4897944.89
2021-05-18,7.375561991123943,7.488128052267551,7.048770283601689,7.158016153264912,4929507.31
2021-05-19,7.158016153264912,7.418230176981501,7.089688372304649,7.348088039925863,3654885.53
2021-05-20,7.348088039925863,7.459657660026126,7.319988337638176,7.431239977784229,3063076.92
2021-05-21,7.431239977784229,7.591526489667266,7.293003555562437,7.452887381005439,5366046.94
2021-05-22,7.452887381005439,7.699060340895559,7.3511180834169485,7.595345771680988,4661219.92
2021-05-23,7.595345771680988,7.7325416696763565,7.452672142835631,7.589767275598916,4738130.76
2021-05-24,7.589767275598916,7.832697995321445,7.469704136843366,7.710721472401864,6024870.29
2021-05-25,7.710721472401864,7.833566148891922,7.339548908032803,7.458373255797126,3079500.72
2021-05-26,7.458373255797126,7.664052768038019,7.364264361792768,7.568553630762989,5075949.42
2021-05-27,7.568553630762989,7.61024140049828,7.552572703655843,7.594206308013542,5900767.42
2021-05-28,7.594206308013542,7.758408419139448,7.458362285170123,7.622066045492663,4776824.48
2021-05-29,7.622066045492663,7.751310645096632,7.382197592691112,7.5095340278317435,3509242.59
2021-05-30,7.5095340278317435,7.622824061119695,7.368348168936594,7.481210915210492,4238588.74
2021-05-31,7.481210915210492,7.614427858482041,7.316465130215812,7.449110464972809,4466351.12
2021-06-01,7.449110464972809,7.488708037722224,7.261656716348522,7.30046412302821,3369260.44
2021-06-02,7.30046412302821,7.399989465100096,7.248824594034984,7.348013596883448,5486450.32
2021-06-03,7.348013596883448,7.594005059582264,7.312536017947821,7.5575159641769325,5004005.64
2021-06-04,7.5575159641769325,7.660593971779192,7.269091609074714,7.369606696128443,4257598.6
2021-06-05,7.369606696128443,7.508584862733388,7.296713515858492,7.435044434240117,6396934.51
2021-06-06,7.435044434240117,7.463651468597639,7.352077055954903,7.380474125906806,4388299.9
2021-06-07,7.380474125906806,7.471707608781633,7.2208862521256645,7.311264198812626,7238500.62
2021-06-08,7.311264198812626,7.3811646877352235,7.2520302107863674,7.321844976957211,4674890.79
2021-06-09,7.321844976957211,7.413844583408421,7.242555679538568,7.334419118824611,3938510.21
2021-06-10,7.334419118824611,7.408758974067758,7.285242765083723,7.3594150259271185,3968346.69
2021-06-11,7.3594150259271185,7.395481143874446,7.178266987036076,7.213618603771113,5115157.23
2021-06-12,7.213618603771113,7.430156436018132,7.140655307298697,7.3557554734955675,3825987.43
2021-06-13,7.3557554734955675,7.411960382255241,7.311101104538624,7.367236316879183,5183798.85
2021-06-14,7.367236316879183,7.515545330356035,7.298792888810209,7.4463667610978845,4523599.61
2021-06-15,7.4463667610978845,7.677539323493286,7.380235907705652,7.609955644473443,4497740.57
2021-06-16,7.609955644473443,7.753994235697449,7.2158127250293385,7.355026098555516,4948231.79
2021-06-17,7.355026098555516,7.478769723365575,7.315579603900062,7.4388735379103785,6427649.23
2021-06-18,7.4388735379103785,7.492105836687572,7.364944385183696,7.41802751057465,4365310.91
2021-06-19,7.41802751057465,7.677423552985562,7.297458173898372,7.554633876879742,5235541.05
2021-06-20,7.554633876879742,7.609975520890446,7.393959624721378,7.448523958084381,5587392.42
2021-06-21,7.448523958084381,7.6550517518418975,7.369236398736097,7.574424019773581,3694986.96
2021-06-22,7.574424019773581,7.6934564583380665,7.317566095255968,7.434398018460445,5698075.27
2021-06-23,7.434398018460445,7.50423855910574,7.418942072061974,7.488669782928652,6130540.3
2021-06-24,7.488669782928652,7.672183813403294,7.344752060278177,7.527519474950083,6366015.59
2021-06-25,7.527519474950083,7.605286239629407,7.430034424511416,7.507595353192129,3789561.84
2021-06-26,7.507595353192129,7.625240090502198,7.256294153125074,7.371811138807542,3856352.23
2021-06-27,7.371811138807542,7.508739071032617,7.188397941880759,7.324446090563683,4932523.07
2021-06-28,7.324446090563683,7.579013740841416,7.194199306687169,7.446594849637314,4862858.99
2021-06-29,7.446594849637314,7.692905980225996,7.402162347042353,7.64727604872837,5024200.69
2021-06-30,7.64727604872837,8.013793059734017,7.555559432215259,7.918819719317739,4573529.94
2021-07-01,7.918819719317739,8.069413560558257,7.844447856108341,7.9943324974672905,5237768.13
2021-07-02,7.9943324974672905,8.124132225005988,7.901737925019741,8.031111656948646,2640370.57
2021-07-03,8.031111656948646,8.226280608803807,7.9023460086726,8.096467093738445,5894136.84
2021-07-04,8.096467093738445,8.450366747213817,8.028613642738357,8.380135973829452,7224004.05
2021-07-05,8.380135973829452,8.54869857746491,8.291392221640207,8.459118418973777,4354349.37
2021-07-06,8.459118418973777,8.582910388251996,8.349626758983488,8.473235995637877,5259452.38
2021-07-07,8.473235995637877,8.531448322129988,8.37486392376244,8.432798438533275,7611080.85
2021-07-08,8.432798438533275,8.541740791391911,8.301178823445154,8.40982437704654,5042005.26
2021-07-09,8.40982437704654,8.508470769439404,8.370462850152554,8.468833057022426,5396736.42
2021-07-10,8.468833057022426,8.580533865358591,8.247070486616764,8.357300217623502,7923739.82
2021-07-11,8.357300217623502,8.39556135953564,8.22776171603768,8.265603052731924,8319024.28
2021-07-12,8.265603052731924,8.39753761021701,8.125375011000049,8.257175041589338,3835295.8
2021-07-13,8.257175041589338,8.30252659115976,8.146986895342172,8.191980370956056,4511206.35
2021-07-14,8.191980370956056,8.3932238917697,8.08032261397489,8.280361488669222,6251586.02
2021-07-15,8.280361488669222,8.485681689774482,8.177175259855781,8.3812383774697,5661657.29
2021-07-16,8.3812383774697,8.502776460377392,8.30030942537842,8.421459137993454,5965234.51
2021-07-17,8.421459137993454,8.611886912046169,8.306773451841664,8.496183608046927,2596194.73
2021-07-18,8.496183608046927,8.661741884888132,8.349732440227928,8.514966943300772,3067823.41
2021-07-19,8.514966943300772,8.550415130594274,7.927048141807678,7.960186754422495,7810677.37
2021-07-20,7.960186754422495,8.07302814638675,7.726868270164576,7.8379772542677895,6067255.36
2021-07-21,7.8379772542677895,8.012662533880158,7.764439518504369,7.938184629089434,5462182.17
2021-07-22,7.938184629089434,8.050356299552028,7.710945890602092,7.821468283801307,3665136.05
2021-07-23,7.821468283801307,8.083348677994714,7.682631903408159,7.942366276032578,4507266.65
2021-07-24,7.942366276032578,8.184220539442837,7.833150192817742,8.073205279137172,5765263.97
2021-07-25,8.073205279137172,8.112577462305795,7.996888683776958,8.036079809890191,3538374.45
2021-07-26,8.036079809890191,8.112345538634445,7.877508681936223,7.9529858142149905,4191775.57
2021-07-27,7.9529858142149905,8.049851789984688,7.858424210420751,7.955263108983145,5491975.83
2021-07-28,7.955263108983145,7.989341743823021,7.915897824687929,7.949953715227769,5794293.48
2021-07-29,7.949953715227769,8.149313436440183,7.841953594952325,8.040088830632687,4387132.3
2021-07-30,8.040088830632687,8.159390517176066,7.598439002103987,7.712885530151954,6391729.46
2021-07-31,7.712885530151954,7.834172784048847,7.493934497642011,7.613661425098789,6340022.22
2021-08-01,7.613661425098789,7.645320852742895,7.4474811221726425,7.478578844093242,3193921.87
2021-08-02,7.478578844093242,7.588458545783706,7.046563467269891,7.151639584066547,7530258.73
2021-08-03,7.151639584066547,7.2130815322972595,7.028848734619752,7.089759048020784,6692863.79
2021-08-04,7.089759048020784,7.130894583355139,6.8637950744410245,6.9038519570797785,5264994.44
2021-08-05,6.9038519570797785,6.982819799335594,6.778766380363414,6.857200613854772,4831287.49
2021-08-06,6.857200613854772,6.9416054920067936,6.715012163583782,6.798696923256785,6090765.14
2021-08-07,6.798696923256785,6.924632481568104,6.729202327267783,6.854566797562288,5713704.68
2021-08-08,6.854566797562288,6.972021253901854,6.707960498003141,6.824906722666697,4671824.78
2021-08-09,6.824906722666697,6.8576959160162305,6.591469990298481,6.623290550386946,7470826.69
2021-08-10,6.623290550386946,6.727210608879708,6.561503443079319,6.665034086024594,2954302.26
2021-08-11,6.665034086024594,7.006506893017019,6.619669911143825,6.9591409407083615,4234286.1
2021-08-12,6.9591409407083615,7.114809708239294,6.939109728639705,7.094389197185247,5592254.6
2021-08-13,7.094389197185247,7.239689335567747,7.036902280179015,7.181496574208409,4935292.36
2021-08-14,7.181496574208409,7.288683010758236,7.0505607438891635,7.157387341410331,5955621.26
2021-08-15,7.157387341410331,7.239113842393349,7.014925390912526,7.0959503749791155,3528165.03
2021-08-16,7.0959503749791155,7.163627559397265,6.959346745166579,7.026360217798097,4691851.79
2021-08-17,7.026360217798097,7.131748846202528,6.952269455321477,7.057331501265592,6666066.9
2021-08-18,7.057331501265592,7.111143897386036,6.864154102525461,6.916895670593077,3441857.37
2021-08-19,6.916895670593077,6.974036978341991,6.887852017693401,6.944875838303898,4708271.78
2021-08-20,6.944875838303898,7.032573895475581,6.777452306949864,6.8641307363073,4378618.6
2021-08-21,6.8641307363073,6.978604292311316,6.547582532183119,6.658628921009508,5475473.54
2021-08-22,6.658628921009508,6.766518408523484,6.472951338111722,6.579559669836973,5516322.85
2021-08-23,6.579559669836973,6.770204389836101,6.538765397932308,6.728486747371736,5122858.74
2021-08-24,6.728486747371736,6.812082132694342,6.662431995418282,6.745856855299778,4650498.34
2021-08-25,6.745856855299778,6.82639025057176,6.257696995657449,6.333305267133816,5079713.31
2021-08-26,6.333305267133816,6.4374510217836,6.15564083064905,6.258557421302437,4798365.28
2021-08-27,6.258557421302437,6.395930845748448,6.223902962793061,6.360710750770578,4959585.68
2021-08-28,6.360710750770578,6.388571759227504,6.300040679512091,6.327757346382942,7197110.95
2021-08-29,6.327757346382942,6.507649957971101,6.208990249551133,6.387756719449469,3702000.75
2021-08-30,6.387756719449469,6.41728704259655,6.31438444339904,6.343711145763226,5445840.04
2021-08-31,6.343711145763226,6.491304275187721,6.218080459661254,6.365247091785901,3950766.95
2021-09-01,6.365247091785901,6.451401101925059,6.28388953408548,6.369983011947997,8151369.01
2021-09-02,6.369983011947997,6.439937973109949,6.228747212318073,6.29791067727613,5112597.02
2021-09-03,6.29791067727613,6.397390990052259,6.263896197910584,6.363024834666449,3641769.22
2021-09-04,6.363024834666449,6.65396773998517,6.251741146660432,6.539595978524386,4718351.91
2021-09-05,6.539595978524386,6.618854393478907,6.506250764277418,6.585276256789845,3471922.57
2021-09-06,6.585276256789845,6.6590883004449815,6.524541421555949,6.598233958624688,4267934.76
2021-09-07,6.598233958624688,6.617135395616515,6.482092781416315,6.500714863197449,5832093.23
2021-09-08,6.500714863197449,6.626836539243401,6.485075037110084,6.610931546970101,7026911.65
2021-09-09,6.610931546970101,6.710970646310574,6.452690905142277,6.551835744604018,6550945.6
2021-09-10,6.551835744604018,6.656288676801581,6.51423233292246,6.618303780447191,4870608.12
2021-09-11,6.618303780447191,6.7953805690041555,6.533495269159288,6.709404669360854,5765845.54
2021-09-12,6.709404669360854,6.931730690070316,6.608620821428333,6.829148141877527,6120014.72
2021-09-13,6.829148141877527,7.0287909498408485,6.755037135776483,6.9533322776687125,8774674.02
2021-09-14,6.9533322776687125,7.172968675423954,6.857266680622193,7.0752191185614945,4299265.06
2021-09-15,7.0752191185614945,7.120080769997362,6.875723702147739,6.919598614844204,7292057.1
2021-09-16,6.919598614844204,7.035304795524711,6.701436997231204,6.815400833009566,3805427.02
2021-09-17,6.815400833009566,6.854331842135482,6.613723325412897,6.651719351342277,6715526.12
2021-09-18,6.651719351342277,6.735737520190039,6.402290738822124,6.4841928731245435,4281374.79
2021-09-19,6.4841928731245435,6.776968722638092,6.373666309218342,6.663387686512885,4214391.01
2021-09-20,6.663387686512885,6.7718517172315025,6.441658819521631,6.548248662022976,4656553.2
2021-09-21,6.548248662022976,6.567388248602862,6.400255632664343,6.419017495178712,4118296.04
2021-09-22,6.419017495178712,6.474280642449062,6.358165308183798,6.413379919965737,5561966.17
2021-09-23,6.413379919965737,6.524629070033388,6.219737574078538,6.329532267972403,6794227.29
2021-09-24,6.329532267972403,6.704402706527516,6.219924239729156,6.590279341077155,2949239.99
2021-09-25,6.590279341077155,6.67895397378009,6.470792927764509,6.559047322164588,4786441.89
2021-09-26,6.559047322164588,6.6381229935913275,6.533115725788721,6.611982116256321,3810641.41
2021-09-27,6.611982116256321,6.673320224987014,6.461034167597256,6.521533198811516,6269574.7
2021-09-28,6.521533198811516,6.6474035929293835,6.20997846504411,6.332194482480948,7131621.26
2021-09-29,6.332194482480948,6.3570020990715905,6.2268376228227,6.251328430760064,4786394.11
2021-09-30,6.251328430760064,6.354008129984353,6.07128655409442,6.172674339362026,4193819.43
2021-10-01,6.172674339362026,6.231442981175592,6.036228020359607,6.094250001721826,3338884.98
2021-10-02,6.094250001721826,6.188133969462264,5.8325879405383505,5.9238467895738385,8138740.39
2021-10-03,5.9238467895738385,5.956579721158052,5.906207925345414,5.938896046217247,6952980.96
2021-10-04,5.938896046217247,5.951876456713287,5.89118442208668,5.904088755662677,3048991.43
2021-10-05,5.904088755662677,5.9478457975101575,5.702366382052582,5.744943952161954,5890297.18
2021-10-06,5.744943952161954,5.858163155386945,5.6434696560895095,5.756485006949662,3786356.19
2021-10-07,5.756485006949662,5.918858936381444,5.674533400223172,5.835778476333684,4403088.62
2021-10-08,5.835778476333684,6.039779368979578,5.759838496391665,5.962194360910117,3659472.35
2021-10-09,5.962194360910117,6.081189209952466,5.597508776914495,5.711500214408515,3032049.84
2021-10-10,5.711500214408515,5.758627658691845,5.5918175660316285,5.638341352773842,4943340.86
2021-10-11,5.638341352773842,5.735910261001607,5.407866348110297,5.5030948781947915,8030855.27
2021-10-12,5.5030948781947915,5.524964054273168,5.418589235753537,5.440208502781226,3966678.21
2021-10-13,5.440208502781226,5.605254803414061,5.412609893566401,5.576962430676635,6248037.21
2021-10-14,5.576962430676635,5.636110247788227,5.447493586079036,5.505887601991397,6498109.35
2021-10-15,5.505887601991397,5.611989515147817,5.354947286271053,5.4601681569993,5988706.16
2021-10-16,5.4601681569993,5.540221049495111,5.301929951404668,5.380819493273858,8236308.54
2021-10-17,5.380819493273858,5.561731786025112,5.359158767460713,5.5394325563421,6348634.11
2021-10-18,5.5394325563421,5.645725025312784,5.215866854195261,5.317908648965732,7850691.7
2021-10-19,5.317908648965732,5.401840838554856,5.183008053778346,5.266122912621921,3753434.52
2021-10-20,5.266122912621921,5.346478325506119,5.1070850125042355,5.1862212107304835,6024156.12
2021-10-21,5.1862212107304835,5.248076255821004,4.970357554589643,5.030353597166893,7294807.11
2021-10-22,5.030353597166893,5.177198140360403,4.984659919303811,5.130593920336156,4122407.31
2021-10-23,5.130593920336156,5.1510042310925055,4.9493792756970345,4.96914732647287,2091533.37
2021-10-24,4.96914732647287,5.034522780607724,4.864402008577517,4.9292525967949565,3642258.27
2021-10-25,4.9292525967949565,4.950440639433766,4.901759153447505,4.922919975764007,4171374.57
2021-10-26,4.922919975764007,4.985042398444358,4.79682595275897,4.858130799567973,5753068.46
2021-10-27,4.858130799567973,4.915037375450201,4.655842454520826,4.711025890992471,4339804.08
2021-10-28,4.711025890992471,4.771032294185501,4.6376493473383285,4.697483251998216,5003901.85
2021-10-29,4.697483251998216,4.776786716641885,4.556516407804316,4.634760987808336,4298880.44
2021-10-30,4.634760987808336,4.746694942954381,4.591188675024069,4.702485934434252,4841876.68
2021-10-31,4.702485934434252,4.793219529672577,4.656125238337473,4.746425642392319,4917900.71
2021-11-01,4.746425642392319,4.929233568731687,4.731808373395305,4.914099923779464,4268846.25
2021-11-02,4.914099923779464,4.959649512515576,4.878820044579386,4.924296429373535,6139550.05
2021-11-03,4.924296429373535,4.9939941085070645,4.907266250141835,4.976782411833986,7060505.81
2021-11-04,4.976782411833986,4.999434975073195,4.923154111240854,4.9456650391433365,3751741.75
2021-11-05,4.9456650391433365,5.148603277795985,4.897779424143741,5.099230786872789,5279159.57
2021-11-06,5.099230786872789,5.148339884491624,5.0516575695637815,5.100752470650618,3497524.82
2021-11-07,5.100752470650618,5.196878373067425,4.99607857120442,5.092040288758059,3226044.19
2021-11-08,5.092040288758059,5.163185516696136,5.070919728338153,5.14185832303234,6479046.77
2021-11-09,5.14185832303234,5.1659605134002,5.059935566560837,5.083765449641034,8258882.84
2021-11-10,5.083765449641034,5.162643088088029,4.96115819886001,5.039346653317028,4605939.44
2021-11-11,5.039346653317028,5.100812775566578,5.027236222321304,5.088584018574375,7907109.09
2021-11-12,5.088584018574375,5.226648045112833,5.018783734645703,5.155924055555272,4251993.13
2021-11-13,5.155924055555272,5.292154663464931,5.076233576369959,5.211603595723805,4715320.58
2021-11-14,5.211603595723805,5.281031357238289,5.135437067511986,5.204773844683995,7586510.95
2021-11-15,5.204773844683995,5.268045059271844,5.167401021550981,5.23048759880138,3979960.58
2021-11-16,5.23048759880138,5.341835474993094,5.210274036099351,5.321271073592886,6287777.63
2021-11-17,5.321271073592886,5.427138486932687,5.115439223357536,5.219277459849388,4583067.49
2021-11-18,5.219277459849388,5.31119542013644,5.128105155943115,5.220010314450058,4175614.58
2021-11-19,5.220010314450058,5.299101074924908,4.881902933512806,4.957008838501607,4402782.78
2021-11-20,4.957008838501607,5.050281721305065,4.930405929620265,5.023322922893945,2907701.94
2021-11-21,5.023322922893945,5.072332369680863,4.9060801183918175,4.954417295702736,6853163.24
2021-11-22,4.954417295702736,5.027627512138455,4.8165264937157355,4.888766605914838,5291030.15
2021-11-23,4.888766605914838,4.907469960000447,4.8600716152624,4.878736596721835,4818381.46
2021-11-24,4.878736596721835,5.028235126312796,4.784909205140453,4.9333572751137815,4204696.49
2021-11-25,4.9333572751137815,5.2473004756486015,4.8386654682398165,5.148479570134817,5405310.66
2021-11-26,5.148479570134817,5.172723313263797,4.985125453526798,5.00871103878111,6235761.09
2021-11-27,5.00871103878111,5.036494471523089,4.906758333001299,4.934128052240101,4668331.31
2021-11-28,4.934128052240101,4.997203073902718,4.8919246050303755,4.954822618310269,6361952.69
2021-11-29,4.954822618310269,5.004927360612297,4.842252904390521,4.891719528173823,5355975.28
2021-11-30,4.891719528173823,5.014934861330076,4.8431288925347316,4.965610251230576,4884626.85
2021-12-01,4.965610251230576,5.037053836981635,4.880137890719432,4.951376688599326,6280996.19
2021-12-02,4.951376688599326,5.083225883114592,4.899566373388737,5.030586728293827,4403761.73
2021-12-03,5.030586728293827,5.057332181909051,4.98233795339488,5.008968472093029,3656677.2
2021-12-04,5.008968472093029,5.092244350093646,4.975416387292434,5.058361411525131,4934076.79
2021-12-05,5.058361411525131,5.105917680727268,4.92674613572203,4.973504622405542,5044293.48
2021-12-06,4.973504622405542,5.206995386805895,4.9170684316218525,5.148572634735131,4729679.07
2021-12-07,5.148572634735131,5.244409701320609,4.902756347907548,4.9957487042716195,6732264.82
2021-12-08,4.9957487042716195,5.014392005121077,4.91537688319079,4.933788960612093,5666439.81
2021-12-09,4.933788960612093,5.015088306319217,4.731913994321251,4.811193197825168,4858219.36
2021-12-10,4.811193197825168,4.917842398454276,4.774650167444323,4.880770896269548,4993117.99
2021-12-11,4.880770896269548,5.002790019583813,4.8071371316128895,4.928437138028948,5101809.56
2021-12-12,4.928437138028948,4.96120451678621,4.791230811185002,4.823299165960411,5702764.66
2021-12-13,4.823299165960411,4.954081456969297,4.78021456987537,4.910220428126762,5066101.08
2021-12-14,4.910220428126762,4.959217663662065,4.801719885958274,4.850117375829836,4810602.31
2021-12-15,4.850117375829836,4.960002465101532,4.774872932380397,4.884228818679547,3581876.88
2021-12-16,4.884228818679547,4.963836043963383,4.8598439064007515,4.939176799391956,4187018.7
2021-12-17,4.939176799391956,4.979865450254613,4.87775177503075,4.918268181920193,5358522.67
2021-12-18,4.918268181920193,5.056691212886918,4.861639614847148,4.999131590654638,5240615.69
2021-12-19,4.999131590654638,5.068302910761375,4.91790158278277,4.986903709771166,3449071.59
2021-12-20,4.986903709771166,5.034542710368762,4.970101590003017,5.017637042354048,4344708.26
2021-12-21,5.017637042354048,5.03622775083403,4.975293364424846,4.993795739150533,3962993.4
2021-12-22,4.993795739150533,5.068366317610747,4.758911602430524,4.831051986219028,7032880.43
2021-12-23,4.831051986219028,4.872554004561425,4.779584403420768,4.821000068965592,5323980.34
2021-12-24,4.821000068965592,4.845013855310597,4.723525063991387,4.747171102357792,5567938.52
2021-12-25,4.747171102357792,4.899616430249993,4.71518645156548,4.866825592572329,4917290.99
2021-12-26,4.866825592572329,4.928964556977727,4.689987879092705,4.750643445716386,4275308.17
2021-12-27,4.750643445716386,4.94894655000746,4.659624270715014,4.855910527592336,4473083.25
2021-12-28,4.855910527592336,4.929596093899702,4.767585689090223,4.841045690295418,5655445.06
2021-12-29,4.841045690295418,4.9564519731616326,4.7619089981558,4.876731917395981,4685223.39
2021-12-30,4.876731917395981,4.939895710732897,4.697341332378231,4.758979994074599,5670115.11
2021-12-31,4.758979994074599,4.800293969196355,4.692354338380968,4.733446651745144,5181948.83
2022-01-01,4.733446651745144,4.824895638993834,4.587946667094695,4.678330830677061,5383422.48
2022-01-02,4.678330830677061,4.874142155439174,4.662130108730019,4.857321601374203,5452516.31
2022-01-03,4.857321601374203,4.93773538814102,4.719208901447688,4.798651392916465,4383726.13
2022-01-04,4.798651392916465,4.931303599455159,4.766745741321744,4.898732520570833,4626070.54
2022-01-05,4.898732520570833,5.066881050646556,4.835335817576231,5.002146026908902,6275477.65
2022-01-06,5.002146026908902,5.205674966684217,4.903689012335613,5.105189747213051,7893408.84
2022-01-07,5.105189747213051,5.192801184256242,4.965401546635523,5.052101930387479,6289842.13
2022-01-08,5.052101930387479,5.307894401518434,4.964687779470811,5.217616430805998,2489807.3
2022-01-09,5.217616430805998,5.499412759057942,5.129881048164096,5.408468162038252,4136865.83
2022-01-10,5.408468162038252,5.499910448160513,5.353473303685977,5.44454871240465,5145472.04
2022-01-11,5.44454871240465,5.493957666251828,5.351258085520801,5.400265168859551,3799553.65
2022-01-12,5.400265168859551,5.461471187620916,5.2585148625517855,5.318797536012771,3755292.13
2022-01-13,5.318797536012771,5.4025183418103255,5.280863715722952,5.3642602798954675,4503066.95
2022-01-14,5.3642602798954675,5.4280495672695785,5.30736373351106,5.371080679654322,5450833.82
2022-01-15,5.371080679654322,5.41227547184081,5.348079941947607,5.389197153422472,5834695.38
2022-01-16,5.389197153422472,5.486556328208856,5.167009211547598,5.262071788100552,4561270.63
2022-01-17,5.262071788100552,5.346028320594094,5.181866907265363,5.265767115312823,4474553.93
2022-01-18,5.265767115312823,5.39142948302126,5.2493560838881255,5.3746790220917,4049192.45
2022-01-19,5.3746790220917,5.529544725189915,5.300083412432765,5.453850291015403,5675803.43
2022-01-20,5.453850291015403,5.539238837893912,5.3296583955675185,5.414429752325974,5581236.58
2022-01-21,5.414429752325974,5.509231081474878,5.309929302101776,5.404557782792786,6272652.37
2022-01-22,5.404557782792786,5.447384855058205,5.224041512054628,5.265768785473085,5164849.96
2022-01-23,5.265768785473085,5.336083803476982,5.134900576806394,5.204396070879906,3602531.21
2022-01-24,5.204396070879906,5.2406684048518954,5.137538326966374,5.173595998081872,4582367.02
2022-01-25,5.173595998081872,5.323272557792342,5.084197023701006,5.232849688398311,6194537.21
2022-01-26,5.232849688398311,5.325747833725072,5.076331260725391,5.1680795496409395,3239982.67
2022-01-27,5.1680795496409395,5.185537080725443,5.057115635158439,5.074256235474408,4895081.12
2022-01-28,5.074256235474408,5.1804168739056955,5.038070233758588,5.143735396024267,5369450.2
2022-01-29,5.143735396024267,5.1635418334859615,5.086125218180921,5.105785526095205,8251209.27
2022-01-30,5.105785526095205,5.15264487307732,4.9845326713642795,5.030702933139496,4302340.95
2022-01-31,5.030702933139496,5.115237622986064,5.020175260444471,5.104555400397447,4850193.88
2022-02-01,5.104555400397447,5.229817536752065,5.022418957259969,5.146998155210773,7624283.54
2022-02-02,5.146998155210773,5.1972644201459,5.07853534297946,5.128622145371336,4316121.68
2022-02-03,5.128622145371336,5.188202650357469,5.03803363185261,5.0972496748875376,6541158.84
2022-02-04,5.0972496748875376,5.211257642930496,5.018919609652387,5.132387608726704,5515724.85
2022-02-05,5.132387608726704,5.259246372980457,5.056316234043186,5.182433230616039,4731228.33
2022-02-06,5.182433230616039,5.242208497552433,5.1427154771220245,5.202338194012081,5597623.83
2022-02-07,5.202338194012081,5.298016413342151,5.1186335480025935,5.214122165442062,4818968.7
2022-02-08,5.214122165442062,5.284688195567457,5.088914589158637,5.15873097509024,8792432.86
2022-02-09,5.15873097509024,5.189307194450526,5.079090365179837,5.10937404197078,2983355.75
2022-02-10,5.10937404197078,5.1222830588988355,5.081492016259966,5.094363107523293,4659095.22
2022-02-11,5.094363107523293,5.173890894349609,4.930360212805546,5.008548350781422,4693360.51
2022-02-12,5.008548350781422,5.033499205075785,4.889461811129784,4.9139413661727716,4835283.38
2022-02-13,4.9139413661727716,4.933730121439693,4.8869082323040836,4.906667696037493,6550517.61
2022-02-14,4.906667696037493,5.042193219695984,4.859723695250523,4.994409756445282,4471297.81
2022-02-15,4.994409756445282,5.087260443113951,4.724579541539238,4.814077688640555,5654478.84
2022-02-16,4.814077688640555,4.885936438875887,4.709842988073656,4.7812111461708495,5297868.37
2022-02-17,4.7812111461708495,4.883645669525189,4.702966103037196,4.805011136940552,6166041.28
2022-02-18,4.805011136940552,4.931744728029573,4.77205805668378,4.898152875644435,4831428.97
2022-02-19,4.898152875644435,5.144319278588128,4.814732753803089,5.058173849980097,5419425.16
2022-02-20,5.058173849980097,5.106109400439664,4.987877778500828,5.035599394249198,4848056.87
2022-02-21,5.035599394249198,5.318498463002802,4.936754789437898,5.216110574682039,3907604.48
2022-02-22,5.216110574682039,5.323634068043951,5.152184137867641,5.259179793171863,7457327.0
2022-02-23,5.259179793171863,5.405465699003548,5.191272138818555,5.336558908956929,4132538.77
2022-02-24,5.336558908956929,5.435137897835724,5.140198219056928,5.236936952462316,4436279.04
2022-02-25,5.236936952462316,5.380670261503857,5.13706209897462,5.279974626436838,4035912.21
2022-02-26,5.279974626436838,5.378333913264934,5.267737579629594,5.3658977281867095,5528647.85
2022-02-27,5.3658977281867095,5.399081719392383,5.26830056939784,5.301083735415432,4436641.85
2022-02-28,5.301083735415432,5.370296861512794,4.995382562197548,5.061467155835274,7302731.44
2022-03-01,5.061467155835274,5.085974887278656,5.0510149258087,5.075493691623339,5714035.81
2022-03-02,5.075493691623339,5.11465389063731,5.017686088047742,5.056701293471674,4665646.78
2022-03-03,5.056701293471674,5.208392381496929,5.0287192756693155,5.179729568216588,3982860.5
2022-03-04,5.179729568216588,5.238895483921001,5.072329205460382,5.13093779282714,4863514.01
2022-03-05,5.13093779282714,5.1963656436854775,5.002930205293141,5.067549754968601,5694185.3
2022-03-06,5.067549754968601,5.094925977143897,4.936758968463175,4.963573483770475,4942971.83
2022-03-07,4.963573483770475,5.021423739293892,4.851582355363559,4.908794160003214,4827599.03
2022-03-08,4.908794160003214,5.195047144862924,4.8639225592270545,5.147989048343119,3874127.48
2022-03-09,5.147989048343119,5.2501113192350655,4.905948174042426,5.005238660792948,8760252.26
2022-03-10,5.005238660792948,5.021114525752483,4.872759609635676,4.888264449974698,4754826.01
2022-03-11,4.888264449974698,4.972011827798131,4.800431238596329,4.884107396390505,3545958.67
2022-03-12,4.884107396390505,5.160512056300275,4.786470877703834,5.059371885226278,3821626.88
2022-03-13,5.059371885226278,5.187412304363983,4.99993109093664,5.127174915933431,4587853.37
2022-03-14,5.127174915933431,5.346520804260783,5.054111103326113,5.271401715592855,8130576.86
2022-03-15,5.271401715592855,5.294084824875842,5.213477190162493,5.236007998483337,4791470.12
2022-03-16,5.236007998483337,5.2795443481742526,5.066177323751466,5.108654756943485,4552777.45
2022-03-17,5.108654756943485,5.1355610917943055,5.041867603661003,5.068562781530856,6175630.49
2022-03-18,5.068562781530856,5.13191867279177,4.994688717684479,5.057911469953699,6289358.71
2022-03-19,5.057911469953699,5.155398471323265,4.962025573940743,5.059482786901718,5895620.78
2022-03-20,5.059482786901718,5.072296863139868,5.028067973735077,5.040834820548282,5256192.46
2022-03-21,5.040834820548282,5.150229788768829,4.985889566427152,5.094697430547017,3793745.67
2022-03-22,5.094697430547017,5.171240318568758,4.955550671571135,5.03113865056336,4144092.06
2022-03-23,5.03113865056336,5.080198103559659,4.901115503642798,4.949377692208129,3359210.4
2022-03-24,4.949377692208129,5.007283702551069,4.788278418524053,4.844962810801308,4727739.6
2022-03-25,4.844962810801308,4.91261433016679,4.795769329014609,4.8632353179063665,4496381.29
2022-03-26,4.8632353179063665,4.935113573521236,4.801205620540014,4.872959841593138,4381215.49
2022-03-27,4.872959841593138,4.9851810865825374,4.85719873984028,4.969108999983077,5361552.94
2022-03-28,4.969108999983077,5.168899363582436,4.910263292499672,5.108404081174891,4242447.68
2022-03-29,5.108404081174891,5.165679732447678,4.944324460302371,5.000389042206752,4592027.41
2022-03-30,5.000389042206752,5.029444152187516,4.974020038345518,5.003061057745038,4427587.46
2022-03-31,5.003061057745038,5.061224203861853,4.927428851681978,4.985386522275469,4960345.82
2022-04-01,4.985386522275469,5.036918901173761,4.801305234954395,4.8514531869172925,5477217.63
2022-04-02,4.8514531869172925,4.912955936567002,4.745686891003702,4.806621298696614,3572639.31
2022-04-03,4.806621298696614,5.003140643791995,4.748226346536384,4.943087779941092,5599861.02
2022-04-04,4.943087779941092,4.988972445732609,4.8429305751407545,4.8883067308182255,5341470.79
2022-04-05,4.8883067308182255,4.966815006451002,4.74243974698267,4.81984855533441,5551646.09
2022-04-06,4.81984855533441,4.860500157910489,4.7753238599869965,4.815942518235894,5169343.75
2022-04-07,4.815942518235894,4.946888099322774,4.7651744391819895,4.895283632388354,5473010.9
2022-04-08,4.895283632388354,4.9426473748842445,4.822262360103266,4.869375430834438,4506502.67
2022-04-09,4.869375430834438,4.93346723291008,4.817050586501128,4.881017288672729,5586092.03
2022-04-10,4.881017288672729,4.961082042494339,4.6102048277800645,4.687088511158295,6656405.68
2022-04-11,4.687088511158295,4.8055831943149565,4.617841900570618,4.735619590072272,4417582.95
2022-04-12,4.735619590072272,4.767967039037144,4.722547942676758,4.754842331446983,4457839.55
2022-04-13,4.754842331446983,4.883522088087313,4.703003088683991,4.830854133459093,5853642.91
2022-04-14,4.830854133459093,4.851363853622622,4.6536286870832715,4.673470223139036,4353307.72
2022-04-15,4.673470223139036,4.744171284332432,4.578587806937842,4.648917429243039,4177146.56
2022-04-16,4.648917429243039,4.8233888925192305,4.55705250807506,4.729923255917,5556569.38
2022-04-17,4.729923255917,4.792067052552235,4.622277765925186,4.683815782445235,4489857.8
2022-04-18,4.683815782445235,4.730050978390237,4.6424225313107454,4.688615311388832,6786087.26
2022-04-19,4.688615311388832,4.704095510445798,4.639728876721932,4.655098414485237,4449915.2
2022-04-20,4.655098414485237,4.692275178131992,4.586909786983937,4.623836888375692,4074137.34
2022-04-21,4.623836888375692,4.775512988872985,4.57086968833678,4.721427860014016,4994021.39
2022-04-22,4.721427860014016,4.805731090947606,4.521658354447206,4.603862400908936,5575017.69
2022-04-23,4.603862400908936,4.655581651960125,4.5485978914875025,4.60027686302602,5416864.74
2022-04-24,4.60027686302602,4.712603025348339,4.509560473803928,4.621468737297119,5721128.62
2022-04-25,4.621468737297119,4.740444226080625,4.581516155106617,4.699814346354844,4354234.84
2022-04-26,4.699814346354844,4.709255545192106,4.680745553804361,4.690167373367584,6641323.5
2022-04-27,4.690167373367584,4.835835279276634,4.627716598688406,4.772291007465982,3305543.37
2022-04-28,4.772291007465982,4.800659909425724,4.739860127293768,4.768204738411647,4113292.44
2022-04-29,4.768204738411647,4.809440337149213,4.737744857778661,4.778912056843972,5048190.23
2022-04-30,4.778912056843972,4.797461895779628,4.767855525044577,4.78638806741824,4200310.16
2022-05-01,4.78638806741824,4.899109233938221,4.731026306090699,4.843091611029129,4627482.28
2022-05-02,4.843091611029129,4.922143822140054,4.811828776952534,4.890574479502853,3911899.11
2022-05-03,4.890574479502853,4.987883337155484,4.699795947569944,4.795207262305713,4746458.3
2022-05-04,4.795207262305713,4.896364526555939,4.7134881699885565,4.8143197229913355,5613684.21
2022-05-05,4.8143197229913355,4.934259021853752,4.742194371633205,4.861427922715569,4373442.13
2022-05-06,4.861427922715569,5.031894752936418,4.82073753737691,4.990127148889786,4013629.95
2022-05-07,4.990127148889786,5.006538421823856,4.885796720089294,4.90191789497614,4455807.67
2022-05-08,4.90191789497614,5.0191865709653065,4.833090206382311,4.94968814170701,6589021.14
2022-05-09,4.94968814170701,4.96157445646314,4.907893272172905,4.919707590824604,6575372.79
2022-05-10,4.919707590824604,4.986223148708148,4.870762322763706,4.9371047990153265,4436698.08
2022-05-11,4.9371047990153265,4.951668596753634,4.829949764598483,4.844239622507143,5677492.38
2022-05-12,4.844239622507143,4.90273255697783,4.785160253530792,4.843646020410434,4977134.29
2022-05-13,4.843646020410434,4.930589559461432,4.78517471936411,4.871778648264909,6892611.59
2022-05-14,4.871778648264909,4.9280529583561945,4.733626575634696,4.788944056643268,5245284.51
2022-05-15,4.788944056643268,4.987633287635844,4.7177680514947795,4.914589863184172,4754299.5
2022-05-16,4.914589863184172,4.944602258062172,4.7527185726319,4.781920784588075,7458894.89
2022-05-17,4.781920784588075,4.8591493795932665,4.751512401431544,4.828445146570332,3968894.63
2022-05-18,4.828445146570332,4.874271626500119,4.580858116302783,4.624751350775395,5415357.87
2022-05-19,4.624751350775395,4.692503360652793,4.536891987261044,4.6043450474304635,7035410.45
2022-05-20,4.6043450474304635,4.663401052563891,4.585460121006597,4.644352035694581,5906054.25
2022-05-21,4.644352035694581,4.788592687449042,4.561004583509107,4.70417171249578,4131859.73
2022-05-22,4.70417171249578,4.734936137593104,4.665190977882195,4.695901316095337,4076629.43
2022-05-23,4.695901316095337,4.716102917696432,4.6561754324923825,4.676292678426812,3515971.61
2022-05-24,4.676292678426812,4.7846852512255005,4.616522475646043,4.724301422952726,7243962.1
2022-05-25,4.724301422952726,4.838912804866396,4.69141802852827,4.805464476820209,3766757.6
2022-05-26,4.805464476820209,4.971570120782036,4.7604962351950535,4.92547881729945,5976220.16
2022-05-27,4.92547881729945,4.940748108591313,4.79925348278962,4.814177733786254,3500164.83
2022-05-28,4.814177733786254,4.8640976432971454,4.747824962642081,4.797572688573496,9475510.63
2022-05-29,4.797572688573496,4.833393839485044,4.579977956377029,4.6144316821225555,3565176.75
2022-05-30,4.6144316821225555,4.637765932411604,4.481232378954189,4.5040082401696075,5053435.66
2022-05-31,4.5040082401696075,4.544335628440455,4.408606073564418,4.448435885497818,6769673.93
2022-06-01,4.448435885497818,4.589628159855447,4.377878313262346,4.517967728511208,4194061.85
2022-06-02,4.517967728511208,4.5891063057461245,4.4094445817726005,4.479985095759625,5756793.94
2022-06-03,4.479985095759625,4.518014559010585,4.419682304355936,4.457521076212263,4659834.4
2022-06-04,4.457521076212263,4.569463256677657,4.370437846724615,4.481903682587221,5509565.96
2022-06-05,4.481903682587221,4.501023263634163,4.4103534814607075,4.429248437818857,6551083.1
2022-06-06,4.429248437818857,4.506253202758874,4.200943061972783,4.275270847209042,4492212.72
2022-06-07,4.275270847209042,4.359156520679433,4.1365912135251515,4.219380249949771,7269340.01
2022-06-08,4.219380249949771,4.2713346458277455,4.158962810966651,4.210811699918476,5460526.19
2022-06-09,4.210811699918476,4.259644357894339,4.1978322621759,4.2465547455184245,8138080.82
2022-06-10,4.2465547455184245,4.325450231404062,4.15285970500436,4.231475029297947,4061089.69
2022-06-11,4.231475029297947,4.308217414406469,4.189730268400179,4.266130764365059,4258507.47
2022-06-12,4.266130764365059,4.359513216979937,4.2443991212838315,4.337418434956433,4717935.62
2022-06-13,4.337418434956433,4.505152194701032,4.259147056232118,4.425295028885259,3692392.8
2022-06-14,4.425295028885259,4.482389598967716,4.38244122627056,4.439399213830553,6302263.24
2022-06-15,4.439399213830553,4.488183634277914,4.303150839549527,4.35096344204004,4906093.23
2022-06-16,4.35096344204004,4.404386180496283,4.203854081591757,4.25611220143267,3754318.81
2022-06-17,4.25611220143267,4.334079136831929,4.0938421323129,4.170235915855956,4070394.09
2022-06-18,4.170235915855956,4.216389969033577,4.046409358693683,4.091694151512583,4022673.61
2022-06-19,4.091694151512583,4.173151909159098,4.018094057152546,4.099412971124353,6298759.96
2022-06-20,4.099412971124353,4.261411617999563,4.078652970494229,4.239939968998085,5605408.73
2022-06-21,4.239939968998085,4.312214165338986,4.184393830115264,4.256451711240734,4837008.69
2022-06-22,4.256451711240734,4.3052266826748475,4.201877555416408,4.250585303280256,4563606.83
2022-06-23,4.250585303280256,4.358424091618104,4.217215276079927,4.324473987271066,4710317.4
2022-06-24,4.324473987271066,4.349666310863625,4.236841691823748,4.261668138486362,7804623.86
2022-06-25,4.261668138486362,4.356087916706648,4.2477797057603395,4.341937891330498,4716007.48
2022-06-26,4.341937891330498,4.447537620028976,4.312798156121599,4.417888165214359,6195510.32
2022-06-27,4.417888165214359,4.486071416446273,4.35493062128422,4.423040449390596,4604851.12
2022-06-28,4.423040449390596,4.623663916134444,4.392044849231437,4.591487877049776,7614561.4
2022-06-29,4.591487877049776,4.754824810210997,4.522129083948155,4.684067513611243,3686361.61
2022-06-30,4.684067513611243,4.771626626124268,4.600912453513224,4.688394745773454,6117757.22
2022-07-01,4.688394745773454,4.75636472718234,4.609160565131389,4.676964841556099,4135422.71
2022-07-02,4.676964841556099,4.7540938157723724,4.56514267960038,4.641689926542071,8695125.22
2022-07-03,4.641689926542071,4.698864923282919,4.5743893848709645,4.631438102603618,5952281.32
2022-07-04,4.631438102603618,4.719615553946548,4.535561683990076,4.623589710643558,3265750.88
2022-07-05,4.623589710643558,4.696332413553136,4.525568509410185,4.597907149891286,3961296.79
2022-07-06,4.597907149891286,4.633808372825934,4.545192791094249,4.580961701149761,5934162.97
2022-07-07,4.580961701149761,4.649769070815545,4.417916647401062,4.485286954703997,5893711.21
2022-07-08,4.485286954703997,4.548500122406514,4.3780944063073575,4.440678892513097,5784715.41
2022-07-09,4.440678892513097,4.5096228471617925,4.249707153707083,4.316726682896231,5199612.08
2022-07-10,4.316726682896231,4.382884581162558,4.283278429708705,4.349184825332875,4616825.43
2022-07-11,4.349184825332875,4.404555412483242,4.300593684043752,4.355889364920082,6560879.92
2022-07-12,4.355889364920082,4.433628643334316,4.2693206319178625,4.346899468221703,4028518.74
2022-07-13,4.346899468221703,4.502911482637541,4.261861697285605,4.416511893802474,5067239.88
2022-07-14,4.416511893802474,4.453958948642227,4.3127805362937695,4.3496607687620035,4281923.99
2022-07-15,4.3496607687620035,4.396466019265085,4.249257582046796,4.29547980929469,4197369.72
2022-07-16,4.29547980929469,4.3296496874729,4.150928128197787,4.18421289526702,4457945.19
2022-07-17,4.18421289526702,4.325176505974359,4.121772283346203,4.261581332211897,4160445.5
2022-07-18,4.261581332211897,4.319876373004071,4.250082745380554,4.308251859885492,5736597.54
2022-07-19,4.308251859885492,4.496489277600915,4.225668589197024,4.411918853042212,3457038.93
2022-07-20,4.411918853042212,4.59242364837579,4.359467209780827,4.538467515678201,5568870.61
2022-07-21,4.538467515678201,4.569678874308461,4.473862085463942,4.50484220044884,4266830.58
2022-07-22,4.50484220044884,4.516875658983342,4.43681948735095,4.448702985267969,5038130.23
2022-07-23,4.448702985267969,4.502502794223447,4.257185501730368,4.309299452252776,4795734.08
2022-07-24,4.309299452252776,4.363386253228994,4.173354394367536,4.226400718260106,4413343.4
2022-07-25,4.226400718260106,4.287744438853751,4.1415222581008155,4.202519354749345,6771473.96
2022-07-26,4.202519354749345,4.250668101892185,4.005222298631353,4.051642431528155,4557240.74
2022-07-27,4.051642431528155,4.0973558279582925,3.9303107762609444,3.975161259890259,5961448.55
2022-07-28,3.975161259890259,4.0048729297406345,3.9400931570558724,3.9697644896608297,5980682.95
2022-07-29,3.9697644896608297,4.05601114223632,3.9479598640622253,4.033854491098267,4670620.23
2022-07-30,4.033854491098267,4.0601473951399285,3.957201748265223,3.9831642502955544,3650869.93
2022-07-31,3.9831642502955544,4.027626882109696,3.948328998616959,3.992708162971769,4010442.44
2022-08-01,3.992708162971769,4.193553203078972,3.929143343540388,4.127837100320109,6883570.42
2022-08-02,4.127837100320109,4.144879205990572,3.981230557610839,3.9977355285348537,5655200.66
2022-08-03,3.9977355285348537,4.131593538260747,3.9434210730010526,4.076212865662953,5176617.12
2022-08-04,4.076212865662953,4.115416531770564,4.065275151932354,4.104403174901936,4339161.2
2022-08-05,4.104403174901936,4.210104197083129,4.093011117544784,4.198451103139864,7709037.91
2022-08-06,4.198451103139864,4.301398944497451,4.169374005376445,4.271813760984802,4024541.53
2022-08-07,4.271813760984802,4.307822791326315,4.186589003466548,4.222179645632523,5177721.99
2022-08-08,4.222179645632523,4.245682313261969,4.199303930548606,4.22280321966197,5668302.24
2022-08-09,4.22280321966197,4.298612057923729,4.0410598939607505,4.114932204297451,3607486.79
2022-08-10,4.114932204297451,4.145732054423463,4.046767978163311,4.077286050648124,4136367.27
2022-08-11,4.077286050648124,4.122435555784094,4.034758102780653,4.07988054614857,4459566.52
2022-08-12,4.07988054614857,4.184071769065115,3.9987150134578924,4.102457096331923,6202270.68
2022-08-13,4.102457096331923,4.188319267057283,4.075503206756884,4.1609808656691545,4481591.01
2022-08-14,4.1609808656691545,4.336595479319764,4.106312745319467,4.280358936771366,3491706.42
2022-08-15,4.280358936771366,4.346436764762511,4.1822253773213465,4.247800587415204,3408823.57
2022-08-16,4.247800587415204,4.365553299760951,4.218580973771025,4.335728848445409,4127566.82
2022-08-17,4.335728848445409,4.370128674039745,4.322571313472304,4.356906870617866,3444954.79
2022-08-18,4.356906870617866,4.427682885068895,4.188039428699047,4.257195679190235,6059327.29
2022-08-19,4.257195679190235,4.287857664987409,4.215723282509819,4.246306842653961,6118995.81
2022-08-20,4.246306842653961,4.288684644617053,4.213259055336204,4.255564805233896,5008826.49
2022-08-21,4.255564805233896,4.29584537248336,4.153462937338921,4.193152750343235,4681690.06
2022-08-22,4.193152750343235,4.204486395659747,4.105566034360091,4.116693017160715,6018493.9
2022-08-23,4.116693017160715,4.188016769016339,3.969230670005292,4.039212025179266,5956498.69
2022-08-24,4.039212025179266,4.110059756765723,3.9306169022827273,4.000790724709195,3906992.92
2022-08-25,4.000790724709195,4.071542842513344,3.8704762195329865,3.940156041242985,4044304.45
2022-08-26,3.940156041242985,4.049146171291788,3.9193237463306523,4.0278502218910965,5965983.76
2022-08-27,4.0278502218910965,4.106682564682372,3.7808979195614696,3.8563741645364944,5349893.89
2022-08-28,3.8563741645364944,3.9182071448287283,3.8027445526875177,3.8644650155780744,5821143.49
2022-08-29,3.8644650155780744,3.9508645979631045,3.815490265653744,3.9014214948966406,3998650.59
2022-08-30,3.9014214948966406,3.959945870613403,3.7780474364837215,3.8355842012711463,4143425.57
2022-08-31,3.8355842012711463,3.8954469401345007,3.760605056760712,3.8202281303169685,5614823.32
2022-09-01,3.8202281303169685,3.856483214858718,3.7614403305256965,3.797479524127831,4216258.5
2022-09-02,3.797479524127831,3.8449882928568937,3.7452433958240734,3.792692273144007,3419358.39
2022-09-03,3.792692273144007,3.886248544602794,3.7451600088361015,3.8381466195234752,4232255.4
2022-09-04,3.8381466195234752,3.8862614715081305,3.8299307700188217,3.8779603975342805,4750041.23
2022-09-05,3.8779603975342805,3.8863981086206727,3.8288684928465178,3.837217555185285,7650531.8
2022-09-06,3.837217555185285,3.8774035123670676,3.6971467298217733,3.73627555357386,4054495.74
2022-09-07,3.73627555357386,3.7928698178361673,3.6912441906544893,3.7477007530009585,4923483.9
2022-09-08,3.7477007530009585,3.8029043124082986,3.650018212295673,3.70458670257643,8332552.8
2022-09-09,3.70458670257643,3.7621888340578713,3.6133096203465844,3.670379874354232,3804125.18
2022-09-10,3.670379874354232,3.7316606716740557,3.6243384319448095,3.6854304342326216,5897687.43
2022-09-11,3.6854304342326216,3.711667339528988,3.6313906587407856,3.65742821375231,4185783.21
2022-09-12,3.65742821375231,3.7262269664591288,3.6093418966619835,3.677871864902171,5528194.11
2022-09-13,3.677871864902171,3.872204417686325,3.653316869470057,3.846523434543308,8962941.39
2022-09-14,3.846523434543308,3.9593073275056,3.7822235911032815,3.894210333038277,6094126.34
2022-09-15,3.894210333038277,4.027374235435348,3.8567492440883315,3.9890012870692644,5193472.89
2022-09-16,3.9890012870692644,4.098806220430967,3.916763636614128,4.025900357075064,3941877.35
2022-09-17,4.025900357075064,4.049244181809461,4.008577472201648,4.031895500673558,4785462.67
2022-09-18,4.031895500673558,4.130117458458678,3.972632559225292,4.070290171743242,4340972.93
2022-09-19,4.070290171743242,4.145423839269627,4.030695345704972,4.105486630355174,3479189.06
2022-09-20,4.105486630355174,4.187393117866401,4.087862515832346,4.169494230247858,2936469.4
2022-09-21,4.169494230247858,4.224736863612877,4.119200618118164,4.174384266490636,4062592.68
2022-09-22,4.174384266490636,4.198651500483126,4.05507353938703,4.07878501972999,4960721.63
2022-09-23,4.07878501972999,4.108406867956799,3.9451942819858035,3.974055540793232,6614521.78
2022-09-24,3.974055540793232,4.048195542985521,3.933472556227362,4.007273338856095,4157403.06
2022-09-25,4.007273338856095,4.041569526655104,3.894592715388119,3.9282122601499276,5245347.98
2022-09-26,3.9282122601499276,4.012733268138327,3.892870622363174,3.976953114935106,3267874.29
2022-09-27,3.976953114935106,4.110562046571411,3.940577870504297,4.073305513887486,4093242.21
2022-09-28,4.073305513887486,4.082696580203919,4.0484549774514225,4.057810319366917,2711780.79
2022-09-29,4.057810319366917,4.18242626007795,4.022865838832998,4.146716152784597,8740513.77
2022-09-30,4.146716152784597,4.204193996184856,4.109051185635256,4.166350686931453,5253717.7
2022-10-01,4.166350686931453,4.22156990411047,4.113566191639082,4.168754948650218,5212401.92
2022-10-02,4.168754948650218,4.2191326536860005,4.124330526983095,4.174645459668729,5715848.95
2022-10-03,4.174645459668729,4.195960207906868,4.092843877568696,4.113848209486763,9417100.33
2022-10-04,4.113848209486763,4.1656104083798455,3.9938352934026438,4.044727789589131,4484465.78
2022-10-05,4.044727789589131,4.055371468154536,3.9182176694273525,3.9285556416349,3912765.11
2022-10-06,3.9285556416349,3.9599798104473,3.847062580590024,3.878083023397095,8243980.37
2022-10-07,3.878083023397095,4.082078567626197,3.827039464545785,4.029047998811317,3675600.09
2022-10-08,4.029047998811317,4.082359102884062,3.8719148513577943,3.923833793950477,6916913.86
2022-10-09,3.923833793950477,3.9444236935160757,3.8228088201536434,3.84297441876732,4908571.78
2022-10-10,3.84297441876732,3.87412329691159,3.7580012165771484,3.7887102615514485,5572115.11
2022-10-11,3.7887102615514485,3.8275011722749346,3.7000584265007888,3.7383335526211368,3491249.35
2022-10-12,3.7383335526211368,3.792063431830614,3.7031718462761867,3.756728705885316,9562336.41
2022-10-13,3.756728705885316,3.810590459673282,3.663192151356892,3.716476797088665,4544329.85
2022-10-14,3.716476797088665,3.7734258089476365,3.647043608100921,3.7037983431042214,4195865.54
2022-10-15,3.7037983431042214,3.7139300675660922,3.6386661604049424,3.6486470186556277,5734672.4
2022-10-16,3.6486470186556277,3.704890233550039,3.562561905394331,3.6183379110343297,4255434.59
2022-10-17,3.6183379110343297,3.682791707084386,3.5505223926210054,3.6149152199504826,5559748.5
2022-10-18,3.6149152199504826,3.6816115120833475,3.540141808065805,3.6066862736204577,3648049.0
2022-10-19,3.6066862736204577,3.747761364912708,3.5958385447760506,3.7365231294096226,5185363.77
2022-10-20,3.7365231294096226,3.803432600190931,3.668197441268137,3.7350810896161066,4300135.51
2022-10-21,3.7350810896161066,3.7535574270498175,3.703185946959096,3.7215955755577825,4110763.5
2022-10-22,3.7215955755577825,3.7517041351743123,3.531447932662024,3.5602511792003613,3951544.94
2022-10-23,3.5602511792003613,3.6076166169313546,3.528672045422935,3.5758986910170614,6239523.88
2022-10-24,3.5758986910170614,3.6022950865683936,3.4273027253637087,3.4527903658502153,4580639.05
2022-10-25,3.4527903658502153,3.512734593192646,3.4275682336252027,3.4872606604710388,4775346.42
2022-10-26,3.4872606604710388,3.514170062334707,3.4696519538323294,3.4965146283585145,5563371.91
2022-10-27,3.4965146283585145,3.5960968822650585,3.448044948202014,3.546928352724179,6649071.67
2022-10-28,3.546928352724179,3.5910809450011905,3.4638503392471014,3.5075122754362003,3969437.89
2022-10-29,3.5075122754362003,3.555379620865922,3.4617624522974584,3.5096025336899044,5283551.74
2022-10-30,3.5096025336899044,3.592918098481311,3.469647786872553,3.552475270935284,3982956.85
2022-10-31,3.552475270935284,3.5737014578996527,3.473715092574304,3.4945954451811545,4746034.19
2022-11-01,3.4945954451811545,3.5775029948483406,3.4507258437544834,3.5331494041191696,6525448.21
2022-11-02,3.5331494041191696,3.6183574737864483,3.484508240004525,3.5692197265186945,2781317.05
2022-11-03,3.5692197265186945,3.579694031459351,3.550624613692795,3.5610750170029393,3969809.76
2022-11-04,3.5610750170029393,3.735406209331724,3.490639404564515,3.6629554716338846,4719045.2
2022-11-05,3.6629554716338846,3.743123329316878,3.6174024744740256,3.697145144873137,5499151.28
2022-11-06,3.697145144873137,3.7470195719491697,3.540616403881709,3.589032391699103,6782705.08
2022-11-07,3.589032391699103,3.697929809048393,3.5450514133981295,3.653162957367284,3271071.81
2022-11-08,3.653162957367284,3.7058888983555236,3.5589262004144033,3.6110442438549377,7122849.4
2022-11-09,3.6110442438549377,3.7137309132808376,3.561128055546524,3.6630952139803235,5695268.2
2022-11-10,3.6630952139803235,3.743179514965113,3.603076311401133,3.6828371457516975,4708083.29
2022-11-11,3.6828371457516975,3.7009119167192392,3.496860558842991,3.5141072305894068,3463151.72
2022-11-12,3.5141072305894068,3.5701241401627444,3.496722880407895,3.5525496148312956,4333297.53
2022-11-13,3.5525496148312956,3.573695914125688,3.517907180435771,3.53897266389389,6460690.13
2022-11-14,3.53897266389389,3.6074240300979263,3.442658252730457,3.510560057836757,5033139.44
2022-11-15,3.510560057836757,3.5401422834521115,3.4553206024247007,3.484684786444534,4779023.27
2022-11-16,3.484684786444534,3.5615439252235497,3.4578835822054415,3.534360656829581,3921866.66
2022-11-17,3.534360656829581,3.556017685727668,3.455980839339288,3.4772881526900816,6008031.89
2022-11-18,3.4772881526900816,3.5851114833387796,3.4402018380899273,3.5472786987037814,4816321.61
2022-11-19,3.5472786987037814,3.612178619952417,3.3898542107531644,3.453029782792174,4712800.75
2022-11-20,3.453029782792174,3.520722439851664,3.404220441358318,3.471649898948307,4882362.73
2022-11-21,3.471649898948307,3.5390471456675794,3.45297346873426,3.5201100146354367,4255131.36
2022-11-22,3.5201100146354367,3.6285967918428508,3.4600134921686614,3.5676880017035106,4078026.76
2022-11-23,3.5676880017035106,3.647893178486738,3.499833841169171,3.5798084972207125,3419712.38
2022-11-24,3.5798084972207125,3.6329148616794855,3.514153209227677,3.5670706074279774,4282642.5
2022-11-25,3.5670706074279774,3.6123197008061694,3.4879221565869054,3.5327357039883407,3188012.83
2022-11-26,3.5327357039883407,3.5825186147483175,3.4083944847898344,3.457111710817412,5645525.1
2022-11-27,3.457111710817412,3.5098243093114774,3.3634983224926627,3.415577626581078,4231385.55
2022-11-28,3.415577626581078,3.4752451488209304,3.2993633460224654,3.3580254763255044,4532902.92
2022-11-29,3.3580254763255044,3.404554519613049,3.2462133847672,3.2918251515785784,4953796.49
2022-11-30,3.2918251515785784,3.4389202538147177,3.2537500529977494,3.3995985871463734,4091411.46
2022-12-01,3.3995985871463734,3.41756239590451,3.2801043408058557,3.2975288029214993,3727310.58
2022-12-02,3.2975288029214993,3.394026961965738,3.2687214042214534,3.3646333342727854,5285115.62
2022-12-03,3.3646333342727854,3.376485890069435,3.2801868910489316,3.2917828171527743,8018011.32
2022-12-04,3.2917828171527743,3.341533140138305,3.1839605536225046,3.232819738779005,6277501.95
2022-12-05,3.232819738779005,3.297027641607813,3.110949733238664,3.1739891866393024,6885415.27
2022-12-06,3.1739891866393024,3.18581983961646,3.1006383371420534,3.1122388232606015,3614048.91
2022-12-07,3.1122388232606015,3.195539981742819,3.081354443598392,3.1641405539602423,4766308.79
2022-12-08,3.1641405539602423,3.244507949076913,3.1179397659004313,3.197815461224717,4758521.15
2022-12-09,3.197815461224717,3.2059334174009853,3.1768885437368564,3.184973900399714,7145937.71
2022-12-10,3.184973900399714,3.3757058381915197,3.1534035255912385,3.3425732930012413,6288009.39
2022-12-11,3.3425732930012413,3.397077241696973,3.287470773483979,3.341964800103887,4798981.38
2022-12-12,3.341964800103887,3.370265370945141,3.3176428316594513,3.3459146564524325,2821721.83
2022-12-13,3.3459146564524325,3.3923380116206383,3.259852757288556,3.3057184039986294,3742433.56
2022-12-14,3.3057184039986294,3.3484683979287144,3.2169431648357496,3.2590901560066716,5857218.73
2022-12-15,3.2590901560066716,3.3066746828039304,3.1815483555146797,3.2286890086721316,4614728.85
2022-12-16,3.2286890086721316,3.2991090614396477,3.2082745285579084,3.2783803907272935,4864117.71
2022-12-17,3.2783803907272935,3.328915151312854,3.2618900838423834,3.312254457319989,5829002.64
2022-12-18,3.312254457319989,3.397413855600133,3.3046217014537818,3.3896028581562243,6635206.86
2022-12-19,3.3896028581562243,3.4256895477545584,3.3113753465879254,3.3470085650576253,4115381.34
2022-12-20,3.3470085650576253,3.400840142275368,3.3290582666800854,3.382698436012178,5797063.37
2022-12-21,3.382698436012178,3.44820825509735,3.3362819638392898,3.4015333355322426,7480506.77
2022-12-22,3.4015333355322426,3.4690621966221786,3.3611054181888393,3.428315962298072,7145132.16
2022-12-23,3.428315962298072,3.486620852740605,3.318986741241435,3.376408854760413,4378619.48
2022-12-24,3.376408854760413,3.4318996957875996,3.2604693250928554,3.314950099458422,5382521.55
2022-12-25,3.314950099458422,3.3757542743143696,3.2867670231633594,3.3472961976345665,6032284.42
2022-12-26,3.3472961976345665,3.425022491812795,3.322751069732858,3.4000902346240904,5025251.55
2022-12-27,3.4000902346240904,3.4119194994978748,3.3515696474776133,3.3632708137859066,4698012.98
2022-12-28,3.3632708137859066,3.453410377109924,3.310754357441777,3.400315479516681,3244051.93
2022-12-29,3.400315479516681,3.512052978208222,3.3631443083564,3.474075486033454,4027592.38
2022-12-30,3.474075486033454,3.5020534252852977,3.424376319395209,3.452177909843213,4202190.65
2022-12-31,3.452177909843213,3.5028009510931075,3.3159446771912027,3.3652936398452247,3647688.96
2023-01-01,3.3652936398452247,3.388628208844153,3.265105384011975,3.287903337325241,5138763.75
2023-01-02,3.287903337325241,3.322770224921036,3.21447739081767,3.2489309924286154,6209481.57
2023-01-03,3.2489309924286154,3.2809242364455846,3.1918735590571834,3.2236175334927,4502494.59
2023-01-04,3.2236175334927,3.2457449279245907,3.1998017187692565,3.221917443528546,2882079.42
2023-01-05,3.221917443528546,3.274202474427153,3.169106640863703,3.221382998834518,4854201.79
2023-01-06,3.221382998834518,3.2688405775065252,3.158943679261581,3.206177246007242,5354485.15
2023-01-07,3.206177246007242,3.28238583833495,3.1697820291040286,3.24554374894059,5264729.28
2023-01-08,3.24554374894059,3.2924172506600153,3.156020032089272,3.202268535050524,4175156.54
2023-01-09,3.202268535050524,3.2873587842031373,3.190710977604886,3.275536788581918,3699469.21
2023-01-10,3.275536788581918,3.3636174145276065,3.243643126256625,3.3311819394351545,6240359.79
2023-01-11,3.3311819394351545,3.4266747106033577,3.2885337204364644,3.3833584893852375,5459570.01
2023-01-12,3.3833584893852375,3.4141088804171456,3.31387224595278,3.3442673486320604,4217024.4
2023-01-13,3.3442673486320604,3.3939438608297645,3.2881519269912873,3.337731351999908,3435429.23
2023-01-14,3.337731351999908,3.4198832083949675,3.299681505383506,3.3813362695178935,5286146.87
2023-01-15,3.3813362695178935,3.41140271442496,3.3397541191650832,3.369717249107533,3995031.87
2023-01-16,3.369717249107533,3.4016496805845167,3.296893343602248,3.328434568256819,5501996.13
2023-01-17,3.328434568256819,3.3780028914919558,3.236385428840369,3.2853115475235612,5201239.81
2023-01-18,3.2853115475235612,3.295773776839618,3.2352234968174765,3.245559132696725,8403640.43
2023-01-19,3.245559132696725,3.3010151645576746,3.1252314459031223,3.179559763565156,4903564.28
2023-01-20,3.179559763565156,3.35673313083692,3.1699179406052975,3.3465848144972536,8245170.53
2023-01-21,3.3465848144972536,3.3612700780516556,3.2184951765172842,3.232680613140772,5103446.6
2023-01-22,3.232680613140772,3.2862907251802387,3.1244239217709713,3.177112503684114,4232133.47
2023-01-23,3.177112503684114,3.2394312172800057,3.149343653132658,3.2113630077578392,3840365.03
2023-01-24,3.2113630077578392,3.2443426024154687,3.140436595010425,3.1730224452651647,4015575.15
2023-01-25,3.1730224452651647,3.2006583437033305,3.1261217909975487,3.153588426031165,5566173.82
2023-01-26,3.153588426031165,3.187884883648769,3.1419995094685462,3.176212826152754,5164084.48
2023-01-27,3.176212826152754,3.2773927775056904,3.1350680350651436,3.2354802339886355,3157491.84
2023-01-28,3.2354802339886355,3.282081740695883,3.173766626224271,3.2201472883215465,6452572.34
2023-01-29,3.2201472883215465,3.2915404853646035,3.202697929725847,3.2738003909287885,7233077.12
2023-01-30,3.2738003909287885,3.324668068987929,3.127391752390308,3.1767515035852862,3149490.23
2023-01-31,3.1767515035852862,3.1888118588610155,3.1311077989260045,3.143040171057113,6439456.01
2023-02-01,3.143040171057113,3.2217770511773365,3.0929189174541394,3.1712066342271537,7615694.01
2023-02-02,3.1712066342271537,3.332962802428545,3.124830751284748,3.2849239123761493,3191280.68
2023-02-03,3.2849239123761493,3.3454259635401287,3.169864272513609,3.22934262201419,4448747.36
2023-02-04,3.22934262201419,3.2830884304214556,3.1120996473124225,3.1647707895279837,4043260.44
2023-02-05,3.1647707895279837,3.2392008230369536,3.1103338223718526,3.1844257721103233,6378366.76
2023-02-06,3.1844257721103233,3.2491389638208097,3.123161482736769,3.1878095744078836,4507604.23
2023-02-07,3.1878095744078836,3.2426335517432268,3.093541344620537,3.1476750887149554,4462893.48
2023-02-08,3.1476750887149554,3.199093383552981,3.0302854636538985,3.080608199068373,5555311.16
2023-02-09,3.080608199068373,3.0976448000315684,3.036032590446632,3.052916046275341,7384201.07
2023-02-10,3.052916046275341,3.1297715887800743,3.0053170051288616,3.081723402452007,4923534.19
2023-02-11,3.081723402452007,3.122983722768533,3.022836616761758,3.063857738776012,4444886.98
2023-02-12,3.063857738776012,3.1891583100836502,3.004700344784599,3.128748005736701,4656898.59
2023-02-13,3.128748005736701,3.1755559884453226,3.074844050429467,3.1215442607089643,5894230.75
2023-02-14,3.1215442607089643,3.1765582643003976,3.1007161209344556,3.155503535229922,3584403.99
2023-02-15,3.155503535229922,3.187259906769144,3.139870281021528,3.1715471678810907,4979494.32
2023-02-16,3.1715471678810907,3.19395237535549,3.1269616311452566,3.1492090321805684,3955092.16
2023-02-17,3.1492090321805684,3.230638322394851,3.1156934832569707,3.196618219809942,3701316.33
2023-02-18,3.196618219809942,3.240556208452371,3.08547391224489,3.1284752659414945,3074887.27
2023-02-19,3.1284752659414945,3.146844607428797,3.079973007229175,3.098164373477061,4395978.8
2023-02-20,3.098164373477061,3.1173443915284325,3.056741935673296,3.075783398291086,6547740.03
2023-02-21,3.075783398291086,3.1201196230539954,3.052919361026355,3.09709714863069,3045279.35
2023-02-22,3.09709714863069,3.1842070600338728,3.045898749947794,3.132424659017673,5726574.56
2023-02-23,3.132424659017673,3.159293236226099,3.0611820585093215,3.087666721584602,4251318.2
2023-02-24,3.087666721584602,3.0981983023418165,3.025570159838396,3.035925258011429,3832775.37
2023-02-25,3.035925258011429,3.0764355255764264,3.0000690549693423,3.0405249967026946,5448862.26
2023-02-26,3.0405249967026946,3.0469316265649433,2.952557900713633,2.9587923132611005,6938458.69
2023-02-27,2.9587923132611005,3.055247128656997,2.9169944232382186,3.0126878737022325,7271308.15
2023-02-28,3.0126878737022325,3.064377638643063,2.949567738536118,3.0010579649671523,5367502.5
2023-03-01,3.0010579649671523,3.0160478788976857,2.9248976292859763,2.939580470724703,4912911.7
2023-03-02,2.939580470724703,2.9901494787301033,2.82883303693453,2.8783486869541512,5514198.09
2023-03-03,2.8783486869541512,2.9359388408583555,2.837411586082825,2.8947682144738143,9287584.25
2023-03-04,2.8947682144738143,2.9208614986813792,2.8838435028750147,2.9098797568714283,4647214.11
2023-03-05,2.9098797568714283,2.92763612629734,2.853171570656219,2.8706887930071043,6640400.17
2023-03-06,2.8706887930071043,2.8881773241955364,2.8477532393345824,2.8652083833038025,4311753.85
2023-03-07,2.8652083833038025,2.881549224606584,2.7925114813374434,2.8085290694772835,4062427.35
2023-03-08,2.8085290694772835,2.8310588366526726,2.7735369497837565,2.7959659366393304,7780829.88
2023-03-09,2.7959659366393304,2.9233336385417648,2.744693176157911,2.870690568746528,5003322.77
2023-03-10,2.870690568746528,2.999966052007606,2.8533672892781428,2.9819712455260796,5288737.38
2023-03-11,2.9819712455260796,3.0376763427196463,2.9155961333843043,2.9710981136398966,5732632.79
2023-03-12,2.9710981136398966,3.029980411479183,2.9357603168816993,2.994365871487877,3999925.32
2023-03-13,2.994365871487877,3.049792248456398,2.9605096153647885,3.0156948331629536,4481104.81
2023-03-14,3.0156948331629536,3.058300733388878,2.8837421796931517,2.9250676947909873,4258539.23
2023-03-15,2.9250676947909873,2.9733376976895918,2.8188530100424827,2.8661507548053358,5432950.69
2023-03-16,2.8661507548053358,2.9212881838333575,2.69783754246356,2.7507550525524116,5479954.02
2023-03-17,2.7507550525524116,2.778828042695721,2.7451203698124713,2.773147490991091,4302989.27
2023-03-18,2.773147490991091,2.897487657893393,2.747727809429286,2.871169471102928,8301028.92
2023-03-19,2.871169471102928,2.941771866425426,2.8561746352889053,2.9264881259836075,4965893.62
2023-03-20,2.9264881259836075,2.9430045066409773,2.912641446692986,2.9291452551430814,5130142.02
2023-03-21,2.9291452551430814,2.942755413576865,2.9108697788494635,2.924458158874444,6995807.65
2023-03-22,2.924458158874444,2.967669902681428,2.86356598673402,2.9065125667787006,4017685.17
2023-03-23,2.9065125667787006,2.9708381453912436,2.8980239915802337,2.962186971079002,4389520.35
2023-03-24,2.962186971079002,3.0246594913434373,2.911648966023246,2.9739212866030993,5369925.57
2023-03-25,2.9739212866030993,3.0238630393719665,2.9276880900322126,2.977573071397945,3457426.01
2023-03-26,2.977573071397945,3.005463600761206,2.892666597776632,2.9200180166272047,4711822.15
2023-03-27,2.9200180166272047,2.980271312208265,2.891815680888085,2.9517623806851847,8349128.04
2023-03-28,2.9517623806851847,2.9937084691209184,2.902395362626092,2.944234475590183,7898591.62
2023-03-29,2.944234475590183,2.9719567025531752,2.937775172878387,2.9654508536137474,6257257.47
2023-03-30,2.9654508536137474,3.046072664197896,2.9388554736665955,3.018997059903318,6720254.49
2023-03-31,3.018997059903318,3.0348240008225336,2.917389079508258,2.9327639476543763,5656374.58
2023-04-01,2.9327639476543763,2.948172718393853,2.9023834456406052,2.9177131392842917,4488682.03
2023-04-02,2.9177131392842917,2.952464919674341,2.860774062756567,2.8952583931371163,7540828.87
2023-04-03,2.8952583931371163,2.913865394962131,2.8500388886291423,2.8684737531950217,3944143.43
2023-04-04,2.8684737531950217,2.8935823876004205,2.7877288650037744,2.8123461976249726,6369706.24
2023-04-05,2.8123461976249726,2.854283015066149,2.735087554850164,2.7764896914058,4402359.43
2023-04-06,2.7764896914058,2.813061885269393,2.6871870660138706,2.7230554184055595,4469132.74
2023-04-07,2.7230554184055595,2.7855900681926724,2.7014332424642493,2.763645589657604,5720768.44
2023-04-08,2.763645589657604,2.7906418004882503,2.755650781813861,2.7825921830213756,8313925.47
2023-04-09,2.7825921830213756,2.8051532321577857,2.7756913744614153,2.7982136823919697,7146360.66
2023-04-10,2.7982136823919697,2.828366756992431,2.675053212388562,2.704193137593347,5441899.22
2023-04-11,2.704193137593347,2.8267948653298713,2.678266527003102,2.7999501784839285,5079211.66
2023-04-12,2.7999501784839285,2.845690241410234,2.7345748350041483,2.7799888084418494,6078797.84
2023-04-13,2.7799888084418494,2.8779582948891034,2.7703243119105925,2.8679878738663636,7033812.1
2023-04-14,2.8679878738663636,2.957099732597283,2.8183753764104678,2.9068155660601693,3219733.3
2023-04-15,2.9068155660601693,2.9237494578535173,2.8783246044486184,2.8951907750714105,4843731.6
2023-04-16,2.8951907750714105,3.0277117377285667,2.871122585199979,3.002749395622326,3843292.59
2023-04-17,3.002749395622326,3.086596413037805,2.950265207512891,3.033573460022895,4733987.72
2023-04-18,3.033573460022895,3.0853801681393445,2.9700177002024795,3.0216202744134573,3650856.36
2023-04-19,3.0216202744134573,3.055668754070569,2.9671929604785294,3.0010091885373487,3183307.76
2023-04-20,3.0010091885373487,3.0675932355633315,2.990595752931818,3.056985563174076,3595291.6
2023-04-21,3.056985563174076,3.095591000110013,2.9900435935619956,3.0282866029111277,4353851.75
2023-04-22,3.0282866029111277,3.0758651889582627,2.961036496160834,3.0083010819318075,5789663.6
2023-04-23,3.0083010819318075,3.028521715441339,2.956846272179516,2.976855540954503,4079453.35
2023-04-24,2.976855540954503,2.992618324160103,2.9218770763954676,2.937431102789307,4026960.01
2023-04-25,2.937431102789307,2.969586446407352,2.869922180792141,2.901686234028432,5519940.36
2023-04-26,2.901686234028432,3.0414057139972543,2.856746354390332,2.995020322215196,5371650.09
2023-04-27,2.995020322215196,3.083375251408839,2.961811532017651,3.0495617062564526,7652132.73
2023-04-28,3.0495617062564526,3.0820410159529703,3.0303178268697173,3.0627141397723996,6316147.66
2023-04-29,3.0627141397723996,3.1167419344020835,2.979858087034358,3.0333682048343773,3868872.12
2023-04-30,3.0333682048343773,3.087047059248325,2.9509354118871003,3.004096266503472,4228283.6
2023-05-01,3.004096266503472,3.045702911232282,2.9435638720240878,2.9849047143209466,6025846.64
2023-05-02,2.9849047143209466,3.092104933411555,2.974943442579971,3.0818202336498057,4006027.85
2023-05-03,3.0818202336498057,3.1173164407877114,3.062779986057945,3.098175148487128,4610575.93
2023-05-04,3.098175148487128,3.1812774493881553,3.0574776577070257,3.1400301531309722,3260319.42
2023-05-05,3.1400301531309722,3.2022067218282975,3.0895904078839638,3.1515814232290555,3606659.87
2023-05-06,3.1515814232290555,3.184788666242528,3.069965253599377,3.102656994977297,6850236.05
2023-05-07,3.102656994977297,3.1319152245708612,3.0794714785804933,3.108684664640711,5213420.29
2023-05-08,3.108684664640711,3.1643966206399186,2.995422913089283,3.050084675724988,4272442.07
2023-05-09,3.050084675724988,3.143643785398078,3.0230487988976718,3.116023429055365,4425187.62
2023-05-10,3.116023429055365,3.173645948260581,3.0182736294367243,3.075140121209818,7677261.37
2023-05-11,3.075140121209818,3.110756816833112,3.0090931118117297,3.044353229422065,4242845.63
2023-05-12,3.044353229422065,3.1294218063464094,3.0046030433358863,3.0890875236116275,5628142.5
2023-05-13,3.0890875236116275,3.102213761761791,3.0383224669100164,3.0512880866225123,6217095.88
2023-05-14,3.0512880866225123,3.072087270194329,3.019046886383039,3.039767539852052,7175558.5
2023-05-15,3.039767539852052,3.099177760542059,2.8440166714974198,2.900709087877623,4041727.33
2023-05-16,2.900709087877623,2.9440341248794284,2.841355008804998,2.8844370057294264,3523931.32
2023-05-17,2.8844370057294264,2.9463092964640265,2.8538984819774966,2.9154425068390006,3794373.94
2023-05-18,2.9154425068390006,2.94863682574021,2.850625745750268,2.883455874837845,6002617.21
2023-05-19,2.883455874837845,2.9230635839808983,2.8731321977601088,2.9126354349193253,8226940.9
2023-05-20,2.9126354349193253,2.9595286936067917,2.865249497742359,2.9121346945392443,6055010.37
2023-05-21,2.9121346945392443,2.979158153443156,2.9025695292699654,2.9694048791616314,4240002.2
2023-05-22,2.9694048791616314,2.9960281559674704,2.904876441105597,2.931156790798012,6728783.17
2023-05-23,2.931156790798012,2.958685457103804,2.8915073092126944,2.918921060706783,4446707.0
2023-05-24,2.918921060706783,2.956445337985533,2.807336574212676,2.8438963693201744,4061333.35
2023-05-25,2.8438963693201744,2.870855348602531,2.8126504723098886,2.839568424437499,4602410.28
2023-05-26,2.839568424437499,2.8943517450623153,2.7642909630979977,2.8186711154208273,4323897.01
2023-05-27,2.8186711154208273,2.9144981185068763,2.772551310198991,2.8675780851542187,4195295.33
2023-05-28,2.8675780851542187,2.92283018136109,2.7815531672613374,2.836200688141225,6786106.11
2023-05-29,2.836200688141225,2.8683553341147565,2.7833024438803906,2.8152192182037727,4395117.77
2023-05-30,2.8152192182037727,2.8361650915245638,2.761218091374341,2.781916182510956,3362266.6
2023-05-31,2.781916182510956,2.8383184068490674,2.727213737589446,2.7835831827273445,5788687.07
2023-06-01,2.7835831827273445,2.8941721445146382,2.7739463376520272,2.8841870061079344,3938420.4
2023-06-02,2.8841870061079344,2.938085059010539,2.6597912031890583,2.710442415609265,3970289.32
2023-06-03,2.710442415609265,2.7205363041231556,2.6983632859974156,2.7084497536905805,5958078.02
2023-06-04,2.7084497536905805,2.8116773853418877,2.663694479310481,2.765971601876325,4170687.87
2023-06-05,2.765971601876325,2.8103343823854474,2.6971122903119706,2.741075772353985,4464807.4
2023-06-06,2.741075772353985,2.80561826779877,2.7030445165412225,2.767224213530914,5052998.91
2023-06-07,2.767224213530914,2.871605716482249,2.7227107613421997,2.8261444754412013,4654583.29
2023-06-08,2.8261444754412013,2.8362762987287042,2.8025301448786486,2.812613459015783,4491261.14
2023-06-09,2.812613459015783,2.837148407880817,2.756205343100168,2.780459809718771,2783481.73
2023-06-10,2.780459809718771,2.8502409461535647,2.758057956050619,2.8274604138751536,4788523.95
2023-06-11,2.8274604138751536,2.9089349641902498,2.7718511820772123,2.8528268368851855,7484255.69
2023-06-12,2.8528268368851855,2.8827975768683998,2.820050628016735,2.8499915818629287,5852382.98
2023-06-13,2.8499915818629287,2.889834398738931,2.8417445526073783,2.881496204461733,4551981.32
2023-06-14,2.881496204461733,2.951050656666298,2.8622834228773764,2.931504438143982,5623661.17
2023-06-15,2.931504438143982,2.981907271268066,2.878717187250699,2.9290783066737767,5849043.69
2023-06-16,2.9290783066737767,2.998547924009686,2.8762095124487956,2.945384803469945,4050833.57
2023-06-17,2.945384803469945,3.028819732440677,2.8903283952108803,2.9732425942916274,6846459.1
2023-06-18,2.9732425942916274,2.9869020636587824,2.935695665657248,2.9492448863831764,5208055.38
2023-06-19,2.9492448863831764,3.0559469143062974,2.9068183313191156,3.012608833046297,4624440.93
2023-06-20,3.012608833046297,3.040451416442727,2.93084450870192,2.9581840977451406,7441311.93
2023-06-21,2.9581840977451406,3.00326250524773,2.906645289366871,2.951623726386316,2981287.42
2023-06-22,2.951623726386316,3.042953396391331,2.9019217119754788,2.992562027169682,3726560.08
2023-06-23,2.992562027169682,3.0126199383625236,2.9174784538221177,2.9371650619648157,5869905.46
2023-06-24,2.9371650619648157,3.0162458445435507,2.9048383705327554,2.983410175413218,5917765.33
2023-06-25,2.983410175413218,3.0175020319515506,2.959867629997103,2.9938768920754417,7546888.64
2023-06-26,2.9938768920754417,3.0969662716022484,2.9633197860914104,3.0656763420977398,2844657.04
2023-06-27,3.0656763420977398,3.1220638322236507,3.0435081772496715,3.099650000975593,6197293.75
2023-06-28,3.099650000975593,3.1247988404265974,3.0659622283332086,3.0910412209217046,3662334.05
2023-06-29,3.0910412209217046,3.1255885478152514,3.0697100948565694,3.1041668424702156,5552025.78
2023-06-30,3.1041668424702156,3.1423371485621807,3.0812830409644416,3.1193414801963857,4919385.77
2023-07-01,3.1193414801963857,3.2741939363704717,3.080651141081185,3.2340804476613165,6183675.96
2023-07-02,3.2340804476613165,3.2808129856847947,3.192667712129967,3.2393329907939035,4714271.31
2023-07-03,3.2393329907939035,3.299497976814804,3.1717368723946047,3.2317612260315,6437832.36
2023-07-04,3.2317612260315,3.260945461017798,3.191824714434907,3.22091096677532,4065012.66
2023-07-05,3.22091096677532,3.276842908185049,3.1763514361665734,3.2321281934190456,4899224.24
2023-07-06,3.2321281934190456,3.2947617857775686,3.1065135939964383,3.167902594639468,5246882.96
2023-07-07,3.167902594639468,3.2008313836552458,3.114051481128556,3.1467605085604298,7603534.67
2023-07-08,3.1467605085604298,3.1971865393590835,3.04141305130818,3.090944647231743,6157526.16
2023-07-09,3.090944647231743,3.15108065779846,2.9839805705089817,3.043187438586427,5262088.09
2023-07-10,3.043187438586427,3.137471053507342,2.99383919631778,3.0874057680466622,5867270.15
2023-07-11,3.0874057680466622,3.0998615724358034,3.076757117099448,3.089206709930105,6559908.5
2023-07-12,3.089206709930105,3.106123292596353,3.032345713308238,3.049042354838478,5490789.63
2023-07-13,3.049042354838478,3.0713244714798194,3.019025117527266,3.041250290490405,3869506.83
2023-07-14,3.041250290490405,3.0848979617527545,2.984850324371094,3.0283123112568067,5850526.72
2023-07-15,3.0283123112568067,3.0742052888855107,2.9856558412965497,3.0315038630816837,4964732.01
2023-07-16,3.0315038630816837,3.0450508543190655,2.93842767718726,2.9516176781332346,4577672.18
2023-07-17,2.9516176781332346,2.9813943622197985,2.8659760606923825,2.895183421371069,4108789.35
2023-07-18,2.895183421371069,2.922956171552554,2.7951120758393775,2.822184566777459,5779232.99
2023-07-19,2.822184566777459,2.862873778981769,2.737635929273358,2.777683542180999,5682766.19
2023-07-20,2.777683542180999,2.796285847697675,2.7241364965441726,2.7425031972793446,3937501.56
2023-07-21,2.7425031972793446,2.7597260028352104,2.6758731077925972,2.6927836768362976,3792061.51
2023-07-22,2.6927836768362976,2.764764668260913,2.658474813503496,2.729981861387465,8023252.02
2023-07-23,2.729981861387465,2.8310280774293717,2.7204516791061786,2.821179530246053,6200282.48
2023-07-24,2.821179530246053,2.903464905779575,2.7815719210660492,2.8632664227568063,5109588.21
2023-07-25,2.8632664227568063,2.891640580504994,2.8068348890234347,2.834928223256023,5818248.12
2023-07-26,2.834928223256023,2.8790478575131884,2.8018893848106674,2.8458813688491253,4448222.66
2023-07-27,2.8458813688491253,2.892655685721834,2.7961239652020176,2.842848433375318,4789081.23
2023-07-28,2.842848433375318,2.857794678845921,2.797751226763885,2.812538116062866,5026907.26
2023-07-29,2.812538116062866,2.8966084350145564,2.7962843626858134,2.8799650192718707,6363086.83
2023-07-30,2.8799650192718707,3.039431285114483,2.8274936474052055,2.985045406632564,3511721.35
2023-07-31,2.985045406632564,3.030828858033119,2.8636963981461707,2.9083028016812786,3874332.46
2023-08-01,2.9083028016812786,3.004234796074944,2.888734174674734,2.9841557893301633,3681250.56
2023-08-02,2.9841557893301633,3.028837903995709,2.9090565353707385,2.9532762876353416,6188652.14
2023-08-03,2.9532762876353416,2.983486521026482,2.9097884433660473,2.939861451078376,4875435.81
2023-08-04,2.939861451078376,2.9937734850783997,2.901316588473978,2.955029749168052,3976267.4
2023-08-05,2.955029749168052,3.086993178329783,2.907277581111701,3.0379018286733714,4730626.72
2023-08-06,3.0379018286733714,3.062065238544725,3.0293787009110313,3.0534983532224382,4269456.63
2023-08-07,3.0534983532224382,3.116346389266403,3.013799015196651,3.0763499515789676,3493151.27
2023-08-08,3.0763499515789676,3.1490666270271874,3.051454996730865,3.123787787767818,6851897.7
2023-08-09,3.123787787767818,3.2167901350249872,3.0885181195869746,3.180875903564556,4816763.08
2023-08-10,3.180875903564556,3.237753852499107,3.1536871115011285,3.2103134407243292,6891578.83
2023-08-11,3.2103134407243292,3.331261340466681,3.14951366019953,3.2693435942219398,3480734.23
2023-08-12,3.2693435942219398,3.311023871550906,3.1938712854060776,3.235115190937369,5671801.65
2023-08-13,3.235115190937369,3.2908846421931863,3.0830627735600307,3.1371433087225586,3486198.0
2023-08-14,3.1371433087225586,3.262539501970389,3.1163721125383104,3.2410801344197506,9214546.28
2023-08-15,3.2410801344197506,3.2688334690405965,3.1548953590669178,3.1821440244063464,3244863.88
2023-08-16,3.1821440244063464,3.233590412269793,3.1014537256000105,3.152419551697463,7833741.31
2023-08-17,3.152419551697463,3.172027412734108,3.114742624724092,3.1342373938264196,4975280.94
2023-08-18,3.1342373938264196,3.1969217881587513,3.044484215765777,3.106616189119665,4776710.66
2023-08-19,3.106616189119665,3.149740466452773,3.0245073334576453,3.0670828312228675,5793711.67
2023-08-20,3.0670828312228675,3.148961702568317,3.011437538506106,3.0928489419504563,3954808.14
2023-08-21,3.0928489419504563,3.13152965114391,3.0808447721149395,3.1194223428675247,6084319.76
2023-08-22,3.1194223428675247,3.1841987230881235,3.089947133390531,3.1543930775187663,6196735.64
2023-08-23,3.1543930775187663,3.2118344888930053,3.1290109939610287,3.186196496506428,5014912.13
2023-08-24,3.186196496506428,3.2482551515277946,3.1014152298060877,3.163022517189111,5322541.74
2023-08-25,3.163022517189111,3.1775897682201126,3.125464323937523,3.139925200636208,8099879.63
2023-08-26,3.139925200636208,3.253010142755277,3.0913601722187725,3.2034623885907596,5883973.81
2023-08-27,3.2034623885907596,3.24624539393854,3.1318498285365175,3.1742425965828747,4111905.31
2023-08-28,3.1742425965828747,3.2292345662569972,3.0897064162918797,3.144177525500263,6031954.93
2023-08-29,3.144177525500263,3.2596225656042463,3.082579407875618,3.1969897938322593,4370836.56
2023-08-30,3.1969897938322593,3.249759414398934,3.14354389523117,3.196302165786297,4164307.98
2023-08-31,3.196302165786297,3.217201983609938,3.147352400463885,3.1680675995436802,5683685.36
2023-09-01,3.1680675995436802,3.2219767641002024,3.08716862822287,3.1406105725127995,3884902.46
2023-09-02,3.1406105725127995,3.241222420555134,3.1045511374775225,3.2044302296661904,5058330.53
2023-09-03,3.2044302296661904,3.2829578696611326,3.160338637716793,3.2383988835361226,5917274.68
2023-09-04,3.2383988835361226,3.2753586538736097,3.2155747866991455,3.2524356266713155,8059612.87
2023-09-05,3.2524356266713155,3.3067132048918664,3.1328213715971054,3.1859900876117027,5865111.39
2023-09-06,3.1859900876117027,3.2320432688804304,3.1541291666783415,3.2000418260636097,3462343.81
2023-09-07,3.2000418260636097,3.2530044744267017,3.135546273186528,3.1883148326399073,3600205.65
2023-09-08,3.1883148326399073,3.2192114371548164,3.1069204741832723,3.1373229379098206,7698489.37
2023-09-09,3.1373229379098206,3.1784148217529897,3.063613115170367,3.1042721073678794,4266843.79
2023-09-10,3.1042721073678794,3.1554479547073404,3.0923085503734544,3.143333857599474,3422329.85
2023-09-11,3.143333857599474,3.2257579621032044,3.131815465047126,3.213980692189985,3889363.8
2023-09-12,3.213980692189985,3.2755394962937836,3.0940117466552266,3.1544299488403498,6098058.95
2023-09-13,3.1544299488403498,3.2019646157123027,3.056181621629267,3.10294038306145,5143058.03
2023-09-14,3.10294038306145,3.1579226228901365,3.0870889639411105,3.1418723193687486,5878323.19
2023-09-15,3.1418723193687486,3.18196021189975,3.0796347953626966,3.11943642298164,4958912.64
2023-09-16,3.11943642298164,3.201242035481469,3.069333531401915,3.150637999151229,3795152.29
2023-09-17,3.150637999151229,3.190892976300513,3.0874328827626885,3.1273908362579355,3198319.38
2023-09-18,3.1273908362579355,3.1918630420923644,3.095891601132267,3.1600350132025334,4058409.29
2023-09-19,3.1600350132025334,3.213864380348215,3.0315379290359235,3.0840733329314407,5154550.09
2023-09-20,3.0840733329314407,3.123807650954027,3.075086501332525,3.11473148307716,3719354.03
2023-09-21,3.11473148307716,3.1564690171432352,2.960650582999805,3.000862264706977,6392742.93
2023-09-22,3.000862264706977,3.0831198140303635,2.9693107789332225,3.051040744696326,3893937.32
2023-09-23,3.051040744696326,3.0927393031555197,3.0078685601558535,3.0495466995069846,3308335.96
2023-09-24,3.0495466995069846,3.096161206811534,3.027504291565683,3.0739424640092885,5000827.24
2023-09-25,3.0739424640092885,3.1025020982530838,3.0588046590312428,3.0872985206125683,6047340.03
2023-09-26,3.0872985206125683,3.1476104005253025,2.936813871512502,2.995329083691887,7261439.25
2023-09-27,2.995329083691887,3.12332504246839,2.9427426842254776,3.069437584218895,3341729.88
2023-09-28,3.069437584218895,3.1448212535783524,3.0130797459914147,3.0881203811569575,7137484.34
2023-09-29,3.0881203811569575,3.179906273328819,3.0392117744734506,3.1303291779894105,5237117.41
2023-09-30,3.1303291779894105,3.1402478182508364,3.076698177862791,3.0864778725697013,4281000.87
2023-10-01,3.0864778725697013,3.14132874501023,3.045420222323491,3.1000900201484027,5927728.53
2023-10-02,3.1000900201484027,3.127574027400783,3.002154497015117,3.0290083258569607,7016637.75
2023-10-03,3.0290083258569607,3.0617658342489333,3.0047241925907517,3.037414308627251,3285999.12
2023-10-04,3.037414308627251,3.0571148974225273,2.9680175100333117,2.9873936662664486,4489336.59
2023-10-05,2.9873936662664486,3.283355426606851,2.9717042625442436,3.2662017589756314,4363476.7
2023-10-06,3.2662017589756314,3.316841563456683,3.2514708997831243,3.30194947888153,5847036.44
2023-10-07,3.30194947888153,3.3956195798053708,3.288141500972538,3.3814790279838642,7202623.03
2023-10-08,3.3814790279838642,3.4315524679541585,3.3170246083198767,3.366881891744718,5092596.99
2023-10-09,3.366881891744718,3.454844464536467,3.3037613171725226,3.391266735423849,4647785.01
2023-10-10,3.391266735423849,3.477236290197684,3.361268579079699,3.4467473683577268,5588875.58
2023-10-11,3.4467473683577268,3.4602183863904883,3.3687420427605814,3.3819598499439314,4715328.91
2023-10-12,3.3819598499439314,3.402186839125574,3.3221184573126132,3.342107093197548,2906792.82
2023-10-13,3.342107093197548,3.453374806628398,3.2904853570829227,3.400845800352786,5689912.03
2023-10-14,3.400845800352786,3.428982701612351,3.360034773894707,3.3880659409744385,6397177.43
2023-10-15,3.3880659409744385,3.4352644904360203,3.2970904071796565,3.3436704914589392,6539508.71
2023-10-16,3.3436704914589392,3.3627335190392094,3.287864184177262,3.3067165287936184,3745066.24
2023-10-17,3.3067165287936184,3.35837403824736,3.1853761431982575,3.2359277913414473,5819576.22
2023-10-18,3.2359277913414473,3.2805613750795497,3.082290057640208,3.1253991044542033,7334797.31
2023-10-19,3.1253991044542033,3.1441523176922903,3.0146213250835547,3.0328190336480305,9413004.47
2023-10-20,3.0328190336480305,3.0926334389713017,2.975876273076039,3.035637755426469,5635979.72
2023-10-21,3.035637755426469,3.107544337311497,3.0010075735649373,3.07249370728768,6394275.59
2023-10-22,3.07249370728768,3.232878760670323,3.0541892130775588,3.2137328291992753,3901190.43
2023-10-23,3.2137328291992753,3.252941081099808,3.1725541562720108,3.211738071689368,3775708.42
2023-10-24,3.211738071689368,3.2421720129900735,3.110016812468556,3.1397687837468595,6399826.18
2023-10-25,3.1397687837468595,3.1978814504432265,3.080451693583054,3.1385416477323798,3005568.41
2023-10-26,3.1385416477323798,3.202501942255311,3.1147596295530615,3.178417766359274,5198005.89
2023-10-27,3.178417766359274,3.295727630210996,3.1213537703369885,3.2376010814640592,7149823.29
2023-10-28,3.2376010814640592,3.3427724771262426,3.187862057355224,3.2921947347903435,5975002.31
2023-10-29,3.2921947347903435,3.3736695475743925,3.2453202739892872,3.3263093607378074,5965275.54
2023-10-30,3.3263093607378074,3.350031803129847,3.308650026023827,3.332340449441515,4938542.18
2023-10-31,3.332340449441515,3.388703037285507,3.320509181669771,3.376714223186434,4513018.45
2023-11-01,3.376714223186434,3.4360088769285624,3.248577786286798,3.306641980748794,8568834.65
2023-11-02,3.306641980748794,3.3472136662858425,3.1517722524783585,3.190924108119498,6806302.02
2023-11-03,3.190924108119498,3.37659739509598,3.1290991388836997,3.3124184421214644,6178046.66
2023-11-04,3.3124184421214644,3.3498324930089107,3.2726434025721507,3.3100304812362387,5034928.56
2023-11-05,3.3100304812362387,3.384276393321039,3.2681754531327987,3.3420168999231974,4320659.58
2023-11-06,3.3420168999231974,3.408683310544146,3.116403079199549,3.1798342777894026,6549225.07
2023-11-07,3.1798342777894026,3.3175106631234685,3.1324991039947245,3.268850390968386,4630742.06
2023-11-08,3.268850390968386,3.365474687410017,3.2411287743032484,3.337173652588218,5099356.75
2023-11-09,3.337173652588218,3.393572939777574,3.190995503026008,3.24585141560969,5832006.11
2023-11-10,3.24585141560969,3.269607428566805,3.204322206298248,3.2279471802170603,5268810.18
2023-11-11,3.2279471802170603,3.2807963968886567,3.190982786044997,3.243652159303733,7366454.74
2023-11-12,3.243652159303733,3.264032225234315,3.151951614375995,3.17188073604185,3594658.36
2023-11-13,3.17188073604185,3.2636533820654763,3.108746696477052,3.1999604359612444,5084883.18
2023-11-14,3.1999604359612444,3.3218070662134744,3.1397326557627103,3.2604409570869586,8533110.9
2023-11-15,3.2604409570869586,3.3378334263530673,3.202634846154273,3.279686107794976,6257002.67
2023-11-16,3.279686107794976,3.309926637480812,3.160489182160139,3.1899018510716433,4759663.04
2023-11-17,3.1899018510716433,3.238112389808668,3.0846152028610563,3.131949885343226,6105213.69
2023-11-18,3.131949885343226,3.1529154410771576,3.1044968276304497,3.1254186627699,4940682.15
2023-11-19,3.1254186627699,3.1536099257283374,3.083858181897268,3.1119277569428996,7214052.0
2023-11-20,3.1119277569428996,3.163217301424665,3.0485287939988694,3.099615411341341,6139548.32
2023-11-21,3.099615411341341,3.1089618196905104,3.0761041314255904,3.0854076986260615,4026142.6
2023-11-22,3.0854076986260615,3.094327627679819,2.9796304384696572,2.9882695406238846,5307008.68
2023-11-23,2.9882695406238846,3.073913593286924,2.9467344025019453,3.0317737726682137,5551645.28
2023-11-24,3.0317737726682137,3.1150443277701725,2.9834389076681176,3.0661612315018325,5620749.63
2023-11-25,3.0661612315018325,3.1227147171111893,3.038860840153642,3.0951561616029597,5414742.19
2023-11-26,3.0951561616029597,3.1633969956175663,3.051377733840735,3.1192773929584074,5758195.22
2023-11-27,3.1192773929584074,3.176215545524627,3.0472469805355082,3.1039045223245303,5552200.06
2023-11-28,3.1039045223245303,3.1156985356085034,3.0592377989843724,3.070906428269957,4175111.06
2023-11-29,3.070906428269957,3.1229561147836655,2.965020504558871,3.0161419723762624,4460760.17
2023-11-30,3.0161419723762624,3.139133738388338,2.9785266884237864,3.1004668120340706,4692175.59
2023-12-01,3.1004668120340706,3.130238735789565,3.0699292641358005,3.099693764782053,5120850.66
2023-12-02,3.099693764782053,3.1087783955923034,3.000957664515107,3.009778771059976,4696007.89
2023-12-03,3.009778771059976,3.036605991579436,2.9817458280664386,3.0085622049023355,6587395.1
2023-12-04,3.0085622049023355,3.057571730476727,2.8521166770964603,2.8993470866795223,3933013.27
2023-12-05,2.8993470866795223,2.9467464510188863,2.8652642244687527,2.912508867367657,3240671.99
2023-12-06,2.912508867367657,2.9353749777635523,2.897440876558985,2.9202668506920393,8175557.9
2023-12-07,2.9202668506920393,2.9383140617942356,2.874696824345738,2.8925728871137206,4075780.04
2023-12-08,2.8925728871137206,2.942490510055866,2.7958457027609356,2.8449413399821832,6583274.53
2023-12-09,2.8449413399821832,2.9020341877244022,2.817082716499046,2.873892068955546,5821659.35
2023-12-10,2.873892068955546,2.8845793976643557,2.859308335326756,2.8699811201367043,4111846.97
2023-12-11,2.8699811201367043,2.9260030874191196,2.7186972676451453,2.772822704833641,4836518.92
2023-12-12,2.772822704833641,2.8517910689953716,2.7546265455641534,2.833198702902061,4659692.22
2023-12-13,2.833198702902061,2.87948401179845,2.7410051323537075,2.786527992701811,5465922.42
2023-12-14,2.786527992701811,2.792743177371758,2.7161629150972635,2.7222346974025577,4127125.21
2023-12-15,2.7222346974025577,2.807637795043943,2.7042216321301082,2.7891817402475865,4784152.22
2023-12-16,2.7891817402475865,2.865539087198518,2.7666780320482864,2.8426043540520256,4953651.21
2023-12-17,2.8426043540520256,2.8922636708537173,2.7724424338617792,2.821737208839929,6585650.5
2023-12-18,2.821737208839929,2.865369919790537,2.7171803859823727,2.759856227179961,4511635.02
2023-12-19,2.759856227179961,2.7806776373873308,2.6953591067074294,2.7158485058450985,3917778.14
2023-12-20,2.7158485058450985,2.7597765200837796,2.6515044737459528,2.6950968361094794,4363433.94
2023-12-21,2.6950968361094794,2.800054447026436,2.650409214254586,2.754383783431681,5480493.98
2023-12-22,2.754383783431681,2.8505430909483382,2.723489582245895,2.8189249715983564,3210865.58
2023-12-23,2.8189249715983564,2.8590957561934256,2.7875165826920223,2.827590812710228,6744765.38
2023-12-24,2.827590812710228,2.8927855982005166,2.7960026285825585,2.860826128639888,5024624.81
2023-12-25,2.860826128639888,2.8751678613373257,2.836226184546463,2.8505162322510005,5571932.44
2023-12-26,2.8505162322510005,2.897917946388541,2.7602288922686373,2.806905394445065,5281625.98
2023-12-27,2.806905394445065,2.8486241544225392,2.6926301769897147,2.733254267480289,4231673.16
2023-12-28,2.733254267480289,2.796857598103986,2.685999254028053,2.7493247434831707,3814799.85
2023-12-29,2.7493247434831707,2.840667015107656,2.7034601288429454,2.7940561843993628,4196782.7
2023-12-30,2.7940561843993628,2.8391462973850774,2.7244122982205865,2.769099666181903,3431270.28
2023-12-31,2.769099666181903,2.873960044755783,2.7246645333354444,2.8285705950044453,5454828.38
2024-01-01,2.8285705950044453,2.8823137536590533,2.756202135617543,2.8095845574280744,4800641.71
2024-01-02,2.8095845574280744,2.8503950308485995,2.7733482277974533,2.814100457853857,3407085.88
2024-01-03,2.814100457853857,2.861666793849699,2.755989839234161,2.8033748823675153,4285818.03
2024-01-04,2.8033748823675153,2.913149932825865,2.7573318727236957,2.8660770935533093,5885382.99
2024-01-05,2.8660770935533093,2.9114998479592895,2.846403747987849,2.8916509581016556,6908092.96
2024-01-06,2.8916509581016556,2.9268802244561503,2.853786077391348,2.888982837775027,3627221.72
2024-01-07,2.888982837775027,2.937046332530482,2.8452596717382437,2.8932584573435234,8583013.84
2024-01-08,2.8932584573435234,2.9044333869468915,2.822070988078419,2.83301322633208,3933716.21
2024-01-09,2.83301322633208,2.8657358289366277,2.691480871283867,2.72293198504417,3264958.93
2024-01-10,2.72293198504417,2.7285170457721164,2.6920771394349186,2.697610262266426,7758601.03
2024-01-11,2.697610262266426,2.714673825497127,2.6716163595874414,2.688623074932634,3854452.2
2024-01-12,2.688623074932634,2.74367078278089,2.6597078044373657,2.7144774567814434,7318432.16
2024-01-13,2.7144774567814434,2.7349031946536,2.686553381789294,2.7069222688343433,4234282.51
2024-01-14,2.7069222688343433,2.749907162181598,2.6420908082726644,2.684723188692867,4646720.84
2024-01-15,2.684723188692867,2.7208951983287695,2.5134902203370104,2.5478176644085835,3608021.69
2024-01-16,2.5478176644085835,2.5896621657834533,2.530452452436863,2.572131239291604,6881231.41
2024-01-17,2.572131239291604,2.588065287083826,2.5661963003276407,2.582107329276867,6648931.13
2024-01-18,2.582107329276867,2.6373329732703463,2.5651045807811133,2.620080179851723,4238949.67
2024-01-19,2.620080179851723,2.6513930744336323,2.590359734273007,2.6216547677775646,4907262.68
2024-01-20,2.6216547677775646,2.718089452315157,2.5804419810280135,2.6760220048470975,5900051.69
2024-01-21,2.6760220048470975,2.7104373084813878,2.6161543575345148,2.650238063684785,4444131.23
2024-01-22,2.650238063684785,2.658201284356414,2.640673656230988,2.648632051286646,7032154.9
2024-01-23,2.648632051286646,2.6879606506225326,2.6210932415680106,2.6603005195123437,4869421.02
2024-01-24,2.6603005195123437,2.7439164060983448,2.60903317128306,2.6920374472210775,4391047.84
2024-01-25,2.6920374472210775,2.761937585295833,2.642846309146691,2.7123748257945195,3366013.63
2024-01-26,2.7123748257945195,2.7778738939884513,2.6707043061635285,2.7358428327264668,3618319.64
2024-01-27,2.7358428327264668,2.768823299602618,2.716394635491914,2.749279584963131,5792565.33
2024-01-28,2.749279584963131,2.755875118454224,2.73361034296939,2.740184056248167,5303144.09
2024-01-29,2.740184056248167,2.813256602904463,2.7121941632542694,2.784810864766788,6131046.18
2024-01-30,2.784810864766788,2.809149828312815,2.6797420091190585,2.7033691806341396,4343697.12
2024-01-31,2.7033691806341396,2.741663116373358,2.6357063235932525,2.6735782631478564,3317169.68
2024-02-01,2.6735782631478564,2.759715819242286,2.6648340403317046,2.7507192984439897,4416554.29
2024-02-02,2.7507192984439897,2.801939929671451,2.667687735240068,2.718304781796214,8322136.2
2024-02-03,2.718304781796214,2.7597466190092956,2.673451531757484,2.714840555203887,3928398.5
2024-02-04,2.714840555203887,2.837256179156917,2.6619609731278064,2.783048053495757,4954671.8
2024-02-05,2.783048053495757,2.8319619251049777,2.728320847318161,2.7771307179231215,2734765.29
2024-02-06,2.7771307179231215,2.8041913881703437,2.709873310882089,2.7365384455172963,4390615.38
2024-02-07,2.7365384455172963,2.834781320912255,2.6984323025036576,2.7958492779134545,4508453.03
2024-02-08,2.7958492779134545,2.8439975199828615,2.733904934807064,2.781811426408106,5432500.44
2024-02-09,2.781811426408106,2.797583605510656,2.7554981233328815,2.7712101960955082,4617951.1
2024-02-10,2.7712101960955082,2.7772329797469992,2.669738819111103,2.675553708634009,3420518.29
2024-02-11,2.675553708634009,2.695718020996951,2.6496848663430757,2.669805860041149,4235328.94
2024-02-12,2.669805860041149,2.7294539056492,2.6434436957504666,2.7027662839449103,4751425.93
2024-02-13,2.7027662839449103,2.7385570445504546,2.6469103623708263,2.682431848899255,3897736.64
2024-02-14,2.682431848899255,2.700515833966588,2.604580178638116,2.6222584967348457,4041929.05
2024-02-15,2.6222584967348457,2.648368520263124,2.5743423992394976,2.6002331143922284,6428450.41
2024-02-16,2.6002331143922284,2.635794498244693,2.537038922909901,2.572217154069822,4276857.14
2024-02-17,2.572217154069822,2.6155323302055953,2.517803820164375,2.5609289064260565,5581327.68
2024-02-18,2.5609289064260565,2.5765117378886773,2.5222990254980364,2.537740760906544,4783621.3
2024-02-19,2.537740760906544,2.6572152740202117,2.496126215875312,2.6143445596119115,3676446.88
2024-02-20,2.6143445596119115,2.6784517952777023,2.564918793589622,2.628753617299892,4600645.5
2024-02-21,2.628753617299892,2.653390612869131,2.524996205192262,2.5488846592655374,5377289.07
2024-02-22,2.5488846592655374,2.582890032144045,2.518461729486095,2.55242484745274,7718602.12
2024-02-23,2.55242484745274,2.557988394601044,2.545345308910177,2.5509055444177586,4122158.42
2024-02-24,2.5509055444177586,2.644539515948923,2.513193537759402,2.6060128159378326,4894568.44
2024-02-25,2.6060128159378326,2.6521294445178616,2.553093752736299,2.5990878351941733,6275847.92
2024-02-26,2.5990878351941733,2.6052210837971153,2.5847425201147876,2.590856344295295,6852193.77
2024-02-27,2.590856344295295,2.724537677862879,2.5463298444969933,2.6785048494122745,4251235.07
2024-02-28,2.6785048494122745,2.6910466856058495,2.616035092384392,2.628342046172815,4809002.73
2024-02-29,2.628342046172815,2.7119746633139377,2.583245536375716,2.666228112789888,6603579.83
2024-03-01,2.666228112789888,2.700948911596722,2.634888504989467,2.669570022039172,5681985.23
2024-03-02,2.669570022039172,2.692696156620408,2.623262987232304,2.646186553899339,6474031.02
2024-03-03,2.646186553899339,2.696312557461387,2.5665860341136906,2.616142929337714,6701247.18
2024-03-04,2.616142929337714,2.715371726736051,2.582074354589213,2.6804655147225427,5742349.8
2024-03-05,2.6804655147225427,2.710353455694184,2.673239507319594,2.7030665204286497,5182691.88
2024-03-06,2.7030665204286497,2.7755942193965133,2.6603904872392965,2.732454213108938,4227852.61
2024-03-07,2.732454213108938,2.7910555154674546,2.7180181702675723,2.776387365945777,4703865.11
2024-03-08,2.776387365945777,2.845670149721356,2.724693954503245,2.79365522884094,4782544.25
2024-03-09,2.79365522884094,2.807612910527405,2.728019647208216,2.7417178389086523,6747599.75
2024-03-10,2.7417178389086523,2.7712676451948006,2.637662283337876,2.6664003292787646,5225358.58
2024-03-11,2.6664003292787646,2.772049543655848,2.635986296020141,2.7407870258546687,5237742.03
2024-03-12,2.7407870258546687,2.784692596863327,2.707491846363282,2.7512700689864595,3899814.37
2024-03-13,2.7512700689864595,2.7874338801116596,2.7193572569558544,2.7554723248468336,6756860.47
2024-03-14,2.7554723248468336,2.873910469054352,2.7281853616821143,2.845729702774771,4127222.07
2024-03-15,2.845729702774771,2.887934648812948,2.7512388861196126,2.792656707898356,4656467.0
2024-03-16,2.792656707898356,2.8060616711059927,2.6575066901152447,2.6703244492380365,6936447.26
2024-03-17,2.6703244492380365,2.713505921051636,2.5440908206169164,2.585907191863451,6240685.34
2024-03-18,2.585907191863451,2.592822203393515,2.555035934662647,2.56188671268464,4043026.38
2024-03-19,2.56188671268464,2.611584324348435,2.5179305842525945,2.5675313468776277,3818019.5
2024-03-20,2.5675313468776277,2.6730090341253554,2.5277425189294043,2.6322177659145134,4751713.76
2024-03-21,2.6322177659145134,2.715929087834209,2.5892673555871184,2.6723242521537625,4328995.65
2024-03-22,2.6723242521537625,2.691951746142035,2.534767982248815,2.5535229127474146,3464559.77
2024-03-23,2.5535229127474146,2.730756653671366,2.5093603966806772,2.6843318313066487,4141733.28
2024-03-24,2.6843318313066487,2.7230958362289726,2.626613295988795,2.6650995709273233,2515385.61
2024-03-25,2.6650995709273233,2.7772323188688297,2.613306712928204,2.7242891851656763,6267838.98
2024-03-26,2.7242891851656763,2.757701740052288,2.717859316834208,2.7512083371285088,6169989.84
2024-03-27,2.7512083371285088,2.7964481351992996,2.7065578686297838,2.751788254980126,7112549.75
2024-03-28,2.751788254980126,2.7881653712616052,2.7042925134265468,2.740520678590219,5461632.75
2024-03-29,2.740520678590219,2.7947903261585982,2.6339010241375354,2.687113057807956,4469885.36
2024-03-30,2.687113057807956,2.7139163230981853,2.600331203416834,2.6265301698994863,6457799.84
2024-03-31,2.6265301698994863,2.6450046519828745,2.6006519997411783,2.619074036892761,4195751.19
2024-04-01,2.619074036892761,2.6657863168208826,2.509880641635295,2.5554583084626024,3588759.45
2024-04-02,2.5554583084626024,2.6525087653533275,2.5353660374743177,2.6318161315772737,4819311.8
2024-04-03,2.6318161315772737,2.6752933528235583,2.593259533580982,2.636665707632079,5541138.55
2024-04-04,2.636665707632079,2.7588535607664553,2.615642876192473,2.7370304943981107,4081431.61
2024-04-05,2.7370304943981107,2.7890970311451433,2.66453762190734,2.716208053314642,3848029.17
2024-04-06,2.716208053314642,2.747362433993726,2.657291063349477,2.6881233175447754,4505176.25
2024-04-07,2.6881233175447754,2.737925677854158,2.667273590690984,2.7168531158191542,5542330.34
2024-04-08,2.7168531158191542,2.762505874747956,2.659210546360296,2.7046583906976784,4821478.28
2024-04-09,2.7046583906976784,2.760821560155708,2.6962075964558707,2.7522221513767566,9665493.96
2024-04-10,2.7522221513767566,2.8343148350986036,2.7420729375271424,2.8239012941313515,4832773.02
2024-04-11,2.8239012941313515,2.9291518389494566,2.7757230204421823,2.8800161950225966,6032124.3
2024-04-12,2.8800161950225966,2.974227435176384,2.857490289735267,2.9511451978849403,3480758.11
2024-04-13,2.9511451978849403,3.010251549470619,2.935864199778487,2.994744793128739,5790166.94
2024-04-14,2.994744793128739,3.032385084721875,2.9286895568038074,2.965968161211133,4454213.23
2024-04-15,2.965968161211133,3.04702487225414,2.9464450027274305,3.0270993246257247,4988487.99
2024-04-16,3.0270993246257247,3.125866956759038,2.9672556940496135,3.0652687435412855,7622763.13
2024-04-17,3.0652687435412855,3.1166758026777615,2.9812553889336786,3.0321062865952673,4555666.07
2024-04-18,3.0321062865952673,3.0866998271640473,2.9519543241949027,3.006079243851481,3605404.4
2024-04-19,3.006079243851481,3.0571962866191202,2.950479128440312,3.0015186198213497,3748711.71
2024-04-20,3.0015186198213497,3.1167808967593094,2.9476548929927926,3.0618347670248154,5220855.05
2024-04-21,3.0618347670248154,3.0933727384522633,3.0370840449407845,3.0685675907504075,5150550.83
2024-04-22,3.0685675907504075,3.111947058345895,3.0252350620553283,3.0686138760368915,5097306.85
2024-04-23,3.0686138760368915,3.1248483363893858,3.0042067762528677,3.060288671504932,3625733.07
2024-04-24,3.060288671504932,3.1041949706678738,2.997820483680828,3.041456596993309,8298090.83
2024-04-25,3.041456596993309,3.102129971441617,2.9200131402880705,2.9794495492542383,7210696.52
2024-04-26,2.9794495492542383,3.075394561091196,2.9270720030651955,3.0222643476581195,5165587.48
2024-04-27,3.0222643476581195,3.032167957688433,2.9586510138515174,2.9683780447117227,3418342.83
2024-04-28,2.9683780447117227,3.005080584269553,2.935636906884222,2.9722962289647867,7430192.38
2024-04-29,2.9722962289647867,2.9929825997953268,2.93055037015225,2.951089145467517,6643531.56
2024-04-30,2.951089145467517,3.0450681521648555,2.8987043689676284,2.991957914246227,5130184.23
2024-05-01,2.991957914246227,3.0484175214141094,2.9180231199632507,2.9741466199028226,6747216.72
2024-05-02,2.9741466199028226,3.0104285674807376,2.886056749755643,2.9216988815011655,4418752.17
2024-05-03,2.9216988815011655,2.9829982543980718,2.912797840121811,2.9739380648138036,3932883.92
2024-05-04,2.9739380648138036,2.998444010478254,2.9067295682118974,2.930880711205619,5200631.68
2024-05-05,2.930880711205619,2.9551552843451976,2.9150704724300427,2.9392996308486197,3391432.41
2024-05-06,2.9392996308486197,3.0417013941270645,2.9054185429096306,3.0070394740603326,3788253.6
2024-05-07,3.0070394740603326,3.066359676746269,2.9100013557387623,2.968562519250879,5728229.76
2024-05-08,2.968562519250879,2.992841496911137,2.939204397647012,2.963441491969406,5309160.13
2024-05-09,2.963441491969406,3.0085199703511627,2.8963895751554776,2.9411286409402657,3539630.85
2024-05-10,2.9411286409402657,2.998358960680834,2.891250106147585,2.948357826295519,4514023.3
2024-05-11,2.948357826295519,2.9983122313862687,2.89520873745584,2.9451080817069006,3578417.53
2024-05-12,2.9451080817069006,3.0081385131144147,2.9312911615532435,2.994091786813238,4425112.62
2024-05-13,2.994091786813238,3.0128767382098345,2.9429609766479436,2.9615417086418154,4305823.17
2024-05-14,2.9615417086418154,3.0480512963385005,2.9437162219162762,3.029814874186129,6407667.55
2024-05-15,3.029814874186129,3.14086602864335,3.007542627071862,3.117945927885235,4807795.79
2024-05-16,3.117945927885235,3.141480219903808,3.109083141685298,3.1325758480389996,4704991.46
2024-05-17,3.1325758480389996,3.169254687617639,3.053020909346673,3.0891917715743697,4532752.2
2024-05-18,3.0891917715743697,3.136569904671432,3.0399405356909024,3.0872894940508946,3252038.93
2024-05-19,3.0872894940508946,3.1079580510327456,3.0601670349433214,3.0807920936100635,4878205.94
2024-05-20,3.0807920936100635,3.222864382448233,3.039149216455525,3.179882111617733,5641472.92
2024-05-21,3.179882111617733,3.2174700845435535,3.136892658824715,3.174416019505453,5298038.26
2024-05-22,3.174416019505453,3.2661961360445364,3.1624006760782932,3.253880016911526,5945241.4
2024-05-23,3.253880016911526,3.2813120043554496,3.2333284668403195,3.2607172701008866,6018034.75
2024-05-24,3.2607172701008866,3.284469374860501,3.2400224125359784,3.2637552361773503,8662121.07
2024-05-25,3.2637552361773503,3.2989914698982052,3.208591746587732,3.2436104931435206,3770674.24
2024-05-26,3.2436104931435206,3.286754807847095,3.1859980186415404,3.228947293371336,5302181.77
2024-05-27,3.228947293371336,3.3052193249000927,3.2049732135906064,3.2808598084230063,5452827.09
2024-05-28,3.2808598084230063,3.294928937654046,3.2249633093922596,3.238852300154418,4615815.58
2024-05-29,3.238852300154418,3.3175851427648015,3.2166793211639866,3.2950275912671385,4268719.9
2024-05-30,3.2950275912671385,3.390211118186435,3.286054040391349,3.381003424048357,5664002.67
2024-05-31,3.381003424048357,3.4333277528920467,3.2941850873251264,3.3459671963393265,5529717.64
2024-06-01,3.3459671963393265,3.468947376099865,3.2971575955728043,3.4190713616732733,3842674.32
2024-06-02,3.4190713616732733,3.532879571261063,3.370958539129356,3.483855118318857,3190056.49
2024-06-03,3.483855118318857,3.585000630576835,3.438146786128473,3.5385743792789586,4421759.78
2024-06-04,3.5385743792789586,3.56461297976172,3.4734009191868886,3.4991494110306247,4225255.0
2024-06-05,3.4991494110306247,3.513421387997322,3.4778819156952485,3.4921252431960985,5813135.78
2024-06-06,3.4921252431960985,3.536762552583361,3.4404840702505406,3.485030695165352,3968716.59
2024-06-07,3.485030695165352,3.6724948598035034,3.43210577414415,3.6175573417869913,4782837.5
2024-06-08,3.6175573417869913,3.6775913810250866,3.5572975252196666,3.617327754412433,3263206.58
2024-06-09,3.617327754412433,3.6718682311081436,3.551595384337667,3.6059645313545508,3392495.37
2024-06-10,3.6059645313545508,3.6559286139549023,3.484494304238608,3.533453679735432,4125001.53
2024-06-11,3.533453679735432,3.5929538709784437,3.4147809735166335,3.473267686608872,4696441.37
2024-06-12,3.473267686608872,3.5278395375843457,3.377714765358929,3.431632444987386,4073423.43
2024-06-13,3.431632444987386,3.519827695030291,3.366403190178586,3.4541700404494464,5181640.3
2024-06-14,3.4541700404494464,3.461454386366863,3.361016940553137,3.368119818977021,3267816.05
2024-06-15,3.368119818977021,3.3837480524398518,3.3133812433107996,3.32882715698455,4738308.99
2024-06-16,3.32882715698455,3.3702228729104764,3.180706239967454,3.220758059850005,4752034.18
2024-06-17,3.220758059850005,3.3329508995418964,3.1910656803555626,3.302504890660278,3481544.59
2024-06-18,3.302504890660278,3.3360476539208603,3.2756585069119937,3.309147273595076,5293792.45
2024-06-19,3.309147273595076,3.3791998019033906,3.258099222512013,3.327863035007566,2907173.78
2024-06-20,3.327863035007566,3.3666042221196792,3.2263077672416833,3.2643090936358243,4212839.1
2024-06-21,3.2643090936358243,3.371109818010847,3.226845364423594,3.3328593531415804,6087942.14
2024-06-22,3.3328593531415804,3.433527499464879,3.323203953426033,3.4236091945678493,2866733.98
2024-06-23,3.4236091945678493,3.4634061199880093,3.3883345972810135,3.4280854028216687,5913223.42
2024-06-24,3.4280854028216687,3.4724598523273262,3.355369891972575,3.3993726729128992,3735762.61
2024-06-25,3.3993726729128992,3.457519233224054,3.375435935841693,3.433343291498498,4313829.86
2024-06-26,3.433343291498498,3.5008604717269796,3.411707453166522,3.4789373143524203,7106983.47
2024-06-27,3.4789373143524203,3.5757394035355485,3.4374995970152753,3.5336500018833945,4274660.63
2024-06-28,3.5336500018833945,3.64191474558707,3.4685769298237306,3.5760606701816307,7484840.7
2024-06-29,3.5760606701816307,3.6532580910971855,3.561417737063443,3.6383600600142936,4632613.72
2024-06-30,3.6383600600142936,3.665880732144778,3.56701617580237,3.594202841315046,4895343.11
2024-07-01,3.594202841315046,3.6645604173934196,3.5832531191716153,3.6534302591984558,6171876.02
2024-07-02,3.6534302591984558,3.682134891844459,3.5959858373215905,3.6244628761640376,5728506.0
2024-07-03,3.6244628761640376,3.677043458358442,3.4162401807289164,3.4665296031776647,5196374.62
2024-07-04,3.4665296031776647,3.4933470223499405,3.4118817225962284,3.438482163978084,4453128.5
2024-07-05,3.438482163978084,3.470023489960504,3.37391198472333,3.405147530864706,3393023.31
2024-07-06,3.405147530864706,3.4846135628829926,3.340998195767207,3.4201810130704313,3434570.78
2024-07-07,3.4201810130704313,3.5006055468474853,3.3919731968157514,3.4719705979096323,6942963.49
2024-07-08,3.4719705979096323,3.5251154802897746,3.4313070869332796,3.4843074804861356,7646878.18
2024-07-09,3.4843074804861356,3.679445696930258,3.418784130805532,3.6115298951455763,5164624.42
2024-07-10,3.6115298951455763,3.6518101059937007,3.538445438445591,3.5783556494179196,3209178.82
2024-07-11,3.5783556494179196,3.596472054843038,3.436897615632721,3.4543863927463616,4122125.56
2024-07-12,3.4543863927463616,3.487805748435992,3.4385808698550018,3.4719200006336575,4071308.59
2024-07-13,3.4719200006336575,3.5350399034353015,3.3762970283868743,3.4388150799431387,4351380.53
2024-07-14,3.4388150799431387,3.5005123591812732,3.3128768235133483,3.3734004707545484,4007882.95
2024-07-15,3.3734004707545484,3.3953900140359634,3.33409747560618,3.35597342049354,5694988.85
2024-07-16,3.35597342049354,3.400331858125864,3.26614265840282,3.309892003106491,5319005.17
2024-07-17,3.309892003106491,3.326433225416907,3.2538351850519773,3.2701779358671175,7422037.37
2024-07-18,3.2701779358671175,3.3811067023091916,3.250011080714986,3.360383558246758,4536471.74
2024-07-19,3.360383558246758,3.4307703825181948,3.297974778531142,3.368216136768977,5256595.05
2024-07-20,3.368216136768977,3.399310791658796,3.321783181825572,3.3527349173912513,6017789.34
2024-07-21,3.3527349173912513,3.469674125255007,3.3334455079269927,3.4498261175236995,6455005.07
2024-07-22,3.4498261175236995,3.489272141013282,3.3928861905646035,3.4321298715269153,3671908.8
2024-07-23,3.4321298715269153,3.491567831068483,3.30004119697637,3.3581988112115595,5532550.37
2024-07-24,3.3581988112115595,3.4152650992595803,3.2244907755130137,3.280232166721165,5186725.1
2024-07-25,3.280232166721165,3.325880952502568,3.2303552266541216,3.275944341656786,5393189.78
2024-07-26,3.275944341656786,3.3304628157915244,3.1290001402822396,3.181954428299672,5075104.19
2024-07-27,3.181954428299672,3.232967318221577,3.066644168847932,3.116609452293035,7672602.37
2024-07-28,3.116609452293035,3.1769025786147185,3.0360004111582195,3.095892757623525,4001736.02
2024-07-29,3.095892757623525,3.2028693451896046,3.053153574232308,3.1592554322190036,3942981.02
2024-07-30,3.1592554322190036,3.274362127458784,3.1189363758919146,3.2331006436193226,4072245.98
2024-07-31,3.2331006436193226,3.3315348917910024,3.1739284566846777,3.2716570458339955,4650097.86
2024-08-01,3.2716570458339955,3.2996457100901284,3.2438222785901027,3.271809644559179,5380423.92
2024-08-02,3.271809644559179,3.307380542860174,3.2039237177549853,3.239139427615755,4461131.11
2024-08-03,3.239139427615755,3.3189496034866104,3.1825697765113365,3.261981037203055,6430266.17
2024-08-04,3.261981037203055,3.4335485693123684,3.197976385494958,3.3674739974841237,4995624.57
2024-08-05,3.3674739974841237,3.4087049467533803,3.335204090391057,3.376349982665846,4880969.61
2024-08-06,3.376349982665846,3.418947008476611,3.3068376902406427,3.349090806253196,3585426.41
2024-08-07,3.349090806253196,3.4062898998592637,3.283047572133843,3.3400929921487825,7883014.75
2024-08-08,3.3400929921487825,3.377961497701658,3.2869687173672366,3.324662276248832,4941035.97
2024-08-09,3.324662276248832,3.3888427872896068,3.2938039275152544,3.357677998208926,7528637.99
2024-08-10,3.357677998208926,3.3683136899770125,3.3022433075551363,3.3127366442825497,4279652.51
2024-08-11,3.3127366442825497,3.356567899150888,3.2934664218838745,3.3371556312592205,6153947.34
2024-08-12,3.3371556312592205,3.3983154596982303,3.3105727715886846,3.3714593461136095,4343941.78
2024-08-13,3.3714593461136095,3.423869635732784,3.3403420854592123,3.392557645963074,7878979.83
2024-08-14,3.392557645963074,3.4467427363718377,3.274836072802519,3.327989903217118,6616925.39
2024-08-15,3.327989903217118,3.3446385287693725,3.3029263812764142,3.3195326987585285,6183116.38
2024-08-16,3.3195326987585285,3.3304973863071483,3.2780738193960035,3.2889374483343263,4171430.47
2024-08-17,3.2889374483343263,3.330312293692473,3.243672046736347,3.284997325332445,8053469.11
2024-08-18,3.284997325332445,3.292046442480887,3.2396652926042386,3.246632083632935,8322244.96
2024-08-19,3.246632083632935,3.381916843448414,3.18573968834648,3.319654865171397,4547270.73
2024-08-20,3.319654865171397,3.3531122530337623,3.2977175432646444,3.331099302689694,5206217.76
2024-08-21,3.331099302689694,3.387746867527788,3.1818698074737304,3.2369157176460095,6303725.41
2024-08-22,3.2369157176460095,3.26550266261234,3.1336598261017237,3.1615814536340383,3053819.59
2024-08-23,3.1615814536340383,3.2950148640536803,3.09841523582215,3.230472255514359,6658574.71
2024-08-24,3.230472255514359,3.2660812955012855,3.185009418958658,3.220508631321562,6458237.23
2024-08-25,3.220508631321562,3.2827659467413257,3.1367802355248577,3.1986143003259335,4343375.91
2024-08-26,3.1986143003259335,3.2979562858663964,3.1652213820384043,3.2638819854949306,2890297.02
2024-08-27,3.2638819854949306,3.312371848782753,3.207104399091698,3.2554692790040693,5434315.23
2024-08-28,3.2554692790040693,3.26570926681784,3.177302692500287,3.187328344906478,3766033.65
2024-08-29,3.187328344906478,3.219231651171817,3.09309084770701,3.124363916600261,3361498.51
2024-08-30,3.124363916600261,3.181537106263565,3.102886532217838,3.1598160183826165,5485537.61
2024-08-31,3.1598160183826165,3.329734846689484,3.1083831461185976,3.2764042476376156,6951288.28
2024-09-01,3.2764042476376156,3.3646390546646234,3.238450897625916,3.3261099219617165,4733689.76
2024-09-02,3.3261099219617165,3.371079395518423,3.259293395386783,3.3039634454691074,6724265.8
2024-09-03,3.3039634454691074,3.3256663254736814,3.2694220532689307,3.2910400427890165,5903064.23
2024-09-04,3.2910400427890165,3.3077775600064117,3.277536992836868,3.294261293348707,3547135.67
2024-09-05,3.294261293348707,3.341205008656865,3.1330178745777206,3.17830925604103,4353182.96
2024-09-06,3.17830925604103,3.2116802817708865,3.1466504980801844,3.1800046363299703,6548624.1
2024-09-07,3.1800046363299703,3.2441541069080886,3.1497737653395586,3.2136038235860975,4344332.85
2024-09-08,3.2136038235860975,3.38118625959054,3.1514176678472996,3.316999307237718,6136254.75
2024-09-09,3.316999307237718,3.396371078489367,3.3033044209030837,3.3824061471066207,4512722.34
2024-09-10,3.3824061471066207,3.5485753689797352,3.336442476303482,3.5010001193004707,5987965.64
2024-09-11,3.5010001193004707,3.61883588897977,3.4902012054522538,3.607707832782064,5566208.0
2024-09-12,3.607707832782064,3.7517995927705443,3.5560147144801686,3.6988012406395363,4699071.21
2024-09-13,3.6988012406395363,3.74563797303607,3.6541434897293574,3.700954227874939,5945898.56
2024-09-14,3.700954227874939,3.780344796819328,3.6451277252594294,3.7241681275305636,2913833.36
2024-09-15,3.7241681275305636,3.7819479191031693,3.5594271948187153,3.615521351408037,3811490.22
2024-09-16,3.615521351408037,3.640200155859728,3.599696950112562,3.6243371695221454,4452789.98
2024-09-17,3.6243371695221454,3.68688957823279,3.599167925698333,3.661462517080995,6703390.89
2024-09-18,3.661462517080995,3.685419852647942,3.619626553586868,3.643466136939769,3483001.45
2024-09-19,3.643466136939769,3.6906289450044576,3.4993823806407955,3.545274143506844,4956826.22
2024-09-20,3.545274143506844,3.6712336970425437,3.5216964125096966,3.646979577347939,5412959.83
2024-09-21,3.646979577347939,3.715317525759853,3.605820348516035,3.673854985366932,5319203.18
2024-09-22,3.673854985366932,3.826256547145458,3.637269425787609,3.7885290225629573,4878272.08
2024-09-23,3.7885290225629573,3.887495905743247,3.741014216364744,3.8393437930971857,4281450.87
2024-09-24,3.8393437930971857,3.9671996770716276,3.807383293140638,3.934447489305306,4700976.59
2024-09-25,3.934447489305306,4.0921160792456766,3.8610736162647052,4.017198966300747,6379752.09
2024-09-26,4.017198966300747,4.095012756652825,3.8924898039459226,3.969377280550419,4209576.04
2024-09-27,3.969377280550419,4.002385806593779,3.9013257330696525,3.9340404049144113,2914221.34
2024-09-28,3.9340404049144113,4.006649628697003,3.8325482099758554,3.904614326807218,5618031.8
2024-09-29,3.904614326807218,3.9681603820436067,3.776012013827159,3.838481788129243,7267396.71
2024-09-30,3.838481788129243,3.9854772173307893,3.8151819262380013,3.9614310445664627,3844461.96
2024-10-01,3.9614310445664627,4.012966680784469,3.913376613269421,3.9648705265971182,7026056.64
2024-10-02,3.9648705265971182,4.033059000888555,3.9299907620868795,3.9978887682568707,5695091.97
2024-10-03,3.9978887682568707,4.063521522238029,3.840649041587833,3.9047527959617545,3744719.03
2024-10-04,3.9047527959617545,4.034194818908446,3.8341140082994687,3.962511155750569,4193372.98
2024-10-05,3.962511155750569,4.014829867353603,3.882252039107382,3.934196905685076,4147699.36
2024-10-06,3.934196905685076,4.077635594642722,3.881705359690043,4.023946574554642,5215815.9
2024-10-07,4.023946574554642,4.084235527804802,3.9160558973702497,3.975620807732984,4778455.4
2024-10-08,3.975620807732984,4.115875435116657,3.932241640040283,4.071450639945246,6591823.1
2024-10-09,4.071450639945246,4.1840359533811675,4.028814970661808,4.140675372253297,6182859.74
2024-10-10,4.140675372253297,4.190933515065659,4.057126581793027,4.106975689040077,3397756.86
2024-10-11,4.106975689040077,4.282886137391023,4.038263871967938,4.21241034427134,3506778.5
2024-10-12,4.21241034427134,4.358624730352527,4.154895018543347,4.299914640185465,5829943.35
2024-10-13,4.299914640185465,4.357966988252112,4.2801707611618145,4.338048012568621,4395492.71
2024-10-14,4.338048012568621,4.3576878276315405,4.243208276332691,4.262506087472628,4786114.76
2024-10-15,4.262506087472628,4.365154010996355,4.2220712484239185,4.324134554101287,5732074.51
2024-10-16,4.324134554101287,4.389743577297327,4.264186221225438,4.329717839646892,6196943.11
2024-10-17,4.329717839646892,4.373202392232358,4.290577404673589,4.334023038474734,3673304.93
2024-10-18,4.334023038474734,4.378726906555114,4.295574173378405,4.340223038757518,2869206.68
2024-10-19,4.340223038757518,4.418859567748632,4.259795187404324,4.33839866218604,4860548.39
2024-10-20,4.33839866218604,4.414876057048007,4.197254762112778,4.272571758754509,4037910.91
2024-10-21,4.272571758754509,4.317698303095075,4.115438855013651,4.159369769443587,5083502.64
2024-10-22,4.159369769443587,4.221465464125902,3.9740960742639486,4.034324961070858,4890453.83
2024-10-23,4.034324961070858,4.097465060980514,3.9934261188244866,4.056343006038979,3918015.39
2024-10-24,4.056343006038979,4.108493373991808,3.8355867298603883,3.8855411844424768,8424581.03
2024-10-25,3.8855411844424768,3.9638638826209145,3.8585708526616846,3.936539560735881,5021296.87
2024-10-26,3.936539560735881,4.016141693619955,3.8934122754408955,3.972619133740708,4331869.15
2024-10-27,3.972619133740708,4.026510502538439,3.8981232645341435,3.9517312748550855,5128413.51
2024-10-28,3.9517312748550855,4.0651096356387395,3.912403609854238,4.025052279345252,5708221.71
2024-10-29,4.025052279345252,4.088120631987797,3.9441448348592245,4.006929218117738,4268673.8
2024-10-30,4.006929218117738,4.064856621338363,3.979634835814348,4.037354984934349,8930763.99
2024-10-31,4.037354984934349,4.046365476821265,3.8908306699760655,3.8995335746669855,3417099.36
2024-11-01,3.8995335746669855,3.9715053950568002,3.6782871920260525,3.7474521179298144,3477011.44
2024-11-02,3.7474521179298144,3.7793002373027065,3.7005034469871685,3.732222132715038,3352158.17
2024-11-03,3.732222132715038,3.78543604916432,3.7078222664229235,3.7608490309651574,5004866.36
2024-11-04,3.7608490309651574,3.865863869432977,3.721100476585235,3.8254327275430677,5627563.77
2024-11-05,3.8254327275430677,3.850254661677542,3.7890782596488313,3.813824874365205,4603530.18
2024-11-06,3.813824874365205,3.88926529568543,3.7558608910548834,3.831039675184041,5623373.36
2024-11-07,3.831039675184041,3.914698298973321,3.8022213033742847,3.885470480299859,5604541.21
2024-11-08,3.885470480299859,3.9625987661073943,3.8001324746128824,3.877094493423146,4568783.76
2024-11-09,3.877094493423146,3.9455984966351423,3.8500629694812014,3.9182798240941685,5563839.39
2024-11-10,3.9182798240941685,3.951639045065029,3.8080962413789137,3.840795783267191,4760374.76
2024-11-11,3.840795783267191,3.8856980021456544,3.6860555295809068,3.729658457160375,4513992.28
2024-11-12,3.729658457160375,3.7373415510077654,3.687207101334976,3.6948184247396276,4414129.57
2024-11-13,3.6948184247396276,3.7543198109519453,3.6871536491185246,3.7465477246510526,5299959.38
2024-11-14,3.7465477246510526,3.76980610966844,3.6768965798283486,3.699865161778839,6779380.3
2024-11-15,3.699865161778839,3.756388533994768,3.6870267271070643,3.743399037919293,3699434.77
2024-11-16,3.743399037919293,3.8021000816155266,3.618384672151134,3.6760292761547007,4434270.51
2024-11-17,3.6760292761547007,3.741068208676518,3.5741630005783214,3.6385386216946936,5207524.25
2024-11-18,3.6385386216946936,3.689161938261445,3.6041966735190836,3.6546677570091317,7757443.63
2024-11-19,3.6546677570091317,3.695955743529003,3.5711279171991155,3.611933116395238,5569809.55
2024-11-20,3.611933116395238,3.6589943802289704,3.533828612226688,3.5804800621360853,4080671.97
2024-11-21,3.5804800621360853,3.593755970731033,3.4057914641465175,3.4184666501536256,3968798.89
2024-11-22,3.4184666501536256,3.5065957537451276,3.3827207790082285,3.4703077954335093,6396248.75
2024-11-23,3.4703077954335093,3.5371762346851496,3.3966561938393802,3.4633913621754657,4622935.93
2024-11-24,3.4633913621754657,3.483277784166941,3.386449437511117,3.4060063609762947,3675578.13
2024-11-25,3.4060063609762947,3.531690910880287,3.394040850610471,3.5193272970783886,6442319.23
2024-11-26,3.5193272970783886,3.54413953816606,3.4461803765306596,3.470649425014939,5400459.6
2024-11-27,3.470649425014939,3.5118205142589622,3.398550571323724,3.439350370935475,3709514.73
2024-11-28,3.439350370935475,3.499995831199508,3.3217500196117333,3.381373178232408,3576397.64
2024-11-29,3.381373178232408,3.477773189224853,3.353015284625433,3.448849406084377,2908182.35
2024-11-30,3.448849406084377,3.5674307946922315,3.420546280358923,3.538392827166983,4279532.03
2024-12-01,3.538392827166983,3.6534382164230186,3.509465814073743,3.62381287867531,5395594.4
2024-12-02,3.62381287867531,3.7742535014112173,3.561713230880844,3.710665499405877,6357125.56
2024-12-03,3.710665499405877,3.749432867360825,3.633492729516669,3.6718546188077372,5560420.21
2024-12-04,3.6718546188077372,3.813353454414259,3.642609045472205,3.7832208715833158,3608279.27
2024-12-05,3.7832208715833158,3.8028372499603234,3.750959551836185,3.77051002319376,4657651.85
2024-12-06,3.77051002319376,3.7865755008478836,3.653196577199217,3.6688288091486383,7147636.39
2024-12-07,3.6688288091486383,3.7404974053105713,3.570374323975402,3.6415092471984822,4399150.23
2024-12-08,3.6415092471984822,3.702516910508754,3.6023425085740253,3.663117758655917,6059670.78
2024-12-09,3.663117758655917,3.6752048364276093,3.609789808702066,3.621740354717932,5875403.72
2024-12-10,3.621740354717932,3.698152411061865,3.555409985060917,3.6316407211280204,6045971.28
2024-12-11,3.6316407211280204,3.7372180624712312,3.5620095716406586,3.666910665805572,5569117.62
2024-12-12,3.666910665805572,3.717391453357514,3.643922139201047,3.6942316465799405,6041313.3
2024-12-13,3.6942316465799405,3.7667293191024984,3.6658257336857765,3.737986960163468,3452331.54
2024-12-14,3.737986960163468,3.8100882138488568,3.6545807190852493,3.7264596243863224,7302892.77
2024-12-15,3.7264596243863224,3.7349697514754117,3.6705623907555167,3.6789640520627698,3182901.73
2024-12-16,3.6789640520627698,3.7077984504547423,3.5562780944779644,3.5843711073564797,5405351.52
2024-12-17,3.5843711073564797,3.6192894686397272,3.544307840098938,3.5791755874711315,4939798.97
2024-12-18,3.5791755874711315,3.635966317041176,3.4892720052500112,3.545528862703276,4276050.42
2024-12-19,3.545528862703276,3.576089669779887,3.5079739098640563,3.5384739065048585,3918260.67
2024-12-20,3.5384739065048585,3.5671050880862074,3.383253392247962,3.4108519343482424,5736649.49
2024-12-21,3.4108519343482424,3.4624553824721716,3.2700660931629835,3.320299556597545,6109057.0
2024-12-22,3.320299556597545,3.4088882580716633,3.262899847715908,3.3509585318751594,4872802.8
2024-12-23,3.3509585318751594,3.363285997949206,3.2432333333560104,3.255208555565108,4651201.62
2024-12-24,3.255208555565108,3.2700669018473563,3.2297834372808754,3.2445933305418917,6888097.1
2024-12-25,3.2445933305418917,3.2896148834771064,3.1529780300507064,3.1973439568528486,4499700.26
2024-12-26,3.1973439568528486,3.2218296655332153,3.123120380569887,3.1472222501874145,4947549.74
2024-12-27,3.1472222501874145,3.1966018671238174,3.103060918206171,3.1523683262061217,4751860.52
2024-12-28,3.1523683262061217,3.1705201890526773,3.136193891811938,3.1543356604955965,9273271.89
2024-12-29,3.1543356604955965,3.2379925102567575,3.10237614224107,3.1855193218679423,4052944.31
2024-12-30,3.1855193218679423,3.210320271994277,3.0996934213206444,3.12401553196372,6155188.27
2024-12-31,3.12401553196372,3.14911004683721,3.050878095891484,3.0755835676774157,3269379.81
2025-01-01,3.0755835676774157,3.154423761987095,3.05953006888684,3.1380442397600974,3935178.89
2025-01-02,3.1380442397600974,3.15625917824757,3.1077415044936725,3.1258858690960007,4628048.38
2025-01-03,3.1258858690960007,3.1868568490756273,3.085964793185413,3.1466703322102223,4838952.16
2025-01-04,3.1466703322102223,3.1859058511846587,3.080420838669284,3.1193152700987254,4668474.25
2025-01-05,3.1193152700987254,3.198013625015914,3.06678840118011,3.1450533466922272,4877270.62
2025-01-06,3.1450533466922272,3.187024209182113,2.968986820705121,3.0091439670976152,4208814.52
2025-01-07,3.0091439670976152,3.1015952205452453,2.979951554556268,3.071795015465521,6898685.01
2025-01-08,3.071795015465521,3.122361919131888,2.9971940579730934,3.047358698837857,3893592.97
2025-01-09,3.047358698837857,3.0543635089781223,2.973867315318205,2.980718944006426,6022796.91
2025-01-10,2.980718944006426,3.024333649674939,2.882422635710473,2.925225343638849,5923000.93
2025-01-11,2.925225343638849,2.959676834836855,2.8775778915276984,2.911872116694374,3945115.95
2025-01-12,2.911872116694374,2.929273688032368,2.8891235391450856,2.9064929642551007,4561672.78
2025-01-13,2.9064929642551007,2.953409948666079,2.867328395812144,2.9141423064535457,4996894.27
2025-01-14,2.9141423064535457,2.971725262279573,2.796891317813323,2.8532714764011233,7601092.6
2025-01-15,2.8532714764011233,2.922060366874919,2.829768647714108,2.8981875576335714,4559186.94
2025-01-16,2.8981875576335714,2.9372930500415735,2.832857811743798,2.871604618279187,12370879.4
2025-01-17,2.871604618279187,2.900058544221364,2.814565015302256,2.842732859068224,6058165.41
2025-01-18,2.842732859068224,2.8684990548299694,2.805970601026422,2.8316362181419916,5448349.8
2025-01-19,2.8316362181419916,2.8871419310713846,2.8103170873091483,2.8655673359472034,6236949.2
2025-01-20,2.8655673359472034,2.8831077774780947,2.8466382664838745,2.8641701557264763,3253699.83
2025-01-21,2.8641701557264763,2.8820441228510356,2.8192824730415627,2.8369868013682447,6702008.01
2025-01-22,2.8369868013682447,2.882198480726368,2.776057564358508,2.821014704168931,3592088.92
2025-01-23,2.821014704168931,2.9057936333843934,2.798931336131961,2.8832232863137683,6214297.85
2025-01-24,2.8832232863137683,2.972111621079491,2.8499729030596925,2.9382269158939205,4311585.01
2025-01-25,2.9382269158939205,2.9750438537771595,2.9210581713864983,2.9577609672559886,4094403.46
2025-01-26,2.9577609672559886,2.983211490727582,2.9405337294063907,2.965936634370767,7787853.87
2025-01-27,2.965936634370767,3.1298075150013798,2.9286624529809675,3.0909620858303426,4876968.31
2025-01-28,3.0909620858303426,3.1558544917193667,3.0523567731386847,3.1169249101037937,3409868.73
2025-01-29,3.1169249101037937,3.1620178779347183,3.082343432362731,3.1273210576190795,6379785.15
2025-01-30,3.1273210576190795,3.172596371999955,3.0713365795277676,3.1164545760768716,3685015.54
2025-01-31,3.1164545760768716,3.1789091470540867,3.0744869575888236,3.136669307642716,7026051.85
2025-02-01,3.136669307642716,3.15424035121631,2.9549004814713484,2.971546537709356,4979781.17
2025-02-02,2.971546537709356,3.0358220235376407,2.9626351098884323,3.02674505981166,3636351.96
2025-02-03,3.02674505981166,3.0474907261796074,2.9390687444707457,2.959352494273968,6139672.15
2025-02-04,2.959352494273968,2.988243010699609,2.8935857344284845,2.922112699399,5695837.54
2025-02-05,2.922112699399,2.938913004689081,2.8341393496059823,2.850528088525955,2940552.48
2025-02-06,2.850528088525955,2.880980925052048,2.783679600154333,2.813739414956936,4921355.28
2025-02-07,2.813739414956936,2.8212261278015447,2.789630305554833,2.7970726720332997,5387879.0
2025-02-08,2.7970726720332997,2.872115458684517,2.7674565926720813,2.8420234298691693,5309883.54
2025-02-09,2.8420234298691693,2.9325295169025476,2.8183572514577553,2.9083113438864565,4774333.41
2025-02-10,2.9083113438864565,3.0688829766173433,2.8522859024815594,3.0108816306710655,6023589.08
2025-02-11,3.0108816306710655,3.0703525397285722,2.9573463557005124,3.0167135694016904,5764239.43
2025-02-12,3.0167135694016904,3.074393514566358,2.9478609563967537,3.0053231146248045,5039083.11
2025-02-13,3.0053231146248045,3.0898977369215013,2.963672533721561,3.047660406201095,4713109.77
2025-02-14,3.047660406201095,3.1070750489581433,2.9435061353806264,3.002031229811031,5188617.29
2025-02-15,3.002031229811031,3.0182762367910483,2.9352424366766203,2.95121244601863,4299562.48
2025-02-16,2.95121244601863,2.9853964988573733,2.8983626280293437,2.932327940624189,3872160.41
2025-02-17,2.932327940624189,2.9774190557983236,2.8858321233720297,2.930901300760311,3775328.71
2025-02-18,2.930901300760311,2.9622098636552283,2.795198981897098,2.8253803456402555,4876534.16
2025-02-19,2.8253803456402555,2.896713710549486,2.8088591045472846,2.879873822140713,4034992.9
2025-02-20,2.879873822140713,2.9323654142108326,2.8402214938449233,2.8925387060067895,4805388.38
2025-02-21,2.8925387060067895,2.9914244060288078,2.836186924870052,2.9342598235695525,6972415.63
2025-02-22,2.9342598235695525,2.9677620526143715,2.8211328893986267,2.8537154948548364,4747754.62
2025-02-23,2.8537154948548364,2.872167617554573,2.802227454680407,2.8204645769647576,5175727.87
2025-02-24,2.8204645769647576,2.8281625219114623,2.777485218832169,2.7850866060434205,4722132.99
2025-02-25,2.7850866060434205,2.7958773211137102,2.7646236099870305,2.7753767044024573,6931419.36
2025-02-26,2.7753767044024573,2.8197550652323318,2.7296831992271797,2.7740401891358886,7567675.14
2025-02-27,2.7740401891358886,2.8478758233673327,2.744261826881621,2.8176295444555404,4446224.77
2025-02-28,2.8176295444555404,2.839160731230458,2.801411634506108,2.8229124137709256,5997769.34
2025-03-01,2.8229124137709256,2.872260879783191,2.7375271806907264,2.7862344647406,8433608.98
2025-03-02,2.7862344647406,2.925721989516708,2.7587918132358644,2.897186530172606,3740723.78
2025-03-03,2.897186530172606,2.944478722393219,2.836784969639794,2.8838596201930358,6388624.77
2025-03-04,2.8838596201930358,2.931741110298507,2.790900643276526,2.838021063606521,3235740.18
2025-03-05,2.838021063606521,2.880371449658164,2.703747332277069,2.7447052119827644,5037168.0
2025-03-06,2.7447052119827644,2.8030743322595804,2.691166068531105,2.749442776284473,4827928.81
2025-03-07,2.749442776284473,2.8342819682823785,2.6995563084170167,2.783772612645341,3263121.98
2025-03-08,2.783772612645341,2.7956256094500063,2.716565274191342,2.7281815704687102,6564952.57
2025-03-09,2.7281815704687102,2.781603893208953,2.705844481588833,2.7590143597113195,5187992.27
2025-03-10,2.7590143597113195,2.8164367828147565,2.706106239029279,2.7634437226441735,3965472.64
2025-03-11,2.7634437226441735,2.8015799248071933,2.6409462506347077,2.677901955397924,5428067.55
2025-03-12,2.677901955397924,2.7352473381961784,2.651157235041131,2.7082000252060974,6267619.22
2025-03-13,2.7082000252060974,2.7556427434677366,2.648542418100196,2.695767338395624,3213122.26
2025-03-14,2.695767338395624,2.732160271617187,2.606910528309281,2.642585505321455,2275864.63
2025-03-15,2.642585505321455,2.7115915904055843,2.619673460849143,2.6882833314597354,4947788.03
2025-03-16,2.6882833314597354,2.752660656138784,2.6697813422559253,2.733845090178367,4126237.55
2025-03-17,2.733845090178367,2.7811948923573118,2.632480430696238,2.678878214526424,6987059.11
2025-03-18,2.678878214526424,2.739652284094959,2.632689568803248,2.6932164220614085,4557768.53
2025-03-19,2.6932164220614085,2.7533800531281627,2.643312445772187,2.703289428972861,5402151.56
2025-03-20,2.703289428972861,2.7468712828501656,2.6568017914663007,2.700336031298093,4771655.06
2025-03-21,2.700336031298093,2.71471759431921,2.661726393319913,2.6759782305429978,3397192.65
2025-03-22,2.6759782305429978,2.7000422524805137,2.645224535624764,2.6692278540761563,5038292.87
2025-03-23,2.6692278540761563,2.73595678252922,2.648126431215665,2.7144974832935826,3589057.63
2025-03-24,2.7144974832935826,2.752814075309194,2.6964684286240557,2.7346511646222265,3545419.39
2025-03-25,2.7346511646222265,2.7792398309215653,2.5996346354474142,2.6427244303248325,3800160.72
2025-03-26,2.6427244303248325,2.6539389091422296,2.5333119713015586,2.5441079682628263,3717704.63
2025-03-27,2.5441079682628263,2.5711409877444398,2.4355270010821104,2.4616842074458414,4743725.04
2025-03-28,2.4616842074458414,2.504964315074642,2.3609218550713864,2.4031732521800864,4533253.27
2025-03-29,2.4031732521800864,2.442108203623168,2.332946765455061,2.371366398959844,5368095.79
2025-03-30,2.371366398959844,2.387521900537002,2.336582546521443,2.352610267460335,3373300.29
2025-03-31,2.352610267460335,2.358820804222093,2.343934680130827,2.350138692306442,4695077.45
2025-04-01,2.350138692306442,2.372347001383065,2.326797922177873,2.3489954276474645,4433124.0
2025-04-02,2.3489954276474645,2.3787879804735526,2.31746552157726,2.3472357563091166,5258198.64
2025-04-03,2.3472357563091166,2.437426066472007,2.3064278995206084,2.395774342312688,5321620.76
2025-04-04,2.395774342312688,2.423346946288644,2.298846185107618,2.325611293179926,5199217.28
2025-04-05,2.325611293179926,2.3556188926607167,2.3098328705264444,2.339744580816096,3903486.45
2025-04-06,2.339744580816096,2.387733566144564,2.30597360680722,2.353760294708247,5030958.64
2025-04-07,2.353760294708247,2.375485139204173,2.280479741016801,2.301724301319342,4397944.42
2025-04-08,2.301724301319342,2.3631309483660194,2.262930430663866,2.3239622730484877,6944763.92
2025-04-09,2.3239622730484877,2.3453714175877094,2.31832188597411,2.339692851515125,5139816.45
2025-04-10,2.339692851515125,2.3620186641861554,2.3158516886796217,2.3381629022718973,5100215.3
2025-04-11,2.3381629022718973,2.360606577058047,2.2184519904420252,2.2399529627581836,3629932.38
2025-04-12,2.2399529627581836,2.307627069522255,2.2117838035329576,2.278967274829644,4313878.39
2025-04-13,2.278967274829644,2.3077930523518257,2.259698602642201,2.2884442523037096,5334187.49
2025-04-14,2.2884442523037096,2.3265042243653573,2.2673009850139065,2.305206092015183,4902549.89
2025-04-15,2.305206092015183,2.340309927677367,2.1374163488319335,2.1704683895675796,4889341.56
2025-04-16,2.1704683895675796,2.1815010689420338,2.139353030993742,2.1502831068224917,3225255.61
2025-04-17,2.1502831068224917,2.163809803006127,2.0831685382950917,2.096355997462888,4079275.18
2025-04-18,2.096355997462888,2.1536629487782397,2.0882997665920198,2.1454181734914464,4667891.88
2025-04-19,2.1454181734914464,2.159659615004469,2.0899172905514027,2.1038830186929696,6752133.26
2025-04-20,2.1038830186929696,2.184226715791394,2.080536154841268,2.160254297872072,3116369.78
2025-04-21,2.160254297872072,2.209329687634671,2.1485784454670105,2.1974527829636568,3851323.33
2025-04-22,2.1974527829636568,2.2137160873869055,2.1901475863227313,2.2063812091485047,3110815.04
2025-04-23,2.2063812091485047,2.2965630838525946,2.162397884860234,2.251676809933544,5423763.84
2025-04-24,2.251676809933544,2.274629750474923,2.1918315994056172,2.214404597823584,6725977.14
2025-04-25,2.214404597823584,2.2519783296827973,2.1476339011906402,2.184703671560395,5471582.53
2025-04-26,2.184703671560395,2.2550962415901834,2.15128221828664,2.2211177284656083,5776180.42
2025-04-27,2.2211177284656083,2.232174356601226,2.1736558475615606,2.1845303452836875,3862941.96
2025-04-28,2.1845303452836875,2.2090429775441627,2.1098930494053287,2.1338368495497346,5483785.69
2025-04-29,2.1338368495497346,2.159915447875286,2.0959829663388923,2.121915872944573,4121928.32
2025-04-30,2.121915872944573,2.132188185668953,2.0789922144232134,2.0891056912336077,5075245.35
2025-05-01,2.0891056912336077,2.1685418368183873,2.080719710157156,2.15987179009204,5669174.62
2025-05-02,2.15987179009204,2.2048921278355404,2.1453183582919713,2.1901347809808898,4648088.07
2025-05-03,2.1901347809808898,2.2048146964872655,2.1535183071677753,2.168050195322467,6137877.95
2025-05-04,2.168050195322467,2.1832190417180675,2.115099774593987,2.1300024182571766,4799635.13
2025-05-05,2.1300024182571766,2.1571515780920074,2.1160632283238936,2.1431265013608902,5354002.88
2025-05-06,2.1431265013608902,2.215079921684144,2.117746165398747,2.1891544915089995,8021945.08
2025-05-07,2.1891544915089995,2.2168355732323657,2.1731755996880713,2.2007718847148143,5662185.77
2025-05-08,2.2007718847148143,2.23574128739206,2.1297011632413305,2.164087668094497,4145782.23
2025-05-09,2.164087668094497,2.170456279282416,2.103492646909422,2.1097012062498663,4434074.68
2025-05-10,2.1097012062498663,2.1375221217853193,2.068158178441581,2.095795720452527,6219644.4
2025-05-11,2.095795720452527,2.1413765763131223,2.062464160734499,2.1078532534489067,6489039.27
2025-05-12,2.1078532534489067,2.128655755191385,2.06988825409823,2.0905196900982452,4954636.26
2025-05-13,2.0905196900982452,2.1450866864276463,2.0743226694259187,2.128594666771481,3413259.37
2025-05-14,2.128594666771481,2.164928438582054,2.112724759602261,2.1489070905188568,3942734.57
2025-05-15,2.1489070905188568,2.175303511879215,2.131930132178515,2.1582527204861006,5231113.58
2025-05-16,2.1582527204861006,2.1870409128496715,2.149376824357653,2.178083462044816,5780744.45
2025-05-17,2.178083462044816,2.2052209920002017,2.09866508975141,2.1251430155280597,6427789.29
2025-05-18,2.1251430155280597,2.1532428270544646,2.078771848661945,2.106626828970567,3008345.09
2025-05-19,2.106626828970567,2.125616540583972,2.0495818740185676,2.0682254248503074,6217111.33
2025-05-20,2.0682254248503074,2.1226613153881178,2.028504228835244,2.0826628423017786,7143406.6
2025-05-21,2.0826628423017786,2.1209959646947456,2.007608221364997,2.045252780810204,2748480.79
2025-05-22,2.045252780810204,2.0635545040742187,2.0301961392342416,2.048474147598285,4993366.67
2025-05-23,2.048474147598285,2.0795747460247704,2.011708465684645,2.042721729028018,6042888.01
2025-05-24,2.042721729028018,2.0733419035738043,2.0343594692583866,2.0648888983903793,3513391.89
2025-05-25,2.0648888983903793,2.097185100123892,1.9899934407891984,2.0216127758964246,4413135.48
2025-05-26,2.0216127758964246,2.0692355339141617,1.9907967236642121,2.038167138547688,5751667.81
2025-05-27,2.038167138547688,2.0553271104763398,1.9831346493687991,1.999973053247809,4387485.21
2025-05-28,1.999973053247809,2.0179030339296196,1.948543845819662,1.9661707854138535,4565510.42
2025-05-29,1.9661707854138535,1.9908444733128934,1.9368003196177344,1.9614143180986894,5283769.12
2025-05-30,1.9614143180986894,2.0178962297207907,1.9475981511747946,2.00378162823184,3732163.47
2025-05-31,2.00378162823184,2.028446676827042,1.9499206891730683,1.9742218794364907,3829423.86
2025-06-01,1.9742218794364907,2.009712973227174,1.8785694549422451,1.9129592140626475,5621155.84
2025-06-02,1.9129592140626475,1.9321023424078687,1.8624391658900952,1.8812651291167697,6338696.76
2025-06-03,1.8812651291167697,1.891942702402624,1.858024261253472,1.8686301215109016,5523811.11
2025-06-04,1.8686301215109016,1.9553249088815516,1.846122848280729,1.9320537112941416,7026907.71
2025-06-05,1.9320537112941416,1.972432585619363,1.9054855830536517,1.945677118676899,5553105.45
2025-06-06,1.945677118676899,1.967989597894317,1.8979730783160993,1.919990996289806,7934306.49
2025-06-07,1.919990996289806,1.9246475920417228,1.9107459942041447,1.9153914345393175,5082916.97
2025-06-08,1.9153914345393175,1.9975961574839205,1.8884858266857776,1.9699245204016818,5326058.75
2025-06-09,1.9699245204016818,1.975172596200734,1.9565160347112338,1.961742312290137,5530280.87
2025-06-10,1.961742312290137,1.9804055995203778,1.935421625024075,1.9540113628749738,4273484.07
2025-06-11,1.9540113628749738,1.9724946669490024,1.92183501281203,1.9401875552928276,4118219.27
2025-06-12,1.9401875552928276,1.9984586476722497,1.9067478212347706,1.9645981887777215,3992496.79
2025-06-13,1.9645981887777215,1.9990338672887744,1.9124202982630922,1.9465394411946901,4351432.9
2025-06-14,1.9465394411946901,2.0087591940163194,1.9154906740076731,1.9772210323882065,8390719.61
2025-06-15,1.9772210323882065,2.0489711002702387,1.944092457417146,2.015206081260434,7883782.25
2025-06-16,2.015206081260434,2.0496640046424024,2.0032388946103277,2.037564046487941,4606442.7
2025-06-17,2.037564046487941,2.0679097191986573,1.9994565289856254,2.0296848560179868,4501023.48
2025-06-18,2.0296848560179868,2.0611188150690083,1.9493580933958528,1.9800229326192909,2923333.25
2025-06-19,1.9800229326192909,2.0117138568738873,1.9408059154333919,1.9723744227487834,3899595.22
2025-06-20,1.9723744227487834,2.004536151000227,1.917486137409118,1.9492711413172799,4084109.45
2025-06-21,1.9492711413172799,1.9588973627804207,1.9131608900966504,1.9226556745462058,4479524.19
2025-06-22,1.9226556745462058,1.9353925968921528,1.9020199004151757,1.9147041466660308,4336282.47
2025-06-23,1.9147041466660308,1.9624337924865318,1.8838652378353902,1.9313271476648315,5275785.74
2025-06-24,1.9313271476648315,1.9403122134238666,1.9013727121805426,1.910259766681498,6068886.32
2025-06-25,1.910259766681498,1.9183426412570288,1.8564161929486678,1.8643046176844849,4168218.81
2025-06-26,1.8643046176844849,1.9008193376813705,1.7970759962277394,1.8329771284631229,7161141.83
2025-06-27,1.8329771284631229,1.9258612293919184,1.7973802958377052,1.8891730590170575,5451302.87
2025-06-28,1.8891730590170575,1.9233131802308077,1.8739440414653734,1.907932935407774,6243294.11
2025-06-29,1.907932935407774,1.912043912646801,1.8718641520448571,1.8759061218785327,4479678.12
2025-06-30,1.8759061218785327,1.937258326218185,1.858706993960474,1.9196580613800145,5731933.77
2025-07-01,1.9196580613800145,1.9243914118798582,1.9069850868283444,1.9116988120012701,5600273.98
2025-07-02,1.9116988120012701,2.000145283042578,1.9029399807610592,1.991023012081942,7216241.41
2025-07-03,1.991023012081942,2.0126327805321984,1.9790090815178987,2.0005612954979335,5886203.05
2025-07-04,2.0005612954979335,2.0556023385863527,1.966339776072397,2.0210306708657577,6189566.44
2025-07-05,2.0210306708657577,2.069570846353027,2.003335719748398,2.0516081766513006,4380597.57
2025-07-06,2.0516081766513006,2.1113558479431163,2.047201368016153,2.1068304231533306,6742418.48
2025-07-07,2.1068304231533306,2.13519633344138,2.062527742301885,2.090676155008771,3634237.68
2025-07-08,2.090676155008771,2.1506629931006014,2.0838368523748523,2.1436503939706215,4332643.82
2025-07-09,2.1436503939706215,2.182437353222002,2.0818666822485774,2.120229873341758,5364285.62
2025-07-10,2.120229873341758,2.133834045112056,2.093360459563606,2.106878967026897,3748146.08
2025-07-11,2.106878967026897,2.1206905710121675,2.0936491509318644,2.1074571244681435,3969511.74
2025-07-12,2.1074571244681435,2.1621071002664953,2.0881806558049796,2.142510010203453,3970007.77
2025-07-13,2.142510010203453,2.1509387078160453,2.1218222672184903,2.130202546907242,5496458.6
2025-07-14,2.130202546907242,2.1992649123607686,2.1250549440657234,2.1939632327681022,4805203.84
2025-07-15,2.1939632327681022,2.2880995987349135,2.1534657094884513,2.246629921312686,6362179.05
2025-07-16,2.246629921312686,2.287922935985549,2.2072129119928787,2.2484735797705424,8001151.71
2025-07-17,2.2484735797705424,2.2900563340965743,2.169524460541123,2.2104031490593132,5349736.14
2025-07-18,2.2104031490593132,2.2823070079610654,2.1790607158760005,2.2503974748421176,4399841.0
2025-07-19,2.2503974748421176,2.2554256615451407,2.163421360889901,2.1682660368090585,5482280.61
2025-07-20,2.1682660368090585,2.240200013353579,2.125947134196149,2.1973141669389467,3996870.36
2025-07-21,2.1973141669389467,2.229741542270532,2.13362550990426,2.165584629196286,4921049.61
2025-07-22,2.165584629196286,2.2357853383738187,2.1450674912874343,2.2148019071300165,9253490.73
2025-07-23,2.2148019071300165,2.2484328605215054,2.1282817582613434,2.1610972257942125,4752467.0
2025-07-24,2.1610972257942125,2.187478516590115,2.109950560681329,2.136025795514087,5392993.5
2025-07-25,2.136025795514087,2.183331466806792,2.1059286734627554,2.152995241146591,4802114.84
2025-07-26,2.152995241146591,2.2130594460980677,2.116751977771856,2.1764218224662772,4513362.04
2025-07-27,2.1764218224662772,2.2174501965069258,2.1119764468239475,2.1525548983918394,5638755.74
2025-07-28,2.1525548983918394,2.187727187650738,2.1051478266193184,2.1401168813245124,3639006.18
2025-07-29,2.1401168813245124,2.216419711482273,2.1013253433518515,2.176960352548292,4796522.32
2025-07-30,2.176960352548292,2.243649089450589,2.1503686460422227,2.2165735058063873,3561123.13
2025-07-31,2.2165735058063873,2.234509553490709,2.185169409580502,2.20299558759988,7356294.94
2025-08-01,2.20299558759988,2.233957391384852,2.148940227357063,2.179572838212775,6399627.13
2025-08-02,2.179572838212775,2.2057540753947236,2.1018040915431064,2.127358120547556,4126357.3
2025-08-03,2.127358120547556,2.143666363764883,2.1209509132090147,2.1372294258890085,3143950.03
2025-08-04,2.1372294258890085,2.1954298601100906,2.1108007286846266,2.168613076817472,5652116.66
2025-08-05,2.168613076817472,2.1954027446439626,2.1479821092563958,2.1747137388090265,4945651.26
2025-08-06,2.1747137388090265,2.193530002102135,2.120943632922707,2.139454825722989,8761616.63
2025-08-07,2.139454825722989,2.24204547272514,2.1072768144877054,2.2088241273929263,7098415.77
2025-08-08,2.2088241273929263,2.2484327041779295,2.0897578088576965,2.1279155348665313,5860442.76
2025-08-09,2.1279155348665313,2.173678647531394,2.116108748305231,2.161684493155731,4381443.71
2025-08-10,2.161684493155731,2.2056817898385788,2.126431469930253,2.1702884521649275,4683470.0
2025-08-11,2.1702884521649275,2.1997780928039323,2.1593226217763366,2.1887191375729143,5392262.91
2025-08-12,2.1887191375729143,2.2158067933189916,2.1318201057497412,2.158534191671692,5464082.09
2025-08-13,2.158534191671692,2.195807126814523,2.115759812592146,2.1529360812058482,4189247.63
2025-08-14,2.1529360812058482,2.204075902396936,2.1135263335811736,2.1644552942260864,3555240.68
2025-08-15,2.1644552942260864,2.1808012763919553,2.145079039198894,2.1614019625819205,8097008.4
2025-08-16,2.1614019625819205,2.1975835182003207,2.058687391334274,2.0937362324363056,5042502.94
2025-08-17,2.0937362324363056,2.1972431478968537,2.056429606417507,2.1587776012910096,5559372.74
2025-08-18,2.1587776012910096,2.19531574283956,2.1477463399209453,2.18415480504185,4035293.87
2025-08-19,2.18415480504185,2.2052604680277597,2.164661141401291,2.1857525445025257,7035629.97
2025-08-20,2.1857525445025257,2.224841171787239,2.150840633385431,2.189863596925567,6484779.59
2025-08-21,2.189863596925567,2.2618470244860873,2.1849036953416645,2.2567356619337393,5076169.36
2025-08-22,2.2567356619337393,2.2866685075598663,2.1978169019955356,2.227360116850549,5269661.44
2025-08-23,2.227360116850549,2.2484388811469254,2.1688411651860307,2.189562226742532,5369226.34
2025-08-24,2.189562226742532,2.248351478232103,2.1647867961196385,2.2231954791551174,5124248.73
2025-08-25,2.2231954791551174,2.263202553874277,2.2020071138911,2.2418365284071156,5748358.31
2025-08-26,2.2418365284071156,2.254204743113817,2.190010670686894,2.2021599898849162,5493603.52
2025-08-27,2.2021599898849162,2.2640769004187997,2.1839432895671123,2.245501669209889,4784886.21
2025-08-28,2.245501669209889,2.297085917938254,2.2062078515936414,2.2575807299996606,3733302.64
2025-08-29,2.2575807299996606,2.286923211439021,2.1931666005625012,2.2220472421689412,4968426.4
2025-08-30,2.2220472421689412,2.2655229588386674,2.1985141326131443,2.241780855844858,6031542.53
2025-08-31,2.241780855844858,2.288853702154349,2.2088066285621286,2.255675105147771,5914917.01
2025-09-01,2.255675105147771,2.2676462791099588,2.2404500869736856,2.25240390020723,6941663.59
2025-09-02,2.25240390020723,2.276068037026743,2.2445148281176253,2.2681239054274207,7127755.55
2025-09-03,2.2681239054274207,2.3210447728323738,2.2411904119872372,2.293806306293673,5958650.39
2025-09-04,2.293806306293673,2.3368459515865285,2.288743790805186,2.33169980374546,5239879.56
2025-09-05,2.33169980374546,2.347332697097268,2.320815658497328,2.336426488151428,5448355.39
2025-09-06,2.336426488151428,2.3712557169041246,2.290804295963153,2.325470198751291,4331200.34
2025-09-07,2.325470198751291,2.3782317950303677,2.283078905693327,2.335654844760415,6105909.93
2025-09-08,2.335654844760415,2.4029825967796934,2.3189905315697614,2.385959373358214,6961232.61
2025-09-09,2.385959373358214,2.4345828692840703,2.364754766210384,2.413136730288109,6487289.72
2025-09-10,2.413136730288109,2.447544152827776,2.3652115742586206,2.399423467880202,5746138.23
2025-09-11,2.399423467880202,2.441684187716457,2.359861844406821,2.4020787834777053,4708052.91
2025-09-12,2.4020787834777053,2.4911749979194524,2.3860237323538804,2.4746349944764328,4574259.86
2025-09-13,2.4746349944764328,2.5504595196404316,2.4328853213572246,2.508144506113306,4804205.61
2025-09-14,2.508144506113306,2.5642884359652047,2.459214839638944,2.515220724413893,4165749.08
2025-09-15,2.515220724413893,2.576283053672544,2.5062080256522505,2.5670845132862645,5355405.93
2025-09-16,2.5670845132862645,2.5825839533014823,2.527334831958378,2.542686965436762,2485092.92
2025-09-17,2.542686965436762,2.596458878498708,2.504367048837485,2.557909547859561,4369902.48
2025-09-18,2.557909547859561,2.6520752105633596,2.551103800161925,2.6450376439416314,5085911.3
2025-09-19,2.6450376439416314,2.6953254594585587,2.626225113192603,2.6762906452762665,9345099.91
2025-09-20,2.6762906452762665,2.8023206461721526,2.6302545427003547,2.7549318010162365,5005536.03
2025-09-21,2.7549318010162365,2.7942440975097553,2.7118880853589262,2.7511463644703102,5051862.12
2025-09-22,2.7511463644703102,2.7883768473538884,2.691324560069056,2.728245127006164,4059482.24
2025-09-23,2.728245127006164,2.821740603841621,2.6927343223533513,2.7854847687238715,7685396.25
2025-09-24,2.7854847687238715,2.8162207554650878,2.666867031437533,2.6966224814643973,4079973.23
2025-09-25,2.6966224814643973,2.748348545667987,2.654012257650598,2.705596520101269,8311478.77
2025-09-26,2.705596520101269,2.804447317531637,2.6580450885503213,2.756009860845804,4155581.36
2025-09-27,2.756009860845804,2.829494691537074,2.7110327916349117,2.784059856691008,6327122.83
2025-09-28,2.784059856691008,2.813817207658018,2.6534558625130864,2.6821236712276986,4929628.01
2025-09-29,2.6821236712276986,2.725073373388566,2.5770045818402805,2.6189425444583208,4344208.36
2025-09-30,2.6189425444583208,2.659788324092282,2.573151505742634,2.6139189357329977,6435537.48
2025-10-01,2.6139189357329977,2.663308529326799,2.5872471903841405,2.636407318401317,6969635.2
2025-10-02,2.636407318401317,2.6822727320036917,2.615279158330121,2.660947903757579,4773384.37
2025-10-03,2.660947903757579,2.6859299968752257,2.635981715247137,2.6609636605278064,4969859.54
2025-10-04,2.6609636605278064,2.7254092516670534,2.632018407781084,2.696081991090142,4509949.21
2025-10-05,2.696081991090142,2.7300632306234562,2.68355831632858,2.717440343353494,5288062.22
2025-10-06,2.717440343353494,2.7335619989736446,2.695454580735029,2.7115412389615083,3802931.97
2025-10-07,2.7115412389615083,2.748419433385943,2.7011474837236444,2.737924546864965,2549996.07
2025-10-08,2.737924546864965,2.746963254743096,2.69793436346334,2.706870552818469,3132654.95
2025-10-09,2.706870552818469,2.7714160011280087,2.6738734027173203,2.7380389042395357,4731169.67
2025-10-10,2.7380389042395357,2.777919350399042,2.6581044981732513,2.6973929221011668,3826564.34
2025-10-11,2.6973929221011668,2.756706876744002,2.6622053670699746,2.721208645038822,4855152.53
2025-10-12,2.721208645038822,2.7854251198853124,2.68016132329974,2.744033502869666,4398738.63
2025-10-13,2.744033502869666,2.7695996690588367,2.7043591638394164,2.729792647951958,4190607.24
2025-10-14,2.729792647951958,2.8063733085652993,2.6850658500429865,2.761133008658018,4251308.5
2025-10-15,2.761133008658018,2.882192403902442,2.7184505871980305,2.8383168514710317,6367702.89
2025-10-16,2.8383168514710317,2.8803185124382606,2.7463302447388203,2.787581113823712,5302921.39
2025-10-17,2.787581113823712,2.8804191727928266,2.743570748771258,2.835649897194846,7394047.62
2025-10-18,2.835649897194846,2.9091750628116855,2.8181651797958245,2.8913469156302094,5130755.9
2025-10-19,2.8913469156302094,2.9267656784461256,2.8457425200298543,2.8810349622619116,3101699.79
2025-10-20,2.8810349622619116,2.9693450333852716,2.8350857285499638,2.9227307984679434,3851595.68
2025-10-21,2.9227307984679434,2.9337776174624817,2.8988576275460174,2.9098557838460115,5146000.04
2025-10-22,2.9098557838460115,2.9951719439211115,2.8910950989072193,2.9759849053394665,5311809.06
2025-10-23,2.9759849053394665,3.008229637741833,2.8040170475412847,2.8347313001716152,4318639.72
2025-10-24,2.8347313001716152,2.9364093106065443,2.8079280107016715,2.908904688073121,4098016.57
2025-10-25,2.908904688073121,2.962593821371518,2.7995771712946413,2.852220087055391,4294969.2
2025-10-26,2.852220087055391,2.9014392992393656,2.8079776732817123,2.8571208666757064,4822648.84
2025-10-27,2.8571208666757064,2.864934953915755,2.8086556409164647,2.816358244358037,4939107.45
2025-10-28,2.816358244358037,2.9227204245407776,2.78713708361843,2.8927071052254067,3799877.5
2025-10-29,2.8927071052254067,2.938198052681151,2.8359611960282876,2.881272319106527,5317489.86
2025-10-30,2.881272319106527,2.9217316640914985,2.813863282991187,2.8539388058588226,5305239.1
2025-10-31,2.8539388058588226,2.9457425265535218,2.820611310242112,2.9117400443122756,4864435.78
2025-11-01,2.9117400443122756,2.9606924136011727,2.9014513966984565,2.9502676285808818,4206748.39
2025-11-02,2.9502676285808818,3.0047662680369243,2.8789591338588467,2.933141410288387,5914050.93
2025-11-03,2.933141410288387,2.9609234218237885,2.8548894002448426,2.8821888008917784,6961139.6
2025-11-04,2.8821888008917784,2.8954826812367966,2.8122908844935073,2.8253224731536863,4469954.73
2025-11-05,2.8253224731536863,2.900672844399446,2.815379823159111,2.8905008239399947,4272991.34
2025-11-06,2.8905008239399947,2.959435391320973,2.8438877222812398,2.912468039613619,5617672.37
2025-11-07,2.912468039613619,2.959877399559682,2.8745201803092546,2.92180784768469,3731430.92
2025-11-08,2.92180784768469,2.9671078526232586,2.902726015801606,2.9478559052904174,3633865.32
2025-11-09,2.9478559052904174,2.98203500712864,2.8146906077570595,2.8477085446852843,4251310.82
2025-11-10,2.8477085446852843,2.9019187055276596,2.7777324524024234,2.831636662225044,5402213.88
2025-11-11,2.831636662225044,2.862433792049231,2.786348751829133,2.8169865456951686,4012150.42
2025-11-12,2.8169865456951686,2.892841868734244,2.791545159628322,2.866949248558934,4976613.89
2025-11-13,2.866949248558934,2.8885694284933927,2.7722237549411073,2.7932884455111093,3025584.29
2025-11-14,2.7932884455111093,2.86152142302683,2.778537095996611,2.846489120874607,5833609.87
2025-11-15,2.846489120874607,2.993237444053485,2.7941527510405306,2.939196529077644,7167464.49
2025-11-16,2.939196529077644,2.9541586875021943,2.836453936160241,2.8509669565879743,3982741.49
2025-11-17,2.8509669565879743,2.8606499551037547,2.8424622622069777,2.852141756188432,5587118.41
2025-11-18,2.852141756188432,2.8910824978325205,2.839110054288342,2.877932953544387,4746577.19
2025-11-19,2.877932953544387,2.9387850051603115,2.862723337639741,2.9233354412062846,5134487.13
2025-11-20,2.9233354412062846,2.951536277960969,2.7860541834983104,2.8131924930946006,4701890.92
2025-11-21,2.8131924930946006,2.882479076969846,2.761504240528263,2.830473314854527,4634655.25
2025-11-22,2.830473314854527,2.8430030999942506,2.8073196272283796,2.8198021739426005,4059883.14
2025-11-23,2.8198021739426005,2.832860973487853,2.7929522385968677,2.8059468727896477,3804634.25
2025-11-24,2.8059468727896477,2.940271812634118,2.7782464560366185,2.911529084180325,6581646.67
2025-11-25,2.911529084180325,2.9647167061906745,2.847726545989962,2.900716647110338,3286007.36
2025-11-26,2.900716647110338,2.979022345017893,2.8465069029098755,2.924370547340035,4976698.37
2025-11-27,2.924370547340035,2.9802697817828707,2.8626660913498303,2.9184521967406827,4920489.7
2025-11-28,2.9184521967406827,2.943904265601466,2.905950060934195,2.9313468911923386,4941685.87
2025-11-29,2.9313468911923386,3.004181980509628,2.8882569116618835,2.9606610904480193,5904144.82
2025-11-30,2.9606610904480193,3.0495279500546024,2.9202399970777124,3.0084543484487694,4557404.63
2025-12-01,3.0084543484487694,3.016121468604762,2.9599221877060957,2.9674848962019067,5886656.79
2025-12-02,2.9674848962019067,3.0178645250205522,2.925639222763733,2.9759001842901944,8214552.7
2025-12-03,2.9759001842901944,3.029653350763772,2.9326135351835347,2.9862166412303717,4813309.94
2025-12-04,2.9862166412303717,3.0274858472976924,2.8601594397498973,2.9002404639118433,3008504.88
2025-12-05,2.9002404639118433,2.917301391268555,2.834987514995235,2.851763270870746,4824954.51
2025-12-06,2.851763270870746,2.9208047080919566,2.8289990692710423,2.897674023885545,4707936.44
2025-12-07,2.897674023885545,2.9323524713399216,2.8398997085252358,2.874298403943604,5528641.51
2025-12-08,2.874298403943604,3.0249362525937267,2.8613882952439935,3.0114102964117038,3037153.25
2025-12-09,3.0114102964117038,3.0787051722095415,2.9967822199889946,3.0638225008771593,5422528.56
2025-12-10,3.0638225008771593,3.133944592026795,3.0191596831390584,3.0889159746237214,4500018.77
2025-12-11,3.0889159746237214,3.189250259665291,3.073524658309554,3.1734377917131513,6111192.36
2025-12-12,3.1734377917131513,3.2251534180717973,3.1661377229485104,3.2177514117571673,4392173.15
2025-12-13,3.2177514117571673,3.24590658461226,3.2005949869639574,3.2286918276490235,6211697.44
2025-12-14,3.2286918276490235,3.2395385107875088,3.138234768358014,3.148813101564826,3427242.03
2025-12-15,3.148813101564826,3.2092457551040465,3.1265224778980727,3.18668701985614,5022278.38
2025-12-16,3.18668701985614,3.3185174810902107,3.136700778469674,3.2672672613533877,3921523.56
2025-12-17,3.2672672613533877,3.3200325044996473,3.181131940468056,3.2333494221707886,4425617.26
2025-12-18,3.2333494221707886,3.2439689020523534,3.120045938947753,3.130327056407653,9869602.33
2025-12-19,3.130327056407653,3.1687209636809737,3.0340023277461867,3.071676882278887,3943408.78
2025-12-20,3.071676882278887,3.1810845323881796,3.060665319115049,3.169721492016816,4555289.4
2025-12-21,3.169721492016816,3.1916556708945922,3.152707848232309,3.174615756890648,3756555.84
2025-12-22,3.174615756890648,3.311059448495947,3.1234541594230407,3.2585452566945823,4630612.06
2025-12-23,3.2585452566945823,3.3235847171206867,3.1950161676525757,3.260026744764172,4816019.22
2025-12-24,3.260026744764172,3.2824855507773605,3.20945681503114,3.2317206159397625,4161163.93
2025-12-25,3.2317206159397625,3.4108919024032573,3.1800721030002057,3.3572374128707834,7415180.62
2025-12-26,3.3572374128707834,3.3846220687842528,3.308286015859681,3.3354933072386674,6674072.09
2025-12-27,3.3354933072386674,3.3892684809591547,3.2675817498417024,3.3211252807284497,3946131.82
2025-12-28,3.3211252807284497,3.389920872216673,3.280392417978629,3.348847996524812,6132575.92
2025-12-29,3.348847996524812,3.3884778598907297,3.2925581822115793,3.3319885327158008,4434503.39
2025-12-30,3.3319885327158008,3.4347904469770154,3.2768176258299717,3.378843714234848,3677047.44
2025-12-31,3.378843714234848,3.455653956441573,3.329745515998028,3.406158840327168,4178591.76
2026-01-01,3.406158840327168,3.503028178091774,3.339828989678989,3.436114976481339,3652626.63
2026-01-02,3.436114976481339,3.465418372698748,3.370019072639381,3.399006001273141,6326422.56
2026-01-03,3.399006001273141,3.4642357564225867,3.236966206732003,3.300301745023652,4016213.34
2026-01-04,3.300301745023652,3.3560687276869476,3.1972070363770095,3.2521605512651943,6899653.37
2026-01-05,3.2521605512651943,3.287555991620688,3.1748210220494877,3.209754933681457,5179228.15
2026-01-06,3.209754933681457,3.2624304248622096,3.1744005561322104,3.22688733958938,4520145.0
2026-01-07,3.22688733958938,3.2857302196205693,3.1227829290690567,3.1807851268299694,4410171.49
2026-01-08,3.1807851268299694,3.2207803431787845,3.0602997779476224,3.0992700227585828,7749269.07
2026-01-09,3.0992700227585828,3.124313305911193,3.012480258939612,3.0370205425642163,5012899.85
2026-01-10,3.0370205425642163,3.066791006248487,3.0286846713387865,3.0583964634003538,4407702.64
2026-01-11,3.0583964634003538,3.119292137182618,3.035784664233652,3.0963993691867673,6189153.76
2026-01-12,3.0963993691867673,3.114705728091448,3.050817249851559,3.068961391481398,5788220.6
2026-01-13,3.068961391481398,3.082227070270476,3.0343677174471004,3.0475408051012165,3905613.08
2026-01-14,3.0475408051012165,3.124848506276614,3.0045484854795768,3.0813788263445807,5006562.19
2026-01-15,3.0813788263445807,3.1190207146585984,3.053268741886342,3.090824461759464,3181220.27
2026-01-16,3.090824461759464,3.1688117635838706,3.0793816146999218,3.1571234644266415,4958360.15
2026-01-17,3.1571234644266415,3.1820195505781657,3.123812495008401,3.1486416965971324,5408593.18
2026-01-18,3.1486416965971324,3.1628970787753476,3.0887065214937497,3.102754149157796,5592375.59
2026-01-19,3.102754149157796,3.2041086875600935,3.0631168616420186,3.1636929151014406,3894519.35
2026-01-20,3.1636929151014406,3.1943314416629054,3.116105728925571,3.146578512447376,4157027.62
2026-01-21,3.146578512447376,3.2057836716505865,3.044690796744894,3.1030774519113047,5319006.33
2026-01-22,3.1030774519113047,3.193996673613512,3.0628697416753856,3.1531402809789304,6835014.52
2026-01-23,3.1531402809789304,3.286936257554476,3.1034054564404503,3.2358961162273814,5116415.29
2026-01-24,3.2358961162273814,3.272916776241403,3.209908598924068,3.246841357584358,4348848.53
2026-01-25,3.246841357584358,3.297429191575763,3.1399984550972193,3.189695927280579,6372512.79
2026-01-26,3.189695927280579,3.3283149977606006,3.1411293214276013,3.2783978088369548,5163995.45
2026-01-27,3.2783978088369548,3.3663080869033117,3.2133672735339975,3.3008325347594503,5228484.79
2026-01-28,3.3008325347594503,3.3602191457810426,3.254947470702572,3.314148969198518,6103524.75
2026-01-29,3.314148969198518,3.375430090575261,3.229939431633104,3.2907886021525825,4881058.84
2026-01-30,3.2907886021525825,3.4171300394844426,3.2328559761685978,3.358013946197021,3959356.42
2026-01-31,3.358013946197021,3.4202619381278634,3.2317620118001233,3.2928011445615173,4810454.82
2026-02-01,3.2928011445615173,3.333358593654184,3.1836830300400143,3.223385486100713,6602657.63
2026-02-02,3.223385486100713,3.354413242342518,3.203942889259528,3.3343016290711693,8025358.1
2026-02-03,3.3343016290711693,3.3760820655506896,3.2427481369844804,3.2838969784440915,3686780.65
2026-02-04,3.2838969784440915,3.40295703036191,3.2228489931953592,3.340850277381959,7528911.31
2026-02-05,3.340850277381959,3.4910360615942557,3.275655809818594,3.424214791081617,4561775.32
2026-02-06,3.424214791081617,3.5028612886335546,3.359048538511088,3.4374432845236607,5025637.77
2026-02-07,3.4374432845236607,3.471610189534167,3.3507200660409504,3.384359336393009,7647702.49
2026-02-08,3.384359336393009,3.4793019401035856,3.328592052472361,3.4228995920057925,4513224.95
2026-02-09,3.4228995920057925,3.547022438980728,3.385952472554166,3.5091443846390034,4668504.01
2026-02-10,3.5091443846390034,3.582032925965063,3.458433496064658,3.5310061120535288,4257749.87
2026-02-11,3.5310061120535288,3.5654958042144154,3.4507740995738887,3.4848125887781567,5047565.93
2026-02-12,3.4848125887781567,3.530344605535036,3.4588636834232136,3.504250956566728,5405290.88
2026-02-13,3.504250956566728,3.539135215608802,3.3853128046851992,3.419351907239953,4210869.32
2026-02-14,3.419351907239953,3.445084702699813,3.3357075271939176,3.361001196484391,7185233.66
2026-02-15,3.361001196484391,3.3933246585314523,3.313774494747389,3.345953237377034,4147915.88
2026-02-16,3.345953237377034,3.3975705241218424,3.298446275072196,3.350006019068087,5663471.89
2026-02-17,3.350006019068087,3.3688111660121396,3.2610741356556376,3.279483406267215,5033292.03
2026-02-18,3.279483406267215,3.341190574426048,3.232977450858612,3.2944720666471743,6823472.57
2026-02-19,3.2944720666471743,3.3366417542930873,3.2835174274627033,3.3255836641404195,4089632.58
2026-02-20,3.3255836641404195,3.332330164132413,3.3065612805626685,3.313282826257594,5769417.55
2026-02-21,3.313282826257594,3.333807965142178,3.169053042852465,3.1888070788347043,9158733.95
2026-02-22,3.1888070788347043,3.213138075331888,3.1708143048644666,3.1951097387414267,3486974.02
2026-02-23,3.1951097387414267,3.356467270463122,3.1408031260113667,3.3003715448059228,3991996.08
2026-02-24,3.3003715448059228,3.379692332046083,3.248856889568734,3.3277503283793464,8418495.06
2026-02-25,3.3277503283793464,3.375650781888268,3.281178478447575,3.329060594784424,4835074.36
2026-02-26,3.329060594784424,3.378039572816788,3.2587889902542697,3.307450021598917,5144026.74
2026-02-27,3.307450021598917,3.388547375141736,3.2613648075389827,3.3419810145217155,4601450.62
2026-02-28,3.3419810145217155,3.411404866386818,3.28558133980075,3.354789041851688,7560851.84
2026-03-01,3.354789041851688,3.437124976283464,3.315839548324951,3.397677542246118,3340225.29
2026-03-02,3.397677542246118,3.405551902806204,3.3246906914004204,3.3324137985696773,6812071.88
2026-03-03,3.3324137985696773,3.398586146191665,3.2739643048517855,3.34000353094635,3455824.36
2026-03-04,3.34000353094635,3.374965448375469,3.2784050920481276,3.3130852387847414,3379408.49
2026-03-05,3.3130852387847414,3.3978649507747023,3.251091892468361,3.335453065149421,3810249.77
2026-03-06,3.335453065149421,3.395738285316147,3.1640742070439503,3.2223145535616755,4842730.21
2026-03-07,3.2223145535616755,3.2519215781697914,3.1708374232420393,3.200241639183182,4182287.08
2026-03-08,3.200241639183182,3.292398998002461,3.1400920960802927,3.2316589565871228,4120737.8
2026-03-09,3.2316589565871228,3.2827611016710896,3.2217878108246896,3.272764398782428,3965140.23
2026-03-10,3.272764398782428,3.3183276408307014,3.2258234794156357,3.271367270725613,3982322.25
2026-03-11,3.271367270725613,3.3180393513806226,3.103425612396463,3.148342518321273,3959933.6
2026-03-12,3.148342518321273,3.2393824808674534,3.0944354964238565,3.184850358952213,5302366.7
2026-03-13,3.184850358952213,3.310649345649567,3.151454031199556,3.276294138797902,4265082.83
2026-03-14,3.276294138797902,3.2970336714294,3.207689582034633,3.2281241902062536,2568027.79
2026-03-15,3.2281241902062536,3.2371475144864457,3.1951648533985204,3.204121083663332,4953600.43
2026-03-16,3.204121083663332,3.2846640369001157,3.17076223104605,3.250819001359874,6030273.17
2026-03-17,3.250819001359874,3.3332876150945117,3.2177941071593144,3.299765476305468,4663350.58
2026-03-18,3.299765476305468,3.3935278603412153,3.2719981036668147,3.365209776963723,3648223.79
2026-03-19,3.365209776963723,3.473034264924177,3.3199288576043666,3.426922957641662,6023666.69
2026-03-20,3.426922957641662,3.4665548152547503,3.2965559227789414,3.3351261640387064,3547709.0
2026-03-21,3.3351261640387064,3.348733407722299,3.293683408186102,3.3071766183187137,4614224.69
2026-03-22,3.3071766183187137,3.3542254377885934,3.297697699333458,3.3446391449627404,4972750.14
2026-03-23,3.3446391449627404,3.4049499649886337,3.279674945879036,3.339900314914924,6548443.07
2026-03-24,3.339900314914924,3.413746788256174,3.2886025436208786,3.3621079286118785,5776925.63
2026-03-25,3.3621079286118785,3.3968637933493837,3.3200218555745136,3.3547011526019372,5307105.7
2026-03-26,3.3547011526019372,3.391364126671572,3.2927820505877903,3.3291659547027996,6309691.64
2026-03-27,3.3291659547027996,3.3426829691123134,3.3017892179451467,3.3152497299715478,3743186.45
2026-03-28,3.3152497299715478,3.3376051178513415,3.2281785203666513,3.2500945539440216,7421867.45
2026-03-29,3.2500945539440216,3.304845492878231,3.1548319082959884,3.208888695286729,2323741.96
2026-03-30,3.208888695286729,3.222603904810419,3.191738567355959,3.205439032570502,7144767.24
2026-03-31,3.205439032570502,3.2178676129541763,3.1906103546046083,3.2030295927684005,4051648.27
2026-04-01,3.2030295927684005,3.2749014067659865,3.1644443932897186,3.2359199940591767,5498540.57
2026-04-02,3.2359199940591767,3.2913372625334074,3.1647684992974767,3.2199116136779558,7181826.73
2026-04-03,3.2199116136779558,3.347044507096052,3.191498524929653,3.3177679164419196,5752727.3
2026-04-04,3.3177679164419196,3.437793568407561,3.272560866992739,3.3915807641436744,5487883.0
2026-04-05,3.3915807641436744,3.453438528728667,3.3004686083723205,3.3617829009497853,6209123.96
2026-04-06,3.3617829009497853,3.434904678653242,3.301127599299186,3.3740284357260606,3453723.77
2026-04-07,3.3740284357260606,3.483979121219952,3.338865211454821,3.44804452105263,3585691.39
2026-04-08,3.44804452105263,3.4732858759985645,3.3843884531124817,3.409346519958348,5350966.65
2026-04-09,3.409346519958348,3.451352761330412,3.3232118595873383,3.3646676163435094,4758992.39
2026-04-10,3.3646676163435094,3.5079528745826725,3.3019651067815965,3.443776132479818,4623885.82
2026-04-11,3.443776132479818,3.53651987176251,3.394683231507773,3.486813450425971,6814058.68
2026-04-12,3.486813450425971,3.6227195276097772,3.4198906874954873,3.5544976941493585,6667921.32
2026-04-13,3.5544976941493585,3.619338534748831,3.5103333529564944,3.5749204425881076,3971937.98
2026-04-14,3.5749204425881076,3.5834359576468136,3.5506744158804326,3.5591523711523085,5584768.27
2026-04-15,3.5591523711523085,3.5949668200765483,3.440592345393532,3.4755656921298295,3381629.26
2026-04-16,3.4755656921298295,3.5480658891524075,3.4121055283022796,3.4844436236587746,3361355.53
2026-04-17,3.4844436236587746,3.571391183200334,3.4753570259502853,3.5621020707882227,3999726.85
2026-04-18,3.5621020707882227,3.690050746822919,3.5153534493757452,3.6422502695881955,4934222.49
2026-04-19,3.6422502695881955,3.7454326736913868,3.610188535404001,3.712750346587592,4246832.55
2026-04-20,3.712750346587592,3.800455715929735,3.678350407412941,3.7655664172643784,5597060.87
2026-04-21,3.7655664172643784,3.964997998659336,3.7195649092522856,3.9171447553801864,4980870.86
2026-04-22,3.9171447553801864,3.9539986834856315,3.7750386807184713,3.8108929530726354,6605880.04
2026-04-23,3.8108929530726354,3.898069623064289,3.7401531342537893,3.827030255075739,5730756.44
2026-04-24,3.827030255075739,3.8556046726028983,3.736088317509267,3.7641935666074766,3856674.79
2026-04-25,3.7641935666074766,3.9307204620544245,3.7052197007333483,3.8700875482697876,6262591.36
2026-04-26,3.8700875482697876,3.8842421259973716,3.8186379441272225,3.832655617153849,4030737.84
2026-04-27,3.832655617153849,3.933700932527819,3.8020281696147484,3.902515224173549,5541722.38
2026-04-28,3.902515224173549,3.921410084924971,3.8531338544674174,3.871880390128436,4420999.43
2026-04-29,3.871880390128436,3.92463863025473,3.848816209250839,3.901398613972799,6961938.95
2026-04-30,3.901398613972799,3.9488432090592136,3.846963144841457,3.8943216778766025,6002849.17
