Date,Open,High,Low,Close,Volume
2020-01-01,24.0,24.33517574501803,23.66482425498197,24.0,4947040.06
2020-01-02,24.0,24.60929382418248,23.665928461983146,24.271443883020382,2556851.21
2020-01-03,24.271443883020382,24.549423890226915,23.69009525863526,23.964560541547463,4363952.82
2020-01-04,23.964560541547463,24.212607872743387,23.550673135061118,23.796985970645643,4176093.05
2020-01-05,23.796985970645643,24.151604437743313,23.445437659474166,23.80001143201115,2919244.58
2020-01-06,23.80001143201115,24.154718789097316,23.490875447660045,23.844998472545434,2125389.46
2020-01-07,23.844998472545434,24.102993013163925,23.007110622390083,23.258762292653632,3035981.66
2020-01-08,23.258762292653632,23.358307571040026,23.083589748130862,23.18280995778732,5884176.09
2020-01-09,23.18280995778732,23.800492875082853,22.843536067069312,23.45720331490859,2820583.12
2020-01-10,23.45720331490859,23.776877478139784,23.012161698184208,23.330103751840127,2869674.57
2020-01-11,23.330103751840127,23.52048840250739,23.066208800621943,23.255988636994374,2727450.71
2020-01-12,23.255988636994374,23.5101742801803,23.060317004637664,23.314014429425267,4742000.47
2020-01-13,23.314014429425267,23.464180064312366,23.123711035852512,23.273616467348134,3293774.07
2020-01-14,23.273616467348134,23.723134141795978,22.48448739064007,22.92731646243397,2993030.48
2020-01-15,22.92731646243397,23.328169054981185,22.51698440346941,22.91766831136593,4983495.1
2020-01-16,22.91766831136593,23.537978404061086,22.640390134618503,23.256599538214466,4045626.78
2020-01-17,23.256599538214466,23.471252292180846,22.692221738357347,22.90361654520084,2781361.09
2020-01-18,22.90361654520084,23.25319111770059,22.433103837195098,22.780803938721107,2577621.28
2020-01-19,22.780803938721107,23.042762844637323,22.06991320728954,22.326649745465687,4675356.7
2020-01-20,22.326649745465687,23.08229679484404,21.889821729691235,22.639350685547104,3514720.51
2020-01-21,22.639350685547104,22.707092310289376,22.543596829249076,22.61125438403988,2376186.67
2020-01-22,22.61125438403988,22.67043127498764,22.2753025479021,22.33375317845307,2241138.61
2020-01-23,22.33375317845307,22.640127811864698,22.060499745756772,22.366474039488484,2647864.03
2020-01-24,22.366474039488484,22.49304649779416,21.853476508113072,21.977849731351505,2567395.14
2020-01-25,21.977849731351505,22.260868940587862,21.371088677253823,21.64988452273373,2098543.91
2020-01-26,21.64988452273373,21.99770322174532,20.85338549473808,21.193878171494802,2658830.12
2020-01-27,21.193878171494802,21.28895339398903,20.773819370199785,20.867430154823477,2781506.89
2020-01-28,20.867430154823477,21.500501956260187,20.660196790323347,21.28908119716944,3117690.95
2020-01-29,21.28908119716944,21.59555896979646,20.760683466522828,21.063919814191312,5344085.74
2020-01-30,21.063919814191312,21.57149641245086,20.705632137567576,21.210711869857477,3274129.89
2020-01-31,21.210711869857477,21.442633900274412,20.72554455083451,20.954666936373137,3356400.97
2020-02-01,20.954666936373137,21.312618507921133,20.83499976697601,21.19159827940604,3975206.95
2020-02-02,21.19159827940604,21.45743388090628,20.615737088046085,20.877634202790574,3298386.64
2020-02-03,20.877634202790574,21.104683426955763,20.66507259458922,20.89197580252128,3868246.14
2020-02-04,20.89197580252128,21.242867150070783,20.559904998754323,20.91050188063396,3754355.71
2020-02-05,20.91050188063396,21.89828325500458,20.659568138836374,21.638611923901838,3608925.6
2020-02-06,21.638611923901838,21.995448341428844,21.486500894964255,21.841908218579356,6989293.58
2020-02-07,21.841908218579356,22.182184891455847,21.317984834355844,21.655355183970816,4395337.98
2020-02-08,21.655355183970816,22.123942793764627,21.410228555302513,21.876315022089024,2670678.27
2020-02-09,21.876315022089024,22.69252373647505,21.76264923448777,22.5752265180059,3839409.26
2020-02-10,22.5752265180059,22.84918370537902,21.777376243105305,22.044897730581013,2871483.42
2020-02-11,22.044897730581013,22.465288663275068,21.361531675882414,21.77681024426462,3913083.41
2020-02-12,21.77681024426462,22.096913952049462,21.384729586305177,21.70375949981564,2481755.35
2020-02-13,21.70375949981564,21.86389983212204,21.414722835564383,21.573905041881353,2653337.04
2020-02-14,21.573905041881353,21.893106438815714,21.153664668043348,21.47134866990548,3814234.0
2020-02-15,21.47134866990548,21.623514262762473,20.91788226390881,21.06718357364929,4491470.92
2020-02-16,21.06718357364929,21.760670107754073,20.819256549952655,21.50756055203206,3968642.34
2020-02-17,21.50756055203206,21.754439898106003,20.82432195737097,21.0661342933665,4333139.35
2020-02-18,21.0661342933665,21.20207481255921,20.87120134252737,21.00675870894697,3842862.79
2020-02-19,21.00675870894697,21.509861111038482,20.833203775874498,21.333605812433355,3654235.82
2020-02-20,21.333605812433355,21.73807532374165,20.92221817780647,21.326553991769707,3085888.59
2020-02-21,21.326553991769707,21.465406357661443,20.888083079286886,21.024971912522098,4288827.65
2020-02-22,21.024971912522098,21.37017013603036,20.277296721159978,20.615776576450315,4522128.44
2020-02-23,20.615776576450315,20.904658659485293,20.260755809771815,20.54869794200878,3445207.19
2020-02-24,20.54869794200878,20.786802370761748,20.088739855995176,20.324243457830192,3399170.59
2020-02-25,20.324243457830192,20.478987017230605,20.23328702856506,20.387746395323603,5210180.09
2020-02-26,20.387746395323603,20.503595147383656,19.861990290284155,19.975496525815238,3482176.48
2020-02-27,19.975496525815238,20.32276908742582,19.87119252859549,20.217202996370247,3566855.65
2020-02-28,20.217202996370247,20.50816666510652,19.96322849466352,20.25373325939851,3950410.29
2020-02-29,20.25373325939851,20.708949338029942,19.858362207620413,20.31243242583804,3415457.34
2020-03-01,20.31243242583804,21.11743619608968,19.951068022551002,20.748317267765813,2851023.03
2020-03-02,20.748317267765813,20.79924471571671,20.567313732987788,20.61792111917248,3846848.96
2020-03-03,20.61792111917248,20.760743092535698,20.26071476544529,20.402041322349532,3466253.11
2020-03-04,20.402041322349532,20.500596122152885,20.1433951303559,20.241172833324676,5547378.13
2020-03-05,20.241172833324676,20.637134727886338,19.79150592508037,20.186396269481598,4262582.11
2020-03-06,20.186396269481598,20.31237925011383,20.035926680902243,20.16175588126034,3015882.22
2020-03-07,20.16175588126034,20.275138284286623,19.807986403867403,19.920009311861445,4199762.7
2020-03-08,19.920009311861445,20.18247047981911,19.085389614964335,19.340211508956443,3780020.48
2020-03-09,19.340211508956443,19.5725137229404,18.95358748777795,19.184013552104513,4855536.23
2020-03-10,19.184013552104513,19.404590277369635,19.067656242339105,19.28760465372883,3069913.59
2020-03-11,19.28760465372883,19.60020371844947,19.01629425976437,19.32832059100251,3669047.18
2020-03-12,19.32832059100251,19.74702474164443,19.255914193188733,19.673325909126135,3414358.26
2020-03-13,19.673325909126135,20.295125417158324,19.62712028623342,20.247571097216046,3551545.37
2020-03-14,20.247571097216046,20.54777641206692,20.17703936700441,20.4764473989866,2805167.44
2020-03-15,20.4764473989866,21.07695526113326,20.301012813527045,20.897909743065156,4042005.12
2020-03-16,20.897909743065156,21.54966580327101,20.48934946565606,21.13644214725491,3885509.18
2020-03-17,21.13644214725491,21.93209935676208,20.885965881409728,21.67523811836775,4826245.68
2020-03-18,21.67523811836775,22.620872209269038,21.33742801818487,22.27373450115292,3491238.36
2020-03-19,22.27373450115292,22.764831223630498,22.100290633638437,22.588932930050216,3157571.1
2020-03-20,22.588932930050216,23.16776726445202,22.251271229915094,22.826553586230915,4263483.56
2020-03-21,22.826553586230915,23.269189257476455,22.319186185203908,22.760541804727872,2869712.56
2020-03-22,22.760541804727872,22.952633858925832,22.557302494410337,22.749299668394976,4590592.51
2020-03-23,22.749299668394976,23.2039005121436,22.187063863968017,22.639469973249675,4588134.29
2020-03-24,22.639469973249675,23.1573630059099,22.33403230079708,22.849097173426163,4792646.16
2020-03-25,22.849097173426163,23.202678850451793,22.261760523508446,22.61166806933484,3845558.0
2020-03-26,22.61166806933484,22.75952599972382,22.403485044497167,22.55094591207443,3099184.07
2020-03-27,22.55094591207443,22.857089296639447,21.49247995912173,21.788269528359052,3596855.17
2020-03-28,21.788269528359052,22.598256783065015,21.544282034426633,22.348001349218052,3848872.28
2020-03-29,22.348001349218052,22.777423728923946,21.85031124326866,22.27839614167609,3042646.08
2020-03-30,22.27839614167609,22.8402684947224,21.871054585698136,22.43015220793502,4884378.45
2020-03-31,22.43015220793502,23.126557583210452,22.22513822164823,22.917092906938922,4046223.64
2020-04-01,22.917092906938922,23.459147039695377,22.48066768392315,23.020747847694118,2800245.89
2020-04-02,23.020747847694118,23.937436701346922,22.608063511950746,23.51587638157966,5604004.25
2020-04-03,23.51587638157966,23.812809219916126,22.80275838882289,23.094368890294835,3586261.47
2020-04-04,23.094368890294835,24.006108638506117,23.01404384950871,23.922901858678145,2662424.59
2020-04-05,23.922901858678145,24.42880209338312,23.805817810312423,24.30982435949933,2843965.66
2020-04-06,24.30982435949933,24.469719467411068,24.227566321836125,24.38719961228822,5076940.76
2020-04-07,24.38719961228822,25.002906196838296,24.291019519477057,24.90468520498479,5523486.08
2020-04-08,24.90468520498479,25.39244701959616,24.004970030340395,24.484502506831948,4504758.27
2020-04-09,24.484502506831948,24.626978105697074,24.241989613360296,24.383879686890502,4867547.08
2020-04-10,24.383879686890502,25.267853023845376,24.03188905721195,24.90829229755345,4744171.6
2020-04-11,24.90829229755345,25.243495856312823,23.912474784318167,24.23866685287131,4022855.63
2020-04-12,24.23866685287131,24.76786583783352,23.914823537094264,24.441315019428853,3800084.93
2020-04-13,24.441315019428853,24.776375424977687,24.301494273131752,24.63544412971639,4005741.74
2020-04-14,24.63544412971639,25.674810226864352,24.329268949618296,25.359634634311654,4207071.62
2020-04-15,25.359634634311654,25.69589553549432,24.45225717462103,24.780843484411974,2907703.13
2020-04-16,24.780843484411974,25.6865087007897,24.476849549702887,25.37522333272349,4202807.06
2020-04-17,25.37522333272349,25.511004234688176,25.03613539762875,25.170822566544068,5040055.94
2020-04-18,25.170822566544068,25.54876475156604,24.633738792529034,25.009255026271994,3324003.27
2020-04-19,25.009255026271994,25.092245160799944,24.486557807568477,24.56808397024878,3236365.76
2020-04-20,24.56808397024878,24.878663865794014,23.876492054850992,24.182193679616066,3942833.18
2020-04-21,24.182193679616066,24.568048634322356,23.9439345541848,24.328349484273975,2975311.03
2020-04-22,24.328349484273975,24.486609258003977,23.781916844240172,23.937634957979455,2518235.14
2020-04-23,23.937634957979455,24.601588553085556,23.5418739960723,24.20146567741837,4663157.2
2020-04-24,24.20146567741837,24.326492051247346,23.846302569620228,23.970133868007597,3126847.02
2020-04-25,23.970133868007597,24.42062069400455,23.107790955406042,23.55038923865018,3516179.79
2020-04-26,23.55038923865018,23.972463330156987,22.95266173487435,23.37153028572972,3004862.19
2020-04-27,23.37153028572972,23.689214932462654,23.173092535133456,23.489773231169536,4816038.36
2020-04-28,23.489773231169536,23.665776294272387,23.22179106455995,23.397099748167683,4332119.91
2020-04-29,23.397099748167683,23.516210938239908,23.292403335043407,23.41145030979217,3295566.51
2020-04-30,23.41145030979217,24.091654809362478,22.978481272828656,23.654196449400935,2605927.42
2020-05-01,23.654196449400935,24.354682008638143,23.339700342898592,24.035121287962415,3209228.35
2020-05-02,24.035121287962415,24.096942131070428,23.867263547524736,23.928810949334643,4036189.86
2020-05-03,23.928810949334643,24.19676552218609,23.3041126108184,23.56802713026582,3669010.09
2020-05-04,23.56802713026582,23.680599750895517,23.484493061261844,23.596963121711482,3596774.53
2020-05-05,23.596963121711482,24.055886551375025,23.30607126789806,23.762948510633212,3690225.84
2020-05-06,23.762948510633212,24.02817416756861,23.00259642241538,23.262233442791374,4231100.08
2020-05-07,23.262233442791374,23.34344722258229,22.882970037221185,22.96313961201048,3463564.18
2020-05-08,22.96313961201048,23.346290863900705,22.345735880568043,22.724912191046993,3916766.07
2020-05-09,22.724912191046993,22.877662442140615,22.506031508474738,22.65833424195617,2734731.25
2020-05-10,22.65833424195617,22.924495317221563,22.1462825696443,22.409520904663786,6627486.77
2020-05-11,22.409520904663786,22.951248532700124,22.106931871689053,22.645473502632854,3260231.28
2020-05-12,22.645473502632854,23.083017602335836,21.694018187305716,22.12143712783299,3682755.39
2020-05-13,22.12143712783299,22.362308839795205,21.38219247154665,21.617577856167067,4032471.04
2020-05-14,21.617577856167067,22.017755624149636,21.116188077179295,21.514456902667085,3158399.27
2020-05-15,21.514456902667085,21.69490795005878,21.28153413849877,21.461541360370074,3506853.4
2020-05-16,21.461541360370074,21.835699074499175,20.644886048637353,21.011192438372476,3496217.91
2020-05-17,21.011192438372476,21.14240464750607,20.6974429757893,20.827508099723993,2785015.52
2020-05-18,20.827508099723993,21.134393844608702,20.40264366473553,20.7077650392436,3905595.72
2020-05-19,20.7077650392436,20.782209783556162,20.51702268429488,20.59104782838003,2317426.98
2020-05-20,20.59104782838003,21.04684300329334,20.18439715172131,20.63924057263813,5424577.84
2020-05-21,20.63924057263813,21.03491246504301,20.05047639617911,20.4423741917018,4267404.04
2020-05-22,20.4423741917018,21.10038408036227,20.238771303235964,20.89230000035876,4106386.96
2020-05-23,20.89230000035876,21.285232238136988,20.653483588767937,21.044674063931176,2267328.89
2020-05-24,21.044674063931176,21.313203000598733,20.534128151346284,20.79952905050734,2870915.02
2020-05-25,20.79952905050734,20.97547514660667,20.654958261576898,20.830687783416884,4953524.03
2020-05-26,20.830687783416884,21.1660408057874,20.5361317379094,20.870915914955773,9880600.78
2020-05-27,20.870915914955773,21.557852186463208,20.566740785444388,21.248178784491312,4718241.11
2020-05-28,21.248178784491312,21.491499687380593,20.823171743295394,21.064387988516224,4535787.97
2020-05-29,21.064387988516224,21.40426389906379,20.966242001711578,21.304996835646406,3990859.12
2020-05-30,21.304996835646406,21.715847900705413,20.909888276707452,21.320452707264273,2831732.37
2020-05-31,21.320452707264273,21.882809334360296,21.23366116357739,21.794089703749716,4488670.2
2020-06-01,21.794089703749716,22.50881110491472,21.503681300030582,22.212823038046082,2657700.13
2020-06-02,22.212823038046082,22.365433089410008,22.127179394402795,22.27953224211049,2586011.37
2020-06-03,22.27953224211049,22.38268230486971,22.09376976393915,22.196535567635483,2545636.3
2020-06-04,22.196535567635483,22.41744921995057,22.143936666979087,22.36445240849391,4466895.42
2020-06-05,22.36445240849391,22.555457210997567,22.117356183381176,22.307877807477578,3450121.52
2020-06-06,22.307877807477578,23.175600686673917,22.006442917354065,22.86661585639753,3589372.85
2020-06-07,22.86661585639753,23.156216949547566,22.606215500839124,22.895487806116925,3486547.47
2020-06-08,22.895487806116925,23.219269034148006,22.44042311452508,22.762321138869066,2641465.38
2020-06-09,22.762321138869066,23.084415710693694,22.29206753180356,22.612035510972124,2959677.3
2020-06-10,22.612035510972124,22.71431262817833,22.115586042864383,22.21607216742521,2997133.75
2020-06-11,22.21607216742521,22.468450454847712,22.148711409028788,22.40053040555956,2463160.07
2020-06-12,22.40053040555956,22.697481839075756,21.84196988968267,22.135406725308357,3085489.9
2020-06-13,22.135406725308357,22.806573238108548,21.83086696973503,22.497057872494103,2670955.72
2020-06-14,22.497057872494103,22.76748751889079,21.811857254843435,22.07724041528864,4043788.0
2020-06-15,22.07724041528864,22.26302047963614,21.935422307484426,22.12092177481717,4128878.15
2020-06-16,22.12092177481717,22.87285324237256,21.753852200300607,22.49950159983441,2532870.36
2020-06-17,22.49950159983441,22.575152760315458,21.730001692740025,21.803312021390177,3249837.61
2020-06-18,21.803312021390177,22.76094145828903,21.511548555074608,22.460385292270438,5566563.73
2020-06-19,22.460385292270438,22.553986873665703,22.230291584482853,22.32332196712896,2738943.45
2020-06-20,22.32332196712896,22.680320126112054,22.01570527567206,22.372032204712426,3893943.6
2020-06-21,22.372032204712426,22.777484500305373,22.15907139430033,22.562708628774857,3593560.35
2020-06-22,22.562708628774857,23.147062371189612,22.22594091142239,22.806653567060824,4599671.36
2020-06-23,22.806653567060824,22.968259763509362,22.73961432927242,22.900943364666002,3768321.51
2020-06-24,22.900943364666002,23.519446500598203,22.62632684446286,23.240755129723702,3142249.98
2020-06-25,23.240755129723702,23.52876832548933,23.1336663275758,23.420849683265043,3558908.86
2020-06-26,23.420849683265043,24.37913134246048,23.086332746728253,24.03583071222268,3571927.82
2020-06-27,24.03583071222268,24.32399190474399,23.9358608523489,24.22324256125217,3420679.35
2020-06-28,24.22324256125217,25.016530286012053,24.142712395883773,24.933638409777977,2516792.08
2020-06-29,24.933638409777977,25.6428027400579,24.563717705108196,25.267922525918607,4775674.02
2020-06-30,25.267922525918607,25.34735413098112,24.533367328359464,24.61073300900317,4569351.84
2020-07-01,24.61073300900317,25.728151679117747,24.462045918761863,25.573647090758193,2695855.82
2020-07-02,25.573647090758193,26.004441148682847,24.93488808815331,25.362118904376324,3246513.21
2020-07-03,25.362118904376324,26.356778534051053,24.941757266081492,25.927053450523463,3308488.87
2020-07-04,25.927053450523463,26.39082672535126,25.476589988464298,25.940135964249542,2621202.73
2020-07-05,25.940135964249542,26.557000747017828,25.7359923337916,26.34963444622031,2194740.69
2020-07-06,26.34963444622031,26.652783420609826,25.787873651024434,26.088012702699913,2959779.6
2020-07-07,26.088012702699913,26.75050605452433,25.67268495724352,26.33130503376334,3201637.45
2020-07-08,26.33130503376334,26.448893776688216,26.119544081091906,26.236710388996897,2441114.35
2020-07-09,26.236710388996897,27.25781054461327,25.842135561503458,26.853952983625945,3658332.38
2020-07-10,26.853952983625945,27.13166787728339,26.753122988481284,27.030176207234046,4680837.49
2020-07-11,27.030176207234046,27.91190488665153,26.531780007113714,27.40656857179378,4320158.13
2020-07-12,27.40656857179378,27.7757784428705,26.196214539500556,26.553938128549603,3390887.05
2020-07-13,26.553938128549603,26.842831582336373,26.235057637185314,26.523621258719302,2209265.36
2020-07-14,26.523621258719302,26.972895643078168,26.23915206325323,26.68667764720525,4185761.11
2020-07-15,26.68667764720525,26.918243018586043,26.546185182761903,26.777273610168123,3630465.99
2020-07-16,26.777273610168123,27.383612851492952,26.556990028630672,27.16017929150349,3891718.16
2020-07-17,27.16017929150349,27.569978214194453,26.610285885543774,27.017938649281973,5679076.71
2020-07-18,27.017938649281973,27.357657710887043,26.70082950388605,27.04028627177719,2847837.86
2020-07-19,27.04028627177719,27.83274209198637,26.728579056116256,27.515556196717476,1705842.26
2020-07-20,27.515556196717476,27.667288698014765,26.46802628771056,26.614791589144247,2689618.4
2020-07-21,26.614791589144247,27.23600498251548,26.23083272300031,26.848672035063135,3952207.31
2020-07-22,26.848672035063135,27.091829992585268,26.478601036518953,26.720599087273342,3523639.64
2020-07-23,26.720599087273342,26.861939301836873,26.229169604588705,26.36864815353885,2582747.97
2020-07-24,26.36864815353885,27.005214169974103,25.867956952376435,26.501991037394674,2454280.45
2020-07-25,26.501991037394674,27.28622482175514,26.207225890070372,26.986075504275615,3203073.17
2020-07-26,26.986075504275615,27.718535270525944,26.675609890168783,27.40326997601175,2563155.97
2020-07-27,27.40326997601175,27.942146905208606,26.814245989099295,27.352117010869808,3986530.58
2020-07-28,27.352117010869808,27.94669757250597,27.11701707317508,27.708534119109437,3157896.83
2020-07-29,27.708534119109437,28.598982255659497,27.182782076233178,28.06643918873616,2992123.98
2020-07-30,28.06643918873616,28.473645514115983,27.626925815681982,28.033656508413845,2895604.41
2020-07-31,28.033656508413845,28.409187560526878,27.38166518248489,27.753442566705367,3737973.61
2020-08-01,27.753442566705367,27.926055919670596,27.328300435257947,27.499333348460603,3537482.35
2020-08-02,27.499333348460603,27.92382665324691,27.4187162449857,27.842204388310535,3681249.7
2020-08-03,27.842204388310535,28.117288404948965,27.55317721332211,27.828122095370063,3661215.99
2020-08-04,27.828122095370063,27.888873037461202,27.34792622029417,27.407759478291503,3437395.57
2020-08-05,27.407759478291503,27.497603352523978,26.654590484543032,26.742252797800035,2703319.12
2020-08-06,26.742252797800035,27.417555621469482,26.40220147743912,27.073294810075023,2915869.14
2020-08-07,27.073294810075023,27.48049051102604,26.45622101778423,26.860211845905233,3171149.82
2020-08-08,26.860211845905233,27.129195570606534,26.725291122269677,26.993604804804306,5865347.78
2020-08-09,26.993604804804306,27.909066828390674,26.583706715331402,27.4916065782882,2498158.57
2020-08-10,27.4916065782882,28.016560589520463,26.45722734696437,26.97226448727448,3151942.23
2020-08-11,26.97226448727448,27.387021568828363,26.542911514686875,26.957440647545297,3587048.55
2020-08-12,26.957440647545297,27.392125980064936,26.459444520674577,26.89309224328651,3244397.88
2020-08-13,26.89309224328651,27.441426581326372,26.500108153770544,27.04620508049382,4577968.56
2020-08-14,27.04620508049382,27.711473292103904,26.88270336206435,27.544956484813255,3240211.11
2020-08-15,27.544956484813255,27.778978957327688,26.78694503721267,27.016477542614858,3300677.07
2020-08-16,27.016477542614858,27.76611971018826,26.500819295060523,27.246079102359644,4290572.17
2020-08-17,27.246079102359644,28.048785418773296,26.867309820872062,27.664203460094374,5503811.68
2020-08-18,27.664203460094374,28.112431200957346,27.144770326528658,27.591825365275866,4976055.76
2020-08-19,27.591825365275866,28.128113965604427,27.00410917934679,27.539378393952582,3382447.29
2020-08-20,27.539378393952582,27.882754396719424,27.36957431645475,27.711886656636807,3456942.11
2020-08-21,27.711886656636807,28.07240286181545,27.49600108297325,27.855399273202597,3541119.0
2020-08-22,27.855399273202597,28.479603821165913,27.476386739805125,28.09729988409954,3631017.17
2020-08-23,28.09729988409954,28.401636981966927,28.028786457915434,28.3325499139872,2831837.91
2020-08-24,28.3325499139872,28.680528688181997,27.58779459549438,27.9308395861831,4423412.33
2020-08-25,27.9308395861831,28.81157642623314,27.468405689748998,28.34232973802198,3685533.35
2020-08-26,28.34232973802198,29.20888082069907,27.974220105574286,28.834380443175235,3460970.09
2020-08-27,28.834380443175235,29.12794047216615,28.623397000380937,28.916357198964548,2547153.92
2020-08-28,28.916357198964548,29.35108205517601,27.8678316298178,28.293187836667386,3554926.97
2020-08-29,28.293187836667386,28.42414481570966,28.118053170671175,28.24880471938182,2180294.35
2020-08-30,28.24880471938182,28.84555984331933,27.73733405191187,28.332572483213877,3026329.9
2020-08-31,28.332572483213877,28.440702911949096,27.758025644400547,27.864369189048084,3040398.35
2020-09-01,27.864369189048084,28.35318937079345,27.234481897225923,27.720783172396388,3760348.98
2020-09-02,27.720783172396388,28.02461874847529,26.85944677124144,27.157104103598783,5599769.72
2020-09-03,27.157104103598783,27.669192294378394,26.893255292038138,27.402954883654463,4037960.89
2020-09-04,27.402954883654463,27.775284331195945,27.101195964420803,27.472756759865625,5027201.6
2020-09-05,27.472756759865625,27.626706216585305,26.670731728021643,26.821029089626165,4112643.51
2020-09-06,26.821029089626165,27.238606812926292,26.546426263068426,26.962554995959554,4636808.66
2020-09-07,26.962554995959554,27.428871216763305,26.477263483232274,26.943245751489272,5568049.46
2020-09-08,26.943245751489272,27.596716963523324,26.50091324929949,27.150974143940587,2914807.44
2020-09-09,27.150974143940587,27.284960770023734,26.865404153287027,26.998639024809243,2867632.74
2020-09-10,26.998639024809243,27.379902401063188,26.309487759860367,26.686340995253644,4136978.51
2020-09-11,26.686340995253644,27.151299002989692,25.929714907149897,26.389501051539433,3496782.83
2020-09-12,26.389501051539433,26.83167869119624,25.74635048743163,26.185103275439662,3698219.27
2020-09-13,26.185103275439662,26.448339090759287,25.932118938156723,26.195256657751145,3289041.7
2020-09-14,26.195256657751145,26.330294661238405,26.120189667102842,26.255056304469143,3015296.87
2020-09-15,26.255056304469143,26.74762871840325,25.693445899923915,26.184698324301387,5248562.01
2020-09-16,26.184698324301387,26.423658102882115,25.78814893647743,26.02565731763253,2658594.74
2020-09-17,26.02565731763253,26.246812408964082,25.67481735002024,25.8948609891561,4155201.96
2020-09-18,25.8948609891561,27.288324675017325,25.48905565686141,26.867280298149993,3990114.95
2020-09-19,26.867280298149993,27.048674737828154,26.38909718489487,26.56847423547709,2358461.84
2020-09-20,26.56847423547709,27.02081480036423,25.906333807140665,26.35504056505075,2843591.56
2020-09-21,26.35504056505075,27.754802640272764,26.266252328452936,27.661612656249098,2965632.49
2020-09-22,27.661612656249098,28.262735395292395,27.237482637098175,27.83593256358511,4030574.8
2020-09-23,27.83593256358511,28.375510148990177,26.752826727225646,27.281660179889037,3193138.19
2020-09-24,27.281660179889037,28.17414572561187,26.738104792716214,27.623774115687063,3425904.47
2020-09-25,27.623774115687063,28.138362997369427,26.753009676988295,27.260837603666456,2431117.75
2020-09-26,27.260837603666456,28.117871747078027,26.779037103006257,27.629554643481136,6260380.07
2020-09-27,27.629554643481136,27.82350980797964,27.353961589868813,27.54733961770863,3562853.87
2020-09-28,27.54733961770863,28.081748930196802,26.8423762384924,27.37341140087866,3965029.09
2020-09-29,27.37341140087866,28.554000606851478,26.861470064477725,28.029783704595047,3057527.54
2020-09-30,28.029783704595047,28.59501094641896,27.70411391297309,28.266589774894044,2973102.85
2020-10-01,28.266589774894044,28.940653878171954,28.005480041285093,28.675764435462213,5645925.49
2020-10-02,28.675764435462213,28.976848738923312,28.562013110167488,28.862357235338862,2167517.64
2020-10-03,28.862357235338862,29.226929601301507,28.315926497249745,28.67817234775513,3752509.2
2020-10-04,28.67817234775513,29.36231740803611,28.25918920897328,28.939516082483163,2585417.48
2020-10-05,28.939516082483163,29.733403233391762,28.671190669225695,29.460249610885484,3162973.86
2020-10-06,29.460249610885484,29.796586579046846,29.186017931963388,29.521782122763277,2983924.41
2020-10-07,29.521782122763277,30.68853476740421,29.158085427144762,30.315065138354335,2735375.03
2020-10-08,30.315065138354335,30.77547764325938,30.23927402788738,30.698727333671634,3531149.31
2020-10-09,30.698727333671634,31.39028895114298,30.108035127447096,30.79769249818117,1841822.7
2020-10-10,30.79769249818117,31.13802304752904,30.575385430413426,30.91487015595456,3234553.34
2020-10-11,30.91487015595456,31.121104551985002,30.774639207083233,30.980575561062786,3421881.26
2020-10-12,30.980575561062786,31.045597318265735,30.357184305319386,30.421031696822986,2491646.74
2020-10-13,30.421031696822986,30.951089205558848,29.85487856957968,30.38429599366986,5109326.77
2020-10-14,30.38429599366986,31.021021215060816,29.851424330298627,30.486359587653332,3016654.32
2020-10-15,30.486359587653332,30.59963223232393,30.191807411749302,30.304403996987222,3298249.61
2020-10-16,30.304403996987222,30.60253727629994,30.160750713933393,30.458155159927628,3018343.52
2020-10-17,30.458155159927628,30.777681267930166,30.15167788779749,30.47107400329544,3429352.4
2020-10-18,30.47107400329544,30.986672800784685,30.308276954484807,30.822000863769347,4853980.02
2020-10-19,30.822000863769347,31.600999970782464,30.352126227168885,31.126483562288286,6494897.83
2020-10-20,31.126483562288286,31.301332408801102,31.031712277731675,31.206318050945615,4217205.77
2020-10-21,31.206318050945615,31.577509963763617,30.226789050537462,30.590657827845362,4594047.35
2020-10-22,30.590657827845362,31.68685751137228,30.318699288009544,31.407635834307904,5375598.08
2020-10-23,31.407635834307904,31.73330276313699,31.020867336230737,31.34589406236017,3724679.24
2020-10-24,31.34589406236017,31.648244899528247,31.010230264663967,31.312256647840723,5182697.57
2020-10-25,31.312256647840723,31.46120483450338,31.010728701650574,31.158947617910783,4266796.24
2020-10-26,31.158947617910783,31.344812819861257,30.755603376866205,30.94016351705439,3628284.0
2020-10-27,30.94016351705439,31.75207127905746,30.842190295594136,31.65184449233206,3820373.63
2020-10-28,31.65184449233206,32.436643310628256,31.52285878351904,32.304995918081985,2219781.41
2020-10-29,32.304995918081985,33.157173990066305,31.671749937807803,32.51971898529542,3765169.14
2020-10-30,32.51971898529542,32.748533016113655,32.24367444529075,32.47215379972876,2379347.02
2020-10-31,32.47215379972876,33.0184562872252,32.22775344251948,32.77180065007016,2331345.76
2020-11-01,32.77180065007016,32.95162233973935,32.63127798896892,32.81093188726037,3672904.04
2020-11-02,32.81093188726037,33.32255129402881,32.21299179462383,32.72324388627923,2649161.88
2020-11-03,32.72324388627923,33.50235513847185,32.11346028836349,32.889473915346386,3493781.0
2020-11-04,32.889473915346386,33.4227934975698,32.15122251456149,32.6811642493827,3623250.67
2020-11-05,32.6811642493827,33.23324699642394,32.25542394710075,32.80588198560003,3663889.8
2020-11-06,32.80588198560003,33.45542441935422,32.26005140661496,32.90789650318964,2791928.61
2020-11-07,32.90789650318964,33.51169096313512,32.602638110144596,33.203688758478904,4381685.92
2020-11-08,33.203688758478904,33.7837888239989,32.33251552319923,32.90743983793232,3422783.67
2020-11-09,32.90743983793232,33.79993757065494,32.36863516018584,33.255435049241186,3908024.05
2020-11-10,33.255435049241186,33.32297828765055,32.75364004974636,32.82029950890286,2595172.7
2020-11-11,32.82029950890286,33.17411200084089,32.1987846198227,32.54967975109337,3347390.47
2020-11-12,32.54967975109337,32.769816437143334,32.08348405077858,32.30194528425985,4604741.76
2020-11-13,32.30194528425985,32.416688011860174,31.68897621761254,31.801942840284084,4460707.46
2020-11-14,31.801942840284084,32.838753539188424,31.25394674730701,32.282477106183784,2867497.79
2020-11-15,32.282477106183784,32.35166149942229,31.76257336385963,31.830789748488613,3053759.4
2020-11-16,31.830789748488613,32.31280158447259,31.032772957203285,31.509925971286453,2733523.09
2020-11-17,31.509925971286453,32.73378452496819,30.88642462893934,32.09863414426917,2970290.44
2020-11-18,32.09863414426917,32.44133058311027,31.495009893804834,31.834890511785375,2466983.34
2020-11-19,31.834890511785375,32.11129152204495,31.475108269530686,31.750778995891256,3381160.52
2020-11-20,31.750778995891256,32.16052258231022,30.883062357683087,31.286818537551127,4100248.44
2020-11-21,31.286818537551127,32.19677997055508,30.771069072074887,31.67463748010308,2876285.64
2020-11-22,31.67463748010308,32.276594468370455,31.474310098622205,32.07374293014769,3421610.68
2020-11-23,32.07374293014769,32.63779276436906,31.864858646851353,32.42661038739323,3312285.28
2020-11-24,32.42661038739323,33.1093419793794,32.00736011844391,32.686728589070526,4556444.71
2020-11-25,32.686728589070526,33.34475721278613,32.068366392901424,32.7256585460453,3003760.52
2020-11-26,32.7256585460453,32.96690946851447,32.23931896274798,32.47874969301305,3031201.09
2020-11-27,32.47874969301305,32.763964559647505,31.81485589945941,32.09671590431118,2832777.52
2020-11-28,32.09671590431118,33.36325543453341,31.458633210547834,32.712922552948676,2633689.17
2020-11-29,32.712922552948676,33.25647575689172,32.54373135107753,33.08535831762788,3995062.47
2020-11-30,33.08535831762788,33.197366383998606,32.64365396794788,32.75454208008582,3383752.39
2020-12-01,32.75454208008582,33.190837956020395,32.34132406572606,32.777332427878925,3548288.71
2020-12-02,32.777332427878925,32.85720442137203,32.5575973000228,32.63712764168089,4813494.16
2020-12-03,32.63712764168089,32.808400700162764,31.937018144727432,32.10550133565718,4883114.09
2020-12-04,32.10550133565718,32.61773700602805,31.68171625471498,32.19279960837898,2319158.47
2020-12-05,32.19279960837898,32.639353117580285,31.557044976490495,32.00093711826534,4115340.75
2020-12-06,32.00093711826534,32.35895254621774,31.20773584187177,31.56082747519821,3703116.27
2020-12-07,31.56082747519821,31.84195443600643,30.61233853933158,30.887467570469056,3118540.86
2020-12-08,30.887467570469056,31.269593621264217,29.817476470445698,30.190985959627476,3798794.92
2020-12-09,30.190985959627476,30.60100803580285,29.622600529169357,30.03044227056553,2273151.42
2020-12-10,30.03044227056553,30.52482373682541,29.50254577207783,29.996366255920854,5045130.67
2020-12-11,29.996366255920854,30.484392583900703,29.135472524047756,29.617332151007158,3980864.44
2020-12-12,29.617332151007158,30.322149464514762,29.203684235148142,29.904490969772507,2819229.25
2020-12-13,29.904490969772507,30.44564821549263,29.338418918296597,29.879116991778744,3023485.83
2020-12-14,29.879116991778744,30.65103718070701,29.36864857509882,30.136177033425174,2286395.02
2020-12-15,30.136177033425174,30.26872884275978,29.926646752535536,30.058858481776213,3235791.79
2020-12-16,30.058858481776213,30.636596653644776,29.146241157227106,29.717416740312313,3102102.09
2020-12-17,29.717416740312313,30.307885900363374,29.18097690961864,29.770488060094127,2513020.39
2020-12-18,29.770488060094127,30.002003893996942,29.00060440778899,29.227900708477534,4250083.06
2020-12-19,29.227900708477534,29.5328147530397,29.15882583976829,29.463183835121022,4816089.38
2020-12-20,29.463183835121022,29.84242118111522,28.69042372451149,29.064529767953715,3476141.26
2020-12-21,29.064529767953715,29.753022252662756,28.777037495572518,29.46160233052342,3242521.43
2020-12-22,29.46160233052342,29.918027363984415,28.864883688291926,29.31910106363652,3902077.56
2020-12-23,29.31910106363652,30.123366700830847,28.983608578264658,29.782570825631012,3482858.02
2020-12-24,29.782570825631012,29.883141439778477,29.200901149947125,29.29984167084819,2670373.0
2020-12-25,29.29984167084819,29.487488802291523,28.827667960553033,29.013481132132277,2973065.19
2020-12-26,29.013481132132277,29.701057987680183,28.494562615621373,29.179175948525284,3249996.65
2020-12-27,29.179175948525284,29.766886078267014,29.10102201989935,29.687370992654433,3724041.92
2020-12-28,29.687370992654433,30.889116680690925,29.234340106728787,30.424832098431956,3508179.17
2020-12-29,30.424832098431956,30.667576321649832,30.2041004544254,30.446686127034155,3688999.61
2020-12-30,30.446686127034155,31.598797810792338,30.137727878567013,31.28136959806836,2390627.71
2020-12-31,31.28136959806836,31.642922726400258,30.79227303251513,31.1523347636141,4133263.98
2021-01-01,31.1523347636141,31.86743977605901,30.94979896718936,31.66159305496658,3502990.18
2021-01-02,31.66159305496658,32.09647415329081,30.8019247451996,31.230890013214104,6625595.35
2021-01-03,31.230890013214104,31.8824579878135,30.778605515596865,31.4273286733917,3176736.39
2021-01-04,31.4273286733917,31.5383007907777,30.263209509287318,30.37044971241043,3794784.38
2021-01-05,30.37044971241043,30.63560461399383,29.617782840313424,29.87864393944863,7099808.13
2021-01-06,29.87864393944863,30.550368391687254,29.418548933461423,30.087063969134803,3674017.96
2021-01-07,30.087063969134803,30.53805329473154,29.074723982604393,29.517170909822035,3441320.74
2021-01-08,29.517170909822035,30.056381681400833,29.168783868360382,29.705768647212558,2734729.41
2021-01-09,29.705768647212558,30.588052603756076,29.23053142223457,30.106405925098358,5128583.81
2021-01-10,30.106405925098358,30.224953152169736,29.771664546312284,29.889357120257113,2619510.77
2021-01-11,29.889357120257113,30.01273449290201,29.349545322588746,29.471196611104247,3894413.92
2021-01-12,29.471196611104247,29.878924940223616,28.86541493772925,29.270364797384943,3109226.99
2021-01-13,29.270364797384943,29.694199961293812,28.44426779827489,28.86219262520309,3338190.53
2021-01-14,28.86219262520309,29.34307956839369,28.342404796921933,28.8226326116028,2451695.68
2021-01-15,28.8226326116028,29.02082936501109,28.67106407686981,28.869016910842802,4896618.05
2021-01-16,28.869016910842802,29.195291360617382,28.41819575366434,28.743046499725626,3265175.92
2021-01-17,28.743046499725626,29.86974700648229,28.343662922089415,29.46039588542378,2583100.84
2021-01-18,29.46039588542378,29.637941681273887,28.978967712293922,29.154671029069966,4787151.79
2021-01-19,29.154671029069966,30.09505481608788,28.82508617340309,29.75864224604972,3085546.43
2021-01-20,29.75864224604972,30.160146157884807,28.9157735824543,29.311241154086176,3805375.95
2021-01-21,29.311241154086176,29.517770938083068,29.139474607544635,29.345801862637252,4319402.42
2021-01-22,29.345801862637252,30.12401555641225,29.088728489278953,29.862416565218027,3940357.88
2021-01-23,29.862416565218027,30.544062676857177,29.68640453807266,30.3650878555719,2021023.53
2021-01-24,30.3650878555719,30.919340962470756,29.631098813168617,30.18201020885695,4164524.67
2021-01-25,30.18201020885695,30.622521086757036,29.99299899554581,30.431944688788768,3413060.95
2021-01-26,30.431944688788768,30.751652342228557,30.304890611630366,30.62379727605434,3223622.72
2021-01-27,30.62379727605434,30.704423475007356,30.305815672044336,30.385815313130706,3405848.94
2021-01-28,30.385815313130706,30.75092838203438,30.30045662011769,30.664786014986163,2340243.0
2021-01-29,30.664786014986163,31.6885984908252,30.497707326780056,31.5168771396223,3672254.2
2021-01-30,31.5168771396223,32.15001112001396,31.108804392672646,31.73906158371651,2488462.69
2021-01-31,31.73906158371651,32.08136689849062,31.665500032376116,32.00718392061563,3258617.55
2021-02-01,32.00718392061563,32.55916974157723,31.77796797309362,32.32765874861978,3639437.28
2021-02-02,32.32765874861978,32.426161255554035,31.549931380398046,31.646357961077605,4578045.87
2021-02-03,31.646357961077605,32.15934369237702,31.353127306253164,31.864095512350527,2851541.37
2021-02-04,31.864095512350527,31.955685072025233,31.306057462316932,31.39630240624409,5031206.48
2021-02-05,31.39630240624409,31.802437187234432,30.726837408314573,31.12952117344473,4434772.34
2021-02-06,31.12952117344473,32.597727623414364,30.681516411601667,32.13524879494374,3143731.7
2021-02-07,32.13524879494374,32.6225501465296,31.53422003235759,32.01977025865508,2652693.8
2021-02-08,32.01977025865508,32.213111432678964,31.486564574383312,31.677841118308564,2439538.6
2021-02-09,31.677841118308564,32.789247593129346,31.11926565351866,32.22109296690932,3746048.05
2021-02-10,32.22109296690932,32.685888258686624,31.32178330334364,31.78021890431937,2910840.67
2021-02-11,31.78021890431937,31.876185756793873,31.480686815555128,31.576037099427417,4723746.19
2021-02-12,31.576037099427417,32.48248513015409,31.262367038197887,32.16298445088059,2953178.39
2021-02-13,32.16298445088059,32.69593007897049,31.654178359127602,32.18674805608742,2794337.99
2021-02-14,32.18674805608742,32.43124151304681,31.222998249961755,31.461986351289404,3710510.83
2021-02-15,31.461986351289404,31.998640707986684,31.182979633722894,31.717369240167187,2948366.4
2021-02-16,31.717369240167187,32.140252765824485,31.116652785902325,31.537133248716106,3507489.25
2021-02-17,31.537133248716106,32.35729498749773,31.442564239857195,32.260556680738084,4478375.2
2021-02-18,32.260556680738084,32.88656732235572,31.358248306928026,31.978791339799404,3604093.57
2021-02-19,31.978791339799404,32.64588501058426,31.814399304160982,32.47892197430301,3607460.58
2021-02-20,32.47892197430301,33.421671269252485,32.398371130037035,33.33898738021904,3684186.15
2021-02-21,33.33898738021904,33.408859685938744,32.8604549979766,32.92946902953608,2292145.37
2021-02-22,32.92946902953608,33.232156009104,32.5381602573697,32.8400250699619,3860213.16
2021-02-23,32.8400250699619,33.623103032335116,32.2516447713946,33.031295819791595,3642775.4
2021-02-24,33.031295819791595,33.584758878760084,32.0758824047676,32.62249572486175,4375353.43
2021-02-25,32.62249572486175,33.35889922856905,32.02169295063501,32.75564428077317,4072331.43
2021-02-26,32.75564428077317,33.13587447729018,32.27247463873071,32.65149587200482,3327681.48
2021-02-27,32.65149587200482,32.98053910820198,32.210169290792386,32.53806948021549,4530630.85
2021-02-28,32.53806948021549,32.85636585197958,32.247000258750255,32.56505522955917,3253089.94
2021-03-01,32.56505522955917,32.69517547536452,32.47271618946777,32.60272960861572,3723083.58
2021-03-02,32.60272960861572,33.28524743188991,32.00377238873159,32.68478278176716,3238063.97
2021-03-03,32.68478278176716,33.04206568769168,32.04860693956553,32.402807526130445,3928282.94
2021-03-04,32.402807526130445,32.733031464018616,31.81623924944237,32.14382382911417,3185599.58
2021-03-05,32.14382382911417,32.50618162978364,31.729824265219612,32.09159327002523,5283828.19
2021-03-06,32.09159327002523,32.61451876476501,31.55149336870856,32.074134374564615,5795626.91
2021-03-07,32.074134374564615,32.267877527263906,31.67954446458764,31.872067033646864,4354664.34
2021-03-08,31.872067033646864,32.50062959022434,31.401054863072734,32.0273230138264,5145317.77
2021-03-09,32.0273230138264,32.501130597272194,30.728786176519254,31.190209625600332,2382044.97
2021-03-10,31.190209625600332,31.729549173451137,30.327873644962384,30.86152967552396,2453261.91
2021-03-11,30.86152967552396,30.928076539245303,30.672330944236236,30.738612761629547,3229646.95
2021-03-12,30.738612761629547,30.894368994309428,30.204903413608186,30.35873475894736,3536263.67
2021-03-13,30.35873475894736,31.421667186265275,30.040610333504716,31.09581897084017,3330795.33
2021-03-14,31.09581897084017,31.646362397434547,30.55755883441246,31.107893258386014,2321536.28
2021-03-15,31.107893258386014,31.796331982496067,30.50526793022819,31.192075860261035,4667674.09
2021-03-16,31.192075860261035,31.588453377188987,30.581786842032123,30.97541106176958,5997318.94
2021-03-17,30.97541106176958,31.155638751493235,30.791504399456198,30.971710558126688,4821137.46
2021-03-18,30.971710558126688,31.136558247148674,30.266414633570502,30.428370381175334,4591210.83
2021-03-19,30.428370381175334,30.83945739639584,29.94601595229127,30.35612695952303,3703553.89
2021-03-20,30.35612695952303,30.53162315601353,29.77233064723531,29.945452634985386,2834919.74
2021-03-21,29.945452634985386,30.303467698863876,29.47068542434475,29.82728775935206,3564040.89
2021-03-22,29.82728775935206,30.335145496310037,28.242965388368347,28.732177098014944,5924877.3
2021-03-23,28.732177098014944,28.99124806137715,28.009392769951297,28.264244500345065,3205172.59
2021-03-24,28.264244500345065,29.134946148067858,28.015165862210328,28.880437311148178,3123717.06
2021-03-25,28.880437311148178,29.314827851189214,28.803888959314126,29.237333536607427,4616278.6
2021-03-26,29.237333536607427,30.007336419139325,29.045141269347887,29.81137070568375,4693527.73
2021-03-27,29.81137070568375,30.870538778559578,29.377095164599833,30.427290853809296,2831445.95
2021-03-28,30.427290853809296,30.99314831670808,30.16905314583921,30.732321798176063,3278519.06
2021-03-29,30.732321798176063,30.88135452056864,30.38437048652496,30.532433876324884,3087268.11
2021-03-30,30.532433876324884,30.65162697814868,29.957749270656397,30.07515724719216,3561512.5
2021-03-31,30.07515724719216,30.701818980548136,29.963549517392106,30.58830697223049,4612106.23
2021-04-01,30.58830697223049,31.045226531845326,30.164218394104363,30.62068899632617,2862673.81
2021-04-02,30.62068899632617,32.1779941909989,30.2217875663906,31.764196080873603,4595966.96
2021-04-03,31.764196080873603,32.12419172512729,31.24010256959585,31.598217111432067,3590084.65
2021-04-04,31.598217111432067,32.88684521402579,31.25045104996977,32.52883686686977,6260818.97
2021-04-05,32.52883686686977,32.68355908719252,32.30341762864572,32.45780197410458,3790396.72
2021-04-06,32.45780197410458,33.4678165723514,32.100413139852435,33.10332001892252,3416215.39
2021-04-07,33.10332001892252,34.04509618092048,33.00139886968422,33.94059715586853,4040795.79
2021-04-08,33.94059715586853,34.57411375158244,32.81512586944767,33.439285251750476,3217087.38
2021-04-09,33.439285251750476,33.54109102100756,33.105054881525355,33.206150874108765,2234337.33
2021-04-10,33.206150874108765,33.525711711781966,32.39608391766124,32.71087847990042,3295746.43
2021-04-11,32.71087847990042,32.7766364724792,32.06551873147295,32.130109215787364,3282776.53
2021-04-12,32.130109215787364,32.97347567210287,31.611185207109184,32.44939497243308,2350630.53
2021-04-13,32.44939497243308,32.611351959825804,32.19812621354427,32.35963520424376,3436674.1
2021-04-14,32.35963520424376,32.99208918828135,31.756176925072385,32.38810008216648,2087538.07
2021-04-15,32.38810008216648,32.7480275662696,32.29768547941841,32.65686268598145,3208621.03
2021-04-16,32.65686268598145,33.20465451838015,31.25029238580156,31.783433161100678,3719770.48
2021-04-17,31.783433161100678,32.839777276032635,31.344202622154317,32.39213479662429,3585909.05
2021-04-18,32.39213479662429,32.60252958147185,32.02108888922574,32.230433384115315,3158179.01
2021-04-19,32.230433384115315,32.66987551377258,32.048539226190066,32.486536027017344,3425955.35
2021-04-20,32.486536027017344,33.063745996049896,32.21240804772631,32.78708194931557,2876996.47
2021-04-21,32.78708194931557,34.02196822533584,32.232611347497986,33.456182298960925,3509477.26
2021-04-22,33.456182298960925,34.04217462102694,32.82338346468867,33.408541345067704,3551196.43
2021-04-23,33.408541345067704,33.580766947040274,32.22141045146123,32.38837696647158,2794632.11
2021-04-24,32.38837696647158,32.690220139361614,32.11754326228622,32.41912928232101,3742252.75
2021-04-25,32.41912928232101,32.72231342628814,32.215704273949406,32.51826634820327,3736413.27
2021-04-26,32.51826634820327,32.65508927103311,31.897872450864025,32.03265211721334,3357546.47
2021-04-27,32.03265211721334,32.54335173520693,31.595852022821116,32.10555749657494,6411060.66
2021-04-28,32.10555749657494,32.36964748798007,31.67697865108716,31.939704388157786,3379025.56
2021-04-29,31.939704388157786,32.13316039268544,31.131093506596947,31.32080086645836,3264003.17
2021-04-30,31.32080086645836,32.19047170504816,30.769931876061715,31.63409255302398,3149251.14
2021-05-01,31.63409255302398,32.12346319446526,30.891920839908856,31.377319269848194,2745678.34
2021-05-02,31.377319269848194,31.877087819210384,30.697626715244198,31.194483104898218,4154687.89
2021-05-03,31.194483104898218,31.278880591283386,30.903342466063886,30.98717908602753,2948218.9
2021-05-04,30.98717908602753,32.13983228610029,30.41477312774228,31.556902204065892,3036713.76
2021-05-05,31.556902204065892,31.946481338633838,31.152120829784497,31.54150994240613,3059350.32
2021-05-06,31.54150994240613,31.931186174052588,31.192394301407877,31.581626504869117,2736082.33
2021-05-07,31.581626504869117,31.650807201882987,31.313097093236742,31.381840151004514,2259157.9
2021-05-08,31.381840151004514,32.17275308258469,30.812011214748576,31.598981314499383,3117489.41
2021-05-09,31.598981314499383,32.613723344491866,31.226428425218,32.23368725411315,4354007.98
2021-05-10,32.23368725411315,33.09331070428207,31.69046058405372,32.54484024679121,3676671.72
2021-05-11,32.54484024679121,33.33147371456717,32.095747575347154,32.87778665001691,5170176.29
2021-05-12,32.87778665001691,33.717003999439115,32.34054766900892,33.174909880723774,4222815.33
2021-05-13,33.174909880723774,33.65504277009938,32.04363169036608,32.5142023100603,3989852.13
2021-05-14,32.5142023100603,33.118230034214996,31.506579868710766,32.1029679480916,5603689.52
2021-05-15,32.1029679480916,32.29747069291127,31.816303711245883,32.010244672129794,3416021.5
2021-05-16,32.010244672129794,32.190712089887796,31.49648194128924,31.675059652310615,3555628.66
2021-05-17,31.675059652310615,32.14466610824376,30.725807180352497,31.188195511162753,3489982.99
2021-05-18,31.188195511162753,31.53204868542488,30.0128840484279,30.34746811367045,5148521.84
2021-05-19,30.34746811367045,30.735457491108154,29.377321049357896,29.757771210226124,3502201.59
2021-05-20,29.757771210226124,30.19681035708316,29.21197730816119,29.649417834840925,2976337.82
2021-05-21,29.649417834840925,30.00087336276429,29.271438482822052,29.622575833511707,4053910.02
2021-05-22,29.622575833511707,30.10182414514567,28.809778853201614,29.283542113885552,2853932.92
2021-05-23,29.283542113885552,29.54764275690765,29.056898848024545,29.320711811990034,3999346.0
2021-05-24,29.320711811990034,29.832705038042736,28.62932784274136,29.138132907367897,3881505.92
2021-05-25,29.138132907367897,29.727521035295045,29.023381859667676,29.610908116392075,3338135.11
2021-05-26,29.610908116392075,30.008051735754908,29.147903810174697,29.544152092972677,4031811.83
2021-05-27,29.544152092972677,30.38851826282209,29.011696005451856,29.850540328519266,2412866.56
2021-05-28,29.850540328519266,30.139003867357037,29.65506423525945,29.942922807956997,3645536.34
2021-05-29,29.942922807956997,30.1789635915327,29.10593039723155,29.337196223514624,3117625.4
2021-05-30,29.337196223514624,29.557165112990667,29.08181631650879,29.301517690053046,7158703.31
2021-05-31,29.301517690053046,29.65772882181691,28.42902707763078,28.778884692366198,3639037.54
2021-06-01,28.778884692366198,29.050318288462723,28.465495539166223,28.736529655572248,3015196.36
2021-06-02,28.736529655572248,28.8498454683907,28.315498416674828,28.427596021649308,2479823.86
2021-06-03,28.427596021649308,29.10623666229611,27.914672074177695,28.590375654242443,4850658.74
2021-06-04,28.590375654242443,28.752888476426158,27.877172396098477,28.03653710062642,3206739.82
2021-06-05,28.03653710062642,28.37142074367113,27.710936453655073,28.045713526822926,2871759.63
2021-06-06,28.045713526822926,28.644552115274937,27.689351000884734,28.285147227857376,3806985.89
2021-06-07,28.285147227857376,28.745465157874673,28.20782883924887,28.66710268135858,4117279.69
2021-06-08,28.66710268135858,28.77382519896659,28.245458569584926,28.351004309251408,4101083.48
2021-06-09,28.351004309251408,28.914329445186343,27.798431475615324,28.361551051175496,3517324.36
2021-06-10,28.361551051175496,28.838452951479603,27.965589137206052,28.441376575632162,3642100.23
2021-06-11,28.441376575632162,29.172662557155544,28.367310305357204,29.096889218432576,3709036.86
2021-06-12,29.096889218432576,29.571040078202145,28.011161331256417,28.475181092815657,3807078.26
2021-06-13,28.475181092815657,28.792786729578552,27.787192392641494,28.100620263854772,3892237.82
2021-06-14,28.100620263854772,29.38114814612477,28.006382240185392,29.28294508703533,4601471.56
2021-06-15,29.28294508703533,29.70033065069972,28.75347055882813,29.169235356554882,3549712.75
2021-06-16,29.169235356554882,29.489756613587755,28.063310350282052,28.375105443780697,2853545.2
2021-06-17,28.375105443780697,28.536518832021,27.976962278599103,28.13702131182205,3375994.82
2021-06-18,28.13702131182205,28.637822050079254,26.540152827880522,27.02109153273278,4225798.23
2021-06-19,27.02109153273278,27.316178126576872,26.825328116872647,27.11970030618202,2239227.59
2021-06-20,27.11970030618202,27.642019782515234,26.92655327344433,27.446544955829495,2242463.23
2021-06-21,27.446544955829495,27.636198508498794,26.89813518887012,27.085292514454096,4403201.98
2021-06-22,27.085292514454096,27.513624855341572,26.4766496306905,26.90208468560035,5118153.21
2021-06-23,26.90208468560035,27.672952955623042,26.50635135939326,27.271781341307047,2550942.66
2021-06-24,27.271781341307047,27.769671953752525,26.098766088409544,26.58410199880907,3589014.98
2021-06-25,26.58410199880907,26.747012192510294,25.917266665326036,26.077069711448967,3167291.13
2021-06-26,26.077069711448967,26.4983333696504,25.57303451984675,25.992939084559442,3279055.56
2021-06-27,25.992939084559442,26.313037460469236,25.394162143110602,25.71078585265051,3777814.7
2021-06-28,25.71078585265051,25.90506254049128,25.409689222350128,25.603152608321025,2533357.28
2021-06-29,25.603152608321025,25.67069818966503,25.06980798051761,25.13612145222939,2653709.82
2021-06-30,25.13612145222939,25.64019182990892,24.715316237955793,25.218015620781923,3246086.69
2021-07-01,25.218015620781923,25.377879801049332,25.006200686021547,25.16573343462685,3375080.14
2021-07-02,25.16573343462685,25.7112000574927,24.8292329844834,25.371942311203995,2641307.85
2021-07-03,25.371942311203995,25.751744023956853,25.070533205598363,25.449414577051684,4263860.14
2021-07-04,25.449414577051684,25.582580605652616,25.396477461131003,25.529476952649325,3153057.84
2021-07-05,25.529476952649325,26.03746721665872,24.49942901525126,24.996820380057223,3149704.27
2021-07-06,24.996820380057223,25.600208023422795,24.580425135828527,25.180748910895858,3756274.59
2021-07-07,25.180748910895858,25.45160520524645,24.79216471431086,25.061740901041894,3389003.41
2021-07-08,25.061740901041894,25.418774087458917,24.647216147475753,25.003418464017752,4315150.37
2021-07-09,25.003418464017752,25.66198450128028,24.738914894659388,25.39335590220348,2771551.67
2021-07-10,25.39335590220348,25.784478409364443,24.74276155048271,25.129825009126755,2468020.27
2021-07-11,25.129825009126755,25.74854534498494,25.018803607805634,25.635290839185274,3239166.61
2021-07-12,25.635290839185274,26.44946898074246,25.378058181081588,26.186703274956393,3553105.51
2021-07-13,26.186703274956393,26.693064847474183,25.97617084351946,26.480173016399558,2566579.25
2021-07-14,26.480173016399558,26.752224869193466,25.837043601898962,26.1052435059949,2473971.06
2021-07-15,26.1052435059949,26.369128562329696,25.029271519170052,25.28486376048823,3663201.22
2021-07-16,25.28486376048823,25.808250966501213,25.169168034515145,25.690698267189354,2895963.37
2021-07-17,25.690698267189354,26.23936727166382,25.187756752488973,25.735547747906203,2434241.09
2021-07-18,25.735547747906203,25.794195421449956,25.400834342378666,25.458851464225013,4455317.34
2021-07-19,25.458851464225013,25.95991911043002,25.40331774039012,25.90341565294795,2988627.64
2021-07-20,25.90341565294795,26.129343786781167,25.358133380883906,25.58125161813247,4665597.32
2021-07-21,25.58125161813247,25.918074184199163,25.0907917517156,25.425564419579377,3525000.81
2021-07-22,25.425564419579377,25.758888611232344,25.29249316629199,25.624774739323843,3767654.59
2021-07-23,25.624774739323843,25.92195786116573,24.92036503105834,25.21276993039577,3319745.2
2021-07-24,25.21276993039577,25.591210970383806,24.79728492437965,25.17516146523865,1802135.6
2021-07-25,25.17516146523865,25.677578370539393,25.08218730394629,25.583097663758913,2634165.27
2021-07-26,25.583097663758913,26.17135178339796,25.078609125511438,25.66524336451513,3391714.7
2021-07-27,25.66524336451513,26.352413787042906,25.45836580461216,26.14169572965042,3834140.36
2021-07-28,26.14169572965042,26.943163816340153,25.78712342916437,26.582611169232777,2237467.09
2021-07-29,26.582611169232777,26.694765197744676,26.476467933994357,26.588598057117693,3453411.36
2021-07-30,26.588598057117693,26.98133172473266,25.316753087356048,25.696306941516486,2643746.25
2021-07-31,25.696306941516486,26.136438792170658,24.852948809647337,25.286053755841706,3711432.83
2021-08-01,25.286053755841706,25.672995512192347,25.18756122449408,25.573383792263826,3483065.41
2021-08-02,25.573383792263826,25.682468001384546,24.8950491074994,25.00169475601002,4214952.7
2021-08-03,25.00169475601002,25.1781780555186,24.709395218983037,24.885055176794413,4569796.62
2021-08-04,24.885055176794413,25.06700234799089,24.829938644805313,25.011605526633105,3925565.6
2021-08-05,25.011605526633105,26.063764053354177,24.51765324752604,25.559001297161267,4339943.66
2021-08-06,25.559001297161267,25.885413088018066,25.023634552769693,25.347343277396423,3206491.5
2021-08-07,25.347343277396423,25.675251974430324,24.787359230941085,25.11222631145891,7088986.07
2021-08-08,25.11222631145891,25.595920914593382,24.612359584404015,25.095736573433257,2580693.59
2021-08-09,25.095736573433257,25.656237654497982,24.669698134506163,25.227954612516335,3067380.76
2021-08-10,25.227954612516335,25.64816082844994,24.754497733655842,25.173801962871153,4384618.47
2021-08-11,25.173801962871153,25.774145967627273,24.96961618128049,25.566772782951496,4224679.06
2021-08-12,25.566772782951496,25.772011101810094,25.069031204992783,25.271902440059847,3953535.43
2021-08-13,25.271902440059847,25.502874365934634,25.088648716527675,25.319277115212792,4143714.6
2021-08-14,25.319277115212792,25.697907368768913,25.110633011774844,25.487873939205095,2078972.29
2021-08-15,25.487873939205095,25.708373556204993,25.122403855859165,25.341638365851985,5207436.2
2021-08-16,25.341638365851985,25.774281922408225,25.227092477711714,25.658304681494087,3326066.02
2021-08-17,25.658304681494087,25.933462035169924,25.442593735316233,25.717255485951828,4779024.82
2021-08-18,25.717255485951828,26.280482501680613,25.45901703740628,26.01921197318262,2105138.63
2021-08-19,26.01921197318262,26.29375580478554,25.82229201759285,26.09625278491082,3731853.75
2021-08-20,26.09625278491082,26.37413920874578,25.966391426332358,26.24354488851037,3040090.85
2021-08-21,26.24354488851037,26.472425004123203,25.777549489850617,26.004343436993814,4038175.6
2021-08-22,26.004343436993814,26.281454560000125,25.493342173168184,25.76793403725105,3788728.91
2021-08-23,25.76793403725105,26.630291575118147,25.382107901701115,26.237435541449948,3835404.55
2021-08-24,26.237435541449948,26.877963839938527,25.849061681782985,26.485911962782517,2685931.37
2021-08-25,26.485911962782517,26.635517916182277,25.94730577085119,26.09470197047844,3450505.31
2021-08-26,26.09470197047844,26.236486640302022,26.02529535751203,26.166888027070687,3345851.45
2021-08-27,26.166888027070687,26.362312588381286,25.08626296839704,25.275026760702566,3961372.19
2021-08-28,25.275026760702566,25.397066051810956,24.945086378116155,25.06611695795892,4482079.97
2021-08-29,25.06611695795892,25.65648351247519,24.8374088784516,25.424505427536552,3634174.36
2021-08-30,25.424505427536552,25.923543471384605,24.882574286814904,25.38075355891642,2543954.85
2021-08-31,25.38075355891642,25.561224861680856,25.24726895065122,25.42749442986929,3595408.7
2021-09-01,25.42749442986929,25.62429639629295,24.14229540185505,24.330607760540794,6722983.48
2021-09-02,24.330607760540794,24.69683347227651,23.829673970923707,24.19384106242886,5281786.01
2021-09-03,24.19384106242886,24.58830619712254,23.923709808538845,24.31680204815693,1663898.06
2021-09-04,24.31680204815693,24.554260480653337,24.248940988571512,24.48592744171853,3555866.44
2021-09-05,24.48592744171853,24.958461595015613,24.365691245885625,24.836503921311184,4418467.21
2021-09-06,24.836503921311184,25.30428685537533,24.296459830768026,24.762855636807917,3344045.21
2021-09-07,24.762855636807917,24.858365224876973,24.610281369346584,24.70557000847321,3119710.59
2021-09-08,24.70557000847321,25.0374070761833,23.90516333654255,24.230621046447233,3274030.89
2021-09-09,24.230621046447233,24.62465605430413,23.767900898791076,24.160800494489678,4018104.76
2021-09-10,24.160800494489678,24.324560059761602,23.56005819964915,23.720835726342372,2626482.44
2021-09-11,23.720835726342372,24.077867609417325,22.742095110338944,23.089626406902788,4711164.57
2021-09-12,23.089626406902788,23.20641635153513,22.612888420489885,22.727848451261167,3451347.45
2021-09-13,22.727848451261167,23.404167049251768,22.56590105468685,23.238580429440344,2770442.07
2021-09-14,23.238580429440344,23.41549101449796,22.972972042016774,23.149202208864615,4635993.43
2021-09-15,23.149202208864615,23.689556720824775,22.687703652924817,23.226516833681252,2378524.27
2021-09-16,23.226516833681252,23.3626776738332,22.919798205312055,23.054953288266297,3046399.63
2021-09-17,23.054953288266297,23.154682891952035,22.363165774029117,22.460323165760418,3033885.68
2021-09-18,22.460323165760418,23.19814015714139,22.04115860035192,22.77313770728292,5981961.07
2021-09-19,22.77313770728292,22.885062042506807,21.95359985696294,22.06202927022602,2949122.82
2021-09-20,22.06202927022602,22.45532991659102,21.495657876861326,21.885817183563837,2042187.76
2021-09-21,21.885817183563837,22.185832765024195,21.57094170532784,21.87075075285197,3026204.49
2021-09-22,21.87075075285197,22.218992199840315,21.599914158568357,21.94720878695879,3922191.51
2021-09-23,21.94720878695879,22.287919380829376,21.38006292105877,21.717202880978547,4257934.17
2021-09-24,21.717202880978547,22.04443728632824,20.823807132751167,21.142380119521412,6183583.09
2021-09-25,21.142380119521412,21.22672704053765,20.814568990736664,20.89794072778822,4975308.41
2021-09-26,20.89794072778822,21.315698712868613,20.258932437842034,20.672177324444725,3668356.04
2021-09-27,20.672177324444725,21.063998085107592,20.054111273853575,20.44156092785876,2800811.23
2021-09-28,20.44156092785876,21.112706742811017,20.070778499750176,20.736573188979392,5252844.96
2021-09-29,20.736573188979392,21.01032093043001,20.104330178535076,20.37328203925752,3191918.29
2021-09-30,20.37328203925752,20.6991548406212,20.14081792084259,20.465636930367438,2968995.44
2021-10-01,20.465636930367438,20.7545320525411,20.227150566264136,20.515465040744573,3153441.88
2021-10-02,20.515465040744573,20.855826849193775,20.468918220234745,20.80861491120425,2559190.27
2021-10-03,20.80861491120425,21.037310974492385,20.54209929705833,20.77037508743575,3115868.56
2021-10-04,20.77037508743575,21.292934801802936,20.49562763526924,21.01495212078342,3301859.8
2021-10-05,21.01495212078342,21.306150254928216,20.673823252345823,20.964319788861545,4201439.14
2021-10-06,20.964319788861545,21.2689224315765,20.79705574600675,21.100571304590414,3176375.87
2021-10-07,21.100571304590414,21.321770330264947,20.426775631157067,20.643179783874192,2549502.29
2021-10-08,20.643179783874192,20.920904679972928,19.59521881263604,19.862439954454878,2343908.72
2021-10-09,19.862439954454878,20.16882775581862,19.669585609905916,19.974881658634565,3688262.22
2021-10-10,19.974881658634565,20.492130068335527,19.588998234009846,20.103756974481303,3564128.03
2021-10-11,20.103756974481303,20.544194249106642,19.808272799283802,20.246610419970423,3047083.16
2021-10-12,20.246610419970423,20.287567843604446,20.05304183621218,20.093689912757167,3113971.29
2021-10-13,20.093689912757167,20.589204743238625,20.04508266065144,20.53951901685798,3856980.8
2021-10-14,20.53951901685798,20.835809869708328,20.109497127615853,20.403830620577548,4955011.71
2021-10-15,20.403830620577548,20.72594375180101,20.21147122715525,20.532372515300906,2879817.21
2021-10-16,20.532372515300906,21.068841041630087,20.181053825860314,20.714407644286176,3578660.89
2021-10-17,20.714407644286176,21.353851816996755,20.608468418022454,21.245197981721677,4447448.54
2021-10-18,21.245197981721677,21.29297597716243,21.101516532827556,21.1490783663597,2882720.3
2021-10-19,21.1490783663597,21.339113035725223,20.76167842216074,20.949923589806176,3486348.59
2021-10-20,20.949923589806176,21.269392198349713,20.184672681964482,20.49723822167122,3466911.25
2021-10-21,20.49723822167122,21.380019255316054,20.097724518150276,20.97126622495907,2521714.83
2021-10-22,20.97126622495907,21.48142267146629,20.595759558926552,21.103547408999724,3650585.87
2021-10-23,21.103547408999724,21.474137351829427,20.87745786677657,21.24651613658723,3527710.72
2021-10-24,21.24651613658723,22.611907840111748,20.89317146489054,22.242007440145475,4021013.68
2021-10-25,22.242007440145475,22.423711514801976,22.1693661950563,22.350715235679125,2601378.12
2021-10-26,22.350715235679125,22.625649199156705,21.66084527284067,21.930611582340926,3508734.97
2021-10-27,21.930611582340926,22.33934053618151,21.462577941375475,21.870180620942342,4944107.6
2021-10-28,21.870180620942342,22.069963248063694,21.365397587685923,21.562368370630338,5883418.24
2021-10-29,21.562368370630338,21.978129889465663,21.026624020755566,21.440026568034995,4820102.95
2021-10-30,21.440026568034995,21.56807351923781,21.18897115868083,21.31627904864571,2607769.07
2021-10-31,21.31627904864571,21.39944256244074,21.053576364113013,21.136036678781284,3917783.81
2021-11-01,21.136036678781284,21.37795387983403,20.474081485949633,20.711135384894085,3101780.57
2021-11-02,20.711135384894085,21.59123058335252,20.33149108384805,21.202577922540506,3757440.91
2021-11-03,21.202577922540506,21.45995632184153,21.041374172655573,21.29802687112481,2885530.58
2021-11-04,21.29802687112481,21.64737597257486,20.881901414632075,21.230136925053195,2280499.75
2021-11-05,21.230136925053195,21.577912286639595,21.123019191007394,21.469586398116807,3211164.55
2021-11-06,21.469586398116807,21.954137362814173,21.138519640729807,21.620739779902735,4192988.15
2021-11-07,21.620739779902735,21.97180496122613,21.36071827844054,21.71070153605791,3761293.47
2021-11-08,21.71070153605791,22.045167322761518,21.598884789288242,21.93220974105272,3870949.92
2021-11-09,21.93220974105272,22.305790578825533,21.60485899856387,21.977759973136884,3694519.66
2021-11-10,21.977759973136884,22.526760416110847,21.65144276345433,22.197185265257488,3872478.87
2021-11-11,22.197185265257488,22.69919590437797,21.9468490918033,22.44605304142521,3995388.85
2021-11-12,22.44605304142521,22.63848857690729,22.310065481376615,22.5021610908713,3267720.38
2021-11-13,22.5021610908713,22.60074958559648,22.333820520964842,22.432102066784147,3573285.96
2021-11-14,22.432102066784147,23.38470491791696,22.00071948953268,22.943488085364372,5411777.31
2021-11-15,22.943488085364372,23.26021435037517,22.47134799173619,22.785898795589098,3626509.9
2021-11-16,22.785898795589098,23.299206739382203,22.4084196961718,22.91951412214025,3537441.91
2021-11-17,22.91951412214025,23.396989501199428,22.586139027996882,23.061548451053646,3591191.69
2021-11-18,23.061548451053646,23.451992596092442,22.471983506328563,22.858998371992897,3314430.58
2021-11-19,22.858998371992897,22.97157516165076,22.481219708202463,22.592483958413496,3139061.84
2021-11-20,22.592483958413496,22.839761045902087,22.232109372980183,22.478134898106628,3687440.55
2021-11-21,22.478134898106628,22.793014138436785,22.006407957552046,22.319058821083377,3084329.12
2021-11-22,22.319058821083377,22.405233113356356,21.765237501992218,21.84959920213315,3374962.58
2021-11-23,21.84959920213315,21.952275386864624,21.542674551543108,21.644386395103425,2872360.86
2021-11-24,21.644386395103425,22.022886064538028,21.35409866603394,21.73143092155118,3595797.92
2021-11-25,21.73143092155118,22.53135534451836,21.348160096534816,22.14086347849214,4050384.05
2021-11-26,22.14086347849214,22.634012188130473,21.833382431310355,22.323988000753445,3319400.7
2021-11-27,22.323988000753445,22.383184221535885,21.434889146392013,21.491878874519557,2118415.41
2021-11-28,21.491878874519557,22.11965325002187,21.073479435991384,21.69725558039776,4056643.28
2021-11-29,21.69725558039776,21.795134595474014,21.425804908966136,21.522897372508464,3606756.63
2021-11-30,21.522897372508464,21.80275832865948,21.38975414222496,21.668713064974757,2730419.08
2021-12-01,21.668713064974757,22.09232364413268,21.24307614603742,21.66664632157912,4246438.06
2021-12-02,21.66664632157912,22.010682200555884,21.264857103402175,21.6079611442783,2467379.53
2021-12-03,21.6079611442783,22.015452291895464,21.17109437417533,21.578020897228953,4545396.09
2021-12-04,21.578020897228953,21.934471557598915,21.2169684792619,21.573341845656156,3450162.44
2021-12-05,21.573341845656156,22.307242137992432,21.277113530771665,22.005085456368175,1984856.66
2021-12-06,22.005085456368175,22.161804662304146,21.84451349268202,22.00120506263238,3659568.94
2021-12-07,22.00120506263238,22.532786699346907,21.827750511167114,22.356530807341557,3162032.06
2021-12-08,22.356530807341557,23.101027267515057,21.930619237033316,22.66915983924963,3045151.48
2021-12-09,22.66915983924963,23.294874704158378,22.2726476457922,22.89442238470442,2910519.33
2021-12-10,22.89442238470442,23.088357100532125,22.116274393699882,22.30521806100225,3390437.68
2021-12-11,22.30521806100225,22.873491707375468,22.1107430242685,22.67578575997885,3100197.44
2021-12-12,22.67578575997885,22.842645507383992,22.360875030622637,22.52663726900235,2200292.72
2021-12-13,22.52663726900235,22.945903119515282,22.34934491680712,22.76672122434659,4810398.55
2021-12-14,22.76672122434659,23.164957039688794,22.054386868836062,22.447030652086926,3292586.92
2021-12-15,22.447030652086926,22.49616997256583,22.014697695214885,22.062996317137596,2914735.9
2021-12-16,22.062996317137596,22.937659276140153,21.845699031778203,22.71395077471155,2639678.28
2021-12-17,22.71395077471155,23.14485972909847,21.975150544117394,22.40010550402883,4243744.37
2021-12-18,22.40010550402883,23.050175785907868,22.136513284105273,22.78208859735459,2529837.26
2021-12-19,22.78208859735459,23.054921317540302,22.551806693971333,22.824213613473738,3619224.56
2021-12-20,22.824213613473738,22.998194753380208,22.513714830700927,22.68664735023889,3024817.38
2021-12-21,22.68664735023889,22.76220358077067,22.598766337086833,22.674281383665484,3069172.72
2021-12-22,22.674281383665484,22.811251198686048,22.114098293033706,22.248496042442174,2656137.73
2021-12-23,22.248496042442174,22.329219178885808,22.16578229445289,22.24649818215719,2997213.76
2021-12-24,22.24649818215719,22.341726313912705,21.804974093281967,21.89871350150353,3507719.34
2021-12-25,21.89871350150353,22.006965363652927,21.66696049869753,21.77459882504053,3712075.02
2021-12-26,21.77459882504053,22.23852098776055,21.61267137248463,22.074364320173817,2875897.64
2021-12-27,22.074364320173817,22.20794268536353,22.025838239792705,22.159230044639962,3421330.01
2021-12-28,22.159230044639962,22.58252872958388,21.271241521867353,21.685490555613697,4370496.32
2021-12-29,21.685490555613697,22.05312480909843,21.593788174735145,21.96026049657185,2309672.71
2021-12-30,21.96026049657185,22.155805111718077,21.76488709275099,21.960430198116924,3494518.94
2021-12-31,21.960430198116924,22.352017522997016,21.40052378952758,21.789055242560334,2759548.23
2022-01-01,21.789055242560334,22.117592429510452,21.70368085506288,22.03126899440735,2690136.47
2022-01-02,22.03126899440735,22.26711100882638,21.744511816404916,21.979802892558087,3736001.22
2022-01-03,21.979802892558087,22.35798968363807,21.23808710524358,21.60990947137014,3053993.57
2022-01-04,21.60990947137014,22.47264109928785,21.35004323850974,22.205611356327747,2581994.56
2022-01-05,22.205611356327747,22.334097125402913,22.07400009174497,22.202467670875414,4873604.3
2022-01-06,22.202467670875414,22.54081488488772,21.840498328146175,22.17847998977067,4405198.62
2022-01-07,22.17847998977067,22.4948369140725,21.735137947417417,22.04965732733902,2159089.23
2022-01-08,22.04965732733902,22.627942302643735,21.861808660377616,22.43679547175719,2420940.1
2022-01-09,22.43679547175719,22.500365933991905,22.20425998219898,22.267350353392555,4059773.71
2022-01-10,22.267350353392555,22.315037318595408,21.724624617320345,21.771249149837875,3259404.5
2022-01-11,21.771249149837875,22.138248662028712,21.194774233290808,21.558182058199158,5093201.59
2022-01-12,21.558182058199158,22.15515279697614,21.390286235515156,21.983941148655063,4083061.47
2022-01-13,21.983941148655063,22.355882688616013,21.8854562101836,22.256178166912797,3772090.47
2022-01-14,22.256178166912797,22.508427955853403,21.924293289842332,22.175630153880256,2710945.04
2022-01-15,22.175630153880256,23.049326859859722,21.763717838783688,22.62899332418171,3957541.67
2022-01-16,22.62899332418171,22.93022343894323,22.580280895853456,22.880968594647673,2544214.56
2022-01-17,22.880968594647673,22.949853666475136,22.72566849725781,22.794292623817523,4850462.7
2022-01-18,22.794292623817523,23.010993605216395,22.52527747000037,22.741476337060227,3889566.13
2022-01-19,22.741476337060227,23.177838710077612,22.419289056269772,22.854056463148726,2847824.37
2022-01-20,22.854056463148726,23.0956194578773,22.340972307204357,22.579634716691103,4279911.47
2022-01-21,22.579634716691103,22.993675732974786,22.169681761398184,22.583649878910975,6129690.08
2022-01-22,22.583649878910975,22.75191067707089,22.52056195614129,22.68852977001807,3314672.06
2022-01-23,22.68852977001807,22.872818162002524,21.957123509912705,22.136931525489516,4016320.83
2022-01-24,22.136931525489516,22.321205143582915,21.89427852631551,22.078062099885866,3141830.65
2022-01-25,22.078062099885866,22.25738652439503,21.80412612304403,21.98267579229444,3575485.69
2022-01-26,21.98267579229444,22.55945717934571,21.745738897405648,22.318896382463144,2401165.7
2022-01-27,22.318896382463144,22.681140704001013,21.373444104715695,21.726066569067576,3499536.71
2022-01-28,21.726066569067576,21.893832802137815,21.440494215920488,21.607343684278767,3538338.62
2022-01-29,21.607343684278767,21.94011185287909,21.12725618970362,21.457720049939816,5487717.5
2022-01-30,21.457720049939816,21.86511860332037,21.358233938405537,21.76421148150754,2234488.16
2022-01-31,21.76421148150754,22.027407122607748,21.48969999575681,21.75275711870469,3262657.68
2022-02-01,21.75275711870469,22.530932324422185,21.562386027499414,22.335461645335716,4829738.25
2022-02-02,22.335461645335716,22.819844479786706,22.074007322563425,22.555810795161236,3294716.4
2022-02-03,22.555810795161236,22.644669310438758,22.334778731299735,22.423114490079634,3353241.82
2022-02-04,22.423114490079634,22.935766710226314,21.99343534275025,22.50452749983658,2841830.0
2022-02-05,22.50452749983658,22.916627124057758,21.980539950047362,22.390552480340197,2772117.93
2022-02-06,22.390552480340197,23.0595595373155,22.012708918605504,22.676884091425002,2217320.59
2022-02-07,22.676884091425002,23.086657446494,21.83901391553675,22.240909164072825,2990555.5
2022-02-08,22.240909164072825,22.34411547113217,21.874508564667803,21.9764878559375,2733066.41
2022-02-09,21.9764878559375,22.37109361434603,21.73327424252994,22.12622288458711,3604823.02
2022-02-10,22.12622288458711,22.70380357427544,21.955356118551364,22.529820083414833,2874405.64
2022-02-11,22.529820083414833,22.93474734442008,21.424676440274897,21.816788421043324,3104538.96
2022-02-12,21.816788421043324,22.38365341004587,21.69876225111609,22.26321214212406,3125866.8
2022-02-13,22.26321214212406,22.39587898822992,22.087609009006037,22.220018463271558,3458108.19
2022-02-14,22.220018463271558,22.53911704238377,21.30689212631975,21.617335661968834,3066793.04
2022-02-15,21.617335661968834,21.69516226116596,20.614768324200437,20.689253648226792,2684022.08
2022-02-16,20.689253648226792,21.003370500686803,19.925746126486544,20.23293486926198,3575855.97
2022-02-17,20.23293486926198,20.371050774300873,20.091262275412625,20.22935373458341,4570551.03
2022-02-18,20.22935373458341,20.51047775744691,19.93120095175105,20.212084993745272,3614232.48
2022-02-19,20.212084993745272,20.764238008432628,19.85403437282567,20.402808776700127,3005091.03
2022-02-20,20.402808776700127,20.6674945112254,19.97883085410614,20.24142292927126,3393888.68
2022-02-21,20.24142292927126,20.359396160250974,19.80151142763459,19.917597303387694,2096155.13
2022-02-22,19.917597303387694,19.975059162494663,19.742469333063866,19.799590745675722,3380123.61
2022-02-23,19.799590745675722,19.86709344207401,19.744091473324545,19.81156061755562,3166650.41
2022-02-24,19.81156061755562,19.952446115227996,19.740266460607074,19.880902423892962,2771525.47
2022-02-25,19.880902423892962,20.12815568888659,19.4100461295484,19.654483485047976,2900080.17
2022-02-26,19.654483485047976,20.082778868913795,19.491981760971946,19.918097604029285,3158838.33
2022-02-27,19.918097604029285,20.0450939123092,19.613872133224607,19.7397311905237,4485623.65
2022-02-28,19.7397311905237,19.857133597890986,19.375966498962537,19.491894895494084,4598720.32
2022-03-01,19.491894895494084,19.86369241263899,18.97083048938315,19.33972545547869,2775224.59
2022-03-02,19.33972545547869,19.730308387148607,19.259684165336104,19.648987156110927,3074811.58
2022-03-03,19.648987156110927,19.796092430383997,19.466139123283497,19.612974785201605,3094466.38
2022-03-04,19.612974785201605,19.818648024504014,19.21290992352348,19.41652305392447,4285123.39
2022-03-05,19.41652305392447,19.723586045635855,19.37753289961571,19.68405865536809,3629662.27
2022-03-06,19.68405865536809,20.691674826146166,19.31838479995719,20.314293007983864,3582140.17
2022-03-07,20.314293007983864,20.456204269499374,20.237428301399074,20.379094369167905,4002137.61
2022-03-08,20.379094369167905,21.049731694166802,20.08798979046938,20.753282042569232,3015180.26
2022-03-09,20.753282042569232,21.353858774464342,20.476857071425112,21.073172990696747,4922096.77
2022-03-10,21.073172990696747,21.422211103102697,20.54329398046141,20.889286350982605,3498473.76
2022-03-11,20.889286350982605,21.18662709679829,20.60258133135451,20.89977807842973,2825781.2
2022-03-12,20.89977807842973,21.231018107557293,20.187782664274557,20.51289092922303,3304723.83
2022-03-13,20.51289092922303,20.70945519287246,20.257660244079336,20.453656899118624,4762368.12
2022-03-14,20.453656899118624,20.67448850593595,20.050231829449086,20.26907051598892,3147087.54
2022-03-15,20.26907051598892,20.565605352309912,19.857171975937344,20.151993992336433,4437771.86
2022-03-16,20.151993992336433,20.39848675394123,19.690131165080192,19.933956967353797,2993449.86
2022-03-17,19.933956967353797,20.157370655355372,19.62997651288504,19.852476998334474,2890261.68
2022-03-18,19.852476998334474,20.12423412011874,19.739316860833586,20.0101750953734,4127460.48
2022-03-19,20.0101750953734,20.143161692425508,19.844627002896733,19.977395750101927,2813051.48
2022-03-20,19.977395750101927,20.146263684281468,19.276761684772104,19.441096306387053,4299067.04
2022-03-21,19.441096306387053,19.483227474360778,19.190137135866575,19.23181476585051,3821601.09
2022-03-22,19.23181476585051,19.414758213324752,18.631459317330137,18.81039398185802,2813317.76
2022-03-23,18.81039398185802,18.91860858088868,18.77183582373703,18.879907930811495,3438042.55
2022-03-24,18.879907930811495,19.253318475349023,18.650134205575593,19.021817669168186,3051305.09
2022-03-25,19.021817669168186,19.375788183164037,18.742719710039513,19.095607540826926,3819070.65
2022-03-26,19.095607540826926,19.327021009589416,18.649835323833248,18.878619181105407,5610907.83
2022-03-27,18.878619181105407,19.22360861093253,18.605193352307943,18.949161098188874,3190210.23
2022-03-28,18.949161098188874,18.987063911980925,18.78350833488156,18.821155106348158,3999650.72
2022-03-29,18.821155106348158,18.87893521534306,18.455029373291985,18.511859959945152,3521451.03
2022-03-30,18.511859959945152,18.989082005575764,18.242099139955407,18.716341415575712,3521113.92
2022-03-31,18.716341415575712,19.255871656577973,18.408416373492607,18.94419787386497,3358389.99
2022-04-01,18.94419787386497,19.498251861405656,18.661576427797616,19.211640537652116,2824718.2
2022-04-02,19.211640537652116,19.479339770495447,18.777889049292437,19.043241776691183,3805882.73
2022-04-03,19.043241776691183,19.662908640274352,18.76267982941694,19.377423235020046,3256254.25
2022-04-04,19.377423235020046,19.674142327715256,18.945292308400308,19.239905646706028,2791454.95
2022-04-05,19.239905646706028,19.719397298345278,18.950560650431214,19.42723509293664,4510041.18
2022-04-06,19.42723509293664,19.724163918661887,18.98971856347494,19.284465273493367,3587714.51
2022-04-07,19.284465273493367,19.348727952629993,19.159354302374656,19.22341353546307,3305997.45
2022-04-08,19.22341353546307,19.283753676123403,18.497072564539156,18.555315620720915,4892860.6
2022-04-09,18.555315620720915,18.71303875338642,18.318414176195184,18.475458510730235,2211658.27
2022-04-10,18.475458510730235,18.714922934144926,18.263050951927983,18.502207845176322,4811304.1
2022-04-11,18.502207845176322,18.793194713229003,18.104129986826127,18.39340570811372,2808683.82
2022-04-12,18.39340570811372,19.0265462147534,18.245803396012874,18.875078602554034,3690072.49
2022-04-13,18.875078602554034,19.006300175793708,18.42928366085569,18.55830297592385,3021480.76
2022-04-14,18.55830297592385,18.856461962193258,18.111964975212587,18.407704434847517,2778782.02
2022-04-15,18.407704434847517,18.527134786910263,18.049359142970378,18.16722927698051,4860953.44
2022-04-16,18.16722927698051,18.471987178401644,17.71746860227352,18.01975256042232,5566781.78
2022-04-17,18.01975256042232,18.391186358831085,17.926258806051596,18.296257982650694,3311683.12
2022-04-18,18.296257982650694,18.857392825852315,18.141279101062064,18.69900248750637,3806201.25
2022-04-19,18.69900248750637,18.871395341211542,18.339351617811396,18.51000200787137,3550224.29
2022-04-20,18.51000200787137,18.646812913545887,18.18156326493862,18.316947266717023,5394552.66
2022-04-21,18.316947266717023,18.35468795271411,17.97383726658452,18.01094746310456,2063648.14
2022-04-22,18.01094746310456,18.475694887652065,17.89857416052387,18.36113669609097,3846039.16
2022-04-23,18.36113669609097,18.818166075091746,18.21281976598985,18.667375420826232,2918242.03
2022-04-24,18.667375420826232,18.810092137321917,18.4979751150109,18.640486257179262,1942104.08
2022-04-25,18.640486257179262,18.94134368554765,17.970202347180773,18.264999418370078,3198335.26
2022-04-26,18.264999418370078,18.317102516000023,17.86943008796746,17.920550604115384,5555426.32
2022-04-27,17.920550604115384,18.129155527571335,17.759246355524773,17.96742932006782,2970560.55
2022-04-28,17.96742932006782,18.163156033226944,17.919361448090076,18.114694186761643,4265051.88
2022-04-29,18.114694186761643,18.454374704144627,17.246761318811718,17.576346933592262,4722937.78
2022-04-30,17.576346933592262,17.861501541337674,17.211882052920405,17.495728729475168,3488907.91
2022-05-01,17.495728729475168,18.27024674363463,17.151431879658254,17.917647002605516,3607001.7
2022-05-02,17.917647002605516,18.24702512881812,17.53425038254816,17.862616896395245,2278890.02
2022-05-03,17.862616896395245,18.399234560540176,17.72534929653509,18.258921506425033,2926250.77
2022-05-04,18.258921506425033,18.70186110284294,17.99510745307617,18.43549581534063,4390815.07
2022-05-05,18.43549581534063,18.57409338571522,18.01045226582965,18.146880030359533,3553498.97
2022-05-06,18.146880030359533,18.47330250406193,17.74616660595851,18.07122827083635,3836645.16
2022-05-07,18.07122827083635,18.24098128714748,17.869740021033483,18.039192103956054,3618473.9
2022-05-08,18.039192103956054,18.197323224566063,17.635148816681546,17.79110521362597,6054270.89
2022-05-09,17.79110521362597,18.11940870167378,17.21826130252045,17.54196739118641,3142859.36
2022-05-10,17.54196739118641,18.2416665277981,17.242678181278286,17.935660393556567,5228453.2
2022-05-11,17.935660393556567,18.283530489615384,17.33959542178997,17.68255645458425,3618786.59
2022-05-12,17.68255645458425,18.023699465638973,17.62602911379399,17.966265168933013,5345808.05
2022-05-13,17.966265168933013,18.0808917338285,17.739787951492023,17.853696315870067,2576723.02
2022-05-14,17.853696315870067,17.986089320066316,17.71662575562013,17.84898381454811,3665358.03
2022-05-15,17.84898381454811,18.172052947419694,17.676949291701284,17.99857659889007,3171933.29
2022-05-16,17.99857659889007,18.18785576480619,17.655723906420572,17.84337087605707,3624190.86
2022-05-17,17.84337087605707,18.124912012145003,17.71406882289044,17.9945146947363,4751009.08
2022-05-18,17.9945146947363,18.28653161571116,17.181364210640446,17.464784614871505,3847660.76
2022-05-19,17.464784614871505,17.68546255035489,17.359674649442432,17.57966121223251,4748641.8
2022-05-20,17.57966121223251,17.835222225789526,16.710410890150133,16.95691890471169,2960054.54
2022-05-21,16.95691890471169,17.250813335076877,16.60957449773901,16.90252620306336,2849245.88
2022-05-22,16.90252620306336,17.337625812722354,16.685048695146747,17.11738382454315,3514120.35
2022-05-23,17.11738382454315,17.4208295522813,16.97402812004495,17.276144251329477,3466342.22
2022-05-24,17.276144251329477,17.36912519149965,16.86115529398537,16.952393795488288,3341093.43
2022-05-25,16.952393795488288,17.027293395743484,16.5924929589025,16.666127769584882,2754139.46
2022-05-26,16.666127769584882,16.922705228264057,16.246576252298844,16.50060547114233,4722913.45
2022-05-27,16.50060547114233,16.720378116131236,16.328266944091784,16.547549290185767,3196491.07
2022-05-28,16.547549290185767,16.594440939774884,16.01830722333085,16.063828127144966,4999222.99
2022-05-29,16.063828127144966,16.38043190079524,15.745932784723736,16.062510590905863,3511168.23
2022-05-30,16.062510590905863,16.36507151602505,15.8362949089676,16.137795561419694,4115952.19
2022-05-31,16.137795561419694,16.415289570308566,15.796412450685592,16.072788647095514,4023653.74
2022-06-01,16.072788647095514,16.35898598833649,15.913870619571984,16.198821820903827,2848220.13
2022-06-02,16.198821820903827,16.5658791338625,15.887838537634993,16.253839624566222,3836512.3
2022-06-03,16.253839624566222,16.34472216225676,16.036949297134974,16.127123306822938,5668056.02
2022-06-04,16.127123306822938,16.21312038893385,15.594075322065976,15.677675747443187,3727232.61
2022-06-05,15.677675747443187,15.993306996089675,15.39506956893682,15.710116047908784,4384528.76
2022-06-06,15.710116047908784,15.99369789403835,15.214252594458996,15.493932124662262,4162354.62
2022-06-07,15.493932124662262,15.664091921581296,15.196133736964901,15.36487619641498,3779249.27
2022-06-08,15.36487619641498,15.540864743486896,15.29935799203233,15.47487747666148,3667032.12
2022-06-09,15.47487747666148,15.919868048034292,15.358910350406145,15.801453594236884,4013211.76
2022-06-10,15.801453594236884,16.047557158529223,15.548413526980271,15.794407347801716,4235848.26
2022-06-11,15.794407347801716,16.199317837061248,15.522303598563616,15.924964861985274,2496081.13
2022-06-12,15.924964861985274,16.05646980526414,15.464353555323592,15.59311817989635,3723219.28
2022-06-13,15.59311817989635,15.699631196888896,15.544745110867668,15.65107832353904,3342581.79
2022-06-14,15.65107832353904,15.869928608022693,15.420408505598507,15.639091172791064,3173646.55
2022-06-15,15.639091172791064,16.16899826675009,15.399641880690352,15.925168854499557,4839222.48
2022-06-16,15.925168854499557,16.078564287787028,15.649089584370953,15.801291801156577,2913853.43
2022-06-17,15.801291801156577,15.998740903934056,15.55041897666651,15.747192062252385,2469635.83
2022-06-18,15.747192062252385,16.311517313965798,15.43582776317838,15.995248277010042,4270333.92
2022-06-19,15.995248277010042,16.097777415201055,15.873071135063945,15.975473517545343,2453865.42
2022-06-20,15.975473517545343,16.172189084102246,15.526144545854336,15.719710752413125,2161445.47
2022-06-21,15.719710752413125,16.53264845829672,15.51539715322547,16.320525892038567,4392198.46
2022-06-22,16.320525892038567,16.51447787160664,15.875428405274352,16.066359894033607,3641674.24
2022-06-23,16.066359894033607,16.34984008272609,15.769683554071015,16.05292672344117,3939062.99
2022-06-24,16.05292672344117,16.344504841014,15.846002321606926,16.136503127994228,3133517.18
2022-06-25,16.136503127994228,16.38224840355797,15.956709880908345,16.201728414993546,2476042.29
2022-06-26,16.201728414993546,16.27000688077623,16.090445925652222,16.158542393860902,2602093.11
2022-06-27,16.158542393860902,16.395390520502268,15.880414467632063,16.116648523745738,3269757.24
2022-06-28,16.116648523745738,16.1872061232202,15.992724718900043,16.06304765739933,2546353.29
2022-06-29,16.06304765739933,16.102856035054636,15.765072990274145,15.804239975700973,3779252.34
2022-06-30,15.804239975700973,16.48810310510463,15.633655948489633,16.312038127598036,3117865.04
2022-07-01,16.312038127598036,16.5127416877475,16.061267966829316,16.26134783283682,3665709.78
2022-07-02,16.26134783283682,16.73391086212269,15.936397756446583,16.40606882993966,3638421.74
2022-07-03,16.40606882993966,16.649237651145924,16.085619033297142,16.3276251718358,3855354.1
2022-07-04,16.3276251718358,16.6096787862957,15.964145584491874,16.244767870071986,3965506.54
2022-07-05,16.244767870071986,16.378543284978562,16.00559995177746,16.138500254495384,3211659.63
2022-07-06,16.138500254495384,16.318613410222373,15.601732575695824,15.777820376525899,3664732.28
2022-07-07,15.777820376525899,16.086069157674427,15.43492362689606,15.742482007926666,3712720.89
2022-07-08,15.742482007926666,15.892240143846122,15.501722032216549,15.650606153691562,1907017.29
2022-07-09,15.650606153691562,16.186656241174425,15.391882420560068,15.923422518608808,4113994.3
2022-07-10,15.923422518608808,16.10602920896267,15.468878593419365,15.648330583344794,3633689.48
2022-07-11,15.648330583344794,15.742710568145892,15.424664992138311,15.51826048341217,4030035.5
2022-07-12,15.51826048341217,15.711424581208975,15.126317771769541,15.316976378531336,2537177.06
2022-07-13,15.316976378531336,15.73870131569924,15.226221508897423,15.64599696078109,3234323.14
2022-07-14,15.64599696078109,15.678141439641784,15.417887227469265,15.449628269638954,2664138.14
2022-07-15,15.449628269638954,15.676525761825241,15.353127909611336,15.579215980333307,4216111.73
2022-07-16,15.579215980333307,15.890631235352624,15.493895017741114,15.804078791565885,2463255.46
2022-07-17,15.804078791565885,15.941204164327583,15.63518524059403,15.772032561639953,2774857.16
2022-07-18,15.772032561639953,16.055846254182182,15.180520804412087,15.45869608722724,4000188.56
2022-07-19,15.45869608722724,15.597536129644356,15.018288430579457,15.154395440765136,2990436.42
2022-07-20,15.154395440765136,15.612469073940744,14.893537114368074,15.34827345218396,2775040.4
2022-07-21,15.34827345218396,15.532468609286648,14.888156629914846,15.06900021935385,4390498.73
2022-07-22,15.06900021935385,15.189915051543403,15.03679679128234,15.157522445748823,4435724.26
2022-07-23,15.157522445748823,15.266598755386449,15.075713343538313,15.184643274986556,4192431.04
2022-07-24,15.184643274986556,15.55703180721313,14.899733740122988,15.270511133310485,4327285.27
2022-07-25,15.270511133310485,15.576132899665232,15.073901438984834,15.37813750269988,3303122.22
2022-07-26,15.37813750269988,15.666198367019168,14.886657989452575,15.170835709024947,3325482.33
2022-07-27,15.170835709024947,15.285863418248855,14.843742517784447,14.957150027906309,2976483.73
2022-07-28,14.957150027906309,15.341588508273285,14.734316569916585,15.116382781170206,3649883.54
2022-07-29,15.116382781170206,15.356679647739165,14.741153491372291,14.979270763208698,3067271.45
2022-07-30,14.979270763208698,15.272304138328064,14.107644105811525,14.389132853273928,3140859.28
2022-07-31,14.389132853273928,14.56203188756671,14.355646798607157,14.528222147535526,4066318.63
2022-08-01,14.528222147535526,14.806296240202899,14.036930744354304,14.310844163747698,4706279.97
2022-08-02,14.310844163747698,14.541164769838366,14.181350716976938,14.410767157476705,3866416.2
2022-08-03,14.410767157476705,14.960898308737576,14.164575581261138,14.709601487674544,5481298.0
2022-08-04,14.709601487674544,14.88856682525118,14.535957105559227,14.714860362993438,2934051.04
2022-08-05,14.714860362993438,15.114488634356258,14.535873337031699,14.932850049043365,2210611.8
2022-08-06,14.932850049043365,15.094983195659147,14.806386698871135,14.968220301819912,4184636.91
2022-08-07,14.968220301819912,15.581391162102863,14.715070176773867,15.32225344910721,2885806.99
2022-08-08,15.32225344910721,15.425713047240283,14.985405771961657,15.087278763619862,3268528.58
2022-08-09,15.087278763619862,15.251131815367915,14.923297119329751,15.087148759184792,2248613.58
2022-08-10,15.087148759184792,15.422563172030156,14.904848613774302,15.238435013480998,2795358.62
2022-08-11,15.238435013480998,15.472579353217967,14.964149932940105,15.197667870039556,2404173.33
2022-08-12,15.197667870039556,15.620362359529324,15.038252904553111,15.458214407792706,3139888.07
2022-08-13,15.458214407792706,15.678418096956173,15.143522413116017,15.362360656760313,3171247.66
2022-08-14,15.362360656760313,16.007201250404645,15.197441202658297,15.837184423692602,3579607.19
2022-08-15,15.837184423692602,16.565919528467028,15.61755796945174,16.339329441871644,4771657.41
2022-08-16,16.339329441871644,16.640782555022312,16.108379840708537,16.408850305472185,4145359.58
2022-08-17,16.408850305472185,16.788487917364296,16.166492438251552,16.54413194731616,2333152.97
2022-08-18,16.54413194731616,17.12069135229366,16.265869635828704,16.837494853825,4074576.55
2022-08-19,16.837494853825,17.035049283607822,16.354747552506197,16.548916085844766,3599164.17
2022-08-20,16.548916085844766,16.639587712088417,16.146605050891708,16.23555979584473,3415440.11
2022-08-21,16.23555979584473,16.77454851087876,16.00447038482456,16.53913810729209,3480194.16
2022-08-22,16.53913810729209,16.66380992545125,16.48310143167547,16.607541490587202,3683638.83
2022-08-23,16.607541490587202,16.706210056730118,16.455999776784697,16.55435233603296,2944064.97
2022-08-24,16.55435233603296,16.828130604774252,16.285197844328046,16.558902138578127,3344025.28
2022-08-25,16.558902138578127,16.721697053836095,15.834422505236729,15.99164052258615,4705573.93
2022-08-26,15.99164052258615,16.1669855829134,15.773947571878452,15.948823148475384,2935232.08
2022-08-27,15.948823148475384,16.264181533716716,15.463602235579032,15.775534152456148,2705511.46
2022-08-28,15.775534152456148,16.090691659924225,15.67720359567114,15.991017969933964,3446420.41
2022-08-29,15.991017969933964,16.265904980191937,15.953407903348662,16.227738159676708,2638264.6
2022-08-30,16.227738159676708,16.43284787491951,16.162750823539877,16.36730162798819,2275198.24
2022-08-31,16.36730162798819,16.56966719682876,16.262533982390103,16.464278797124827,3211204.74
2022-09-01,16.464278797124827,16.7123388487085,15.86600484620148,16.108707663814727,5027477.86
2022-09-02,16.108707663814727,16.510009657903467,15.85153542286409,16.25057257254374,3466383.89
2022-09-03,16.25057257254374,16.602769766242208,16.052660080247446,16.403000879897625,3659795.39
2022-09-04,16.403000879897625,16.81707385858741,16.29489140469714,16.70696103212336,2054897.32
2022-09-05,16.70696103212336,17.432014163406937,16.51664612304677,17.235676469563543,3905142.76
2022-09-06,17.235676469563543,17.27478828721002,16.777110148903446,16.815267960423412,3582656.03
2022-09-07,16.815267960423412,17.055262476205968,16.483013213331276,16.721671886926185,2963983.86
2022-09-08,16.721671886926185,16.94001270962491,16.326596428880887,16.54259903358406,3661143.71
2022-09-09,16.54259903358406,16.626009688596454,16.503023550113337,16.58632958687407,3652067.23
2022-09-10,16.58632958687407,16.868622335097456,16.309234891528927,16.591442226917145,2685564.6
2022-09-11,16.591442226917145,16.85261936191846,16.276156487495836,16.536468239712377,3802757.27
2022-09-12,16.536468239712377,16.91600201185378,16.41165052400527,16.789276095519,4721123.61
2022-09-13,16.789276095519,17.01486989992805,16.300276686883784,16.522282963391994,3306127.61
2022-09-14,16.522282963391994,16.734212194290212,16.06516630606692,16.273909684373542,2817540.72
2022-09-15,16.273909684373542,16.348399356531278,15.95985183491417,16.03323990250994,3348016.07
2022-09-16,16.03323990250994,16.121080691601804,15.863187881808889,15.950575781675127,4333676.54
2022-09-17,15.950575781675127,16.178632495745898,15.443678217293492,15.667690316897767,2575859.48
2022-09-18,15.667690316897767,15.962304463126157,15.363853914765276,15.658291322973291,4044680.39
2022-09-19,15.658291322973291,15.85203320562977,15.428811677384818,15.622105832708591,2954292.96
2022-09-20,15.622105832708591,15.813017911330428,15.256043915386392,15.444789070288039,3718345.23
2022-09-21,15.444789070288039,15.859002722164071,15.234117969481753,15.64559260680145,3039460.86
2022-09-22,15.64559260680145,15.800959746742766,15.478453480138718,15.63370254691756,3037420.79
2022-09-23,15.63370254691756,15.928110206608114,15.587190768763469,15.880863101882056,5121957.54
2022-09-24,15.880863101882056,16.025967647651502,15.692594185758976,15.83730069883548,2460811.86
2022-09-25,15.83730069883548,16.12561146944886,15.545214838199229,15.833455610753656,3951536.59
2022-09-26,15.833455610753656,16.094534131769482,15.446189837855563,15.705152767853871,5395655.38
2022-09-27,15.705152767853871,15.998875104347533,15.411566543467966,15.705286382224786,4154297.95
2022-09-28,15.705286382224786,15.947263328490699,15.630671060830766,15.871856637057537,2509262.07
2022-09-29,15.871856637057537,16.048149152045948,15.602972676577364,15.778225204811223,2540517.6
2022-09-30,15.778225204811223,16.09949191626113,15.580601249217418,15.900338478869678,2900423.1
2022-10-01,15.900338478869678,15.992221115783696,15.623016505241786,15.713821323081302,3640932.92
2022-10-02,15.713821323081302,15.980651934907593,15.625549492674807,15.891382660028524,3703390.09
2022-10-03,15.891382660028524,16.14686194788526,15.505309669425362,15.75865515117048,2546802.96
2022-10-04,15.75865515117048,16.183279582951904,15.536563152745526,15.958372895548461,2813906.14
2022-10-05,15.958372895548461,16.192467176892844,15.740551068932103,15.974426232253164,2857343.5
2022-10-06,15.974426232253164,16.44751633736083,15.865707893643902,16.336334929858836,3345366.54
2022-10-07,16.336334929858836,16.51802519055941,15.88548053901869,16.06414352787405,5748487.82
2022-10-08,16.06414352787405,16.10294259772241,15.68411824790443,15.722091172667717,2771714.83
2022-10-09,15.722091172667717,15.790309781370272,15.514869949604261,15.582482793508428,2741550.15
2022-10-10,15.582482793508428,15.759009191825882,15.098166559485213,15.271166202972125,2636567.53
2022-10-11,15.271166202972125,15.386831557591364,14.853123154200627,14.96648079074621,4102715.66
2022-10-12,14.96648079074621,15.397895595308103,14.676399627562384,15.105127180093856,3464012.4
2022-10-13,15.105127180093856,15.26430188727404,14.946723864982117,15.105890566736498,2797444.53
2022-10-14,15.105890566736498,15.15882394589208,14.949174809561418,15.001743240361876,3196524.33
2022-10-15,15.001743240361876,15.036564720464533,14.883944139433897,14.918572566908978,2871646.03
2022-10-16,14.918572566908978,15.143166332015731,14.567551392385207,14.790212746381487,3768721.39
2022-10-17,14.790212746381487,15.2310980663469,14.714973140311088,15.154007790762883,6847318.53
2022-10-18,15.154007790762883,15.235545788200287,14.912535861222645,14.993208659211996,4016773.91
2022-10-19,14.993208659211996,15.137571218696408,14.565517454216923,14.70712545296534,3419573.51
2022-10-20,14.70712545296534,14.981874244453197,14.607806902245859,14.881378944119753,2963938.91
2022-10-21,14.881378944119753,15.076301011103304,14.641726951460106,14.8360553524804,2501556.02
2022-10-22,14.8360553524804,15.451983051885907,14.676679545189218,15.287754878190531,4204626.23
2022-10-23,15.287754878190531,15.348999318522306,15.111224255844782,15.172004989293471,4147897.23
2022-10-24,15.172004989293471,15.610738932689825,14.927351322238763,15.36300532124714,3115026.69
2022-10-25,15.36300532124714,15.761239647871559,15.214514817368253,15.610358363213162,4740281.23
2022-10-26,15.610358363213162,15.813215247267681,15.291936305110264,15.493271645185416,3518517.38
2022-10-27,15.493271645185416,15.525357621794988,15.295464761399412,15.327206824077326,4248020.68
2022-10-28,15.327206824077326,15.702100331779933,15.123735078821538,15.496382742273092,3769009.44
2022-10-29,15.496382742273092,15.740078331671459,15.386493283211871,15.62924669480556,3348387.87
2022-10-30,15.62924669480556,15.799584749672992,15.144289208655875,15.311160546486784,2756720.68
2022-10-31,15.311160546486784,15.42383493091564,14.950868672203342,15.061707337735879,3374944.3
2022-11-01,15.061707337735879,15.361927732233124,14.224413491554044,14.513710839873166,4320087.41
2022-11-02,14.513710839873166,14.73267427429546,14.424376603297453,14.642547030140374,3082463.73
2022-11-03,14.642547030140374,14.912430737841646,14.319217233146729,14.588097353105297,3906720.66
2022-11-04,14.588097353105297,14.858318506468175,14.285487557308599,14.555097440103676,2670001.4
2022-11-05,14.555097440103676,14.694506334448409,14.064294661119789,14.200305352681383,4253650.49
2022-11-06,14.200305352681383,14.30641083062151,13.870738703942601,13.975161897358644,3784819.9
2022-11-07,13.975161897358644,14.098962823371428,13.756210159291342,13.879160644782967,2591495.91
2022-11-08,13.879160644782967,14.15408049634186,13.472355315315863,13.74460997323695,3309374.96
2022-11-09,13.74460997323695,13.950820016940193,13.56402872293249,13.769906413601479,4417717.66
2022-11-10,13.769906413601479,14.05369607056565,13.60733828874042,13.889713497961488,2554878.92
2022-11-11,13.889713497961488,14.399111211538822,13.852954067502912,14.36110423518764,2677879.93
2022-11-12,14.36110423518764,14.608993762080978,14.110652176431755,14.358496694103298,3439715.38
2022-11-13,14.358496694103298,14.64799119031033,14.308119934232293,14.596778419433832,5966113.15
2022-11-14,14.596778419433832,14.638313590474567,14.380873539092569,14.421911124790586,2958310.85
2022-11-15,14.421911124790586,14.522106567058795,13.975991298674401,14.073768035788113,3961336.5
2022-11-16,14.073768035788113,14.222446064169402,13.854924697601646,14.002853571764396,3735183.03
2022-11-17,14.002853571764396,14.256518082712383,13.432479591393491,13.680300997535923,3020381.03
2022-11-18,13.680300997535923,13.906759271109635,13.458387111442802,13.68477284530294,3643870.01
2022-11-19,13.68477284530294,13.760824309074412,13.455452470314372,13.530647400637775,3129284.25
2022-11-20,13.530647400637775,13.648329279713662,13.035703932044926,13.150075815826623,3200515.12
2022-11-21,13.150075815826623,13.7068983923826,12.939091728777589,13.49045318035505,2310456.2
2022-11-22,13.49045318035505,13.645426974433171,13.2323085012092,13.386083329503325,3478683.47
2022-11-23,13.386083329503325,13.454899242335033,13.002901705250888,13.07009315844553,4382136.3
2022-11-24,13.07009315844553,13.365670293024687,12.95077636102057,13.244758972492729,3550609.97
2022-11-25,13.244758972492729,13.420475129971434,12.931673256288587,13.105542449811672,4596935.61
2022-11-26,13.105542449811672,13.578047964065137,12.84974765781188,13.318104375195709,4046469.73
2022-11-27,13.318104375195709,13.503394060366228,12.99386450846649,13.177193758193194,3448287.19
2022-11-28,13.177193758193194,13.207389467941612,13.044647572761976,13.074608206393023,2991519.88
2022-11-29,13.074608206393023,13.335383656019328,12.882540263994013,13.14232100255686,3099364.34
2022-11-30,13.14232100255686,13.344949420576274,13.056691335650491,13.258562375271948,2423312.36
2022-12-01,13.258562375271948,13.645165913940138,13.026287471174392,13.410233897607657,3273937.03
2022-12-02,13.410233897607657,13.52971932768726,13.274763288733563,13.394105010129802,3630108.94
2022-12-03,13.394105010129802,13.575290860341338,13.319190834118466,13.499785605291798,5374245.77
2022-12-04,13.499785605291798,13.791914639383483,13.359076673616437,13.649643729087227,3994198.96
2022-12-05,13.649643729087227,13.781631267671617,13.55964393589293,13.691356439073695,2819471.55
2022-12-06,13.691356439073695,13.77685604094215,13.578957500515099,13.664288066165911,2442252.82
2022-12-07,13.664288066165911,13.832614501194007,13.214572903309922,13.379389758012666,3323853.98
2022-12-08,13.379389758012666,13.71235383546778,13.167831731429354,13.498905990385804,4287501.15
2022-12-09,13.498905990385804,13.738805198565474,13.269030707550213,13.50876207470833,3312187.62
2022-12-10,13.50876207470833,13.63247609681811,13.30564189257561,13.428621987141899,4007866.33
2022-12-11,13.428621987141899,13.72781830496769,13.385617258371704,13.68399574995922,3345049.88
2022-12-12,13.68399574995922,13.830572554256744,13.258558412893114,13.402115846518726,4187119.71
2022-12-13,13.402115846518726,13.86516301439914,13.270667001895937,13.73049342066362,2347728.96
2022-12-14,13.73049342066362,13.806637534258904,13.651418668422444,13.727546439175097,5226848.41
2022-12-15,13.727546439175097,14.043195855787868,13.4786576728564,13.793118232965636,2650218.55
2022-12-16,13.793118232965636,14.06256222597789,13.44710528858727,13.715023731395432,4268216.47
2022-12-17,13.715023731395432,13.755228629272544,13.346250412647203,13.38548929700943,3269761.25
2022-12-18,13.38548929700943,13.60398645931633,13.141547527044343,13.359622453618705,3400103.91
2022-12-19,13.359622453618705,13.609738564865708,13.177625679040784,13.426826279420787,3295267.97
2022-12-20,13.426826279420787,13.653017892606087,13.336787960874307,13.562072631948514,3730954.56
2022-12-21,13.562072631948514,13.744249378570414,13.342610424604041,13.524279503304685,3924127.78
2022-12-22,13.524279503304685,13.582644578960736,13.041542478250216,13.098068206042738,4560140.1
2022-12-23,13.098068206042738,13.140627983688056,12.765261540145119,12.806875139164454,4976616.23
2022-12-24,12.806875139164454,13.46179646589467,12.552238559232395,13.199356260998236,3802726.67
2022-12-25,13.199356260998236,13.376949078080255,12.816351087600804,12.9911424593042,5371899.27
2022-12-26,12.9911424593042,13.3541981682952,12.90594645297945,13.267191828210125,3582303.77
2022-12-27,13.267191828210125,13.401198574665848,12.956066921251994,13.088266411640024,4581942.61
2022-12-28,13.088266411640024,13.338273074863674,12.805406777404576,13.054773676219295,3895970.78
2022-12-29,13.054773676219295,13.306824363922795,12.92556991233713,13.17641669287292,3050976.83
2022-12-30,13.17641669287292,13.416332908783339,12.78335492251011,13.020430949764165,3662227.27
2022-12-31,13.020430949764165,13.564439495114309,12.790769224790264,13.32932924726741,3969165.77
2023-01-01,13.32932924726741,13.454987809991486,13.22009787747825,13.345622916617678,3471939.72
2023-01-02,13.345622916617678,13.632791767903445,13.151735543914738,13.437568593504741,3880550.78
2023-01-03,13.437568593504741,13.624202621800496,13.200541487276379,13.386465749548726,4345338.7
2023-01-04,13.386465749548726,13.73252483506897,13.173864394799066,13.517837065556737,3479608.14
2023-01-05,13.517837065556737,13.954618209015473,13.401763116663766,13.835813880668493,1676638.76
2023-01-06,13.835813880668493,13.876494728907794,13.770154357285588,13.810761545220899,5324562.28
2023-01-07,13.810761545220899,14.23887912735157,13.74062074300061,14.166929452920332,3249058.01
2023-01-08,14.166929452920332,14.352487418575988,13.858158877015653,14.042081589554563,2848928.37
2023-01-09,14.042081589554563,14.42834727521175,13.818085065214605,14.20180290780992,2642526.31
2023-01-10,14.20180290780992,14.528865702774654,13.980128735459221,14.30557181448699,3217650.69
2023-01-11,14.30557181448699,14.484481137103783,13.908702866324822,14.084851805235516,3040664.3
2023-01-12,14.084851805235516,14.180455934479431,14.03519359503479,14.130636304314148,2911040.57
2023-01-13,14.130636304314148,14.16640747863017,14.097977644252175,14.133741641527457,2951257.65
2023-01-14,14.133741641527457,14.36099173626124,13.735218891903541,13.95967016948649,3995619.65
2023-01-15,13.95967016948649,14.201530601397064,13.793706780384293,14.03467549084428,5814494.37
2023-01-16,14.03467549084428,14.292681656179326,13.808874153299916,14.066370385252085,4296951.72
2023-01-17,14.066370385252085,14.135720296307648,13.983701035777234,14.052984954083026,4633963.34
2023-01-18,14.052984954083026,14.184150134389444,13.909389220623472,14.040437285798955,3184866.78
2023-01-19,14.040437285798955,14.300817857515069,13.763428744002999,14.023495122501647,3592790.9
2023-01-20,14.023495122501647,14.094857377425793,13.878698925774875,13.949685581374908,3893792.31
2023-01-21,13.949685581374908,14.023308052717308,13.906337152878509,13.979865839543427,2967955.98
2023-01-22,13.979865839543427,14.172262525626667,13.659493921314043,13.85010478214599,3146625.0
2023-01-23,13.85010478214599,14.58456966751705,13.674185541522409,14.401644954386217,4333610.2
2023-01-24,14.401644954386217,14.677242740254929,13.838813079145421,14.108806956283502,4596688.52
2023-01-25,14.108806956283502,14.367229953559413,13.733730949595452,13.989977413684795,3559483.81
2023-01-26,13.989977413684795,14.206678624693831,13.673093150339353,13.888218135877818,2596004.87
2023-01-27,13.888218135877818,14.344978300382957,13.85565262143245,14.311420448339994,3250682.49
2023-01-28,14.311420448339994,14.463793647126531,13.88928751447266,14.038757682213841,2441054.66
2023-01-29,14.038757682213841,14.384387287357427,13.784237323828505,14.12824454689352,3566424.56
2023-01-30,14.12824454689352,14.320414698433854,13.989706942623393,14.181356295252593,3730766.64
2023-01-31,14.181356295252593,14.527792879750926,13.907392020021975,14.252455074020862,3270966.03
2023-02-01,14.252455074020862,14.714182489758976,14.056558162524414,14.514681335037096,3718018.16
2023-02-02,14.514681335037096,14.835957996679369,14.457054736496643,14.777288786604025,3884476.7
2023-02-03,14.777288786604025,14.942305253644994,14.517638548054812,14.681586315423647,3732127.62
2023-02-04,14.681586315423647,14.93886250267393,14.468393408442484,14.725038620065032,2591872.0
2023-02-05,14.725038620065032,14.771814788839244,14.284276668108895,14.32979729689328,3285263.58
2023-02-06,14.32979729689328,14.469968961856802,14.212240059504715,14.35222771225863,3877628.34
2023-02-07,14.35222771225863,14.566182960374936,13.976266687132487,14.187770292991624,5193671.74
2023-02-08,14.187770292991624,14.25625869692196,14.08234038305944,14.150649594818052,3269972.36
2023-02-09,14.150649594818052,14.267677139133461,13.692759858109637,13.806944924183707,4016749.6
2023-02-10,13.806944924183707,14.090949144741836,13.607871065486583,13.890668132526049,4359254.02
2023-02-11,13.890668132526049,14.112359532028998,13.33478299093086,13.55105424232495,3332111.02
2023-02-12,13.55105424232495,13.735982388440464,13.397477267858857,13.582054086163229,4663960.15
2023-02-13,13.582054086163229,13.843147826827089,13.08511121045515,13.341582256410526,4727074.09
2023-02-14,13.341582256410526,13.590482220730458,12.932105564555805,13.177952866261435,4942440.08
2023-02-15,13.177952866261435,13.545406380989522,13.03929619926122,13.404367410277024,3925018.29
2023-02-16,13.404367410277024,13.587929426629248,13.338887888023713,13.52187588261171,6314176.1
2023-02-17,13.52187588261171,13.97193464651764,13.306705406739832,13.75308499366739,3000989.87
2023-02-18,13.75308499366739,14.162397220737954,13.665388277257344,14.07266271305121,5952327.77
2023-02-19,14.07266271305121,14.314301358891122,13.676777848510222,13.915721694078531,4241164.34
2023-02-20,13.915721694078531,14.405211364789059,13.74082058026656,14.226405392423693,4893265.16
2023-02-21,14.226405392423693,14.355775686892542,13.799026127724588,13.925661555750589,3230876.72
2023-02-22,13.925661555750589,14.249518517667507,13.758346118395385,14.080344579183755,4322706.21
2023-02-23,14.080344579183755,14.243543627326689,13.81842793460368,13.980469373397947,5000343.0
2023-02-24,13.980469373397947,14.241137898296962,13.535522552269684,13.792689892845445,2666917.49
2023-02-25,13.792689892845445,14.000563034125683,13.71188493780253,13.919017981566686,3359967.83
2023-02-26,13.919017981566686,14.378743978402458,13.658636970168974,14.114702328852793,2049200.66
2023-02-27,14.114702328852793,14.343597345132478,14.07851027371921,14.306912436614159,3347385.94
2023-02-28,14.306912436614159,14.581082571701574,14.080209979833631,14.353639690782334,2854112.45
2023-03-01,14.353639690782334,14.649896596591093,14.087321881700845,14.383033415565373,3314547.28
2023-03-02,14.383033415565373,14.62795747784685,14.252249363786394,14.49614491009837,7269400.37
2023-03-03,14.49614491009837,14.610729843140774,14.448087154722753,14.562452265001156,5377447.64
2023-03-04,14.562452265001156,14.922078637101286,14.32240457517283,14.680091775746552,2442204.43
2023-03-05,14.680091775746552,14.978557039368084,14.428011590345152,14.725693795805551,4021671.23
2023-03-06,14.725693795805551,15.03044393149675,14.607113188236223,14.910376144752766,4273767.43
2023-03-07,14.910376144752766,15.079380474245232,14.395585325645099,14.560625342008684,3216483.55
2023-03-08,14.560625342008684,14.801901357547035,14.293424070112087,14.534263254170646,3659548.83
2023-03-09,14.534263254170646,14.613573438053411,14.16632168892001,14.244048235151423,3750010.05
2023-03-10,14.244048235151423,14.494073665576511,14.054295240451115,14.303528303363688,2499548.52
2023-03-11,14.303528303363688,14.796431715023994,14.164049565876708,14.653539891383208,2704536.72
2023-03-12,14.653539891383208,14.728851518466156,14.478906366663391,14.553704893417521,3654053.68
2023-03-13,14.553704893417521,14.829908302939446,14.306787846199343,14.582502674759413,3588066.94
2023-03-14,14.582502674759413,14.86240341575962,14.46811380553792,14.74672633427917,2931816.77
2023-03-15,14.74672633427917,15.024254858676752,14.038865684545257,14.308140161875773,2869589.34
2023-03-16,14.308140161875773,14.483283382139485,14.026832038977865,14.20065961026754,3422318.19
2023-03-17,14.20065961026754,14.439113425505566,14.040743431035867,14.278322668620454,4367980.21
2023-03-18,14.278322668620454,14.415673093421658,13.554657561300886,13.686313146361048,3433710.74
2023-03-19,13.686313146361048,13.812392503463451,13.368983050184436,13.493284210052,5251142.52
2023-03-20,13.493284210052,13.943633225296,13.267630716060834,13.714283867197228,2941171.09
2023-03-21,13.714283867197228,14.116505138841651,13.519609398000673,13.918925774639822,3673116.26
2023-03-22,13.918925774639822,14.21998185282516,13.697247083952334,13.997058782848663,3203324.29
2023-03-23,13.997058782848663,14.316637141450908,13.862973750060084,14.180792033257374,4054199.29
2023-03-24,14.180792033257374,14.32256379397189,14.085697484752153,14.227158319178827,2878778.29
2023-03-25,14.227158319178827,14.396160101810503,14.17645878864472,14.345040489447202,5666730.99
2023-03-26,14.345040489447202,14.574271479634568,14.05222872759323,14.280427209992304,2293570.72
2023-03-27,14.280427209992304,14.441837257411162,14.145120508487716,14.306285548773703,5374325.23
2023-03-28,14.306285548773703,14.466029885971984,14.017604439203293,14.17589280784113,3579632.3
2023-03-29,14.17589280784113,14.593351288811599,14.027780553165151,14.442453955752107,4018340.93
2023-03-30,14.442453955752107,14.913946377165848,14.301488652335102,14.769786153912285,4886098.8
2023-03-31,14.769786153912285,15.28891397976162,14.558427672531684,15.073213396168804,4336980.39
2023-04-01,15.073213396168804,15.268520249071578,14.790837809508153,14.985001684376549,2916126.65
2023-04-02,14.985001684376549,15.277163788325113,14.49050582658629,14.778644592847227,4066510.89
2023-04-03,14.778644592847227,15.127288840977258,14.71213669695483,15.059516943576199,5582470.73
2023-04-04,15.059516943576199,15.368829406040428,14.873933281017313,15.18173955179126,2803700.19
2023-04-05,15.18173955179126,15.304612280734435,15.134094350267919,15.256731729539254,5943927.42
2023-04-06,15.256731729539254,15.509116695322854,14.867316718126395,15.117396730290753,3854296.85
2023-04-07,15.117396730290753,15.41290368220167,14.91945552401581,15.213701499416624,3140732.41
2023-04-08,15.213701499416624,15.361438996248769,14.82988270678326,14.97530518018348,2799499.42
2023-04-09,14.97530518018348,15.365328935106191,14.7291075422382,15.116805005815191,3309976.86
2023-04-10,15.116805005815191,15.584332498166624,14.96276405302888,15.427129325987151,2146724.92
2023-04-11,15.427129325987151,15.898510017063717,15.333021527416056,15.80211475125729,3154884.39
2023-04-12,15.80211475125729,16.13659723709422,15.636113319306581,15.968844308856738,3277336.85
2023-04-13,15.968844308856738,16.02114183226158,15.599148030133174,15.650402665965814,2675562.28
2023-04-14,15.650402665965814,15.982574285340021,15.36616787836247,15.697484422418118,4219532.19
2023-04-15,15.697484422418118,16.444888129752,15.459553714958336,16.199350512129936,3313719.9
2023-04-16,16.199350512129936,16.453448407728647,15.745311930345643,15.996223642017007,2985640.61
2023-04-17,15.996223642017007,16.2800107176625,15.70056910081509,15.98414183457087,3226601.72
2023-04-18,15.98414183457087,16.585735532599312,15.724426597326111,16.320554164671503,3824928.74
2023-04-19,16.320554164671503,16.631651832889517,16.16104773171523,16.470678185837713,3564658.55
2023-04-20,16.470678185837713,17.152934677482683,16.40256443363431,17.082291625283936,2937383.43
2023-04-21,17.082291625283936,17.231258877510907,16.754292252145287,16.901684508079445,3611691.91
2023-04-22,16.901684508079445,17.219664769728386,16.346708958908142,16.66014501122869,3455938.24
2023-04-23,16.66014501122869,17.287359420831873,16.342208987377756,16.963631768349536,2632402.46
2023-04-24,16.963631768349536,17.232024846837245,16.407010445647895,16.670769959608094,3256447.23
2023-04-25,16.670769959608094,16.76545577354296,16.530198450083358,16.62462215600787,4045469.19
2023-04-26,16.62462215600787,16.71605919797449,16.519132485860702,16.61049180954474,4038193.88
2023-04-27,16.61049180954474,17.16733300801449,16.31422895136206,16.86650394624093,3304456.08
2023-04-28,16.86650394624093,17.098456540594462,16.789685679789418,17.020934920338608,4145221.26
2023-04-29,17.020934920338608,17.35171472332759,16.807926862746204,17.13725103072709,2739496.36
2023-04-30,17.13725103072709,17.288205025364746,16.88829483378418,17.038377901468785,2760787.62
2023-05-01,17.038377901468785,17.47542714095638,16.911677147353018,17.346435608690147,3286914.32
2023-05-02,17.346435608690147,18.663950440831552,17.10023979103675,18.40276230881951,5089372.3
2023-05-03,18.40276230881951,18.950546797633173,18.04809979474453,18.592232762854753,3645800.2
2023-05-04,18.592232762854753,18.91938884614003,18.29480524294802,18.621493234550137,3267161.34
2023-05-05,18.621493234550137,18.82169154290921,18.076229690952996,18.27267791134893,5148973.99
2023-05-06,18.27267791134893,18.454176897113296,17.92494652073208,18.104777786940637,3257722.59
2023-05-07,18.104777786940637,18.43678239433985,17.719174548800723,18.05017790601931,6119291.23
2023-05-08,18.05017790601931,18.274107109402657,17.689102403992326,17.91130880736797,3080038.78
2023-05-09,17.91130880736797,18.10724961332541,17.71317402113665,17.909090560577972,2717821.9
2023-05-10,17.909090560577972,18.646686835506664,17.65315092979873,18.38396081228175,3357418.83
2023-05-11,18.38396081228175,18.8425552327105,18.268716014006525,18.725171463780214,3288698.53
2023-05-12,18.725171463780214,18.784104049504784,18.62491934453775,18.683721477257457,2860032.46
2023-05-13,18.683721477257457,19.008668871960776,18.038547558086247,18.35782699400469,6707702.47
2023-05-14,18.35782699400469,18.965393286161113,18.12044724566922,18.723287869010715,3790203.12
2023-05-15,18.723287869010715,18.816301190475148,18.618966568088517,18.711923433448355,3930730.8
2023-05-16,18.711923433448355,18.849734179958492,18.112045887739388,18.246428326711587,3118316.12
2023-05-17,18.246428326711587,18.805462464846176,17.88480595411602,18.440003660794886,3029342.57
2023-05-18,18.440003660794886,18.972620389732874,18.19254571958105,18.721386397601478,4522896.27
2023-05-19,18.721386397601478,18.9731893916952,17.826448435717953,18.06948332135152,2302055.74
2023-05-20,18.06948332135152,18.12909356995186,17.795530439831268,17.854431243252158,2630165.71
2023-05-21,17.854431243252158,18.201554439036745,17.480944075762658,17.82754454434744,3290158.84
2023-05-22,17.82754454434744,18.348175707973205,17.505399174082036,18.02250734201502,4906323.07
2023-05-23,18.02250734201502,18.236255792274335,17.676630824976556,17.888793416856775,3187171.11
2023-05-24,17.888793416856775,18.024193703103876,17.54015243063742,17.67392638823831,3883748.74
2023-05-25,17.67392638823831,18.12549462822791,17.416505754476262,17.865286830747642,3524346.89
2023-05-26,17.865286830747642,18.169009911112667,17.44338938668828,17.74506866945808,4839578.22
2023-05-27,17.74506866945808,18.177505672254235,17.458482520921958,17.888601442820654,2355097.7
2023-05-28,17.888601442820654,18.238982844234055,17.256761779623766,17.60152016228325,4207016.68
2023-05-29,17.60152016228325,17.83849641912953,17.02567646391367,17.258028151390516,3330219.56
2023-05-30,17.258028151390516,17.587884359251483,17.123725179353595,17.452071331973766,4410482.16
2023-05-31,17.452071331973766,17.71079011032239,17.26074956132405,17.518737498684523,2851777.38
2023-06-01,17.518737498684523,18.05563988443957,17.22628479242922,17.75917341102495,3521409.15
2023-06-02,17.75917341102495,17.879512528201385,17.503644780351994,17.623061581096703,3411446.14
2023-06-03,17.623061581096703,17.731713898949433,17.313434305732308,17.42083985615853,2724143.59
2023-06-04,17.42083985615853,18.04117095083956,17.15870808781689,17.773729247899485,2541259.22
2023-06-05,17.773729247899485,17.95146109588135,17.20952399371272,17.383352190703988,3027266.68
2023-06-06,17.383352190703988,18.002783548524544,17.093080332497046,17.707105569912702,3615556.37
2023-06-07,17.707105569912702,18.137955816888212,17.625895391054822,18.055149403014674,2896592.11
2023-06-08,18.055149403014674,18.43329311204654,17.909940207876573,18.286225479169428,3222780.76
2023-06-09,18.286225479169428,18.41104356629908,17.981262313509042,18.10484231574678,2184339.8
2023-06-10,18.10484231574678,18.36847827038087,17.630946110249493,17.891475091014442,3190253.84
2023-06-11,17.891475091014442,18.171797395906513,17.558981987299305,17.83847387303871,4520667.37
2023-06-12,17.83847387303871,18.02056987996372,17.32635786733025,17.50505026993508,4174764.92
2023-06-13,17.50505026993508,17.690683079233594,17.078930809296168,17.261986036941686,3424763.73
2023-06-14,17.261986036941686,17.504092174298968,17.186437679559337,17.42781804089794,3719823.24
2023-06-15,17.42781804089794,17.853920184658353,17.17279842314679,17.59643323665009,2845383.54
2023-06-16,17.59643323665009,17.945928620928623,16.98556661354696,17.329765518976078,5253385.05
2023-06-17,17.329765518976078,17.78441319769657,17.05244433225143,17.504299022329334,5869113.47
2023-06-18,17.504299022329334,17.72922659595354,17.398992777513104,17.623205010120543,3647233.29
2023-06-19,17.623205010120543,18.257694625768554,17.390293043946233,18.019544553233565,6688799.61
2023-06-20,18.019544553233565,18.30533573295405,17.887835691088302,18.172508820927593,2952692.23
2023-06-21,18.172508820927593,18.505650248232786,18.126292897152723,18.458706472899365,2559963.9
2023-06-22,18.458706472899365,18.6876535831428,18.362041708379515,18.590299689764468,2931039.18
2023-06-23,18.590299689764468,18.93387643607452,18.518788675801627,18.861322881455067,3313120.19
2023-06-24,18.861322881455067,18.965565376023054,18.40862419553833,18.510930144445446,6238748.53
2023-06-25,18.510930144445446,18.81304480635932,18.178386871875453,18.47999667231551,3262432.84
2023-06-26,18.47999667231551,18.61436432918387,18.337200300018278,18.471506223013048,2823137.95
2023-06-27,18.471506223013048,18.760155262428214,18.120042580744425,18.40769445153027,2795883.77
2023-06-28,18.40769445153027,18.883449937705187,18.056484366878415,18.52990807504745,4654192.83
2023-06-29,18.52990807504745,18.935844917494453,18.301306154318173,18.705081892086486,4491058.43
2023-06-30,18.705081892086486,19.017051426439853,18.50423867609623,18.815027682808996,3099973.06
2023-07-01,18.815027682808996,19.10670368251306,18.47744323549808,18.768396342683573,2189814.72
2023-07-02,18.768396342683573,18.838733207445582,18.499593590865008,18.569183882525447,2639566.19
2023-07-03,18.569183882525447,19.055512366932714,18.38891763288231,18.872303487461537,5382074.68
2023-07-04,18.872303487461537,19.17968901929002,18.66510743592039,18.97140494839705,4157712.07
2023-07-05,18.97140494839705,19.29313955525819,18.37537730659174,18.692379949823156,3557749.96
2023-07-06,18.692379949823156,19.00371869532699,18.330986614253426,18.641477533287336,5584367.98
2023-07-07,18.641477533287336,18.96339304201628,17.859429993297326,18.17325995736492,5710716.72
2023-07-08,18.17325995736492,18.449516378988193,17.908626167013942,18.18471577235063,3468693.7
2023-07-09,18.18471577235063,18.394749321885804,17.92450148272939,18.133948672025873,3484658.43
2023-07-10,18.133948672025873,18.440445549527627,17.679963149372337,17.9839243414757,3026029.3
2023-07-11,17.9839243414757,18.734704739061492,17.665265684868295,18.40852259063408,3259624.96
2023-07-12,18.40852259063408,18.604549842426756,17.908496268900645,18.10125147580769,2413750.41
2023-07-13,18.10125147580769,18.652780664884673,17.74389811968933,18.291668119693433,2411300.85
2023-07-14,18.291668119693433,19.224714116827336,17.967050892924238,18.889487552241995,2275268.92
2023-07-15,18.889487552241995,19.40696375986056,18.678143390103564,19.192232351469023,4589849.43
2023-07-16,19.192232351469023,19.25455292149353,19.123208926957556,19.185507660722852,2368868.49
2023-07-17,19.185507660722852,19.301404567356233,18.757375338083666,18.871374611916718,5698788.13
2023-07-18,18.871374611916718,19.172848113052808,18.204915226200455,18.500463355314736,2915870.77
2023-07-19,18.500463355314736,18.574479576676413,18.317687252706136,18.391266602250518,5403789.38
2023-07-20,18.391266602250518,18.583573064304804,18.01865562492992,18.209056828488325,3194719.79
2023-07-21,18.209056828488325,18.443723125044972,17.787824236577766,18.020054799832906,2366036.7
2023-07-22,18.020054799832906,18.3409963530815,17.616640046274657,17.936086096520363,4824502.85
2023-07-23,17.936086096520363,18.245448597924845,17.60229686610969,17.911230659708906,4969053.48
2023-07-24,17.911230659708906,18.325344757316426,17.629003352009462,18.041071546430047,2790582.12
2023-07-25,18.041071546430047,18.209548027523198,17.5532538674564,17.718720070462332,3221509.06
2023-07-26,17.718720070462332,17.799526055525874,17.46438560525052,17.544396590423084,2790760.07
2023-07-27,17.544396590423084,17.790960058744876,17.259330368245156,17.505345017968473,3396112.16
2023-07-28,17.505345017968473,17.597479065925285,17.365334424678398,17.457215155775305,3595633.73
2023-07-29,17.457215155775305,18.15253470165794,17.24591894673925,17.935450099131963,3205657.46
2023-07-30,17.935450099131963,18.352326649594247,17.58297891604588,17.99861415342037,2221183.41
2023-07-31,17.99861415342037,18.2128980214802,17.370632051300504,17.579931258347997,3026912.55
2023-08-01,17.579931258347997,17.930921475246517,17.340492179535026,17.68998348254162,4173031.12
2023-08-02,17.68998348254162,18.08719203875831,17.438850135261834,17.834013982861837,3321903.9
2023-08-03,17.834013982861837,18.136246847303394,17.5016159823798,17.803328825757312,3224902.8
2023-08-04,17.803328825757312,17.97832935622226,17.31954387154175,17.491479026943875,2773385.66
2023-08-05,17.491479026943875,18.146669697746304,17.299856756890765,17.95002398594593,3004917.54
2023-08-06,17.95002398594593,18.04278066759225,17.581412899053134,17.672736699687363,4977859.58
2023-08-07,17.672736699687363,18.07986271562526,17.44185586169758,17.84670906130153,2632196.46
2023-08-08,17.84670906130153,18.032213128797988,17.716006115533332,17.901111757047317,4191123.11
2023-08-09,17.901111757047317,18.262607899305507,17.701742681044227,18.061453062819453,3541416.45
2023-08-10,18.061453062819453,18.813633819538552,17.77611769482399,18.52103791647502,3720900.22
2023-08-11,18.52103791647502,18.719465860921787,18.4781384089676,18.676206941873822,2914428.94
2023-08-12,18.676206941873822,18.90313181105763,18.300886994368806,18.525986614548188,3205341.47
2023-08-13,18.525986614548188,18.927282985969423,18.431096320076048,18.830831274008098,3494998.42
2023-08-14,18.830831274008098,18.963191306136412,18.528391626540547,18.659547723702225,3072821.6
2023-08-15,18.659547723702225,18.7555221420194,18.61056941433909,18.706420798379852,3802356.46
2023-08-16,18.706420798379852,18.800894390607073,18.26459000946233,18.35730042872362,3924043.87
2023-08-17,18.35730042872362,18.720028368899932,17.726103544086076,18.08341978652477,6025133.43
2023-08-18,18.08341978652477,18.460566928214348,17.722232234322718,18.099066850787153,3752080.46
2023-08-19,18.099066850787153,18.47120991678433,17.828354355844887,18.19900265576802,2169946.05
2023-08-20,18.19900265576802,18.435833982528308,17.52151788574695,17.752539194458897,4681027.98
2023-08-21,17.752539194458897,18.17029669977403,17.468744881063266,17.8843945304744,3326082.91
2023-08-22,17.8843945304744,18.2087812653267,17.352322663929723,17.672872822937002,5787754.02
2023-08-23,17.672872822937002,18.213829498867582,17.472330056359,18.009467230257563,5055587.57
2023-08-24,18.009467230257563,18.05692419328086,17.871592174509342,17.918810246227082,3084674.44
2023-08-25,17.918810246227082,18.183455390491464,17.36776423406013,17.628116079912168,4192254.54
2023-08-26,17.628116079912168,17.997786251579463,17.28043947816846,17.64968426388551,3017033.86
2023-08-27,17.64968426388551,17.766965589946096,17.300481356556915,17.4162112654678,3502355.27
2023-08-28,17.4162112654678,17.9286500312771,17.236086187294745,17.745123220618687,4144404.75
2023-08-29,17.745123220618687,17.898148546945603,17.594237516441467,17.74724480308165,4622857.5
2023-08-30,17.74724480308165,17.90747429242719,17.549925264554727,17.709816838709198,4377879.29
2023-08-31,17.709816838709198,18.133812328308437,17.444431693370166,17.866085466347744,3566234.85
2023-09-01,17.866085466347744,18.02350853030845,17.451704502270044,17.60684331126975,6511819.72
2023-09-02,17.60684331126975,17.94030837120644,16.951979294438143,17.279239701129526,3194746.9
2023-09-03,17.279239701129526,17.66678112208222,16.9990766630444,17.384904844975487,2341900.57
2023-09-04,17.384904844975487,17.42832619087257,17.066144911865738,17.108876837389136,2457361.33
2023-09-05,17.108876837389136,17.39517472720967,16.55539688172931,16.83714768861529,5059486.02
2023-09-06,16.83714768861529,17.318043923456866,16.5692445310889,17.04680482039852,3433567.26
2023-09-07,17.04680482039852,17.374496133003593,16.85422899074158,17.180410969759993,3641979.47
2023-09-08,17.180410969759993,17.368411278654047,16.68487517521598,16.86947297887096,3056076.79
2023-09-09,16.86947297887096,17.1569200982095,16.434078443710902,16.718960915107647,3125478.37
2023-09-10,16.718960915107647,16.880234272580793,16.34165399088471,16.50082316209903,2874816.95
2023-09-11,16.50082316209903,17.0204243290739,16.420458837076293,16.937931147335924,3937518.38
2023-09-12,16.937931147335924,17.297273821023,16.808657825077436,17.166257868361157,3415821.39
2023-09-13,17.166257868361157,17.28253597527807,16.94703598266603,17.062612029646058,3902097.83
2023-09-14,17.062612029646058,17.45462073603894,16.819315177726626,17.209233203630895,3809974.76
2023-09-15,17.209233203630895,17.299060587543973,16.784374359167142,16.87244379657514,3146508.06
2023-09-16,16.87244379657514,17.102008644683572,16.4814581500278,16.708796427770018,2430459.45
2023-09-17,16.708796427770018,16.910213403914838,16.535235391364285,16.736365991285794,2378126.68
2023-09-18,16.736365991285794,17.137904976273624,16.449941552085285,16.849543626708414,7459033.64
2023-09-19,16.849543626708414,17.030338848651176,16.646817313471914,16.827374662934893,5064757.86
2023-09-20,16.827374662934893,17.207008029107154,16.512089048547764,16.8905389391026,4893014.67
2023-09-21,16.8905389391026,17.219770384476522,16.582988501600195,16.911832229285807,2956810.83
2023-09-22,16.911832229285807,17.00205983787998,16.783201262008657,16.8732228829284,3508330.92
2023-09-23,16.8732228829284,17.115370409058244,16.560899487392046,16.80202525679202,2854573.0
2023-09-24,16.80202525679202,16.900539655503884,16.60134019403075,16.69925200795548,2521218.82
2023-09-25,16.69925200795548,17.039847155964868,16.418379314337976,16.757986577574474,3020944.67
2023-09-26,16.757986577574474,17.087736748001436,16.532708682785337,16.86107305990043,4875921.97
2023-09-27,16.86107305990043,17.035410493465655,16.738086395013767,16.912051982278314,4318677.88
2023-09-28,16.912051982278314,17.021713537801112,16.516495015761965,16.62429066204863,2746290.16
2023-09-29,16.62429066204863,16.78608487176186,16.225052134950666,16.384512730452144,3235097.14
2023-09-30,16.384512730452144,16.752944929267343,16.115593502040774,16.482418767745486,4220880.52
2023-10-01,16.482418767745486,17.11873898663297,16.21324588736417,16.843666600777432,3034419.45
2023-10-02,16.843666600777432,16.927130244228348,16.79986006329436,16.883220835197545,3570335.36
2023-10-03,16.883220835197545,17.008851749528077,16.65865177172955,16.783540951109114,3869885.15
2023-10-04,16.783540951109114,17.00255809137838,16.622229012897918,16.84069681006874,3859337.77
2023-10-05,16.84069681006874,17.051887168314067,16.3565640645441,16.564288126257008,3729593.79
2023-10-06,16.564288126257008,16.96623270135574,16.486576997784542,16.887007539224204,2972307.76
2023-10-07,16.887007539224204,17.071220036431804,16.75131884002773,16.935144551796643,3049627.1
2023-10-08,16.935144551796643,17.238973684943495,16.470776547033317,16.771672876311577,2636231.69
2023-10-09,16.771672876311577,16.949081204154083,16.555599363352886,16.732594323925202,2368907.36
2023-10-10,16.732594323925202,16.990185553538126,16.35006502852179,16.605702816923916,3401021.35
2023-10-11,16.605702816923916,17.11149606807382,16.42758983069368,16.929905677706284,4292322.12
2023-10-12,16.929905677706284,17.105463489945958,16.706628804083035,16.8816865996055,2478596.25
2023-10-13,16.8816865996055,17.145342636528074,16.658938493956704,16.922061793939747,3747190.2
2023-10-14,16.922061793939747,17.180669198858165,16.809215988908168,17.066857812711085,4258516.12
2023-10-15,17.066857812711085,17.177731592719685,16.77477070145771,16.884459542451015,2211297.67
2023-10-16,16.884459542451015,17.26979709700175,16.550005930916576,16.934355135136563,3271071.78
2023-10-17,16.934355135136563,17.30449552225342,16.63560167754895,17.00450449966651,5282056.54
2023-10-18,17.00450449966651,17.264326324879764,16.369439633871156,16.6234389341911,4017855.18
2023-10-19,16.6234389341911,16.76155042532747,16.549155406660063,16.68698294492187,2192732.93
2023-10-20,16.68698294492187,16.72943537713271,16.635230449721007,16.677659161809892,4126162.65
2023-10-21,16.677659161809892,16.797511829494496,16.591645384247336,16.71132442585498,2903244.11
2023-10-22,16.71132442585498,17.03761798431639,16.39582870230628,16.72192218402355,4160310.46
2023-10-23,16.72192218402355,17.067671532949156,16.44277952733658,16.787435252468686,2945393.8
2023-10-24,16.787435252468686,17.31707689789182,16.595800497511863,17.12162721858402,3453902.87
2023-10-25,17.12162721858402,17.454438275577346,16.502931532903602,16.830075390701,3059884.82
2023-10-26,16.830075390701,16.908141322652323,16.67007939488654,16.747763525072163,3502764.1
2023-10-27,16.747763525072163,17.118142989568067,16.545706649827117,16.914079559939914,3037220.92
2023-10-28,16.914079559939914,17.125876513955866,16.82446879560515,17.035621818942545,3309769.03
2023-10-29,17.035621818942545,17.28154094245796,16.90758694243752,17.1526266906965,2608725.31
2023-10-30,17.1526266906965,18.198966373180458,16.82805730697082,17.86099297773219,3956769.33
2023-10-31,17.86099297773219,18.342248635550522,17.546121295014476,18.024494580896402,3656784.72
2023-11-01,18.024494580896402,18.39802559291128,17.955417901855682,18.327786584226555,2336443.56
2023-11-02,18.327786584226555,18.446766698406265,18.12906989986057,18.247528998769972,4486137.71
2023-11-03,18.247528998769972,18.47929331800882,17.75748250084798,17.98592414162278,3349097.74
2023-11-04,17.98592414162278,18.041758748327833,17.849677961299683,17.905262164983668,3644443.09
2023-11-05,17.905262164983668,18.310452639065105,17.69216226382602,18.095093456303857,4237203.02
2023-11-06,18.095093456303857,18.433287380601584,17.868527580599416,18.205341111007897,3799325.42
2023-11-07,18.205341111007897,18.447855745704498,18.073581606597752,18.315300420767244,4683584.61
2023-11-08,18.315300420767244,18.448566459550776,18.127033038245518,18.259895942206306,3252549.3
2023-11-09,18.259895942206306,18.37170907907537,18.050949781517097,18.162164466847038,4532938.09
2023-11-10,18.162164466847038,18.504379141999106,17.77502568995897,18.11637764175537,3609228.81
2023-11-11,18.11637764175537,18.476606062213882,17.953336030571936,18.311805661287544,3973595.39
2023-11-12,18.311805661287544,18.77331177637289,18.08227004978547,18.5409044475227,3871609.31
2023-11-13,18.5409044475227,18.678632632988407,18.135796762489303,18.27152389700697,4772859.25
2023-11-14,18.27152389700697,18.749555733778713,18.00388349054475,18.478878014145177,4191740.59
2023-11-15,18.478878014145177,18.54957714589633,18.23549492715629,18.3055308425306,3133111.49
2023-11-16,18.3055308425306,18.49446744960027,18.245313924264472,18.433828490092974,2981558.67
2023-11-17,18.433828490092974,18.717656132502665,18.10103218249954,18.384094058510225,3456734.76
2023-11-18,18.384094058510225,19.096652567151395,18.106861492683656,18.812952801509567,2894283.57
2023-11-19,18.812952801509567,18.94031694443731,18.57352352554499,18.70012381351038,2690467.36
2023-11-20,18.70012381351038,18.90857401927374,18.543214051107793,18.751235387786878,2055974.31
2023-11-21,18.751235387786878,19.28465467415739,18.390636211228696,18.92079475415351,2376068.61
2023-11-22,18.92079475415351,18.994168561430254,18.609630925680378,18.682079006342498,5749509.57
2023-11-23,18.682079006342498,18.78103138776127,18.565369594954838,18.66422742283384,2970225.59
2023-11-24,18.66422742283384,18.846029886878778,18.41241243005171,18.59352621551325,5632920.48
2023-11-25,18.59352621551325,18.725127109236276,18.32547041079275,18.45609862220192,3871149.99
2023-11-26,18.45609862220192,18.70861780349007,18.08866510974356,18.33959020493894,3456731.41
2023-11-27,18.33959020493894,18.912047292052765,18.074934677843057,18.6430131201421,2405148.6
2023-11-28,18.6430131201421,18.856941425558876,18.27016884950598,18.482252428313437,3504087.67
2023-11-29,18.482252428313437,18.880727281448543,18.241954472912273,18.638399176076447,5617062.89
2023-11-30,18.638399176076447,18.91017656617591,18.45571350911269,18.726626136049045,5166379.51
2023-12-01,18.726626136049045,19.020390169065454,18.061324381138732,18.34916722736433,3748375.82
2023-12-02,18.34916722736433,18.54237824945374,18.298564390123566,18.49138321281365,2626352.17
2023-12-03,18.49138321281365,18.632510264220596,17.976027224366156,18.114276178270206,2755149.3
2023-12-04,18.114276178270206,18.54565557939694,17.85488443961209,18.283835791043074,2828128.0
2023-12-05,18.283835791043074,18.428892649016014,18.006459867460645,18.150458562258542,4817724.4
2023-12-06,18.150458562258542,18.21668728054102,18.088499520773635,18.154713713522625,5262957.22
2023-12-07,18.154713713522625,18.303768301330102,17.6693073562717,17.815577554238036,3675672.75
2023-12-08,17.815577554238036,18.113852412237947,17.551783973977315,17.849555720467475,3244602.54
2023-12-09,17.849555720467475,18.17164866505956,17.774663847337468,18.09572393715482,5154863.27
2023-12-10,18.09572393715482,18.36794450924273,17.61591933044931,17.884969445893404,2740442.99
2023-12-11,17.884969445893404,18.170381417071763,17.44559144171938,17.728506546198968,3545640.43
2023-12-12,17.728506546198968,18.08882762379887,17.49031673179312,17.84901867906825,3929469.65
2023-12-13,17.84901867906825,18.091919085399173,17.734852556004096,17.976934783699775,2820919.28
2023-12-14,17.976934783699775,18.273470011389588,17.06267658424457,17.3488513774034,2985551.28
2023-12-15,17.3488513774034,17.975657428430004,17.247187714986236,17.870934377886204,2928026.29
2023-12-16,17.870934377886204,18.341625029734924,17.543810906831798,18.01192083303931,4987549.38
2023-12-17,18.01192083303931,18.466751106804654,17.74679215635404,18.1988706001059,5648300.98
2023-12-18,18.1988706001059,18.25319347686346,18.108441040382818,18.16265581751074,3601898.62
2023-12-19,18.16265581751074,18.460290312186952,17.38772758797098,17.6774102824774,3273004.34
2023-12-20,17.6774102824774,18.05355225042816,17.48091165938495,17.85507870007728,3012597.61
2023-12-21,17.85507870007728,18.03626632748654,17.53005661591183,17.70976969400695,3501528.36
2023-12-22,17.70976969400695,18.024351901875452,17.540301339842973,17.853508086078968,3050201.12
2023-12-23,17.853508086078968,18.084163648587435,17.56839518132797,17.798337982443755,3416120.01
2023-12-24,17.798337982443755,18.131231235924684,17.530608031547413,17.86253559798091,3880915.87
2023-12-25,17.86253559798091,18.186340124656965,17.342587370582102,17.662770642224665,3162727.32
2023-12-26,17.662770642224665,18.01362552031459,17.540667791616922,17.889952162351307,3337980.4
2023-12-27,17.889952162351307,18.128854098931257,17.348227448004145,17.583030764551648,3341431.63
2023-12-28,17.583030764551648,18.434224261988334,17.330641004478142,18.173360805912225,3232875.89
2023-12-29,18.173360805912225,19.04710110913557,17.916274110241794,18.781412699463054,3134284.75
2023-12-30,18.781412699463054,19.44759520768472,18.577183398776064,19.238396658103007,4234698.44
2023-12-31,19.238396658103007,19.780783709979307,19.06451222086391,19.60359843089413,2248085.49
2024-01-01,19.60359843089413,19.91182225503198,19.273634243997446,19.581510788132483,5187920.45
2024-01-02,19.581510788132483,20.068817873276934,19.43660415269755,19.921396027093213,3620620.19
2024-01-03,19.921396027093213,20.035843589118244,19.781260285363324,19.895559417177346,4076616.53
2024-01-04,19.895559417177346,20.130822924821224,19.2198730014528,19.449866220252677,4195583.46
2024-01-05,19.449866220252677,20.020896673471288,19.317276570961077,19.88533841223361,2932185.88
2024-01-06,19.88533841223361,20.27184970535695,19.833672387023675,20.21931594075779,2784792.4
2024-01-07,20.21931594075779,20.278525445145178,20.15310159203684,20.21229052344945,2703901.28
2024-01-08,20.21229052344945,20.505574688667714,19.566716971791806,19.854814086172347,3290356.64
2024-01-09,19.854814086172347,20.242313051660954,19.302939916992756,19.687166976674767,4168532.86
2024-01-10,19.687166976674767,19.887668780982533,18.97555747915115,19.17080040443683,3024731.91
2024-01-11,19.17080040443683,19.530696508323476,19.081711772882894,19.44035522847652,4074491.19
2024-01-12,19.44035522847652,19.76550484687805,18.673362010120407,18.990995869557636,1936307.22
2024-01-13,18.990995869557636,19.20103077766725,18.863645173106047,19.07312930702063,3178378.52
2024-01-14,19.07312930702063,19.45309038602059,18.46551322967785,18.840846947614402,4685849.91
2024-01-15,18.840846947614402,19.06955137241925,18.229048485940737,18.45304548379348,3353552.21
2024-01-16,18.45304548379348,18.634278754570634,18.33886937083327,18.519690284511874,2844755.32
2024-01-17,18.519690284511874,18.722075049883067,18.229951536874008,18.431371143085368,2969970.92
2024-01-18,18.431371143085368,18.811249655723692,18.283240740279616,18.661271574670266,1641741.1
2024-01-19,18.661271574670266,18.96042100883908,18.02615730237137,18.319833311929553,2717772.13
2024-01-20,18.319833311929553,18.391366507569053,18.0488975857686,18.11964912502718,4558863.28
2024-01-21,18.11964912502718,18.435403016850078,17.193580271023606,17.49851016495042,3025608.65
2024-01-22,17.49851016495042,17.77519772927633,16.681087883809774,16.949087948838333,3116239.16
2024-01-23,16.949087948838333,17.708291696772896,16.652401817311755,17.403648684810825,1953865.9
2024-01-24,17.403648684810825,18.270293977254436,17.08847056627939,17.945306496724342,2328102.41
2024-01-25,17.945306496724342,18.08199371024033,17.835194081471347,17.97171922645623,4712767.26
2024-01-26,17.97171922645623,18.176203326400728,17.55596698937971,17.758019592551594,4084039.16
2024-01-27,17.758019592551594,18.06520846961817,17.376609238505125,17.68249158681445,2530465.33
2024-01-28,17.68249158681445,18.069840813105,17.527009730086476,17.912337921350353,2989541.02
2024-01-29,17.912337921350353,17.967639333907375,17.724902913485863,17.779795121835726,3474567.05
2024-01-30,17.779795121835726,17.973177121752997,17.650901947616674,17.843819805810753,2595375.05
2024-01-31,17.843819805810753,17.957209529438174,17.729097332415147,17.84247853283545,2120659.23
2024-02-01,17.84247853283545,18.157596814632413,17.383794806688364,17.69633197555668,3363426.92
2024-02-02,17.69633197555668,17.879475461234094,17.380592210650942,17.562349075909133,4038668.7
2024-02-03,17.562349075909133,17.892300291575804,17.311140812633866,17.639981588653995,4058150.38
2024-02-04,17.639981588653995,17.980753305391023,17.055205478183833,17.391170628796772,4356078.89
2024-02-05,17.391170628796772,17.637955677534112,17.262730201703082,17.508647637928952,2373518.97
2024-02-06,17.508647637928952,17.783561280232913,17.116948667881704,17.389999343063987,3551032.64
2024-02-07,17.389999343063987,17.466427423461493,17.348093719329253,17.42443880907932,3272813.88
2024-02-08,17.42443880907932,17.852352857495124,17.35693494479764,17.783458119677565,3424507.95
2024-02-09,17.783458119677565,17.87083841480092,17.654484020946636,17.741658932771468,3319511.26
2024-02-10,17.741658932771468,18.12156050524465,17.606404862517483,17.984455468302677,2967295.47
2024-02-11,17.984455468302677,18.150879480485493,17.35809430692652,17.52022241325076,1645946.1
2024-02-12,17.52022241325076,17.705696499082375,17.217585298097003,17.401805791701815,4679635.51
2024-02-13,17.401805791701815,17.522522144489773,17.290156428150883,17.41081497831973,3800986.01
2024-02-14,17.41081497831973,17.967745270416398,17.35524182015077,17.910576934178266,2414978.83
2024-02-15,17.910576934178266,18.16482501834619,17.158287145632375,17.405363515326158,3939468.76
2024-02-16,17.405363515326158,17.447587262628325,17.340612552370658,17.382781517906746,3129698.79
2024-02-17,17.382781517906746,18.054151359530174,17.094740633434544,17.759862072502198,3151945.53
2024-02-18,17.759862072502198,18.092411704343537,17.229883344060905,17.558665615122283,2888274.65
2024-02-19,17.558665615122283,17.818299290282418,17.247082273943114,17.505936259074424,4002805.89
2024-02-20,17.505936259074424,17.81713652850329,17.283133143646186,17.593222495886288,2865684.03
2024-02-21,17.593222495886288,17.886769015329,17.34997273382734,17.642833317503776,2660607.01
2024-02-22,17.642833317503776,18.30246270067517,17.40042084348821,18.054395365422106,4644571.75
2024-02-23,18.054395365422106,18.516651665322282,17.715501862661558,18.175485222103255,3346927.02
2024-02-24,18.175485222103255,18.893495327718465,17.823653163652526,18.534709581686183,3373299.59
2024-02-25,18.534709581686183,18.714140575291633,18.260727942862896,18.439234661953197,4161514.2
2024-02-26,18.439234661953197,18.680925550489203,18.00312518577355,18.242233901584456,2962004.67
2024-02-27,18.242233901584456,18.542328262324716,17.88488104390024,18.184017717738207,3113428.95
2024-02-28,18.184017717738207,18.2207255548051,17.843627658166,17.879721215892474,3777988.73
2024-02-29,17.879721215892474,18.21574013536701,17.674349615414773,18.008884923537522,2380757.15
2024-03-01,18.008884923537522,18.256539041099987,17.663042083169024,17.909327104086852,3698908.33
2024-03-02,17.909327104086852,18.17634976429834,17.471409631804384,17.73584573721059,2897461.77
2024-03-03,17.73584573721059,18.022283088543816,17.58263978839392,17.86793611538483,4334607.73
2024-03-04,17.86793611538483,17.998757988782042,17.444229832533882,17.572891507456255,4012557.43
2024-03-05,17.572891507456255,17.868266239789506,17.480131836339968,17.774442667532426,3882192.45
2024-03-06,17.774442667532426,17.98845904179,17.439699618364234,17.652244645354436,2342042.25
2024-03-07,17.652244645354436,18.289732802973326,17.324840312454015,17.95668193115004,3410688.3
2024-03-08,17.95668193115004,18.282193599068954,17.531937949630684,17.855617562420566,2607641.91
2024-03-09,17.855617562420566,18.176594925210786,17.704212876540787,18.023764456793096,3467892.26
2024-03-10,18.023764456793096,18.19331090744561,17.904061562367556,18.073279166398123,1961958.19
2024-03-11,18.073279166398123,18.56944270565553,17.78052297075186,18.273444179320673,2381081.75
2024-03-12,18.273444179320673,18.580442227594116,17.998435416860886,18.304959175772776,4711570.87
2024-03-13,18.304959175772776,18.508073143743868,17.667859175836313,17.866103550460174,3838287.34
2024-03-14,17.866103550460174,18.297492931379843,17.70526315513795,18.1342386379544,3203708.38
2024-03-15,18.1342386379544,18.21091676835939,18.036386200503213,18.112974418083255,2788704.46
2024-03-16,18.112974418083255,18.621467364468735,17.82076695602729,18.325826074218785,2668988.31
2024-03-17,18.325826074218785,18.757025591696078,18.085494594068685,18.514223401180093,3679592.11
2024-03-18,18.514223401180093,18.676849937043123,18.146814607725123,18.307626422536746,3211875.04
2024-03-19,18.307626422536746,18.647016561874114,17.730923517454464,18.06583121280772,5152204.93
2024-03-20,18.06583121280772,18.495319500072643,17.815183906526915,18.242224888755032,3342008.72
2024-03-21,18.242224888755032,18.58383425745058,17.8232271258058,18.163359640229174,3551759.42
2024-03-22,18.163359640229174,18.610512262291593,17.97192828651953,18.416413862763264,2473507.3
2024-03-23,18.416413862763264,18.603950430441092,18.183363674320884,18.370432003166307,3198200.03
2024-03-24,18.370432003166307,19.002064451658416,18.023776307398585,18.650130754521978,3658344.86
2024-03-25,18.650130754521978,19.130073884556897,18.29062625160433,18.76829168255731,3188550.87
2024-03-26,18.76829168255731,19.213462096544912,18.406179796156025,18.84977802793651,3099856.55
2024-03-27,18.84977802793651,19.16532619784298,18.434973725430634,18.748832044114064,3798059.87
2024-03-28,18.748832044114064,19.009142702838247,18.555282027407234,18.814910537321605,5111376.74
2024-03-29,18.814910537321605,19.259654362340104,18.706058992907746,19.148870728876375,3629174.86
2024-03-30,19.148870728876375,19.319332747953727,18.965454791351217,19.135800459730927,4659040.56
2024-03-31,19.135800459730927,19.651835051747383,18.774337534559557,19.287506497398038,4088440.34
2024-04-01,19.287506497398038,19.467695810400215,19.122714479489915,19.302773352825703,4589868.21
2024-04-02,19.302773352825703,19.642329525196768,19.001246396442102,19.34021765460713,3005166.54
2024-04-03,19.34021765460713,20.206403623597286,18.98021732846539,19.837153298461025,3323542.04
2024-04-04,19.837153298461025,20.58496156037248,19.45098226615943,20.191884946179748,3326995.27
2024-04-05,20.191884946179748,20.602967203916336,19.807065284164217,20.21765638632456,4012170.14
2024-04-06,20.21765638632456,20.52678886666884,19.975225725415292,20.283567858869446,4266808.71
2024-04-07,20.283567858869446,20.503722486294105,19.860308202664672,20.07823417081669,3611152.65
2024-04-08,20.07823417081669,20.47533203256763,19.63350138762587,20.029638139959577,4357679.16
2024-04-09,20.029638139959577,20.242190946770013,19.91091795436632,20.122917871158343,3040220.66
2024-04-10,20.122917871158343,20.48716861680733,20.01474622643972,20.377627767651944,4367135.74
2024-04-11,20.377627767651944,21.003363209672816,19.983579846071226,20.604920072835924,4511886.37
2024-04-12,20.604920072835924,20.901744388910984,19.982846624799123,20.27491708052682,4145971.15
2024-04-13,20.27491708052682,20.80931902111708,20.038643898450754,20.56961162437377,3619389.68
2024-04-14,20.56961162437377,20.65964268079136,20.455239198739633,20.5451632471461,4183272.36
2024-04-15,20.5451632471461,20.77605645825923,20.024773069210738,20.252375840443005,2798999.0
2024-04-16,20.252375840443005,21.047621979296903,19.867662098565045,20.655255149808276,3677942.65
2024-04-17,20.655255149808276,21.37661009776405,20.389792905503956,21.105363047040647,3773076.01
2024-04-18,21.105363047040647,21.386179451304308,20.90943530938198,21.18947091380732,2510254.27
2024-04-19,21.18947091380732,21.66836890499764,20.936895513618676,21.413127550349383,3940899.64
2024-04-20,21.413127550349383,22.04652491406561,21.028748815272994,21.657754967249964,2561411.02
2024-04-21,21.657754967249964,22.515300534016315,21.258574910064542,22.107825109857938,3144904.09
2024-04-22,22.107825109857938,22.55311946550206,21.904398034132218,22.347487118953424,3534964.33
2024-04-23,22.347487118953424,22.63677753074123,21.635546207163717,21.919293612022578,2915609.45
2024-04-24,21.919293612022578,22.73568188500896,21.765296391995033,22.577063406578993,3572985.35
2024-04-25,22.577063406578993,23.167098002772956,22.34859401576922,22.935006395242965,3558724.58
2024-04-26,22.935006395242965,23.071650582288285,22.63127865723678,22.766921412873074,2851136.13
2024-04-27,22.766921412873074,23.030255025641097,22.169034748917326,22.428453472005785,4033992.51
2024-04-28,22.428453472005785,22.877928571876044,22.15015398973315,22.597531119636017,2891350.93
2024-04-29,22.597531119636017,22.780143152720573,22.32618948464936,22.50807864682211,6201285.21
2024-04-30,22.50807864682211,22.77576180310531,22.35281500751221,22.619727992162545,3405505.08
2024-05-01,22.619727992162545,22.977991444780365,22.512997689624836,22.870079866706526,2611538.29
2024-05-02,22.870079866706526,22.973264772678444,22.581197425179667,22.68354070638112,2736493.97
2024-05-03,22.68354070638112,23.019400017021436,21.987559636641258,22.31800674171018,4662995.65
2024-05-04,22.31800674171018,22.581516875759217,22.184333395983575,22.447070504681015,3159693.58
2024-05-05,22.447070504681015,22.539632938883177,22.1829177495359,22.274769686430677,2488853.14
2024-05-06,22.274769686430677,22.771056804248833,21.829726684013497,22.3250100156083,4332701.09
2024-05-07,22.3250100156083,22.474107528781627,21.74602192533054,21.89222911252626,3154624.58
2024-05-08,21.89222911252626,22.289110481061737,21.418442529968093,21.813903951873616,4121090.64
2024-05-09,21.813903951873616,22.331977092452906,21.531079114058322,22.04614121785887,4422275.91
2024-05-10,22.04614121785887,22.57609501718371,21.718287253617333,22.24527961348689,3748586.57
2024-05-11,22.24527961348689,22.514370537196303,21.726163900230876,21.992193355797696,6370894.08
2024-05-12,21.992193355797696,22.107753568237023,21.507655418506577,21.621266558435988,2274084.03
2024-05-13,21.621266558435988,22.00170813607862,21.248366124646978,21.62867984585316,2852727.2
2024-05-14,21.62867984585316,22.17835125429255,21.26307924418775,21.80969092999306,3283058.53
2024-05-15,21.80969092999306,22.124033656737982,21.62879397353707,21.942038960929967,6159874.17
2024-05-16,21.942038960929967,22.28761099018972,21.437363684013004,21.780389850918105,5486352.18
2024-05-17,21.780389850918105,22.13572049978618,21.523931757649542,21.878111757969787,4830430.94
2024-05-18,21.878111757969787,22.778408773819955,21.476366518021976,22.367673763297987,2869770.28
2024-05-19,22.367673763297987,22.806649204531965,21.999706770493454,22.437532969200575,2954662.06
2024-05-20,22.437532969200575,22.49896522599653,21.849325118922025,21.90931114458287,2845170.4
2024-05-21,21.90931114458287,22.368897781278484,21.518734566873214,21.97711251081656,2877455.07
2024-05-22,21.97711251081656,23.088094213812482,21.550005009236916,22.64794953435295,5083190.52
2024-05-23,22.64794953435295,22.995795125447543,21.885740110390895,22.227122295183044,3293073.05
2024-05-24,22.227122295183044,22.33177407858652,22.134692061722948,22.239293232968627,3403786.29
2024-05-25,22.239293232968627,22.606970264374265,21.80162199628665,22.16812237657632,4247623.56
2024-05-26,22.16812237657632,22.504938476401414,21.865421037804474,22.201777582431525,2309153.43
2024-05-27,22.201777582431525,22.44790577536101,22.02196818953411,22.26756358989689,3546369.57
2024-05-28,22.26756358989689,23.0508845629073,21.8686947454634,22.64525038490357,2660582.37
2024-05-29,22.64525038490357,22.952138343683426,22.369426697284872,22.67594084016946,3251639.2
2024-05-30,22.67594084016946,23.5079692846132,22.282451979004087,23.107000375460764,3022722.14
2024-05-31,23.107000375460764,23.43193211173416,22.74536067310296,23.069768858010423,2984009.25
2024-06-01,23.069768858010423,23.2357163925636,22.789137306354615,22.954253908391244,3703055.98
2024-06-02,22.954253908391244,23.40301729699204,22.288338950330385,22.73277229893204,3699014.08
2024-06-03,22.73277229893204,23.011887547379168,21.866029941791897,22.137840558923585,3312846.6
2024-06-04,22.137840558923585,22.481217718998646,21.88764766507798,22.22998346342388,3839852.88
2024-06-05,22.22998346342388,23.124148451787413,22.024063273955793,22.91191144523981,2816822.1
2024-06-06,22.91191144523981,23.17163383793014,22.80985730882355,23.0688805304963,4150212.08
2024-06-07,23.0688805304963,23.639310511850777,22.737799836370552,23.304843319457213,3324147.38
2024-06-08,23.304843319457213,23.532167746706246,22.940809138080816,23.16678690988125,3101379.7
2024-06-09,23.16678690988125,23.602855923373944,22.651998532351367,23.0865573834473,2869314.83
2024-06-10,23.0865573834473,23.878526450858296,22.639330387729796,23.424748109274063,3295024.5
2024-06-11,23.424748109274063,24.508935129416926,23.054226326906228,24.12730069663082,5586890.01
2024-06-12,24.12730069663082,24.818955495339775,23.973732701775788,24.66198428980988,3445036.59
2024-06-13,24.66198428980988,25.329106852348733,24.294825687713672,24.957548005750702,2629153.9
2024-06-14,24.957548005750702,25.032326211303605,24.89845872679791,24.973199875117665,4403799.69
2024-06-15,24.973199875117665,25.475648710260863,24.551771906563857,25.05287618728289,3110491.83
2024-06-16,25.05287618728289,25.32558010686859,24.51076242363868,24.78050150828877,3757307.91
2024-06-17,24.78050150828877,25.247894320828717,23.80518189188601,24.262810369457824,3008217.86
2024-06-18,24.262810369457824,24.476315354658045,23.65805584767919,23.868087396737202,4820879.1
2024-06-19,23.868087396737202,24.04912195749143,23.707285111281703,23.888184276844935,3019444.97
2024-06-20,23.888184276844935,24.363822250747468,23.315174757213168,23.788834577858594,4964077.42
2024-06-21,23.788834577858594,24.06364799280587,23.01561095647952,23.28459934431105,2692439.94
2024-06-22,23.28459934431105,23.69294801689823,22.866296504379545,23.274467491773457,3252865.73
2024-06-23,23.274467491773457,23.70269509300578,22.742409810438726,23.168691231190103,4966731.19
2024-06-24,23.168691231190103,23.431248961002858,22.518278875237442,22.776390886171868,3650289.66
2024-06-25,22.776390886171868,23.008775000942357,22.424536547375787,22.655689160464558,6175744.57
2024-06-26,22.655689160464558,22.926468760770646,22.282352264945057,22.551891278447272,3272250.11
2024-06-27,22.551891278447272,22.941121384829845,21.965726908528282,22.35149837139546,3732296.33
2024-06-28,22.35149837139546,23.09844011944639,21.918686545932317,22.65966106723584,5635299.45
2024-06-29,22.65966106723584,22.838894408315873,21.864583916673375,22.038907220235366,2397153.91
2024-06-30,22.038907220235366,22.375999950984387,21.08167212569805,21.40913222950872,2324082.79
2024-07-01,21.40913222950872,21.56537247447602,21.256340806503605,21.412556612537543,2868777.34
2024-07-02,21.412556612537543,21.7238673165724,21.134254300780437,21.44514149406773,4289225.33
2024-07-03,21.44514149406773,21.930663373604748,21.091592332418315,21.574973769462403,2340349.26
2024-07-04,21.574973769462403,21.962390262629313,21.023203234557553,21.40761449849215,4063421.01
2024-07-05,21.40761449849215,21.623336703150255,20.91104479712049,21.123908123471566,3992588.0
2024-07-06,21.123908123471566,21.306845356050946,20.94106797602486,21.124004375485093,5791321.63
2024-07-07,21.124004375485093,21.262622817535714,20.85234384770494,20.99008348358495,4545483.94
2024-07-08,20.99008348358495,21.569624316698924,20.897695440803794,21.47510146288397,3833489.66
2024-07-09,21.47510146288397,21.65911121842955,21.192528789627183,21.375686708233484,4916250.77
2024-07-10,21.375686708233484,21.753942320324764,20.98341592021538,21.36141905766229,4004781.23
2024-07-11,21.36141905766229,22.364413228260148,21.157661639086943,22.153104263904407,3119726.87
2024-07-12,22.153104263904407,22.32393298695214,21.922069556537895,22.092430406666743,2629020.98
2024-07-13,22.092430406666743,22.616646986929293,21.754319447706134,22.275730730091084,3035637.85
2024-07-14,22.275730730091084,22.622502193977574,22.14473783911939,22.490247830799866,3465110.42
2024-07-15,22.490247830799866,22.885517456963377,22.341516168471465,22.735166110267162,3656540.82
2024-07-16,22.735166110267162,23.264726409312278,22.306691083534503,22.834381533426793,2052306.06
2024-07-17,22.834381533426793,22.981341810826645,22.755177867292442,22.90190393551157,3313062.16
2024-07-18,22.90190393551157,23.155241733043262,22.685174945385697,22.938169548322612,3525098.61
2024-07-19,22.938169548322612,23.222178986909544,22.466236755031805,22.747890246357468,4013434.38
2024-07-20,22.747890246357468,22.99969230816662,22.608111447101475,22.859229364225676,5256488.35
2024-07-21,22.859229364225676,23.717940120365306,22.697883786533243,23.55170688075031,3666275.7
2024-07-22,23.55170688075031,24.11970166050739,23.410556400927362,23.976008250685393,2788133.15
2024-07-23,23.976008250685393,24.28355645774774,23.779085135956638,24.08573214334981,2221634.36
2024-07-24,24.08573214334981,24.835753674416317,23.64801963803371,24.392466847545784,4155844.71
2024-07-25,24.392466847545784,24.630746422016124,23.851115863265765,24.08640565688581,2816489.15
2024-07-26,24.08640565688581,24.3157304535692,23.768824172631174,23.997300607058854,4346940.28
2024-07-27,23.997300607058854,24.553717317466184,23.782321849215982,24.335706961242323,4963534.1
2024-07-28,24.335706961242323,25.35615188573084,23.864711666785237,24.87472440292326,2379152.37
2024-07-29,24.87472440292326,24.976994092403658,24.496895748903793,24.598027830905927,4019815.91
2024-07-30,24.598027830905927,25.033259372216026,23.99483215625498,24.427038249361047,4835181.04
2024-07-31,24.427038249361047,25.42239119527082,24.23433580639065,25.223406285124966,4515531.05
2024-08-01,25.223406285124966,25.74730206894658,24.738682823662433,25.261840018412244,2072318.67
2024-08-02,25.261840018412244,26.148046612071784,25.067978373622484,25.948912312364648,2827378.5
2024-08-03,25.948912312364648,26.12150196645949,25.858305495208455,26.03060988274828,2541406.94
2024-08-04,26.03060988274828,26.424447436737456,25.73488252952593,26.127617998187517,3989361.36
2024-08-05,26.127617998187517,26.287037760784504,25.8550823450368,26.01380768485349,3881006.88
2024-08-06,26.01380768485349,26.788891465436667,25.609193689012983,26.3786035023261,1782986.91
2024-08-07,26.3786035023261,27.284018256214296,26.01374781817841,26.911787832402702,3246427.18
2024-08-08,26.911787832402702,27.29814543003442,26.12902661472409,26.50961037385523,4275679.03
2024-08-09,26.50961037385523,26.65495755178402,26.231362521893026,26.37597701339049,3631903.77
2024-08-10,26.37597701339049,27.129568743977565,25.98679037896685,26.73508337143266,3630352.31
2024-08-11,26.73508337143266,26.93837583549932,26.484424453135095,26.68735398492823,3194768.24
2024-08-12,26.68735398492823,27.220464104341165,25.968707468878527,26.498035741984793,2685931.87
2024-08-13,26.498035741984793,27.304075682363525,26.09601236806348,26.896014250961834,3485107.93
2024-08-14,26.896014250961834,27.68277282829,26.556387328750468,27.33757019934623,3545879.88
2024-08-15,27.33757019934623,27.81893341663224,26.682791689845573,27.161046659453756,4081957.28
2024-08-16,27.161046659453756,27.592302314650503,26.818610759820107,27.24876055241068,4165715.08
2024-08-17,27.24876055241068,27.574369551288083,26.453463648467302,26.77339223477305,3575940.87
2024-08-18,26.77339223477305,26.941306406154713,26.26152304809058,26.427266428883588,4601995.71
2024-08-19,26.427266428883588,26.85451283937824,26.051840261382257,26.47836082408546,3186846.28
2024-08-20,26.47836082408546,26.72516142610684,26.246844636102686,26.49351275569922,2439411.51
2024-08-21,26.49351275569922,26.567045163901433,26.051150334066115,26.12365621012303,3943333.32
2024-08-22,26.12365621012303,26.559636843205794,25.422379976682677,25.853857915722486,3612347.57
2024-08-23,25.853857915722486,25.929705818197082,25.381598236733886,25.456279757406733,3962978.34
2024-08-24,25.456279757406733,25.990899111630252,25.097310517748507,25.629487401319174,2551420.16
2024-08-25,25.629487401319174,25.75304654617086,24.783676298142204,24.90373661584121,5476476.89
2024-08-26,24.90373661584121,25.1474508406299,24.299836996146592,24.53999152001905,4180323.23
2024-08-27,24.53999152001905,24.96854933934089,23.46464704567315,23.881708846886553,3256860.67
2024-08-28,23.881708846886553,24.120412250025492,23.793357225927608,24.031506445079927,2770145.05
2024-08-29,24.031506445079927,24.36815690293667,23.079600455424735,23.40750951993473,4581613.92
2024-08-30,23.40750951993473,23.726123639735192,23.102576678051857,23.421014861907288,2657326.45
2024-08-31,23.421014861907288,24.41594254604007,23.00844114469744,23.9932879322809,6160168.77
2024-09-01,23.9932879322809,24.71740751342532,23.87070076135111,24.591762599159445,3002549.42
2024-09-02,24.591762599159445,24.994973444345764,23.55938106308967,23.95210395312192,5381080.94
2024-09-03,23.95210395312192,24.302832234310035,23.71013545069034,24.059776009220812,3342250.97
2024-09-04,24.059776009220812,24.293530938640718,23.485796927002927,23.71621394815196,5196314.61
2024-09-05,23.71621394815196,23.918089167265276,23.109313732515666,23.30771173243683,2912599.09
2024-09-06,23.30771173243683,23.51609047481997,23.06352861876695,23.271584370444526,3516520.7
2024-09-07,23.271584370444526,23.96613419672235,23.00723608402321,23.69695402020622,4279988.41
2024-09-08,23.69695402020622,24.002585291471522,23.604005163288505,23.908805469105896,4130020.01
2024-09-09,23.908805469105896,24.139553789542386,23.433802447044144,23.6621704470935,4608735.05
2024-09-10,23.6621704470935,24.239037158422615,23.337154874696566,23.910609116467462,3098428.17
2024-09-11,23.910609116467462,24.172847822002176,22.885934130428936,23.139718117952313,3574999.59
2024-09-12,23.139718117952313,23.25506800315516,22.774234898364107,22.88833163945828,4782005.95
2024-09-13,22.88833163945828,23.083681962288974,22.423121070455803,22.616148327600538,2934241.81
2024-09-14,22.616148327600538,22.870496614749143,22.39059046616467,22.644654452884932,4038600.55
2024-09-15,22.644654452884932,22.96257966468352,22.262947332535347,22.57996431113211,3313393.56
2024-09-16,22.57996431113211,22.99123112523457,22.125253978742048,22.53571484214028,3684856.18
2024-09-17,22.53571484214028,22.804042172764525,22.212923935669252,22.480594967214152,3574768.87
2024-09-18,22.480594967214152,22.80928694670607,22.16194093441482,22.490492618399866,2873963.77
2024-09-19,22.490492618399866,22.748614028725722,22.41426304454215,22.671770030803046,3279167.8
2024-09-20,22.671770030803046,23.159838461145895,22.236916264897097,22.72398322495007,3629141.18
2024-09-21,22.72398322495007,22.898361537255923,22.458336979257346,22.632009507659077,3411260.83
2024-09-22,22.632009507659077,22.958939066544684,22.44241547219016,22.768204094767388,5185918.42
2024-09-23,22.768204094767388,23.186669439457763,22.631340548185406,23.048123251225626,4505288.18
2024-09-24,23.048123251225626,23.129346250223442,22.78304907146469,22.86362187630888,3763156.47
2024-09-25,22.86362187630888,23.234489079400607,22.47569324318156,22.846279132359985,2892081.32
2024-09-26,22.846279132359985,23.388341599844107,22.701689110461245,23.241251866028183,2848399.32
2024-09-27,23.241251866028183,23.405994673179,22.709084442407917,22.87120421144759,5732866.84
2024-09-28,22.87120421144759,23.610662373013167,22.750619607216123,23.486831974225275,2719074.62
2024-09-29,23.486831974225275,23.94595104007918,22.58269035892736,23.03293670963158,3601058.65
2024-09-30,23.03293670963158,23.402814034018377,22.551158088620927,22.919209103881183,3830518.4
2024-10-01,22.919209103881183,23.34867368351255,22.18120539086951,22.60477810147257,3237922.94
2024-10-02,22.60477810147257,23.752755095687487,22.208945366321853,23.343978212165755,2724301.4
2024-10-03,23.343978212165755,23.77148447795221,22.75058135817933,23.174992938795377,2876397.98
2024-10-04,23.174992938795377,23.42117191851582,22.763671026094585,23.0080769215717,3053036.65
2024-10-05,23.0080769215717,23.12472202457734,22.769930315364864,22.885956297842412,2931135.09
2024-10-06,22.885956297842412,23.101309733723383,22.70552694240557,22.92060719594153,4877793.99
2024-10-07,22.92060719594153,23.087105404536118,22.647374402248747,22.813091603895373,3492023.86
2024-10-08,22.813091603895373,23.153198505833313,22.431766846648365,22.771249956185805,3070414.88
2024-10-09,22.771249956185805,22.827315240923298,21.57255205128301,21.62579710699193,3594850.77
2024-10-10,21.62579710699193,21.744977901345745,21.527253542609955,21.646340724631354,4136094.33
2024-10-11,21.646340724631354,21.963894325383617,21.336972691383377,21.654410952979532,3211082.29
2024-10-12,21.654410952979532,22.081831308908036,21.56298684482601,21.988994601182718,4385301.11
2024-10-13,21.988994601182718,22.481762732961563,21.925902605554665,22.417441414893457,2547153.03
2024-10-14,22.417441414893457,22.50634613970045,22.269683929099177,22.35835432200201,4690733.08
2024-10-15,22.35835432200201,22.956551338945037,22.035675539531855,22.62995281048983,3492175.46
2024-10-16,22.62995281048983,22.731965348932285,22.169637240395456,22.27002728688574,3458240.32
2024-10-17,22.27002728688574,22.628775166183054,22.16683959424737,22.524408802262275,2943235.21
2024-10-18,22.524408802262275,22.662830383889577,22.20143313955232,22.33871354891202,2574873.58
2024-10-19,22.33871354891202,22.685329800203288,21.61596547498113,21.956653533040512,2307339.17
2024-10-20,21.956653533040512,22.079750270725814,21.776685088639205,21.899461185870503,2892348.5
2024-10-21,21.899461185870503,22.41504180928385,21.841717625203824,22.35609421820832,4053907.67
2024-10-22,22.35609421820832,22.828358142022196,21.946853832302498,22.417984815291074,2752317.72
2024-10-23,22.417984815291074,23.32498893735865,22.019533569336446,22.917656658162148,2376552.53
2024-10-24,22.917656658162148,23.03973310279457,22.54932469546183,22.670082375762078,2788479.99
2024-10-25,22.670082375762078,23.17950214745876,22.516466120387232,23.023491135444775,3178961.72
2024-10-26,23.023491135444775,23.14768068205943,22.68400884324947,22.807030794932928,3210374.71
2024-10-27,22.807030794932928,23.22719924299385,22.466028698356936,22.885030918083856,3389016.43
2024-10-28,22.885030918083856,23.109634448265837,22.736274557447295,22.96038825290216,4530872.63
2024-10-29,22.96038825290216,23.62178037548178,22.52951141118168,23.186657346315556,4783041.2
2024-10-30,23.186657346315556,23.667906272590123,22.794859912536488,23.274622445171847,5778410.21
2024-10-31,23.274622445171847,23.567678343691146,22.736483308792145,23.026413959590087,2331556.66
2024-11-01,23.026413959590087,23.378434424158254,22.976656456949115,23.328025173451056,2825801.35
2024-11-02,23.328025173451056,24.358814450821818,22.910312404262015,23.930317014229473,4167783.08
2024-11-03,23.930317014229473,24.291657852679723,23.370789071267044,23.729091462311672,3124440.3
2024-11-04,23.729091462311672,24.11308352541066,22.728097732800006,23.101941038818552,4340369.95
2024-11-05,23.101941038818552,23.35086034821977,23.025869727200696,23.274221741455847,3685998.03
2024-11-06,23.274221741455847,23.617611542277697,22.82235235224912,23.1641176684319,5194311.17
2024-11-07,23.1641176684319,23.54592279812137,22.74112190925171,23.12223673177381,4542338.63
2024-11-08,23.12223673177381,23.762172110497975,22.677840373231394,23.314088469678595,4563168.03
2024-11-09,23.314088469678595,23.604313165834697,22.872931622269803,23.161253760359703,3157545.76
2024-11-10,23.161253760359703,23.419380220471112,22.81561080022711,23.07275091799078,3415752.28
2024-11-11,23.07275091799078,23.295567755004942,22.81898065923932,23.041495659779823,3242840.37
2024-11-12,23.041495659779823,23.8901524666782,22.704555761430594,23.545837487874103,2401971.68
2024-11-13,23.545837487874103,23.99645014703199,23.10847865456707,23.558849616257557,5056655.43
2024-11-14,23.558849616257557,23.860299017477335,22.84255582678229,23.138628247286995,4216940.21
2024-11-15,23.138628247286995,23.279568074157492,22.60065411237816,22.739160740502168,3210755.24
2024-11-16,22.739160740502168,22.84094022978163,22.686489315164497,22.788155316782916,4849672.1
2024-11-17,22.788155316782916,23.08768365357577,22.12191497295354,22.416559034790552,2989694.05
2024-11-18,22.416559034790552,22.810255725626554,21.526741985065147,21.911569667844855,2210523.47
2024-11-19,21.911569667844855,22.18959292388553,21.841725334472873,22.119087117230933,4502376.67
2024-11-20,22.119087117230933,22.549191771817384,21.91655852328273,22.344598333631485,2542436.59
2024-11-21,22.344598333631485,22.767377007903516,21.806299413866885,22.226850193876494,3332821.03
2024-11-22,22.226850193876494,22.571463614400486,21.981683903701523,22.32521237112246,3685085.5
2024-11-23,22.32521237112246,22.523058212575112,22.191889593233824,22.38935240017353,3854068.35
2024-11-24,22.38935240017353,22.779415140328645,22.20204721080306,22.59042779135171,4326951.41
2024-11-25,22.59042779135171,23.00713276365668,22.379286082588496,22.794087546508965,4046999.83
2024-11-26,22.794087546508965,22.887798855880256,21.85223448658749,21.942444511524275,4015798.07
2024-11-27,21.942444511524275,22.24731854914453,21.563848606702752,21.86768390093259,2872190.63
2024-11-28,21.86768390093259,22.315724096102382,21.590861810542687,22.036761657506183,3767169.25
2024-11-29,22.036761657506183,22.337762045054674,21.607815357439275,21.90704392900327,2402177.16
2024-11-30,21.90704392900327,22.205969186074658,21.62237836206751,21.921120702055497,5172196.19
2024-12-01,21.921120702055497,22.21709384898089,21.870699993067955,22.16610964161229,2464827.35
2024-12-02,22.16610964161229,22.30898484403035,22.052168494595314,22.19489572699788,3209621.47
2024-12-03,22.19489572699788,22.80641662157827,22.08435857581091,22.69339678753604,2516941.34
2024-12-04,22.69339678753604,23.160744550209664,22.607998658960167,23.073914485305185,2916025.03
2024-12-05,23.073914485305185,23.425527806018028,22.68538744700632,23.036429551154157,3511769.61
2024-12-06,23.036429551154157,23.13231799485697,22.87660885827789,22.972230073590275,3066612.23
2024-12-07,22.972230073590275,23.294472877541452,21.725726072194732,22.034819353530192,4659110.42
2024-12-08,22.034819353530192,22.149643360694753,21.817793596754086,21.932082238183202,3704277.46
2024-12-09,21.932082238183202,22.022652596720626,21.41498309830068,21.50378476679202,3117512.9
2024-12-10,21.50378476679202,21.68230516207896,21.39786699595406,21.576031536822125,3385045.97
2024-12-11,21.576031536822125,21.8680097490808,21.335431551537994,21.626843150172498,4747831.95
2024-12-12,21.626843150172498,22.14855413064693,21.332313981928433,21.85097261379875,4392860.85
2024-12-13,21.85097261379875,22.67594723287302,21.48792640670268,22.305351677805714,2632858.78
2024-12-14,22.305351677805714,22.401579634857857,22.203056561297384,22.299258230488427,2952345.8
2024-12-15,22.299258230488427,23.361586954654317,22.007330580860543,23.05970403414539,3941102.17
2024-12-16,23.05970403414539,23.509599214306338,22.69238340769525,23.140983872149132,3823264.41
2024-12-17,23.140983872149132,23.317394374531347,22.530324561714835,22.70339922810507,2691685.52
2024-12-18,22.70339922810507,22.7813826897767,22.44230950368802,22.51966184943364,4220884.13
2024-12-19,22.51966184943364,22.627914479523266,22.291802791016774,22.399477692579143,2801190.3
2024-12-20,22.399477692579143,22.67967112758798,22.31776315128931,22.59723515606494,4848743.8
2024-12-21,22.59723515606494,23.003303285871617,21.887667220603483,22.288181717366296,3995326.32
2024-12-22,22.288181717366296,22.48388599507869,21.99866672918579,22.193539992930468,2637369.07
2024-12-23,22.193539992930468,22.446996320486186,21.89080889653458,22.143695991896752,3066367.98
2024-12-24,22.143695991896752,22.494372125310843,21.65278122272154,22.001200746319125,3053070.53
2024-12-25,22.001200746319125,22.46032158313533,21.810076940310147,22.266889744346543,3642725.44
2024-12-26,22.266889744346543,22.78728678400176,21.962193014477446,22.47967828809005,3325994.56
2024-12-27,22.47967828809005,22.94718079988238,22.403691639746356,22.869875193382466,2628440.59
2024-12-28,22.869875193382466,23.11358348228359,22.519179830442738,22.761735752844555,2469950.68
2024-12-29,22.761735752844555,23.255626735029413,22.676667375682953,23.169036137282454,4014925.54
2024-12-30,23.169036137282454,23.31891928565624,22.566078448681036,22.713011521586356,3759636.15
2024-12-31,22.713011521586356,22.878365309374225,22.09596454076352,22.25800582570661,3593574.39
2025-01-01,22.25800582570661,22.59001755813029,21.54180227202759,21.867996425936234,3745091.07
2025-01-02,21.867996425936234,22.182549633113755,21.558916890227685,21.873393811431384,2998263.18
2025-01-03,21.873393811431384,22.608682779844465,21.53550583791889,22.264749364284143,3664753.44
2025-01-04,22.264749364284143,22.33402815468965,22.002918523643775,22.07159630074407,6602110.43
2025-01-05,22.07159630074407,22.510610411821357,21.484377372730428,21.9203837982067,4694561.68
2025-01-06,21.9203837982067,21.98569690828441,21.788423845880388,21.8535377842141,3256525.59
2025-01-07,21.8535377842141,22.41191521471991,21.485011518557627,22.040240495316954,3070744.47
2025-01-08,22.040240495316954,22.3780036721598,21.553499275028102,21.888943854943243,1711984.32
2025-01-09,21.888943854943243,22.1658764735895,21.44611107800154,21.72091788037053,4571934.9
2025-01-10,21.72091788037053,21.935942564147147,21.08835184335976,21.299201778539697,4260618.37
2025-01-11,21.299201778539697,21.632073847873293,20.793709528278875,21.123840992192694,3055080.6
2025-01-12,21.123840992192694,21.82316733483424,20.800277815532795,21.49393526124399,2446934.58
2025-01-13,21.49393526124399,21.621202875143116,21.397874350000766,21.525003115135398,2622022.87
2025-01-14,21.525003115135398,21.875158617459192,20.948826141691846,21.295244065205015,3911271.19
2025-01-15,21.295244065205015,21.761024916883116,21.222541549273274,21.686984987276247,3422693.4
2025-01-16,21.686984987276247,21.92575501730685,21.267421420524858,21.5041787852461,4160606.98
2025-01-17,21.5041787852461,22.257731073014863,21.211475238942555,21.958838932448863,3576460.96
2025-01-18,21.958838932448863,22.79414270851623,21.590141255693535,22.417739901195567,4456896.52
2025-01-19,22.417739901195567,22.670583841537407,22.186030501926847,22.438658230750654,3838788.24
2025-01-20,22.438658230750654,22.57920154134234,21.81616865213184,21.953674292307063,4305795.1
2025-01-21,21.953674292307063,22.951299353703405,21.715874878772237,22.705357799820206,2075790.65
2025-01-22,22.705357799820206,22.98567645808731,22.557687920126515,22.83714943904875,2570695.73
2025-01-23,22.83714943904875,23.100166187800426,22.4697422274472,22.731542697349266,3195281.05
2025-01-24,22.731542697349266,23.29294162773047,22.4968361707357,23.054896426237452,4584381.34
2025-01-25,23.054896426237452,23.669906373085382,22.684886532789548,23.2960265626177,5600721.34
2025-01-26,23.2960265626177,23.900736139389952,23.148757887609243,23.750593861723907,3359203.94
2025-01-27,23.750593861723907,23.883590853432555,23.392057978377647,23.523784900389273,3003769.36
2025-01-28,23.523784900389273,23.88549914846614,23.275953919832453,23.636480877907665,2146891.18
2025-01-29,23.636480877907665,23.705241257981,23.164242574283197,23.23182578088415,4343384.62
2025-01-30,23.23182578088415,23.606215858344083,23.089458101885125,23.46243497591618,3050224.9
2025-01-31,23.46243497591618,23.658737859764244,23.260909349600624,23.457168167705234,7332720.81
2025-02-01,23.457168167705234,23.810484672811757,23.204362412289825,23.556607229334375,2909298.5
2025-02-02,23.556607229334375,23.717966709824037,23.34773115073105,23.50876290425374,5924413.78
2025-02-03,23.50876290425374,23.793018097794537,23.14182090092096,23.425064053413852,4220083.08
2025-02-04,23.425064053413852,23.842298738405535,22.719456299286062,23.131461492840963,2706609.84
2025-02-05,23.131461492840963,23.679461073722056,22.8588087748254,23.403600626079083,3709135.82
2025-02-06,23.403600626079083,24.094224172399972,23.235958027838013,23.922862046761374,4244432.4
2025-02-07,23.922862046761374,23.997397491224135,23.657196804128414,23.73113489244564,3308351.14
2025-02-08,23.73113489244564,24.033828773543057,23.625294185422522,23.927114000972622,4315696.16
2025-02-09,23.927114000972622,24.373278059607514,23.637550157752695,24.08184171510907,4291997.57
2025-02-10,24.08184171510907,24.432004805468537,23.737308607346737,24.087392287011212,4062699.25
2025-02-11,24.087392287011212,24.157101753913807,23.48891330780591,23.557088062093086,3485615.44
2025-02-12,23.557088062093086,23.682880484429674,22.99112538828443,23.11455472822795,2609159.0
2025-02-13,23.11455472822795,23.293541424572915,22.677079614568445,22.85404909521619,3433453.56
2025-02-14,22.85404909521619,23.031303179340952,21.97938484284274,22.15118759221884,3657497.37
2025-02-15,22.15118759221884,23.050954321003676,21.724747852940823,22.615574517518077,2189668.69
2025-02-16,22.615574517518077,22.86921006430515,22.487392363922613,22.74032086453663,3651258.12
2025-02-17,22.74032086453663,22.811392696804624,22.66183004812565,22.732878620655494,3416315.57
2025-02-18,22.732878620655494,22.922795156685677,21.83326849577078,22.01720611263621,2530979.67
2025-02-19,22.01720611263621,22.114521183415775,21.344110745668157,21.438869594787217,3220418.66
2025-02-20,21.438869594787217,21.53226321849103,21.34714391921288,21.440530437043993,3237499.85
2025-02-21,21.440530437043993,22.277226421996353,21.240402126746947,22.071211266266097,5670552.76
2025-02-22,22.071211266266097,22.237077312959585,21.684619347777648,21.848814070536697,3698001.56
2025-02-23,21.848814070536697,22.21044267741223,21.76904225940048,22.12964552760627,4534769.62
2025-02-24,22.12964552760627,22.414619190979717,21.693993712704494,21.977001711173553,3398414.99
2025-02-25,21.977001711173553,22.239902658320293,21.734582288657364,21.997259777265587,2190837.39
2025-02-26,21.997259777265587,22.47073930703131,21.92273759167112,22.394870099556297,4140631.99
2025-02-27,22.394870099556297,22.787438747399232,21.893474362194898,22.284101299372942,2968973.55
2025-02-28,22.284101299372942,22.442871845319928,21.905129501483216,22.06231989148231,3218331.11
2025-03-01,22.06231989148231,22.963061169844472,21.636410024228823,22.528158358929222,2689943.41
2025-03-02,22.528158358929222,22.968856538700933,22.105356745240957,22.545725235229384,3564254.57
2025-03-03,22.545725235229384,23.13659857293084,22.3244673660741,22.911748645460126,4567918.17
2025-03-04,22.911748645460126,23.051835771934773,22.546632259154443,22.685335046486507,4419150.56
2025-03-05,22.685335046486507,23.554820833550764,22.299063933425643,23.160459608831275,5203390.05
2025-03-06,23.160459608831275,23.45387487319839,22.963522859055104,23.25612466952543,5391118.26
2025-03-07,23.25612466952543,23.523130817613932,23.141148423975242,23.407406647202663,2098650.27
2025-03-08,23.407406647202663,23.73502412533469,23.128181123857903,23.455228142297564,2597002.33
2025-03-09,23.455228142297564,23.70876142562736,23.03302223448411,23.284712371244098,2227132.92
2025-03-10,23.284712371244098,23.689609084751687,22.881879353766845,23.286740971831435,4099010.37
2025-03-11,23.286740971831435,23.63900101235727,22.78874403841173,23.138765646598472,2943185.57
2025-03-12,23.138765646598472,23.88614543063101,22.727577962631635,23.469087754097586,3097105.25
2025-03-13,23.469087754097586,23.826396457837966,23.045677035292243,23.401963800164744,3315517.14
2025-03-14,23.401963800164744,23.719274521049208,22.586382796668858,22.8968445299585,3851280.31
2025-03-15,22.8968445299585,23.148782831894653,22.09681103848069,22.342651449351983,2414356.29
2025-03-16,22.342651449351983,22.78449881307853,21.355911289349454,21.78676547471566,2554986.92
2025-03-17,21.78676547471566,22.411027205834415,21.367044160468634,21.98743990533743,3501134.36
2025-03-18,21.98743990533743,22.36736865570781,21.248291166053164,21.621903686825547,4723024.85
2025-03-19,21.621903686825547,22.066187296538203,21.276910086845607,21.719634331234502,3477847.67
2025-03-20,21.719634331234502,22.03539288577916,21.45039618237648,21.765585127546096,2871538.77
2025-03-21,21.765585127546096,21.910882607653775,21.60220811242442,21.747384090407714,2045640.2
2025-03-22,21.747384090407714,22.278732905350964,21.36119616437023,21.890012203194622,4441232.22
2025-03-23,21.890012203194622,21.991469133117665,21.841970402947382,21.943310359916048,2911825.07
2025-03-24,21.943310359916048,22.07703112466883,20.96277188621403,21.09130057198922,2627160.85
2025-03-25,21.09130057198922,21.286757535432127,20.799293924767646,20.99384777521037,2279444.25
2025-03-26,20.99384777521037,21.392581194167665,20.730357586051927,21.12741463027868,2442416.13
2025-03-27,21.12741463027868,21.905686896948986,20.87186106175968,21.64388617754793,2752361.89
2025-03-28,21.64388617754793,22.302587400941725,21.53210232597193,22.187993406987495,3297124.7
2025-03-29,22.187993406987495,22.274224105598954,21.667013531286358,21.75154804277664,2587203.45
2025-03-30,21.75154804277664,21.882099109156254,21.512866050889524,21.642764205303564,3666325.66
2025-03-31,21.642764205303564,21.821896131413435,20.978938103161536,21.15402485181973,3290866.93
2025-04-01,21.15402485181973,21.681679442092204,21.10636554497271,21.632941152918747,6099830.85
2025-04-02,21.632941152918747,22.27653476935082,21.32003786230779,21.958916504504586,2285653.98
2025-04-03,21.958916504504586,22.217084177490655,21.817081802105356,22.074502891769075,3644185.29
2025-04-04,22.074502891769075,22.315022101890605,21.890726477471723,22.130777188325617,3655614.54
2025-04-05,22.130777188325617,22.766987699623357,21.953106209451462,22.585664778356453,2705058.71
2025-04-06,22.585664778356453,23.250595528715174,22.332413155287863,22.99277896021147,3584346.13
2025-04-07,22.99277896021147,23.7977153074596,22.59094807300794,23.388960593541164,4242537.51
2025-04-08,23.388960593541164,23.659081166325233,23.279289309113064,23.548661043427263,3585456.63
2025-04-09,23.548661043427263,23.740184376874314,23.240493280111078,23.431060155180653,4947481.65
2025-04-10,23.431060155180653,24.04122778962482,23.092328599654827,23.698628132671903,2030619.79
2025-04-11,23.698628132671903,24.053511879142636,23.63236284773448,23.98644181952116,2835461.23
2025-04-12,23.98644181952116,24.39276291954796,23.516959402055495,23.922192137171603,5060812.18
2025-04-13,23.922192137171603,24.384197906086094,23.342336049682988,23.802020970578837,4396327.58
2025-04-14,23.802020970578837,24.5165024416788,23.494083046747193,24.20337205043395,4006391.24
2025-04-15,24.20337205043395,25.280355901556174,23.73825220281168,24.803699471428192,4763900.76
2025-04-16,24.803699471428192,25.03772517701723,24.30401693142841,24.53551226039503,2167606.36
2025-04-17,24.53551226039503,24.767877575002778,24.212223584897576,24.44371957030259,4270221.22
2025-04-18,24.44371957030259,24.66864913064444,24.348083997327638,24.572509668936803,4566995.32
2025-04-19,24.572509668936803,24.81643682007226,24.507686286844642,24.751142197362014,2968592.48
2025-04-20,24.751142197362014,24.90957618238504,24.407880032729825,24.565123296308627,6753576.71
2025-04-21,24.565123296308627,25.52337151072454,24.304577840278622,25.255503662489495,3676091.92
2025-04-22,25.255503662489495,25.698143759846626,24.974200714491772,25.415063588234823,2022978.05
2025-04-23,25.415063588234823,25.76818634733883,25.26469900213888,25.616629226991,3850030.11
2025-04-24,25.616629226991,26.631049574034886,25.282831684929057,26.288497254203925,2923548.04
2025-04-25,26.288497254203925,26.426819591288755,25.981539629065875,26.118969963430555,4683341.2
2025-04-26,26.118969963430555,26.324573284897063,25.88269650675656,26.088056483475334,4013842.36
2025-04-27,26.088056483475334,26.232134852401312,25.474622965301155,25.61609479778727,3014043.25
2025-04-28,25.61609479778727,25.988551402134117,25.182769382199314,25.554327899250985,5095592.49
2025-04-29,25.554327899250985,25.843048493708814,24.723008510696776,25.0055286032433,4426573.44
2025-04-30,25.0055286032433,25.66950774016632,24.62419879845751,25.28393232873971,2845625.7
2025-05-01,25.28393232873971,25.519993177184467,25.20731020485604,25.442889339317453,3369457.32
2025-05-02,25.442889339317453,25.688579044054247,25.097894341804825,25.34261575290524,3982828.18
2025-05-03,25.34261575290524,25.834395659300878,24.817061285118506,25.30817281759135,3195351.68
2025-05-04,25.30817281759135,25.670946786435945,25.233130256953654,25.595053580939982,3219297.34
2025-05-05,25.595053580939982,25.838995337739913,24.935395228715375,25.17533674137129,3532282.37
2025-05-06,25.17533674137129,25.32247418206587,25.106679370146594,25.253603364615536,2681331.03
2025-05-07,25.253603364615536,25.635076458450506,25.1364327114881,25.516685168949138,2002850.94
2025-05-08,25.516685168949138,25.78015709253485,24.604870442383376,24.861578073291383,3715624.19
2025-05-09,24.861578073291383,25.236649784199695,24.741366347730796,25.115211678989702,2128756.45
2025-05-10,25.115211678989702,25.399957843884327,24.2313751359893,24.509251164377858,2730550.65
2025-05-11,24.509251164377858,24.965347992972745,24.014419843540516,24.46978218721827,2247609.89
2025-05-12,24.46978218721827,24.60699247895245,23.9238802146965,24.058785912202367,2317877.41
2025-05-13,24.058785912202367,24.668073834031155,23.964250349160807,24.571523541706302,3893668.46
2025-05-14,24.571523541706302,24.985676033270998,23.75380476467848,24.16103854053156,3310787.01
2025-05-15,24.16103854053156,24.409531373015973,23.343768125696975,23.586350372406983,3281047.91
2025-05-16,23.586350372406983,24.057895860913593,23.164461328503734,23.635134220333263,2518812.41
2025-05-17,23.635134220333263,23.812639261606893,23.318438135201482,23.494889910955557,2970709.15
2025-05-18,23.494889910955557,23.80726800757196,22.679437472600537,22.985036778092518,3845396.65
2025-05-19,22.985036778092518,23.5967716890672,22.5570635764763,23.165439453855697,3454719.1
2025-05-20,23.165439453855697,23.283363688402062,22.387048368980274,22.501593278379126,4299210.85
2025-05-21,22.501593278379126,22.870914495557592,21.8011252543547,22.164920624867676,4455039.7
2025-05-22,22.164920624867676,22.46120580152206,21.687474798894208,21.981305537313823,3286121.53
2025-05-23,21.981305537313823,22.613738480854877,21.61568957221338,22.243757147259846,2202736.93
2025-05-24,22.243757147259846,22.787657386733102,22.1309261293531,22.672650814189023,2896785.7
2025-05-25,22.672650814189023,23.270794474760287,22.450151475188576,23.044644554187343,3415557.22
2025-05-26,23.044644554187343,23.144175989736485,22.896187178117646,22.99550638245788,2882451.67
2025-05-27,22.99550638245788,23.438893731576293,21.766378292862896,22.19431753692745,2688832.05
2025-05-28,22.19431753692745,22.394153688027796,22.124883701739936,22.324313167876916,3561568.51
2025-05-29,22.324313167876916,22.885747548996054,22.25335084762694,22.81323110473115,6425913.14
2025-05-30,22.81323110473115,23.654148181301277,22.398787436474727,23.232095089997447,3097873.64
2025-05-31,23.232095089997447,23.566301877270615,23.05985887296734,23.392873692910914,3497545.74
2025-06-01,23.392873692910914,23.691047696266295,22.698111420096044,22.991165100884853,2521247.96
2025-06-02,22.991165100884853,23.156116583342918,22.653685306884245,22.817390029751316,4776047.07
2025-06-03,22.817390029751316,23.797045510115094,22.50530173764011,23.475949669249346,4355540.57
2025-06-04,23.475949669249346,23.60423279065324,22.87044401505449,22.996105050179,4281042.28
2025-06-05,22.996105050179,23.232037044989422,22.3829919365855,22.61501407124052,4917065.56
2025-06-06,22.61501407124052,23.198225321282717,22.352615248386044,22.932146851448888,3145357.73
2025-06-07,22.932146851448888,23.1157318047599,22.60779361795939,22.79024254613352,3245140.07
2025-06-08,22.79024254613352,22.939076754862718,22.255130998326788,22.4014259974249,5366804.15
2025-06-09,22.4014259974249,23.014942150494594,22.30008821820677,22.911297853753332,4099827.89
2025-06-10,22.911297853753332,23.408578294105997,22.574258960141773,23.06921632533379,2009643.84
2025-06-11,23.06921632533379,23.185233464808082,22.827671846403597,22.943054506878617,3921476.39
2025-06-12,22.943054506878617,23.109581506779065,22.399753723808683,22.563526001430546,3026293.05
2025-06-13,22.563526001430546,23.440962550836378,22.38156565535806,23.2534385035218,4381126.68
2025-06-14,23.2534385035218,23.490126007217803,23.01107618644658,23.247705334494878,3876026.71
2025-06-15,23.247705334494878,24.078932480545767,22.907213941947063,23.73135740534019,2265118.96
2025-06-16,23.73135740534019,24.280225876360603,23.501091749603326,24.0468985212558,3743310.99
2025-06-17,24.0468985212558,24.472040116807417,23.444729300153874,23.86668477337683,3689237.88
2025-06-18,23.86668477337683,24.206454278267888,23.35332282062108,23.6905853491665,3832926.42
2025-06-19,23.6905853491665,24.614478666782958,23.285647838440926,24.200819839909116,4041618.3
2025-06-20,24.200819839909116,25.096221429427896,23.840363843353344,24.72791468651438,5087336.73
2025-06-21,24.72791468651438,24.84352689627676,23.947175008887104,24.059662892658196,3881552.55
2025-06-22,24.059662892658196,24.732521099228038,23.588028744978097,24.257018255271866,3520093.61
2025-06-23,24.257018255271866,24.64897656512802,23.825364172468106,24.216670521335743,4663446.92
2025-06-24,24.216670521335743,24.514753321063733,23.561721306250654,23.85535669706568,6131553.54
2025-06-25,23.85535669706568,24.068851021417988,23.736696409154952,23.949721348919986,4399674.92
2025-06-26,23.949721348919986,24.072062553102537,23.363327954543493,23.483286492087622,3685162.05
2025-06-27,23.483286492087622,23.789930334716505,23.021313506725146,23.32590223179794,3899684.32
2025-06-28,23.32590223179794,23.547301161665604,22.838255447053744,23.057103056541184,3731364.22
2025-06-29,23.057103056541184,23.383717781446432,22.567121062549152,22.891388360735146,3516241.18
2025-06-30,22.891388360735146,23.09062811582233,22.670923255880183,22.869976649879977,6013793.07
2025-07-01,22.869976649879977,23.126834230911623,22.281528027962768,22.534619137310685,2902288.68
2025-07-02,22.534619137310685,23.186950680667557,22.41330976864841,23.062797995972534,4671543.01
2025-07-03,23.062797995972534,23.344100254205394,22.952243692467928,23.23273135465245,3391589.64
2025-07-04,23.23273135465245,23.934734967806424,23.154632071422068,23.854545390938362,2417316.83
2025-07-05,23.854545390938362,24.254192695772435,23.40255059760874,23.801305955156778,3339040.64
2025-07-06,23.801305955156778,24.086849092815523,23.32999195160734,23.61327934292506,3052829.94
2025-07-07,23.61327934292506,24.694030043354655,23.163480877094848,24.232437519034065,4043688.61
2025-07-08,24.232437519034065,24.60781622479157,23.658440727894174,24.030694278936906,3580806.39
2025-07-09,24.030694278936906,24.41128609207835,23.59102171106922,23.970662760821984,2710833.77
2025-07-10,23.970662760821984,24.498125499481198,23.70307701036994,24.227670755467912,5055693.06
2025-07-11,24.227670755467912,24.631743987805933,23.397950066464702,23.794803870944097,4596506.09
2025-07-12,23.794803870944097,24.50270083690404,23.343722394728104,24.046841448536348,5203215.77
2025-07-13,24.046841448536348,24.619651362789295,23.686347444170412,24.25602147279203,3713608.83
2025-07-14,24.25602147279203,24.810644021068562,24.161408412732445,24.71424361927552,3468872.81
2025-07-15,24.71424361927552,25.38506507679022,24.375204790790573,25.04153632990466,4173074.65
2025-07-16,25.04153632990466,25.63245008769352,24.93716826937093,25.526062619545925,3029489.77
2025-07-17,25.526062619545925,25.61259606381027,25.40123215433538,25.48763532994952,3615672.46
2025-07-18,25.48763532994952,25.856497671829665,24.80596358283603,25.17023240377344,3349608.57
2025-07-19,25.17023240377344,26.40571099866075,24.741680559047268,25.963650311327697,2429060.09
2025-07-20,25.963650311327697,26.08981150051444,25.268618051917116,25.392001515668774,3613319.38
2025-07-21,25.392001515668774,25.476675586885566,24.786495459549624,24.869426914337303,3134661.66
2025-07-22,24.869426914337303,25.52942020097803,24.422836366658704,25.079065094114235,3294073.44
2025-07-23,25.079065094114235,25.79887813233156,24.96922460569402,25.686377755311852,3833235.42
2025-07-24,25.686377755311852,25.828504548439373,25.61878277595975,25.76071394969817,4810958.09
2025-07-25,25.76071394969817,26.535301103808862,25.37484476575125,26.14369525112913,2830831.39
2025-07-26,26.14369525112913,26.59490614953778,24.954647248862955,25.39290026675136,3217560.34
2025-07-27,25.39290026675136,25.678837531779525,24.92660564859544,25.21048886637474,2890681.52
2025-07-28,25.21048886637474,25.50592187249571,24.242801293840042,24.530262967745337,2844017.94
2025-07-29,24.530262967745337,25.015311908398473,24.332463456518106,24.815214692011814,3016570.93
2025-07-30,24.815214692011814,24.97136039996401,24.108886400146456,24.261548251951297,3332258.82
2025-07-31,24.261548251951297,24.639887136070946,23.442717898235067,23.814078865421333,4052082.24
2025-08-01,23.814078865421333,24.411677873877537,23.40240204195548,23.99684160905053,3791927.29
2025-08-02,23.99684160905053,24.56562827479232,23.810088453402727,24.37592493889764,2687331.57
2025-08-03,24.37592493889764,24.544819514927898,24.15339782176116,24.3219181988436,4837040.42
2025-08-04,24.3219181988436,24.696046753816464,24.15603661309807,24.52875449264129,4432066.9
2025-08-05,24.52875449264129,24.797580945694175,24.457358217087794,24.725611674491667,2793978.47
2025-08-06,24.725611674491667,24.900158432321472,24.476408702968257,24.650424689522104,4753069.84
2025-08-07,24.650424689522104,24.711107046846458,24.20108089801722,24.26080411995461,3798087.2
2025-08-08,24.26080411995461,24.86135177433445,23.867989259597785,24.465227033649676,3365744.35
2025-08-09,24.465227033649676,24.851919438310862,24.303593036009975,24.688808310070428,3827772.26
2025-08-10,24.688808310070428,25.378041607580297,24.332726728316555,25.017223363360635,3477523.04
2025-08-11,25.017223363360635,25.430735082975986,24.722585743583792,25.134713733182096,4010968.09
2025-08-12,25.134713733182096,25.563872515474173,24.28877995176709,24.71069895938222,3667799.35
2025-08-13,24.71069895938222,25.446260735374945,24.234108228237645,24.96476978665532,3216862.34
2025-08-14,24.96476978665532,25.182052693698264,24.749791936438545,24.967055163532024,2109194.83
2025-08-15,24.967055163532024,25.056690256079857,24.704796406318074,24.79380952367258,3993062.99
2025-08-16,24.79380952367258,25.17795547998335,24.30720328934525,24.689736781749094,3187857.78
2025-08-17,24.689736781749094,24.748583334193135,24.385698101008863,24.44395885605369,4251405.44
2025-08-18,24.44395885605369,24.9161701280554,24.296969019998954,24.767236314720655,3947891.88
2025-08-19,24.767236314720655,24.840510481369932,24.188730483146664,24.260505480525733,3208639.18
2025-08-20,24.260505480525733,24.701238094342926,23.478084434168846,23.91249485352906,4519991.06
2025-08-21,23.91249485352906,23.962599839136814,23.75034132562422,23.800211037622322,3683905.2
2025-08-22,23.800211037622322,24.63745541988575,23.541518000286125,24.37254151711828,3646156.8
2025-08-23,24.37254151711828,24.99326085527134,24.137785580145767,24.754822791074158,3381215.62
2025-08-24,24.754822791074158,25.095186849633055,23.837008677719513,24.169322455646814,5331602.75
2025-08-25,24.169322455646814,24.833426711577093,23.99493128122306,24.655527377276325,2928370.97
2025-08-26,24.655527377276325,25.59663896634036,24.218470746939623,25.150802827217355,3228747.64
2025-08-27,25.150802827217355,25.533553362035153,24.348257254428045,24.72452053003787,2568775.13
2025-08-28,24.72452053003787,24.96635847448633,23.597095938463976,23.8301861301438,4197317.95
2025-08-29,23.8301861301438,24.031419481380592,23.606594073620784,23.807637009427985,3025951.89
2025-08-30,23.807637009427985,24.609107687636477,23.410383053148873,24.205219671645708,3111964.11
2025-08-31,24.205219671645708,25.166346553102453,23.826962637349094,24.77912111200135,3075688.6
2025-09-01,24.77912111200135,25.006643027931872,24.24295457733654,24.467616255347927,3555314.22
2025-09-02,24.467616255347927,25.311294543706584,24.26833501961231,25.106807292865195,2560168.49
2025-09-03,25.106807292865195,25.17459526617528,24.23735103617267,24.3029686581801,1997610.37
2025-09-04,24.3029686581801,24.387317710747865,24.091026371974746,24.17493104048815,3924303.87
2025-09-05,24.17493104048815,24.246743451576126,23.95886571607883,24.03024834255381,2063438.04
2025-09-06,24.03024834255381,24.50188797294049,23.97162706226245,24.442261595073134,4333161.5
2025-09-07,24.442261595073134,25.032967310707086,24.32611923029394,24.91458062622797,5167530.45
2025-09-08,24.91458062622797,25.708672216942393,24.480355544330656,25.26828262117952,3359214.0
2025-09-09,25.26828262117952,25.68184525715817,24.37031927387232,24.77582186994039,4843493.24
2025-09-10,24.77582186994039,25.525965933187535,24.34917405963042,25.093841716409862,3478839.86
2025-09-11,25.093841716409862,25.619054087408664,24.76189017739654,25.284579392875116,5220395.99
2025-09-12,25.284579392875116,25.61917366619157,24.349020260202735,24.675555234107133,3122732.77
2025-09-13,24.675555234107133,24.77995186840726,23.84062922906823,23.941922028958075,1937779.09
2025-09-14,23.941922028958075,24.666140895069283,23.592815852938873,24.31164366867094,3430771.05
2025-09-15,24.31164366867094,24.482809197748477,24.07953455940927,24.250267974421554,5364234.96
2025-09-16,24.250267974421554,24.525425093461063,23.5303849815747,23.80043807874181,4000842.82
2025-09-17,23.80043807874181,24.257049646753767,23.27531600366976,23.730587487611114,3076929.43
2025-09-18,23.730587487611114,24.281839026651706,23.31124244654307,23.860203530496726,3799951.34
2025-09-19,23.860203530496726,24.008076739386944,23.686202487231164,23.83391275951169,4461763.89
2025-09-20,23.83391275951169,24.197611382189862,22.94495777223263,23.300516928639016,3425881.66
2025-09-21,23.300516928639016,24.048868647613563,23.21025926571403,23.956071606129253,6748771.51
2025-09-22,23.956071606129253,24.374306455379628,23.896627854655616,24.313974615995754,3075318.52
2025-09-23,24.313974615995754,24.374933080061407,24.136796929259244,24.19746328345846,4496910.7
2025-09-24,24.19746328345846,24.32000980494344,23.973700384492783,24.09573169277473,4234423.87
2025-09-25,24.09573169277473,24.577218084967456,23.74612500512004,24.225725310650557,2938226.34
2025-09-26,24.225725310650557,24.43260103928764,23.6271179495504,23.83061967117606,3147639.8
2025-09-27,23.83061967117606,24.001024862784,23.776119904240076,23.946260629151602,4514469.26
2025-09-28,23.946260629151602,24.42002320430201,23.02172141701226,23.48638563800086,3629010.21
2025-09-29,23.48638563800086,23.75884676492404,23.19253207632644,23.464742120892687,3808673.25
2025-09-30,23.464742120892687,23.678032963268432,22.859182571419133,23.06887504387068,2325118.79
2025-10-01,23.06887504387068,23.330459895075744,22.439112223970103,22.696474312262758,4123748.72
2025-10-02,22.696474312262758,23.517299870415638,22.43865424846112,23.253156191951916,3760632.57
2025-10-03,23.253156191951916,23.51951607654483,23.009829157230392,23.27595051612538,3444523.1
2025-10-04,23.27595051612538,23.653735331321933,22.97259318444681,23.349420459967078,3830463.96
2025-10-05,23.349420459967078,23.768338930608213,22.26689949708612,22.673694581100474,3159641.4
2025-10-06,22.673694581100474,22.842179324154333,22.31165151603075,22.478687189096572,3018582.48
2025-10-07,22.478687189096572,22.877337010282623,22.236694338528906,22.63367564157135,3294622.47
2025-10-08,22.63367564157135,22.747593237733167,22.586923703784986,22.700702849087765,3116504.98
2025-10-09,22.700702849087765,23.097435247886857,21.613266368006283,21.99771285170183,6036928.52
2025-10-10,21.99771285170183,22.232702532031702,21.832592079644893,22.067061212454867,4396156.56
2025-10-11,22.067061212454867,22.341140290298828,21.915166035311053,22.188409828863733,2747374.53
2025-10-12,22.188409828863733,23.063601149058506,21.745625265666384,22.61235644744761,5823124.47
2025-10-13,22.61235644744761,22.895442186195503,22.118341676839954,22.3987533022419,3141023.86
2025-10-14,22.3987533022419,22.493159084531126,21.585761964226855,21.67712624837455,3525868.58
2025-10-15,21.67712624837455,21.824085230171914,21.220301020379956,21.36514494066987,4380300.23
2025-10-16,21.36514494066987,21.543716501144957,20.850980808858253,21.02672381900233,2138844.72
2025-10-17,21.02672381900233,21.677171010870662,20.611465350044814,21.257357734074933,3298627.61
2025-10-18,21.257357734074933,21.464642272541788,20.230668191383934,20.429883874862035,3032627.8
2025-10-19,20.429883874862035,20.555372634428416,20.173666143796467,20.29834694940117,3684124.78
2025-10-20,20.29834694940117,20.98332713177584,20.049587512303827,20.729286463102422,3839243.68
2025-10-21,20.729286463102422,20.92632253807553,20.536801069965936,20.733795277558578,3433046.73
2025-10-22,20.733795277558578,21.073111734453917,20.671816013153503,21.010305900442212,3393463.71
2025-10-23,21.010305900442212,21.377913831683497,20.154174653886045,20.513082896473552,4567864.51
2025-10-24,20.513082896473552,20.559901454123356,19.993577952665678,20.039315194524075,3773996.24
2025-10-25,20.039315194524075,20.840151329610574,19.675146622206167,20.46818896066812,3536435.22
2025-10-26,20.46818896066812,20.834075391221546,20.135510138388298,20.50086546282988,3631808.07
2025-10-27,20.50086546282988,20.603307658108413,20.431883786162608,20.534213770462603,5538563.76
2025-10-28,20.534213770462603,20.842740320056315,19.899163977553695,20.20270967836229,3654398.33
2025-10-29,20.20270967836229,20.556101205413142,19.881952261307802,20.23483375597565,3077602.37
2025-10-30,20.23483375597565,20.4946799265034,19.644510572950917,19.900057707708182,2171706.35
2025-10-31,19.900057707708182,20.502583014515455,19.6533353116278,20.251503368978103,2445570.98
2025-11-01,20.251503368978103,21.140903739259965,20.19288809660995,21.07989081005615,3114306.5
2025-11-02,21.07989081005615,21.297509282552443,21.015155842046898,21.232306256660493,3406443.41
2025-11-03,21.232306256660493,21.5527271454793,20.72050447756866,21.037992946192656,3046086.35
2025-11-04,21.037992946192656,21.120044762895315,20.194312521659203,20.273382224099414,3821140.59
2025-11-05,20.273382224099414,20.402182950608402,19.655551901869316,19.781225863634106,3036288.73
2025-11-06,19.781225863634106,20.46164501825344,19.564046623940452,20.239435072761022,2784701.4
2025-11-07,20.239435072761022,20.33972038314756,19.839873963032414,19.938668993700972,4079293.97
2025-11-08,19.938668993700972,20.262016623695242,19.511183932530106,19.83281491506598,4928879.07
2025-11-09,19.83281491506598,20.35754619033008,19.504922864818006,20.026452763405644,2653742.93
2025-11-10,20.026452763405644,20.81977168395936,19.682827315552732,20.468560299550347,3719881.95
2025-11-11,20.468560299550347,20.52776000539167,20.35202283433898,20.411056225391917,2173876.12
2025-11-12,20.411056225391917,20.609078514565667,20.09575656380608,20.29262991443717,2420873.53
2025-11-13,20.29262991443717,20.666555761221908,19.942693290401305,20.316212467424005,3020950.48
2025-11-14,20.316212467424005,20.489671253862518,19.96054964011263,20.132439381309638,4648248.94
2025-11-15,20.132439381309638,20.42485836863589,19.676068317486937,19.966070840554224,2880853.09
2025-11-16,19.966070840554224,20.342458306770784,19.71437004049296,20.089205222205265,2854046.61
2025-11-17,20.089205222205265,20.312285869857277,19.92347419895378,20.146085597440067,3531719.24
2025-11-18,20.146085597440067,20.93271799527675,20.005560870009962,20.787717699833042,3532599.04
2025-11-19,20.787717699833042,21.21188249325138,20.501899560109962,20.92418797248351,2876229.11
2025-11-20,20.92418797248351,21.376329014496218,20.83201201845297,21.282574284730806,5750681.45
2025-11-21,21.282574284730806,21.654640618616458,20.587065085528156,20.953376312871068,3275341.46
2025-11-22,20.953376312871068,21.378980872496435,20.69405770605242,21.117629471552448,3600811.42
2025-11-23,21.117629471552448,21.202249145204036,20.813648700664217,20.897385844205356,3165522.36
2025-11-24,20.897385844205356,21.329446704722386,20.59095707675087,21.02120235416953,3906945.47
2025-11-25,21.02120235416953,21.444041686800592,20.816034874788187,21.236770259084523,4765976.07
2025-11-26,21.236770259084523,21.37526066369118,21.116284176186458,21.25467301015299,5305154.49
2025-11-27,21.25467301015299,22.445393178755694,20.844473820030778,22.020415730525777,2892718.01
2025-11-28,22.020415730525777,22.824922558625005,21.69112991776447,22.488635151771998,4608773.47
2025-11-29,22.488635151771998,23.17257937501926,22.20361677110614,22.88256833046237,4015585.53
2025-11-30,22.88256833046237,23.54281049051775,22.487166490868045,23.142910047774436,4465571.14
2025-12-01,23.142910047774436,24.031477639312104,22.870063094429884,23.75145613678538,3420521.93
2025-12-02,23.75145613678538,23.987699306980037,23.02773405149992,23.2590798148768,3340106.78
2025-12-03,23.2590798148768,23.861959043497837,23.13324718183184,23.733559454970784,4422440.22
2025-12-04,23.733559454970784,23.846555587819307,23.282497384311174,23.39387627615238,4443472.19
2025-12-05,23.39387627615238,23.62256189006603,22.97695252973871,23.20377986613933,5176831.09
2025-12-06,23.20377986613933,23.63693340123708,22.96692629879347,23.398096340238467,3678113.03
2025-12-07,23.398096340238467,24.18966871100186,23.042454047949967,23.82749964939992,3407688.87
2025-12-08,23.82749964939992,24.064762696288575,23.197349698555414,23.430661214754238,1892312.4
2025-12-09,23.430661214754238,23.727688558131273,22.963076586163737,23.257914036781074,2339524.81
2025-12-10,23.257914036781074,23.68943946245089,22.862870611901634,23.293786727950778,3171485.43
2025-12-11,23.293786727950778,23.756867779247216,22.770977194688292,23.23284675788564,2657798.73
2025-12-12,23.23284675788564,23.711747492682512,23.051503802365794,23.528099951448084,4290038.08
2025-12-13,23.528099951448084,25.19724470782843,23.09906080560858,24.745996989849466,2522518.3
2025-12-14,24.745996989849466,25.312419224078507,24.33746741179578,24.90132534333238,3087732.14
2025-12-15,24.90132534333238,24.981610215000114,24.557775795765412,24.63720912493865,3118201.35
2025-12-16,24.63720912493865,24.834672925475967,23.982419409068505,24.176188191015115,4730111.33
2025-12-17,24.176188191015115,24.319861796136863,23.920900858534175,24.063907203202024,3006279.54
2025-12-18,24.063907203202024,24.3998132842278,23.405883761846034,23.737229779865164,3919115.53
2025-12-19,23.737229779865164,24.189842947426364,23.452492582832154,23.90311588281326,3675501.19
2025-12-20,23.90311588281326,24.327165223086734,23.64239697406159,24.06468403892474,4386734.45
2025-12-21,24.06468403892474,24.44356197995542,23.528198025672435,23.904554869399252,4328914.13
2025-12-22,23.904554869399252,24.8098257402809,23.713329031525717,24.61293318999098,3470861.87
2025-12-23,24.61293318999098,24.83173087658879,24.135310057562,24.35178626780445,2290314.95
2025-12-24,24.35178626780445,24.779925032420213,23.88447866406377,24.311916461220783,3302988.77
2025-12-25,24.311916461220783,25.022062959825103,23.83784009121803,24.543471327093293,3482582.29
2025-12-26,24.543471327093293,25.26650713383828,24.15140331005026,24.869235223539818,3759422.21
2025-12-27,24.869235223539818,25.491808885715706,24.722325748717854,25.342106031786038,2910643.48
2025-12-28,25.342106031786038,25.607331357408654,25.240034886797368,25.50460570770123,4655215.71
2025-12-29,25.50460570770123,26.052715564435946,25.357553989781643,25.903364724579717,3511937.3
2025-12-30,25.903364724579717,26.152288406962565,25.4084231392043,25.654959722907257,2780521.87
2025-12-31,25.654959722907257,26.16820215964951,25.494345654620286,26.005394180147974,3121164.0
2026-01-01,26.005394180147974,26.835620454383207,25.531608647681054,26.35545721428091,5668353.18
2026-01-02,26.35545721428091,27.328625779911995,25.984556542529287,26.949367008363648,4132396.24
2026-01-03,26.949367008363648,27.205416350874337,26.051429957393275,26.301322143728243,4548862.07
2026-01-04,26.301322143728243,26.483553778684737,25.777002211173862,25.95684711257431,2697610.08
2026-01-05,25.95684711257431,26.507401878262684,25.727079747130226,26.274819850545875,2946315.91
2026-01-06,26.274819850545875,26.552516075641073,25.009096788859715,25.27623910319282,2951777.09
2026-01-07,25.27623910319282,25.840085455385964,24.900917224872085,25.46200517340729,3665121.19
2026-01-08,25.46200517340729,25.956787565816345,25.370134489139645,25.863468342996953,3351012.41
2026-01-09,25.863468342996953,26.310363029283984,25.205594343153468,25.648779421079503,3096862.08
2026-01-10,25.648779421079503,25.758968643746933,25.380917737663673,25.490426664130297,3195506.39
2026-01-11,25.490426664130297,25.6618268796738,24.92635083375672,25.095092784174696,2869833.95
2026-01-12,25.095092784174696,25.59409912097201,24.41152597773077,24.906787944704334,3346125.63
2026-01-13,24.906787944704334,25.0418762706348,24.596265393451446,24.730397018139186,4623106.42
2026-01-14,24.730397018139186,24.824880968441775,24.39332202016686,24.48687558236373,2397623.72
2026-01-15,24.48687558236373,24.81723525511418,23.899430234635986,24.226274055192683,3816687.22
2026-01-16,24.226274055192683,24.446159554198818,23.913901791143875,24.132940161543583,4942079.24
2026-01-17,24.132940161543583,24.221098704585074,23.947899903507277,24.035703236383966,3343326.25
2026-01-18,24.035703236383966,24.75888472573197,23.98601269576194,24.70780470692013,3066521.82
2026-01-19,24.70780470692013,24.792426674185425,24.484078315779428,24.56822222583628,4409762.53
2026-01-20,24.56822222583628,24.976966893152724,24.28791747182146,24.695213267809116,2736575.99
2026-01-21,24.695213267809116,24.847238803741472,24.339277158208127,24.490039630247445,3480201.12
2026-01-22,24.490039630247445,24.88178079602092,23.89363192418951,24.282046037258247,2698785.73
2026-01-23,24.282046037258247,24.705407283233466,23.272700966092717,23.68566420209697,2192928.19
2026-01-24,23.68566420209697,23.79478392251482,23.042362774522967,23.149010132691867,3369508.55
2026-01-25,23.149010132691867,23.335738328203163,22.56218162449556,22.745656223103225,2552094.01
2026-01-26,22.745656223103225,22.91532314988521,22.64015426661319,22.80952494889629,3489803.18
2026-01-27,22.80952494889629,23.34066703977012,22.646198060248157,23.174725146550426,4625203.52
2026-01-28,23.174725146550426,23.320857536694454,22.435920433081982,22.578291906347772,5564053.11
2026-01-29,22.578291906347772,22.94323766779641,22.037771523743885,22.399832748419428,3582802.41
2026-01-30,22.399832748419428,22.58392878001514,21.777551845157607,21.958016752698903,4515730.31
2026-01-31,21.958016752698903,22.197801948956005,21.636693397723107,21.875578352938945,3867095.2
2026-02-01,21.875578352938945,22.53974514582087,21.566473982967214,22.225693608116107,3180328.73
2026-02-02,22.225693608116107,22.59909903365561,21.71206222221523,22.083071508093614,2163157.33
2026-02-03,22.083071508093614,22.24696684495841,21.906365489437924,22.07016503752895,5256082.88
2026-02-04,22.07016503752895,22.67845895760552,21.94290908347508,22.548445253210943,2692546.56
2026-02-05,22.548445253210943,23.148064140446255,22.106221520747354,22.70281292440408,4945389.34
2026-02-06,22.70281292440408,22.879047046910998,22.27951988444241,22.4538211696593,4002682.96
2026-02-07,22.4538211696593,22.825598886706075,22.13768875166991,22.50869390311294,2742197.95
2026-02-08,22.50869390311294,22.828342987911682,21.924002049300945,22.239833003159788,3783927.76
2026-02-09,22.239833003159788,22.631640793038592,21.989578614634336,22.379811294586602,5965487.23
2026-02-10,22.379811294586602,22.689840317368056,22.243024679025282,22.55200126739147,5138062.76
2026-02-11,22.55200126739147,22.654527932785783,22.00659270985616,22.10709673532817,3078937.91
2026-02-12,22.10709673532817,22.405045316929282,21.869085307366294,22.166395461647145,2929312.57
2026-02-13,22.166395461647145,22.41458664351849,21.88291465571601,22.130706234892198,3588789.57
2026-02-14,22.130706234892198,22.665767951222115,21.778372077314156,22.310570250308505,3358130.89
2026-02-15,22.310570250308505,22.920354287333808,21.98088690929624,22.586592169866634,4724195.66
2026-02-16,22.586592169866634,23.166676586964876,22.170620706198214,22.7477373538542,4210832.0
2026-02-17,22.7477373538542,23.190760687804538,22.208303837044426,22.649412241236014,2292636.74
2026-02-18,22.649412241236014,23.310709264970612,22.307376131479916,22.96392361706679,3925256.83
2026-02-19,22.96392361706679,23.04147743683264,22.597918819695444,22.674495181029634,3346751.68
2026-02-20,22.674495181029634,22.885189528093314,22.035692920792258,22.2423719225497,3532620.7
2026-02-21,22.2423719225497,22.53059842366667,20.9520826987191,21.227153550781036,3724746.23
2026-02-22,21.227153550781036,21.495114763201084,20.939998407642932,21.207714227546738,4723004.86
2026-02-23,21.207714227546738,21.319393799250506,20.84588142087373,20.956236714977585,4469207.99
2026-02-24,20.956236714977585,21.344479341847634,20.694430342189452,21.08111289035982,2901788.54
2026-02-25,21.08111289035982,21.255964892860266,20.31318955521316,20.483081334998747,3449088.44
2026-02-26,20.483081334998747,20.649008288000612,20.127607675915918,20.29198663126023,3128747.05
2026-02-27,20.29198663126023,20.78224666711495,19.94677679596261,20.434610496635347,2298602.84
2026-02-28,20.434610496635347,20.630676433182618,19.937603446271392,20.130753940892944,3405597.3
2026-03-01,20.130753940892944,20.486908449371207,19.899388625758665,20.254125212522574,5550852.81
2026-03-02,20.254125212522574,20.499842416257835,19.847949773412918,20.091696438118028,2281315.2
2026-03-03,20.091696438118028,20.33548791812976,19.84058137088117,20.084282895395216,3479009.13
2026-03-04,20.084282895395216,20.38075606440658,19.967067259673865,20.2625003184335,3451222.21
2026-03-05,20.2625003184335,20.812563317064456,20.00333968648616,20.549728984369068,3761044.97
2026-03-06,20.549728984369068,20.74502171057222,20.384853885840013,20.57990450703649,2751322.57
2026-03-07,20.57990450703649,20.863708908083844,20.057647580386202,20.33811765238248,2450973.57
2026-03-08,20.33811765238248,20.432131756057068,20.110908740409325,20.20430428419134,2479640.41
2026-03-09,20.20430428419134,20.801838250974612,19.802358224205467,20.39607704814591,4881714.1
2026-03-10,20.39607704814591,20.720308982467976,19.775870120877308,20.09532100273859,2737626.97
2026-03-11,20.09532100273859,20.286438071649027,19.85454647235957,20.045186738052106,3089077.25
2026-03-12,20.045186738052106,20.19400888576799,19.78637055456721,19.934369961597742,5923462.25
2026-03-13,19.934369961597742,20.113389307731484,19.727651793068294,19.906420137578706,2913045.37
2026-03-14,19.906420137578706,20.20465312577548,19.322438905684564,19.61632577295029,3812796.34
2026-03-15,19.61632577295029,19.88697889689029,18.8297616428064,19.093196980731022,4566357.71
2026-03-16,19.093196980731022,19.523275674162218,18.81371715542374,19.241623235035163,4511785.69
2026-03-17,19.241623235035163,19.868978446842753,18.895235812212793,19.517622489439578,2508961.39
2026-03-18,19.517622489439578,19.716962097893937,18.819580522103866,19.01377416942042,2928308.22
2026-03-19,19.01377416942042,19.387644128547024,18.74660439055335,19.118995839932637,3774824.77
2026-03-20,19.118995839932637,19.620347236054446,18.928816450677626,19.427103060162157,5669026.06
2026-03-21,19.427103060162157,19.86402235123864,19.16511370577156,19.599705323219872,2893264.08
2026-03-22,19.599705323219872,19.806419994435835,19.27707972384716,19.482558871887026,3093675.06
2026-03-23,19.482558871887026,19.79388909680955,18.910071581031808,19.217160758623763,3887073.55
2026-03-24,19.217160758623763,19.28243823768532,19.17690691368095,19.242132085747592,4086453.69
2026-03-25,19.242132085747592,19.42791796330969,19.1289345249104,19.31429587752001,4148830.43
2026-03-26,19.31429587752001,19.485499324708396,19.17260857373559,19.343597070965494,2832540.47
2026-03-27,19.343597070965494,19.711456212343894,18.927823137402655,19.29475341401818,3064090.95
2026-03-28,19.29475341401818,19.50944289052297,18.781805245456347,18.993138705824585,3693735.47
2026-03-29,18.993138705824585,19.276878210321765,18.83058908411135,19.11330020637213,4798679.6
2026-03-30,19.11330020637213,19.426378265847852,18.93597430678903,19.247804486919566,3297425.29
2026-03-31,19.247804486919566,19.5023274294323,19.052770312407553,19.306696513726173,3480540.14
2026-04-01,19.306696513726173,19.681084419303218,18.966494237286977,19.340290190465918,2708190.93
2026-04-02,19.340290190465918,20.207440586241546,18.96659622183194,19.82439276558464,5576546.49
2026-04-03,19.82439276558464,20.165272475902324,19.30819447949089,19.64600685050717,3637616.67
2026-04-04,19.64600685050717,20.364045173141434,19.30908133508788,20.020693842598895,4582302.79
2026-04-05,20.020693842598895,20.132454801200915,19.69810687479765,19.808684338682816,3526258.07
2026-04-06,19.808684338682816,20.273159214244153,19.67326810598469,20.135508742824967,3575409.57
2026-04-07,20.135508742824967,20.766087959634753,19.879206162586254,20.505081134826664,2405326.72
2026-04-08,20.505081134826664,20.788266013264085,20.137481925567183,20.419484676388624,2044334.89
2026-04-09,20.419484676388624,21.04319053977637,20.304141200231577,20.924991608270236,4786211.94
2026-04-10,20.924991608270236,21.39688434689243,20.602054670410443,21.071683502220726,3568971.72
2026-04-11,21.071683502220726,21.189671105808987,20.68832716479938,20.804820510709963,3685366.58
2026-04-12,20.804820510709963,20.944924159035956,20.55400756042745,20.693360616465583,2561260.53
2026-04-13,20.693360616465583,21.200408948451635,20.537698542579083,21.04212336964199,2792666.64
2026-04-14,21.04212336964199,21.698595374622084,20.67961291930465,21.331106369806697,4564634.61
2026-04-15,21.331106369806697,21.65485945311027,20.686427550924833,21.00523471386481,5407565.07
2026-04-16,21.00523471386481,21.247894281751627,20.722559505638408,20.964751396566793,2996498.57
2026-04-17,20.964751396566793,21.382092495787653,20.613476769401313,21.02972913494763,4139743.34
2026-04-18,21.02972913494763,21.379510488474722,20.528967111751832,20.87619477299927,3670284.58
2026-04-19,20.87619477299927,21.80748971617251,20.68795421393351,21.612608913944488,3396110.25
2026-04-20,21.612608913944488,22.03762891504935,21.265383523382294,21.68917344853782,5560859.73
2026-04-21,21.68917344853782,21.813070030015012,21.548158018959676,21.671956249426977,3125088.36
2026-04-22,21.671956249426977,22.29987894700267,21.432305171773788,22.055981274804974,4772838.15
2026-04-23,22.055981274804974,22.14703611039894,21.85011505529287,21.940693944303728,3850175.75
2026-04-24,21.940693944303728,22.48515514042419,21.72825754707658,22.269534807067952,3485253.0
2026-04-25,22.269534807067952,22.522663341882357,21.487204684025446,21.734248846077417,4932111.84
2026-04-26,21.734248846077417,21.80898272237929,21.518390349120985,21.592637289775507,3763301.36
2026-04-27,21.592637289775507,22.156109467594728,21.369649482941444,21.929641409206514,3416634.79
2026-04-28,21.929641409206514,22.75079912751292,21.628545902555047,22.44265984198443,4941275.58
2026-04-29,22.44265984198443,22.735617082244534,21.90253819348043,22.192226378429424,4783050.54
2026-04-30,22.192226378429424,22.258323039309552,21.841895142104864,21.9071427183695,4726825.33
