Date,Open,High,Low,Close,Volume
2020-01-01,24.0,24.42277512688206,23.57722487311794,24.0,2332519.3
2020-01-02,24.0,24.420844144651234,23.5594071091215,23.97989877532673,4052701.61
2020-01-03,23.97989877532673,24.398072304076372,23.40054904976373,23.815862023173448,1278112.09
2020-01-04,23.815862023173448,24.79237642213805,23.596179414099012,24.56577644194607,2331842.28
2020-01-05,24.56577644194607,25.036586961236097,24.36355661611357,24.83217421020028,1920357.27
2020-01-06,24.83217421020028,24.974492253195084,24.53721579508543,24.678653983661683,1977704.52
2020-01-07,24.678653983661683,25.196232397645232,24.527824899987337,25.043175459879897,2143167.39
2020-01-08,25.043175459879897,25.371043887941052,24.70127852193752,25.02896085053097,2018678.73
2020-01-09,25.02896085053097,25.512393757926837,24.387974440891686,24.868304275995264,2557188.29
2020-01-10,24.868304275995264,25.18928593034974,24.325718999767776,24.64380295736501,2070954.9
2020-01-11,24.64380295736501,24.994542436510038,24.411616077067336,24.76124901298505,1281445.22
2020-01-12,24.76124901298505,24.918819600878507,24.378685072121584,24.53481472365231,3029430.64
2020-01-13,24.53481472365231,24.93383616674025,24.197817981214747,24.595999030264704,2917645.59
2020-01-14,24.595999030264704,25.077216181217295,24.453415605879506,24.932681005698626,1890361.23
2020-01-15,24.932681005698626,25.069758908675322,24.84090956207505,24.97782131399655,2227545.58
2020-01-16,24.97782131399655,25.83676545680094,24.885810018784728,25.741939364787424,2982776.65
2020-01-17,25.741939364787424,26.196179033326224,25.296390961828784,25.750482759004996,2848374.05
2020-01-18,25.750482759004996,26.520117558016608,25.521802993322986,26.28667607339355,3088852.49
2020-01-19,26.28667607339355,27.187635517091913,25.789171239826604,26.682636684758958,2415911.71
2020-01-20,26.682636684758958,27.610036182046308,26.390692563633326,27.311214569009195,2666697.33
2020-01-21,27.311214569009195,28.551448469220862,26.916646461309284,28.144836928011372,3128799.65
2020-01-22,28.144836928011372,28.62006618267718,26.943178085113345,27.40593081333692,2019067.82
2020-01-23,27.40593081333692,28.008305563218848,26.91972753581091,27.52007723624949,2456193.47
2020-01-24,27.52007723624949,27.655638124919996,27.341646141309443,27.47699481066647,1286351.38
2020-01-25,27.47699481066647,27.68954018544157,27.314877202460924,27.527126792451785,1482155.04
2020-01-26,27.527126792451785,27.65654971435304,27.236509352246674,27.365170813784246,2492916.29
2020-01-27,27.365170813784246,27.639367379700392,26.87194220511817,27.1439218764554,2589909.88
2020-01-28,27.1439218764554,27.27395813958945,26.570230086971982,26.698130733349856,1996980.3
2020-01-29,26.698130733349856,27.107908225927034,26.331950472188225,26.74113809400945,1890524.16
2020-01-30,26.74113809400945,27.357942782611946,26.513012525505673,27.126529484552496,2012877.77
2020-01-31,27.126529484552496,27.651517004775453,26.40640528375491,26.927541736916538,2308100.1
2020-02-01,26.927541736916538,27.37719316009215,26.3496479605847,26.797121553278927,1233709.94
2020-02-02,26.797121553278927,27.200070995808893,26.11940047105902,26.518155083057025,2471590.94
2020-02-03,26.518155083057025,26.899932406327682,25.748231829545226,26.12433945689827,2217896.92
2020-02-04,26.12433945689827,26.195212018758102,25.963656162393196,26.034284414475337,2340383.18
2020-02-05,26.034284414475337,26.26548348826252,25.942999343028706,26.173709544804623,2132990.53
2020-02-06,26.173709544804623,26.942445783587157,25.917783070741837,26.68155361136432,1556882.78
2020-02-07,26.68155361136432,27.17421788917002,25.722634789768076,26.2065279068283,1671812.81
2020-02-08,26.2065279068283,26.303295701775795,26.10114929608806,26.197885177695355,3219830.73
2020-02-09,26.197885177695355,26.929179007507056,25.947367625178778,26.67410757332418,1873486.55
2020-02-10,26.67410757332418,27.108641280881784,25.77760692681324,26.2044903498129,2692341.02
2020-02-11,26.2044903498129,26.924076228689,26.001241236857304,26.71685309176185,1678442.39
2020-02-12,26.71685309176185,27.217229907405372,26.045797716332256,26.542916901417623,2191767.62
2020-02-13,26.542916901417623,27.33974545461546,26.043257188037956,26.83459501823835,1970498.59
2020-02-14,26.83459501823835,26.91578393718543,26.66849935620904,26.74943060752843,2047424.89
2020-02-15,26.74943060752843,27.292673308105616,26.39914000143545,26.9398886060184,2020725.52
2020-02-16,26.9398886060184,27.737163476211244,26.815418295992217,27.609598905114595,3156417.82
2020-02-17,27.609598905114595,27.88398842888186,27.28846216663889,27.56238244410179,3562024.09
2020-02-18,27.56238244410179,28.494382801650563,27.06183635407332,27.986141051977356,2334656.81
2020-02-19,27.986141051977356,28.20007673097551,27.89321007530958,28.10674527507689,1984332.86
2020-02-20,28.10674527507689,28.63718955848197,27.252816941333343,27.777038843233136,1577987.8
2020-02-21,27.777038843233136,28.32980980465904,27.16773988803369,27.719363085501296,1551062.08
2020-02-22,27.719363085501296,28.10921989611855,27.24689108948795,27.63556939024253,3160709.26
2020-02-23,27.63556939024253,27.868064390812883,26.825590915674983,27.053186392246417,1523954.31
2020-02-24,27.053186392246417,27.423522140922362,26.876847558029322,27.245926979631882,1970669.02
2020-02-25,27.245926979631882,27.79239180317713,26.979272770539676,27.52302564650062,2287098.97
2020-02-26,27.52302564650062,28.01413078472672,27.378890888866298,27.868188451216078,1148051.99
2020-02-27,27.868188451216078,28.55061975521045,27.802391185814848,28.483370035658773,1609315.18
2020-02-28,28.483370035658773,28.993048744312233,28.394237160528903,28.902603962438217,1574363.08
2020-02-29,28.902603962438217,29.305627098721146,28.243609859816022,28.643013215784258,1862707.36
2020-03-01,28.643013215784258,28.711000251224032,28.410009327751233,28.47760374739655,2346976.91
2020-03-02,28.47760374739655,29.060502245239707,28.266120189110616,28.84628077646603,2844540.67
2020-03-03,28.84628077646603,29.432615004355032,28.437384487104634,29.021238685066194,1863708.89
2020-03-04,29.021238685066194,29.170582035946175,28.867876227845905,29.017198789414984,1960191.99
2020-03-05,29.017198789414984,29.24878465534101,28.40966597625291,28.638227275721057,2135203.78
2020-03-06,28.638227275721057,28.711711501267274,28.339274969299908,28.412179166967718,1798716.17
2020-03-07,28.412179166967718,28.783762732982602,28.297859782277868,28.66841236712068,2442225.77
2020-03-08,28.66841236712068,28.84233370864291,27.666703669494385,27.835572459372884,2461155.25
2020-03-09,27.835572459372884,27.954463313857747,26.75300335723328,26.867760508703274,1114118.35
2020-03-10,26.867760508703274,27.4406582117414,26.5857275049529,27.155603695330626,2581351.91
2020-03-11,27.155603695330626,27.271966938879302,26.824688496719702,26.94012841694333,2271087.95
2020-03-12,26.94012841694333,27.33931330549078,26.738258583361194,27.13597593230668,2347027.22
2020-03-13,27.13597593230668,28.21452729988635,26.72827879772931,27.79690028602781,2954578.77
2020-03-14,27.79690028602781,28.17964551582798,26.99936195471744,27.37631601274407,1407596.43
2020-03-15,27.37631601274407,27.619800515147013,26.45731326325764,26.694735802529586,1607346.31
2020-03-16,26.694735802529586,27.195517968720004,26.08771348105141,26.58646452296636,2161705.67
2020-03-17,26.58646452296636,27.016367810675273,25.889478601297263,26.31499217961752,1231352.79
2020-03-18,26.31499217961752,26.655223398571692,25.968175584453803,26.3083205446517,2086618.17
2020-03-19,26.3083205446517,26.789158937151555,26.0488674497309,26.527543858264536,2718210.31
2020-03-20,26.527543858264536,26.745061996715336,26.445821747819995,26.662922830873185,2429333.81
2020-03-21,26.662922830873185,26.936831049692792,26.41145549544579,26.685154043932297,2243878.59
2020-03-22,26.685154043932297,27.4412236861242,26.369874485862944,27.120797095789662,2075654.25
2020-03-23,27.120797095789662,27.945524753964825,26.582766172957033,27.401916888067742,1976820.52
2020-03-24,27.401916888067742,27.92608578662877,26.807362957898142,27.33015921004148,1948553.53
2020-03-25,27.33015921004148,27.709534822613044,27.220297205397177,27.598593762489365,2329464.02
2020-03-26,27.598593762489365,28.140265581699143,26.43299136215728,26.962172270034074,1492920.41
2020-03-27,26.962172270034074,27.83171300058872,26.542017575878504,27.40466292267238,3171600.09
2020-03-28,27.40466292267238,27.80887718427847,27.013465694315524,27.417496754995256,1829508.88
2020-03-29,27.417496754995256,27.918252586075187,26.434086570110995,26.925863157279235,2529134.31
2020-03-30,26.925863157279235,27.137258071077994,26.549539255268012,26.759629065445456,2244646.65
2020-03-31,26.759629065445456,27.437765760846013,26.51377628936661,27.18797755409264,1648799.6
2020-04-01,27.18797755409264,27.668580660242043,26.401440361442944,26.87653813899722,3039288.9
2020-04-02,26.87653813899722,27.152850783283633,26.772476391835777,27.048124679904,2882976.17
2020-04-03,27.048124679904,27.819722072021893,26.64876243916368,27.41494379211681,1485559.86
2020-04-04,27.41494379211681,27.883398750202346,26.960491767521212,27.428718386911623,2159906.12
2020-04-05,27.428718386911623,27.920546388572564,26.589175410898935,27.07465464852152,2317059.56
2020-04-06,27.07465464852152,27.235616455219972,26.891131549158644,27.05195842430199,1310780.86
2020-04-07,27.05195842430199,27.4368114022707,26.106089136007213,26.482845667282355,1294754.61
2020-04-08,26.482845667282355,26.576672360381288,26.197445319109637,26.290590868185824,1786112.95
2020-04-09,26.290590868185824,26.750605801347927,25.40340742598902,25.855814944836133,1584314.91
2020-04-10,25.855814944836133,26.131758252527845,25.565022174725183,25.840805293584225,1694820.08
2020-04-11,25.840805293584225,26.182807568946572,25.015499427933925,25.35101940185447,1584381.01
2020-04-12,25.35101940185447,25.82628961121221,24.911819142772988,25.38647509092184,2133702.9
2020-04-13,25.38647509092184,26.11712620313624,25.104471277699776,25.830193377580407,1760131.16
2020-04-14,25.830193377580407,26.60020433836015,25.54203552623658,26.306730310835775,2906498.08
2020-04-15,26.306730310835775,26.579368270787068,25.549898630343073,25.817465947292476,2301416.79
2020-04-16,25.817465947292476,26.148251615936115,25.233600411092194,25.561101415264247,2683268.58
2020-04-17,25.561101415264247,26.28370576808777,25.179938912688783,25.89752655492233,1442518.39
2020-04-18,25.89752655492233,26.610988032363966,25.470397918275218,26.179213524573402,1880243.79
2020-04-19,26.179213524573402,26.245616125812738,25.873494919897745,25.939288961407797,2276209.11
2020-04-20,25.939288961407797,26.153687323091823,25.538985663761427,25.75183464223059,2463792.9
2020-04-21,25.75183464223059,26.039741521937753,25.499840182003066,25.78739904639577,1871112.87
2020-04-22,25.78739904639577,25.884784672107052,24.98824757229837,25.082972946139453,1940944.85
2020-04-23,25.082972946139453,25.67979777856116,24.693454848709795,25.287109605426686,1994857.39
2020-04-24,25.287109605426686,26.003042048012812,24.99853910565298,25.709649621748227,2042126.11
2020-04-25,25.709649621748227,25.761940223131887,25.509612978535813,25.561602468282338,3779178.61
2020-04-26,25.561602468282338,25.903225488433762,24.685725045806965,25.020111200328643,2379209.07
2020-04-27,25.020111200328643,25.772899793249845,24.817388352774692,25.565755916162452,2222041.11
2020-04-28,25.565755916162452,26.04137715349995,25.180137950310094,25.65442180648897,1605933.56
2020-04-29,25.65442180648897,26.07115897261793,25.520133414975003,25.935399798294863,1615461.82
2020-04-30,25.935399798294863,25.98783523605441,25.372413863382732,25.423814993848737,2085805.93
2020-05-01,25.423814993848737,25.514395738939708,24.834903728175632,24.923702657750567,2918445.62
2020-05-02,24.923702657750567,25.333178819781768,24.676280042612536,25.084163279737517,2093154.77
2020-05-03,25.084163279737517,25.875888911663193,24.69625737882302,25.48183337070752,2115686.88
2020-05-04,25.48183337070752,25.809796100018268,24.729629948047545,25.052061316493038,1826488.38
2020-05-05,25.052061316493038,25.108914434613304,24.95989204708361,25.01666483647427,1423386.83
2020-05-06,25.01666483647427,25.333099360717043,24.11540905150776,24.424351433569473,2453905.91
2020-05-07,24.424351433569473,24.685182096720318,23.91070488378482,24.168806551604547,2064462.34
2020-05-08,24.168806551604547,24.563671930779833,23.68448044743316,24.077859958411807,2459517.28
2020-05-09,24.077859958411807,24.420965527889436,23.918464773500467,24.26036218015005,2286712.84
2020-05-10,24.26036218015005,24.622830513788312,23.14913729681344,23.50024895857873,1728808.28
2020-05-11,23.50024895857873,24.29980845367838,23.186004062758343,23.979159573938656,2327535.14
2020-05-12,23.979159573938656,24.29601635800113,23.604225381575603,23.92030446361202,1593120.33
2020-05-13,23.92030446361202,24.6250430014146,23.697845682057526,24.398140347141236,2322961.55
2020-05-14,24.398140347141236,24.716543592412684,24.343701519161545,24.661517099900642,2165709.59
2020-05-15,24.661517099900642,25.120289271592725,24.528898281123872,24.98592592449097,3233635.88
2020-05-16,24.98592592449097,26.21052503846094,24.5562556653307,25.76741589379934,1771337.35
2020-05-17,25.76741589379934,26.10505138941269,25.13315664230208,25.466853814136755,1578910.99
2020-05-18,25.466853814136755,25.83926578845781,25.150898431435166,25.522618558569395,1984102.52
2020-05-19,25.522618558569395,25.81517003696653,24.856754856702906,25.144977648912544,2561847.96
2020-05-20,25.144977648912544,25.23008754909864,25.024305619148738,25.109294740991984,1093109.64
2020-05-21,25.109294740991984,25.598253345323418,24.901940991088626,25.38859313599366,2738309.0
2020-05-22,25.38859313599366,26.169708490599312,25.054867779355806,25.830178626616185,2088202.11
2020-05-23,25.830178626616185,25.940212647048032,25.574696900985607,25.68410867780216,1653641.52
2020-05-24,25.68410867780216,26.161265323538217,24.75341339641804,25.22198475291237,2006708.8
2020-05-25,25.22198475291237,25.336912759448705,25.13855888660219,25.25338303814172,1827938.99
2020-05-26,25.25338303814172,25.612893954093757,24.577164407190985,24.93210151155801,1619602.88
2020-05-27,24.93210151155801,25.117156438046287,24.534142168880688,24.717605026151677,1355006.56
2020-05-28,24.717605026151677,25.412407231563545,24.283906392112357,24.974206235985555,2640787.31
2020-05-29,24.974206235985555,25.587106135578093,24.552565058166614,25.16228953496649,1912836.63
2020-05-30,25.16228953496649,25.690117626214228,24.96104647474243,25.486283327138878,1994889.35
2020-05-31,25.486283327138878,25.749251794956233,25.0978300014273,25.359490212935015,2717335.48
2020-06-01,25.359490212935015,26.250386410474892,24.87096486241641,25.754256284317055,2230940.96
2020-06-02,25.754256284317055,26.096684489609466,25.420938762243942,25.763250561527208,1489742.13
2020-06-03,25.763250561527208,25.817560574331328,25.601652590939405,25.655735958450617,2602979.07
2020-06-04,25.655735958450617,26.065979913244018,24.831175190819476,25.234686420110386,3188071.89
2020-06-05,25.234686420110386,25.449273401154876,24.242010708104566,24.449924345896825,2494855.69
2020-06-06,24.449924345896825,24.62022132675454,23.713148190771292,23.879471894294632,1772169.44
2020-06-07,23.879471894294632,24.367666736447458,23.47403341403833,23.960846632249318,1522359.78
2020-06-08,23.960846632249318,24.42605818655108,23.177234400629473,23.636141648897606,1756124.12
2020-06-09,23.636141648897606,23.709808916188255,22.984333023967213,23.056192752149904,2257404.26
2020-06-10,23.056192752149904,23.264307448138908,22.706075929471215,22.912897180586945,3142508.7
2020-06-11,22.912897180586945,23.1753316941958,22.751707874930744,23.013435116995797,1819602.34
2020-06-12,23.013435116995797,23.58254139268022,22.595521013494416,23.16193067361054,1870544.36
2020-06-13,23.16193067361054,23.57000936557283,22.74687082968014,23.154824318254192,2840040.77
2020-06-14,23.154824318254192,23.57670772799058,22.714933087264033,23.136482303502838,1973787.62
2020-06-15,23.136482303502838,23.200521154497828,22.887654829715718,22.951180789602972,3376880.08
2020-06-16,22.951180789602972,23.243389529773843,22.88457702694437,23.17613296144045,2120033.03
2020-06-17,23.17613296144045,23.45251314271398,22.841374541711197,23.117050148211288,2945857.33
2020-06-18,23.117050148211288,23.232733112567743,22.977749995509196,23.09331417969334,2420932.77
2020-06-19,23.09331417969334,23.557589454100885,23.00029767281874,23.46308356996477,2625391.24
2020-06-20,23.46308356996477,23.908745758685406,23.306198825739298,23.7499429434907,2104736.87
2020-06-21,23.7499429434907,24.100710859367986,23.33667161870584,23.686502570333236,2139434.97
2020-06-22,23.686502570333236,24.020240022841666,23.240170765025415,23.572299116757957,2442903.55
2020-06-23,23.572299116757957,23.952601819928212,23.0774511716812,23.455875560265877,2685836.63
2020-06-24,23.455875560265877,23.529281896545427,22.678935349728995,22.75013302944353,2509222.03
2020-06-25,22.75013302944353,23.500565017570427,22.39078469411281,23.13513540082153,1414244.98
2020-06-26,23.13513540082153,23.385714721939113,22.650881166780067,22.898901814666726,2346389.93
2020-06-27,22.898901814666726,23.378054442835406,22.724093571113503,23.20094046226912,1866958.31
2020-06-28,23.20094046226912,23.52013834398826,22.899673395022162,23.218641427528944,1919351.56
2020-06-29,23.218641427528944,24.106222690246835,22.83805207998012,23.717456986271575,2466581.17
2020-06-30,23.717456986271575,24.004521722138197,23.62567636879806,23.911988317143003,3363348.62
2020-07-01,23.911988317143003,24.64940595049286,23.516692932887302,24.24854682873447,2076003.37
2020-07-02,24.24854682873447,24.545589536712765,23.74032720455741,24.03475093033175,3602678.2
2020-07-03,24.03475093033175,24.35107162656144,23.263187098044217,23.5734364470418,1672312.96
2020-07-04,23.5734364470418,24.050491151172327,23.153330961437,23.62938853562436,2993349.63
2020-07-05,23.62938853562436,23.97862562047793,22.615397608121846,22.95466239126411,2450103.76
2020-07-06,22.95466239126411,23.24167451939583,22.510164985732334,22.795183074601432,2317749.16
2020-07-07,22.795183074601432,22.97864800169259,22.21005010197931,22.390256010971648,3108834.68
2020-07-08,22.390256010971648,22.640704075908758,21.862288999967987,22.109597738529946,1876342.02
2020-07-09,22.109597738529946,22.6939804038778,21.732447829470832,22.31335476696274,3027840.51
2020-07-10,22.31335476696274,22.944685908785832,21.86885198749977,22.49653402807587,2088359.25
2020-07-11,22.49653402807587,22.847721528433404,22.093872681628945,22.44424389440573,1873729.27
2020-07-12,22.44424389440573,22.92242751848815,22.080132582751748,22.556495162794537,1579001.57
2020-07-13,22.556495162794537,22.88558371103396,22.04862295640623,22.375064517728582,3270019.16
2020-07-14,22.375064517728582,23.584625319079954,22.021424188282662,23.21766755691187,2926398.82
2020-07-15,23.21766755691187,23.475759473584187,23.069603063814725,23.326997756250133,1952169.91
2020-07-16,23.326997756250133,23.55161326637867,22.899302165745087,23.121943206948092,2521394.26
2020-07-17,23.121943206948092,23.71570081835458,22.844296584247527,23.434303397069435,2270743.38
2020-07-18,23.434303397069435,24.1667481394823,23.15566122582492,23.88277349980267,2014214.29
2020-07-19,23.88277349980267,24.187298451990944,23.30583804087438,23.60684467420309,2800076.95
2020-07-20,23.60684467420309,24.067735887100746,22.655861314678422,23.106993622449608,1881563.76
2020-07-21,23.106993622449608,23.508936764436612,22.291225589161343,22.68584286868505,1271944.72
2020-07-22,22.68584286868505,23.06925624121687,22.079675585535476,22.45925947266844,2347654.36
2020-07-23,22.45925947266844,22.839868965068902,22.06336823287288,22.44371428624404,2237029.53
2020-07-24,22.44371428624404,22.80909790177976,21.541879856189396,21.898385520711095,1896745.44
2020-07-25,21.898385520711095,22.209904577211475,21.453070303686985,21.76265855407621,1760067.69
2020-07-26,21.76265855407621,21.906678720914996,21.553341387894687,21.696926555795475,1489749.25
2020-07-27,21.696926555795475,22.18657149309677,21.319317616183003,21.807046055884857,2009280.97
2020-07-28,21.807046055884857,22.168258038262866,21.65363010716669,22.01339042492867,1767647.05
2020-07-29,22.01339042492867,22.4842111612147,21.68213304931002,22.150884771441078,2799823.4
2020-07-30,22.150884771441078,22.85574417912567,22.062332028153815,22.764737432862727,2503232.8
2020-07-31,22.764737432862727,23.423351789719046,22.49495223664785,23.14901254421533,1949014.55
2020-08-01,23.14901254421533,23.409954652600128,22.969875981456838,23.23018990608857,2507126.47
2020-08-02,23.23018990608857,23.571214446622466,22.557412442503576,22.893494212676586,2141675.95
2020-08-03,22.893494212676586,23.29173025657363,22.26870511155969,22.662930461622363,2056684.18
2020-08-04,22.662930461622363,22.714590361899454,22.129105111877994,22.179663410236298,2170060.21
2020-08-05,22.179663410236298,22.324493211100513,22.089662894098485,22.234271108146608,3425627.9
2020-08-06,22.234271108146608,22.766346376026053,21.819395110308648,22.349323579287596,2584318.88
2020-08-07,22.349323579287596,22.800176658713536,22.208369123614478,22.657279959740574,2041810.29
2020-08-08,22.657279959740574,23.097186545530846,22.31392679372198,22.752392031259472,2750886.16
2020-08-09,22.752392031259472,23.50679677747356,22.374114385810827,23.12236797098827,2726201.73
2020-08-10,23.12236797098827,23.866016800257306,22.767904244523468,23.505676982691185,2347583.93
2020-08-11,23.505676982691185,23.566273017037943,23.08507496859769,23.14474053336058,2026509.61
2020-08-12,23.14474053336058,23.497411422649293,22.616510378200033,22.966464768136788,1993326.71
2020-08-13,22.966464768136788,23.409907753767975,22.522206775055523,22.965633714467845,1681473.85
2020-08-14,22.965633714467845,23.16401722169243,22.527499519910506,22.723793948226586,2301544.54
2020-08-15,22.723793948226586,23.059755973070036,22.30822595721682,22.642993378595566,1888892.08
2020-08-16,22.642993378595566,22.90847558821042,22.485025561578635,22.749762898477336,1972452.25
2020-08-17,22.749762898477336,23.20371613727427,22.2571189747352,22.710284452871715,2571429.15
2020-08-18,22.710284452871715,22.84397938577532,22.579697575685177,22.713374739070087,3354333.15
2020-08-19,22.713374739070087,22.883729311409343,22.22567759402699,22.39363405121317,2415744.85
2020-08-20,22.39363405121317,22.68276213175332,22.281166489848253,22.569411761889487,2142922.97
2020-08-21,22.569411761889487,23.157410308842433,22.13623273253168,22.721315757099948,2189704.19
2020-08-22,22.721315757099948,23.000462453278725,22.1868304380403,22.462801107303385,2923988.29
2020-08-23,22.462801107303385,22.607590242156352,21.887050385150356,22.02904363677425,2423912.6
2020-08-24,22.02904363677425,22.546474712361952,21.931650988252564,22.44723320511013,2309177.43
2020-08-25,22.44723320511013,23.463023017578767,22.048872872030785,23.053896520221336,2350433.91
2020-08-26,23.053896520221336,23.21159384487041,22.98178687038433,23.139217322439162,1539261.85
2020-08-27,23.139217322439162,23.453418606037598,22.70302957637352,23.0155516364821,2425594.05
2020-08-28,23.0155516364821,23.69068766998807,22.716756452637078,23.387069325784772,1767652.83
2020-08-29,23.387069325784772,23.93212208015042,23.015394787979243,23.55773526644026,2427985.04
2020-08-30,23.55773526644026,23.893980287490123,23.150378684043737,23.485594016292872,1830629.6
2020-08-31,23.485594016292872,24.24295338992673,23.085010735826426,23.8363867938373,2550398.84
2020-09-01,23.8363867938373,23.900377136442753,23.485114731481456,23.548331771500074,2117400.64
2020-09-02,23.548331771500074,23.7778160120442,23.078636841604574,23.30575713309233,1652215.48
2020-09-03,23.30575713309233,23.518865519801697,23.225180046775172,23.437831799882574,2045796.34
2020-09-04,23.437831799882574,23.6998311420763,23.220002660444088,23.48159526882134,3818774.25
2020-09-05,23.48159526882134,23.999765385530058,23.19758857963165,23.71296036706192,1246317.96
2020-09-06,23.71296036706192,24.45598986312321,23.412091568607085,24.149581241889766,2293416.86
2020-09-07,24.149581241889766,24.59987020921005,23.15038647549156,23.590246176715645,1708842.06
2020-09-08,23.590246176715645,24.04618262256794,23.15167995553399,23.607299365584904,3103953.06
2020-09-09,23.607299365584904,24.48576653640407,23.4284467180162,24.301653352801978,2698064.52
2020-09-10,24.301653352801978,24.656050123219874,23.734504507179015,24.085752747906547,2304663.92
2020-09-11,24.085752747906547,24.442913941739743,23.475626659975006,23.82898024291953,2767143.11
2020-09-12,23.82898024291953,24.28718140816236,22.592121733498377,23.035056753729883,2338711.81
2020-09-13,23.035056753729883,23.154699641920548,22.954184911080734,23.07369215748304,2203368.23
2020-09-14,23.07369215748304,23.586187132618225,22.771225401346804,23.281002797673064,1894097.74
2020-09-15,23.281002797673064,23.708617592880415,23.063773714813536,23.489443602183886,2010188.93
2020-09-16,23.489443602183886,23.6832763337201,22.934782218904253,23.125612650841102,1959015.54
2020-09-17,23.125612650841102,23.428902610722165,22.822302204833747,23.125591892470986,2205696.9
2020-09-18,23.125591892470986,23.369721254386512,22.96298045961971,23.206540617158968,1370851.43
2020-09-19,23.206540617158968,23.28940636217402,23.145145431724192,23.227954524142383,2845883.16
2020-09-20,23.227954524142383,23.599608017501147,22.482558848985168,22.84813513031851,3579328.74
2020-09-21,22.84813513031851,22.959467309615192,22.766741925519426,22.877967830101376,1974674.14
2020-09-22,22.877967830101376,23.058876931425264,22.421093658711186,22.599803153759254,2951151.25
2020-09-23,22.599803153759254,22.887016509424626,21.690366463852843,21.969570401811986,2127466.07
2020-09-24,21.969570401811986,22.494525842247743,21.678973472680827,22.200869463351978,1892467.68
2020-09-25,22.200869463351978,22.56238738386267,21.89021777330962,22.251033756338906,1999728.37
2020-09-26,22.251033756338906,22.901674188565107,21.808214517044323,22.4547997884928,2247639.34
2020-09-27,22.4547997884928,22.661944600759085,22.070797063491565,22.276295176401423,1836994.46
2020-09-28,22.276295176401423,22.592768299535393,22.176610988509093,22.492118324689038,2559988.94
2020-09-29,22.492118324689038,22.949234228008137,22.391284284275645,22.84681007492677,1932157.72
2020-09-30,22.84681007492677,23.72880187151387,22.591280489362667,23.46634313368611,1682281.26
2020-10-01,23.46634313368611,23.97280776819095,23.25732113537918,23.761159746848975,2189073.21
2020-10-02,23.761159746848975,24.344198233187633,23.323076519690723,23.903490855025836,1849607.62
2020-10-03,23.903490855025836,24.171132802940903,23.148970057469498,23.41109880362783,2027145.51
2020-10-04,23.41109880362783,23.648374342540833,23.139421610183636,23.376344912392955,2170331.77
2020-10-05,23.376344912392955,23.785955175045572,22.479037839795694,22.879950060629874,1573859.15
2020-10-06,22.879950060629874,23.253578505084057,22.231220793490717,22.600282276972745,3168231.94
2020-10-07,22.600282276972745,23.629851631914867,22.264672139481576,23.284087115244837,2695593.53
2020-10-08,23.284087115244837,23.551676726680203,22.66481416727004,22.92831511111568,1879383.36
2020-10-09,22.92831511111568,23.07102319876784,21.99250105897167,22.130241860240737,2189505.2
2020-10-10,22.130241860240737,22.681742102171583,21.859931085196067,22.408038172325515,2579007.39
2020-10-11,22.408038172325515,22.49954751519205,22.092590794418758,22.18318187519418,2317839.91
2020-10-12,22.18318187519418,22.708033239937972,21.924467776978027,22.4462510648092,3519856.75
2020-10-13,22.4462510648092,22.835153480589895,21.67187725193632,22.0539832589587,2072574.56
2020-10-14,22.0539832589587,22.30253677575843,21.667757144836024,21.914741373222906,2961518.69
2020-10-15,21.914741373222906,22.391264343352354,21.843900369612943,22.319116168653533,1575855.03
2020-10-16,22.319116168653533,22.37633619506359,21.822478451396215,21.87856903709221,1637642.04
2020-10-17,21.87856903709221,22.261198934012572,21.44359655486365,21.82529474845668,3352060.97
2020-10-18,21.82529474845668,22.05725832923579,21.693533205547002,21.924895486455252,1974802.44
2020-10-19,21.924895486455252,22.176211405394394,21.4410621668081,21.689681931009794,1643117.67
2020-10-20,21.689681931009794,22.12032342017604,21.34303306889977,21.772353287802467,2173907.52
2020-10-21,21.772353287802467,21.923217790062377,21.62957456763228,21.780386390418574,3017569.02
2020-10-22,21.780386390418574,22.296144422971654,21.44771208746668,21.96071576353463,1817707.67
2020-10-23,21.96071576353463,22.66222524384474,21.88703172242576,22.58644172574165,2177181.16
2020-10-24,22.58644172574165,23.88965469958523,22.23691565449153,23.5255951916292,1383802.39
2020-10-25,23.5255951916292,23.769428227331826,23.45144677090288,23.694746671736382,1956676.72
2020-10-26,23.694746671736382,23.86033769733666,23.49284676549282,23.65818226025831,2822878.83
2020-10-27,23.65818226025831,23.977888420678017,23.5015490998794,23.8201827078179,1808272.16
2020-10-28,23.8201827078179,24.250029079405206,23.311086353802608,23.739476341141938,1600763.93
2020-10-29,23.739476341141938,24.01534425234823,22.908010866860373,23.177346469123023,1811996.03
2020-10-30,23.177346469123023,23.575425764428264,22.766153722567555,23.164003853633538,1888980.14
2020-10-31,23.164003853633538,23.844663635879932,22.874893154927825,23.550726242243474,2663486.09
2020-11-01,23.550726242243474,23.939885309730666,22.655255606384703,23.035907661530338,2419114.86
2020-11-02,23.035907661530338,23.31059132673544,22.426524257966573,22.697168748877253,2538802.73
2020-11-03,22.697168748877253,22.92637482895621,22.273289159719923,22.500509285283606,2215693.37
2020-11-04,22.500509285283606,22.944307600890035,22.18902151366926,22.63101318707745,1884178.65
2020-11-05,22.63101318707745,23.633480401658126,22.469063834417444,23.46555897216081,1811881.89
2020-11-06,23.46555897216081,23.900546345458892,22.75236407541564,23.182096834891546,2451105.89
2020-11-07,23.182096834891546,23.643221097024714,22.756787398809777,23.217266423457033,3273003.54
2020-11-08,23.217266423457033,23.29920077730342,23.14043603733457,23.222353556881085,1738936.28
2020-11-09,23.222353556881085,23.652017777757873,22.69168394288157,23.119444114486214,1705676.04
2020-11-10,23.119444114486214,23.241366112625496,22.98389498036113,23.105744733862927,1656157.96
2020-11-11,23.105744733862927,23.435299995394562,22.619054162713542,22.946335788081416,2708349.36
2020-11-12,22.946335788081416,24.327372392073165,22.560472985344866,23.925051622434452,2176943.02
2020-11-13,23.925051622434452,24.35553836445703,23.7733118970547,24.2020418852331,2527691.84
2020-11-14,24.2020418852331,24.299522767044653,23.94138376537548,24.038204744646016,1937629.55
2020-11-15,24.038204744646016,24.85931054643278,23.662939111426237,24.47719179112169,2567714.81
2020-11-16,24.47719179112169,24.820847357387592,24.23330792505127,24.575979201300605,2047354.61
2020-11-17,24.575979201300605,24.865549804582187,24.311534241419952,24.600837363368765,1495149.16
2020-11-18,24.600837363368765,24.98740263144889,24.150636073287355,24.53618543323662,2770927.0
2020-11-19,24.53618543323662,24.697347142394204,24.285877912191978,24.446450210993675,2180166.05
2020-11-20,24.446450210993675,24.53809342300908,23.911088833198885,24.00106240529707,2035787.3
2020-11-21,24.00106240529707,24.462826406041536,22.951829739257743,23.40206952732023,2360279.53
2020-11-22,23.40206952732023,23.880728556723138,23.060542892336922,23.53722941661073,1533290.0
2020-11-23,23.53722941661073,23.860593816665506,23.149320474259607,23.471785782018397,2450122.78
2020-11-24,23.471785782018397,23.979767260977795,23.284176748034135,23.789617808467003,1895541.79
2020-11-25,23.789617808467003,24.263571426366326,23.005853885543647,23.47350977528355,2115795.94
2020-11-26,23.47350977528355,23.61448684843536,22.94990970983029,23.088574943531846,2924959.97
2020-11-27,23.088574943531846,23.486913631380734,22.968380920942497,23.36527914780752,2583140.8
2020-11-28,23.36527914780752,23.54587198408388,23.084013665455824,23.263822330730434,2105097.87
2020-11-29,23.263822330730434,23.931738965947915,22.9078583575896,23.571073684014696,2145100.59
2020-11-30,23.571073684014696,23.733942447624027,23.42337294320956,23.586147253026102,1159878.19
2020-12-01,23.586147253026102,24.45638061549159,23.406191872229044,24.271198494788507,1791376.63
2020-12-02,24.271198494788507,24.837650769411304,23.99127169631748,24.55445706735596,2293867.26
2020-12-03,24.55445706735596,25.049415474844697,24.218084658752616,24.710899949457428,1817416.72
2020-12-04,24.710899949457428,25.133285230313312,24.595107383750502,25.016062705416598,1579090.76
2020-12-05,25.016062705416598,25.360871749730023,24.572494764889523,24.91592354044609,2480585.92
2020-12-06,24.91592354044609,25.136653539281777,24.09011815856781,24.305439886827706,3049777.0
2020-12-07,24.305439886827706,24.64335520140027,24.105386810783493,24.44217667299606,1836952.63
2020-12-08,24.44217667299606,25.262725196073163,24.35852761275203,25.1765628280926,2737951.27
2020-12-09,25.1765628280926,25.668293907228147,23.84448678438125,24.319477877582138,2637044.53
2020-12-10,24.319477877582138,24.851115415436407,23.967424985432164,24.49649992210469,1723320.31
2020-12-11,24.49649992210469,24.589534245648213,23.844496388105586,23.935399730614208,1834066.34
2020-12-12,23.935399730614208,24.14105896949293,23.72446413436251,23.930077644479823,3452964.12
2020-12-13,23.930077644479823,24.044564651759543,23.847728925880872,23.96210571743933,1663962.3
2020-12-14,23.96210571743933,24.52323036214517,23.68060901809703,24.238486853920655,1889292.28
2020-12-15,24.238486853920655,24.674252088718067,23.884541066295423,24.319128717358254,3596260.63
2020-12-16,24.319128717358254,24.909693801918298,24.245735090690964,24.83474407997032,1908351.99
2020-12-17,24.83474407997032,25.75189791667133,24.372841945199383,25.281683149024296,3085473.37
2020-12-18,25.281683149024296,25.50250430638748,24.989440151656048,25.209631982965874,1703957.04
2020-12-19,25.209631982965874,25.79489486310338,25.052669804018258,25.63528246588545,2277376.77
2020-12-20,25.63528246588545,25.746473153999993,25.40653336837023,25.517211936384726,2886190.49
2020-12-21,25.517211936384726,25.635134242598703,25.216354717259495,25.333427704176295,1957348.79
2020-12-22,25.333427704176295,25.771603231956853,24.44747138967458,24.877765632254196,2255544.57
2020-12-23,24.877765632254196,25.65158065981129,24.613043916982882,25.38149877261273,2650018.0
2020-12-24,25.38149877261273,25.79704668021769,24.85577525519447,25.269489335424915,1755860.54
2020-12-25,25.269489335424915,25.423314975807177,24.212435114686215,24.360728760514327,3851821.33
2020-12-26,24.360728760514327,24.75494794807263,24.172587224025474,24.565227040906464,2851623.46
2020-12-27,24.565227040906464,24.796805053847727,24.177040114598803,24.407127714781808,2012015.18
2020-12-28,24.407127714781808,24.655624646117094,24.05253316585607,24.2999387715848,2074565.33
2020-12-29,24.2999387715848,24.391263466582547,24.125941876255688,24.21695469823765,3548012.35
2020-12-30,24.21695469823765,24.285005488805755,24.029007189646503,24.096720115337625,2013256.82
2020-12-31,24.096720115337625,25.619221017207074,23.616565954023464,25.11870270708473,1955053.85
2021-01-01,25.11870270708473,26.12475872097337,24.767096785196113,25.764118415902367,2929989.12
2021-01-02,25.764118415902367,26.120187356730224,25.687190547741324,26.042428495605492,1550097.66
2021-01-03,26.042428495605492,26.557244658899712,25.62819313606687,26.141434492891364,2157336.41
2021-01-04,26.141434492891364,26.82276269759137,25.919230956912124,26.59668947091415,2246777.96
2021-01-05,26.59668947091415,27.134907392576643,26.162198305918498,26.69874895451762,1845091.59
2021-01-06,26.69874895451762,27.551273040408553,26.188897969088654,27.035000841894895,1487441.6
2021-01-07,27.035000841894895,27.336215272472742,26.967999518467725,27.268634929530805,2238335.41
2021-01-08,27.268634929530805,27.854345717938603,26.74078861718603,27.325400577650832,2613009.3
2021-01-09,27.325400577650832,27.860019255286122,27.189219120416936,27.721861955538067,1856500.92
2021-01-10,27.721861955538067,27.92562280318808,27.34674278171082,27.54923478752989,1638048.42
2021-01-11,27.54923478752989,27.94367714583888,27.183242755837,27.577312106507257,3011618.65
2021-01-12,27.577312106507257,27.987847661641396,26.76938755207302,27.17391789296603,2510518.56
2021-01-13,27.17391789296603,27.311531072297356,26.687557976348767,26.82339605557645,2009742.54
2021-01-14,26.82339605557645,26.94310540283536,25.7013182198742,25.81653407232937,2769511.64
2021-01-15,25.81653407232937,26.185589008586323,25.631743718636535,25.99948909401008,2337056.63
2021-01-16,25.99948909401008,26.49993462145371,25.79511262971045,26.293248973107197,3440996.46
2021-01-17,26.293248973107197,26.940151004210524,26.090054798729902,26.733554152307406,2597370.85
2021-01-18,26.733554152307406,26.8694571845862,26.159704256528947,26.29336956087989,1554246.7
2021-01-19,26.29336956087989,26.988558326552408,25.781318371102305,26.473008746859506,1865954.2
2021-01-20,26.473008746859506,26.90949193433417,26.03977009126969,26.476201035984126,1888402.13
2021-01-21,26.476201035984126,27.303737062403165,25.956198605394235,26.777810901925953,2377019.45
2021-01-22,26.777810901925953,26.881329593684313,26.415303783731783,26.517817382538695,2039256.0
2021-01-23,26.517817382538695,26.60692791614498,26.297594000022976,26.386262456156622,1659697.91
2021-01-24,26.386262456156622,26.693597553752582,25.474499862819993,25.774711899684235,2549105.06
2021-01-25,25.774711899684235,26.111340508802986,25.16606403481828,25.499092944122005,2824938.68
2021-01-26,25.499092944122005,25.846228388345317,25.156568024244955,25.503642356989467,2144215.5
2021-01-27,25.503642356989467,25.668578901748763,25.409823969241327,25.574499855691702,2318271.72
2021-01-28,25.574499855691702,26.01408267082368,24.503080777534162,24.93161345222784,1727315.02
2021-01-29,24.93161345222784,25.2012449871552,24.474475843189772,24.742057358344184,1930584.9
2021-01-30,24.742057358344184,25.019583919975574,24.52861997604041,24.805598400806076,1950428.52
2021-01-31,24.805598400806076,25.625624225083335,24.530755214592237,25.344806673035706,2529708.26
2021-02-01,25.344806673035706,25.41395446804935,24.95680443584877,25.025079925941977,2345418.73
2021-02-02,25.025079925941977,25.363291787630573,24.878148214864012,25.21524355395482,2025941.03
2021-02-03,25.21524355395482,25.718863087895436,24.505092405962902,25.004502853720904,2005937.99
2021-02-04,25.004502853720904,25.303208257016973,24.54241215869626,24.839142152392355,1345146.33
2021-02-05,24.839142152392355,24.92393643522802,24.429993112796694,24.51367634115705,3286837.83
2021-02-06,24.51367634115705,24.691916192599066,23.955851295076407,24.131310953579185,1306165.69
2021-02-07,24.131310953579185,24.259832994895508,23.833552966239733,23.961168839971677,2444712.38
2021-02-08,23.961168839971677,24.802561243908656,23.514422186787037,24.348591250886106,2220838.41
2021-02-09,24.348591250886106,24.750630004632672,23.676803838145933,24.07431378071187,2058621.91
2021-02-10,24.07431378071187,24.35945631442292,23.465646706478047,23.74691139987913,2195498.65
2021-02-11,23.74691139987913,24.281375371311697,23.292583828241543,23.8255434066155,1863975.55
2021-02-12,23.8255434066155,24.038162821649486,23.617983607398966,23.830559325502342,2590008.63
2021-02-13,23.830559325502342,24.24924839785137,23.390703121121778,23.809013648451604,1584177.55
2021-02-14,23.809013648451604,24.15310257767489,23.56102476781242,23.904123060590088,2387892.12
2021-02-15,23.904123060590088,24.31707576063077,23.136959446415023,23.54368545144092,1857100.67
2021-02-16,23.54368545144092,23.972472204985422,22.804640457485256,23.22767184842121,1977286.33
2021-02-17,23.22767184842121,23.824789479976364,22.98765194188323,23.58111729423349,1990688.69
2021-02-18,23.58111729423349,23.703834021753682,23.409569968798138,23.532031251316358,2110908.6
2021-02-19,23.532031251316358,23.878902185332322,23.40348213266339,23.749166913317566,2494269.0
2021-02-20,23.749166913317566,24.371944369278488,23.57818399397693,24.197731990701435,2180400.31
2021-02-21,24.197731990701435,24.660998764352247,24.05223242647527,24.513599904611752,2777919.39
2021-02-22,24.513599904611752,24.733942005543383,23.796483387611424,24.012319698524678,2856741.17
2021-02-23,24.012319698524678,24.279342943396788,23.706457209592255,23.973043695083508,2376548.76
2021-02-24,23.973043695083508,24.444913831756114,23.88750679570704,24.35800337889362,2609359.83
2021-02-25,24.35800337889362,25.006444658327425,23.910459705433954,24.555276374115287,3649864.44
2021-02-26,24.555276374115287,24.67750031587226,24.505090963116423,24.62716797476066,1545156.37
2021-02-27,24.62716797476066,24.737724903072547,23.917132573735316,24.024986171704903,2879139.53
2021-02-28,24.024986171704903,24.07667316582776,23.753116033332397,23.804328307442855,3237071.01
2021-03-01,23.804328307442855,24.303393636488984,23.334014085835665,23.83252237043925,2451929.04
2021-03-02,23.83252237043925,24.056350391743607,23.10623001081909,23.325294295638997,3541211.18
2021-03-03,23.325294295638997,23.741624122405476,23.19634128215556,23.611091092066687,3427723.14
2021-03-04,23.611091092066687,23.70874863613947,23.474579124926397,23.572075296244947,2022225.92
2021-03-05,23.572075296244947,23.776384231014454,22.67899636323974,22.87728324770012,2061320.32
2021-03-06,22.87728324770012,23.324904381038436,22.240498824406266,22.68434489034481,2512075.18
2021-03-07,22.68434489034481,22.953768042243652,22.3206448940607,22.58893485598628,1882176.44
2021-03-08,22.58893485598628,22.778137864025066,22.358553761422712,22.54740895200151,4333010.52
2021-03-09,22.54740895200151,23.238855066147035,22.354364004815817,23.041579164408738,2679596.42
2021-03-10,23.041579164408738,23.34343970267099,22.946830856735907,23.247843225236974,2225745.42
2021-03-11,23.247843225236974,23.510686360750846,22.51645873372365,22.773943901926316,1546364.97
2021-03-12,22.773943901926316,22.993381319022777,22.053174855442634,22.267734714347544,2343011.42
2021-03-13,22.267734714347544,22.604407752212715,21.84528824081978,22.180644534261965,1635657.69
2021-03-14,22.180644534261965,22.347342857219584,22.059647840645443,22.226098211177195,2660294.16
2021-03-15,22.226098211177195,22.667322843774425,22.126701409670535,22.56640416814775,1176928.73
2021-03-16,22.56640416814775,23.4586996922497,22.28508478864327,23.169857487570464,3109271.81
2021-03-17,23.169857487570464,24.17468998595581,22.8140580430439,23.80907463700163,1978662.51
2021-03-18,23.80907463700163,24.06990316137782,23.39373265856634,23.652849738445738,1441273.53
2021-03-19,23.652849738445738,24.383123918656658,23.26918643384896,23.99392811965401,2191003.76
2021-03-20,23.99392811965401,24.566586515165024,23.582682825153373,24.15262129005235,2209272.11
2021-03-21,24.15262129005235,24.599428696528253,23.31960283550573,23.75913093245916,2164908.14
2021-03-22,23.75913093245916,23.968382898782508,22.88759682998755,23.090964101979807,3106165.65
2021-03-23,23.090964101979807,23.567611657263765,22.668902518206966,23.144570248865385,2419781.2
2021-03-24,23.144570248865385,23.486252840456757,22.294119405909605,22.62817852203338,2684459.71
2021-03-25,22.62817852203338,22.927966233992233,22.04455904100282,22.34053594199213,2067367.31
2021-03-26,22.34053594199213,22.60790606472259,21.847767583164295,22.112407478860625,2447842.7
2021-03-27,22.112407478860625,22.241122104635693,22.060333753162727,22.18886831710053,1586190.72
2021-03-28,22.18886831710053,22.90086145704351,21.920694793310048,22.62738800678746,2346636.6
2021-03-29,22.62738800678746,22.997388932161904,22.26485557123053,22.634738724566127,1820124.98
2021-03-30,22.634738724566127,23.08269417450843,22.008929942787717,22.453294499525708,3059851.85
2021-03-31,22.453294499525708,22.67324841008348,21.54893711025907,21.762120233451853,2241922.27
2021-04-01,21.762120233451853,22.351399532738043,21.330733183499238,21.916943446838086,2596526.14
2021-04-02,21.916943446838086,22.04072023624363,21.805614240666234,21.929328120937594,2349113.46
2021-04-03,21.929328120937594,22.351415048314397,21.33133650229056,21.749971240240498,3455726.56
2021-04-04,21.749971240240498,22.420577045619392,21.475621629100026,22.141291403373355,1489390.12
2021-04-05,22.141291403373355,22.449636621674177,21.444665693668114,21.747527252921312,2138293.65
2021-04-06,21.747527252921312,22.01559255732692,21.260110628390237,21.52543841178428,1730543.62
2021-04-07,21.52543841178428,21.9493008801787,21.025999596017698,21.44834397982757,1317912.61
2021-04-08,21.44834397982757,21.508342542951343,21.20938960366068,21.268886160133817,1702674.17
2021-04-09,21.268886160133817,21.65164139803708,21.06920599921329,21.450258447079907,2949000.42
2021-04-10,21.450258447079907,21.988253209439076,21.069426654939747,21.604679792627373,2183466.02
2021-04-11,21.604679792627373,22.064930104669067,21.49649066853509,21.954986758612968,2082386.48
2021-04-12,21.954986758612968,22.39703927261173,21.68597906302281,22.125936976614348,2669343.74
2021-04-13,22.125936976614348,22.378712472125155,21.837757384659987,22.090123735474023,2264412.78
2021-04-14,22.090123735474023,22.45535612829288,21.615958125846312,21.97935916591845,2564569.56
2021-04-15,21.97935916591845,22.54481141605102,21.572113443815766,22.13468768131216,2384926.69
2021-04-16,22.13468768131216,22.28208323277291,21.926749144311906,22.073738835574503,2519682.45
2021-04-17,22.073738835574503,22.41229444564911,21.75418630241196,22.092470738353867,1966067.86
2021-04-18,22.092470738353867,22.531030360152553,21.830489741932855,22.266979966334908,2858306.2
2021-04-19,22.266979966334908,22.627668637344453,21.956797500446328,22.316792278266497,1624864.34
2021-04-20,22.316792278266497,22.550250617626958,22.191666470931168,22.42452079794836,2153215.75
2021-04-21,22.42452079794836,22.579432101396087,22.006738090008668,22.159820813933298,2894139.22
2021-04-22,22.159820813933298,22.890609103065255,21.896180202454577,22.621476070186876,2116875.8
2021-04-23,22.621476070186876,22.6679184228229,22.201890655968416,22.247565362280344,1975346.79
2021-04-24,22.247565362280344,22.73297392127993,21.91617330556978,22.399321359599462,3898405.29
2021-04-25,22.399321359599462,22.509262325546686,22.128513951316755,22.237661453661737,3136493.04
2021-04-26,22.237661453661737,23.033219578924545,21.82040657476416,22.608997167111305,2279293.64
2021-04-27,22.608997167111305,23.31818637453946,22.213544794685106,22.917340785661562,1726054.12
2021-04-28,22.917340785661562,23.22264345191328,22.61436619237364,22.91963848233857,1322714.58
2021-04-29,22.91963848233857,23.89342487708725,22.506190251209848,23.47004779147701,2626422.83
2021-04-30,23.47004779147701,23.934060283047277,22.94369951569613,23.40645474663159,3018996.52
2021-05-01,23.40645474663159,24.103330423788606,23.033140122657866,23.724936268932176,2428806.61
2021-05-02,23.724936268932176,24.039988819445853,23.15627988162779,23.467919406405755,1434451.17
2021-05-03,23.467919406405755,23.853941832007703,23.2311968256041,23.61572829240593,2289966.42
2021-05-04,23.61572829240593,24.008791341185095,22.89929290583528,23.2868826071046,1947886.0
2021-05-05,23.2868826071046,23.638820382766998,22.945034796408688,23.29682659586446,2290732.15
2021-05-06,23.29682659586446,23.541618463220633,23.0370781131779,23.281711154736733,3576248.24
2021-05-07,23.281711154736733,23.856958906896825,23.025597799752422,23.59737307376918,2679975.78
2021-05-08,23.59737307376918,23.74180899047477,23.218412320850536,23.361403906320263,2540792.44
2021-05-09,23.361403906320263,24.876729283060666,22.983074816988903,24.480280412429856,2175201.38
2021-05-10,24.480280412429856,24.916273082830536,23.54820793376016,23.975205238498123,2440190.25
2021-05-11,23.975205238498123,24.11855897233377,23.920141279156283,24.063292702126702,1836208.42
2021-05-12,24.063292702126702,24.268847433729018,23.96669830756788,24.17181740146438,2527400.54
2021-05-13,24.17181740146438,24.856880390828067,23.69219431782183,24.373260229564647,2096177.07
2021-05-14,24.373260229564647,24.500145850501045,24.060588722899645,24.186502093021133,1791213.72
2021-05-15,24.186502093021133,24.649047904380648,23.817476233807817,24.278616606817096,2697182.74
2021-05-16,24.278616606817096,24.537309370500807,23.81813083334004,24.074650301565512,1259316.13
2021-05-17,24.074650301565512,25.05425708032008,23.80057673662448,24.772241908083554,1919954.12
2021-05-18,24.772241908083554,24.870111972823747,24.440852469036727,24.537796287045026,2564561.37
2021-05-19,24.537796287045026,24.647756515826202,24.37621404718155,24.48594190302002,2987997.79
2021-05-20,24.48594190302002,24.78962608714437,23.943135035759518,24.243816283690812,2475353.24
2021-05-21,24.243816283690812,24.457097271596943,23.7435102537854,23.954243775155394,1859738.03
2021-05-22,23.954243775155394,24.345999085662495,23.06969475275654,23.45325676254722,2172164.78
2021-05-23,23.45325676254722,24.15883700493281,22.996021315724512,23.696852511433402,2366178.0
2021-05-24,23.696852511433402,24.09073456544453,23.069220993469607,23.45915206109667,3249791.89
2021-05-25,23.45915206109667,23.677474385470024,22.96432277689486,23.180047619041503,2769334.0
2021-05-26,23.180047619041503,23.427593162261555,22.602631848099684,22.846616597803028,2774414.52
2021-05-27,22.846616597803028,23.066089219176312,22.73648712614678,22.955435200039723,2236276.45
2021-05-28,22.955435200039723,23.299528374415996,22.622066044803844,22.966005709487348,1683223.63
2021-05-29,22.966005709487348,23.209166859292008,22.735141042164198,22.978179812385264,1547974.07
2021-05-30,22.978179812385264,23.37875628449949,22.321110005611015,22.71713572034101,2040389.82
2021-05-31,22.71713572034101,23.18488263306434,22.40508102991947,22.870718251100676,2620368.68
2021-06-01,22.870718251100676,22.986667723127795,22.530098447349417,22.644903086546257,1940577.95
2021-06-02,22.644903086546257,22.885082476368027,22.432093235665185,22.672017809639165,2538316.39
2021-06-03,22.672017809639165,22.993622238531934,22.305987368165074,22.626952542554545,1803602.41
2021-06-04,22.626952542554545,23.021625450707088,21.672553271038375,22.057289778820326,1874519.09
2021-06-05,22.057289778820326,22.93926726067202,21.873894070529772,22.75011107799162,3128206.5
2021-06-06,22.75011107799162,23.274989378020194,22.4304516181745,22.952486363972717,2664923.67
2021-06-07,22.952486363972717,23.13634191589222,22.834862424715652,23.018380291939145,2037727.43
2021-06-08,23.018380291939145,23.562942091014662,22.59749314712724,23.139834182594885,1787502.85
2021-06-09,23.139834182594885,24.17012165803519,22.853986504476705,23.87519008691323,2789008.31
2021-06-10,23.87519008691323,24.67865719679479,23.49713113153899,24.29396699122309,2738943.93
2021-06-11,24.29396699122309,24.649464786754955,24.07183932971214,24.426128727397398,2581205.89
2021-06-12,24.426128727397398,24.888509025836797,23.71059401527689,24.168089701707608,2104336.56
2021-06-13,24.168089701707608,24.529690792210193,23.611472486822247,23.970111441900574,1673319.81
2021-06-14,23.970111441900574,24.08434901072141,23.214792484804835,23.32596013551651,2191855.35
2021-06-15,23.32596013551651,23.60361696324851,22.92282778629458,23.198973043530927,3127885.85
2021-06-16,23.198973043530927,23.597800738349427,23.039096497402635,23.43628872279447,1752770.43
2021-06-17,23.43628872279447,24.068227544583795,23.037860750235147,23.665896137575537,2226254.81
2021-06-18,23.665896137575537,24.275844806139208,23.285092007439246,23.891411937520722,3311513.65
2021-06-19,23.891411937520722,24.15187165718018,23.449892119823943,23.708356199953457,2038876.93
2021-06-20,23.708356199953457,24.088404142404293,23.532092176190115,23.910636231488898,2130990.4
2021-06-21,23.910636231488898,24.634918621896162,23.49582577758673,24.214830887945993,1569656.39
2021-06-22,24.214830887945993,24.633958565078466,23.007789025809313,23.413038708279686,2570903.82
2021-06-23,23.413038708279686,23.78555636716877,23.153288696448254,23.524569010721805,1828156.11
2021-06-24,23.524569010721805,24.64480602502251,23.1738029984189,24.282735280254357,1491536.04
2021-06-25,24.282735280254357,24.456090009856467,24.00610429000423,24.178716427808872,1733370.38
2021-06-26,24.178716427808872,24.37889922849293,23.081026736604603,23.273716775397066,2317685.16
2021-06-27,23.273716775397066,23.715754669253695,22.55472951750499,22.991405470427786,1482057.15
2021-06-28,22.991405470427786,23.34209298897961,22.028518501604474,22.36972351582358,1555821.23
2021-06-29,22.36972351582358,22.443502657741682,22.08518519046024,22.15826691263935,2530149.52
2021-06-30,22.15826691263935,22.385149874000593,21.530479467570476,21.753215020966557,2160546.66
2021-07-01,21.753215020966557,22.266976418431067,21.55475156835627,22.065662381123488,1750602.5
2021-07-02,22.065662381123488,22.468408623284933,21.929786298948905,22.33089926367562,2030212.64
2021-07-03,22.33089926367562,22.897377296316243,21.88631445289535,22.450413090446105,3397364.57
2021-07-04,22.450413090446105,22.97687102430315,22.350638111157753,22.875208154642305,3030993.02
2021-07-05,22.875208154642305,23.050359178081006,22.509034165311164,22.68271127757057,2141698.02
2021-07-06,22.68271127757057,23.103409804824775,22.290823556410334,22.71103277500329,2697978.88
2021-07-07,22.71103277500329,23.586233107216838,22.611537011692423,23.48335384851449,2267568.55
2021-07-08,23.48335384851449,23.90385185889564,23.277393092043898,23.69602586251231,1411861.14
2021-07-09,23.69602586251231,24.230481995750747,23.378132631095443,23.909721931960714,1350086.09
2021-07-10,23.909721931960714,24.10253288631496,23.445274026719215,23.635876658927803,1752641.65
2021-07-11,23.635876658927803,23.857079462099616,23.270139707290607,23.48997706932958,1483670.47
2021-07-12,23.48997706932958,23.76955575305806,22.862718745803043,23.13810948693618,2354548.69
2021-07-13,23.13810948693618,24.193761171350545,22.695052541859212,23.73919443287283,1917404.55
2021-07-14,23.73919443287283,24.15881613343016,22.77746960276086,23.187336483205815,2446820.98
2021-07-15,23.187336483205815,23.608833303879805,23.094231624068986,23.514415115374735,2456239.11
2021-07-16,23.514415115374735,24.01650570135451,23.22636984863562,23.725870167051237,2614215.95
2021-07-17,23.725870167051237,24.052322513855298,22.839799060481514,23.158443996911334,1743338.8
2021-07-18,23.158443996911334,23.75195223949583,22.976332641017827,23.566631018039434,2502712.86
2021-07-19,23.566631018039434,23.72583648669659,23.31875111320705,23.47735346320259,1732545.59
2021-07-20,23.47735346320259,23.77690563830309,22.720695617902,23.01434011452786,2628181.98
2021-07-21,23.01434011452786,23.36423677219104,22.796403370295362,23.14506214180226,2986556.05
2021-07-22,23.14506214180226,23.568412362282004,22.44274925323114,22.860901850070068,2635955.55
2021-07-23,22.860901850070068,22.973925690098294,22.680203658156433,22.792891255168144,2104731.65
2021-07-24,22.792891255168144,22.855332597913055,22.559581420956096,22.621553381965004,2534887.92
2021-07-25,22.621553381965004,23.033109415203928,21.918465466806772,22.324619351499635,1499512.23
2021-07-26,22.324619351499635,22.729370230382894,21.530826767833034,21.92839398262953,1417338.69
2021-07-27,21.92839398262953,22.409076694748705,21.72003338237008,22.198152882321974,2472318.52
2021-07-28,22.198152882321974,22.65820136156535,21.852527544330773,22.31082176852059,3050760.7
2021-07-29,22.31082176852059,22.788046400248543,21.926565329090096,22.402215891487895,1617036.55
2021-07-30,22.402215891487895,22.54980223744141,22.134837273163154,22.281629190985814,2208367.4
2021-07-31,22.281629190985814,22.60923526955017,21.974588494664108,22.301915034445724,2455114.13
2021-08-01,22.301915034445724,22.64243625317907,21.720242921632924,22.05702498805929,1886681.38
2021-08-02,22.05702498805929,22.243072912437842,21.62515646135359,21.809113285151714,2021038.88
2021-08-03,21.809113285151714,22.811588078085094,21.394131522410504,22.385636289669407,2564511.93
2021-08-04,22.385636289669407,23.131617714559876,21.95115914018686,22.691209766793097,2260314.51
2021-08-05,22.691209766793097,22.93539218416178,22.259460580258384,22.50160261578051,2262785.7
2021-08-06,22.50160261578051,22.57738796956503,21.925131093495022,21.999224438557114,1720960.83
2021-08-07,21.999224438557114,22.407121636940094,21.043712051877712,21.441263860252317,2182934.39
2021-08-08,21.441263860252317,21.68598457497187,20.996235097459984,21.238643193166524,1991681.05
2021-08-09,21.238643193166524,21.371908206491124,21.14309290802325,21.276189006922493,2018514.58
2021-08-10,21.276189006922493,21.64079945239733,20.953264312346047,21.317251521212054,1921500.41
2021-08-11,21.317251521212054,21.675139189560504,21.010948943391433,21.368105897162003,2185046.95
2021-08-12,21.368105897162003,21.576641826484476,21.271576557514347,21.479608778200813,1770722.96
2021-08-13,21.479608778200813,21.628836164998503,20.999574720206255,21.14648778293387,2206659.44
2021-08-14,21.14648778293387,22.01878973082366,20.77522516394788,21.638882287448997,2008121.01
2021-08-15,21.638882287448997,22.05981338418391,21.157252651397524,21.576979583673058,1742697.03
2021-08-16,21.576979583673058,21.878085406989005,21.376431542964337,21.6766113352529,1351627.72
2021-08-17,21.6766113352529,21.772477277043485,21.3696599965599,21.464588255244394,2787998.2
2021-08-18,21.464588255244394,21.74894322249987,21.285667138096986,21.56915051184506,2651259.49
2021-08-19,21.56915051184506,22.51086260745984,21.32893248077784,22.262918010506063,1799023.17
2021-08-20,22.262918010506063,22.42783348508941,21.771487108997338,21.93396582729456,2608758.34
2021-08-21,21.93396582729456,22.219182059106984,21.288034082989554,21.568497988632945,1702777.15
2021-08-22,21.568497988632945,21.6147111614554,21.244482949365196,21.290099619271057,2037401.22
2021-08-23,21.290099619271057,21.645571375276297,20.831764129929798,21.185489251021966,1926851.68
2021-08-24,21.185489251021966,21.54996040502787,20.659594422787887,21.021239861328983,2052502.2
2021-08-25,21.021239861328983,21.359746815941083,20.361259837739734,20.69450535663828,2585715.73
2021-08-26,20.69450535663828,20.848924114207303,20.527305010482163,20.681627677072218,1989709.87
2021-08-27,20.681627677072218,21.463806036099925,20.404851786692102,21.18035581970018,2020909.17
2021-08-28,21.18035581970018,21.361953477224038,20.953810745654845,21.13501969707099,2649217.11
2021-08-29,21.13501969707099,21.32538161644527,20.916767467429345,21.10687589720018,2234202.53
2021-08-30,21.10687589720018,21.533109773281122,20.795258102403146,21.219824428421443,1897449.02
2021-08-31,21.219824428421443,21.80056929811695,20.855188662564135,21.432282706254384,2336415.21
2021-09-01,21.432282706254384,22.257744020546678,21.068837282507182,21.886594446696506,2819678.47
2021-09-02,21.886594446696506,22.104695146100156,21.7517822964013,21.96937311427895,2864622.25
2021-09-03,21.96937311427895,22.27555651662396,21.665217748913133,21.97137345747227,1579803.13
2021-09-04,21.97137345747227,22.120938110105868,21.498657241193243,21.646007042995866,1599708.38
2021-09-05,21.646007042995866,22.18482667665491,21.357856859947347,21.893383435781843,2824209.24
2021-09-06,21.893383435781843,22.081878618453427,21.43124079150624,21.617359494388516,2047413.93
2021-09-07,21.617359494388516,21.967976998767632,20.98874527504534,21.33477954262814,1269287.7
2021-09-08,21.33477954262814,21.80414547588461,20.932097762146437,21.40022838586192,1833051.28
2021-09-09,21.40022838586192,22.067941591999823,21.245726011983386,21.909760568976097,1971307.19
2021-09-10,21.909760568976097,22.546404367730986,21.523301798321846,22.155609157928772,2034632.08
2021-09-11,22.155609157928772,22.495033308386457,21.806623899813996,22.145899295077186,2663628.97
2021-09-12,22.145899295077186,22.41582275843206,21.555275122111443,21.821241521017882,1743972.23
2021-09-13,21.821241521017882,22.589930667556512,21.57140011321788,22.334215979777525,2779692.91
2021-09-14,22.334215979777525,22.507250263444657,22.145065923289327,22.31797437516445,2362547.48
2021-09-15,22.31797437516445,22.444274718938505,22.09703462213732,22.222796340933986,1594917.76
2021-09-16,22.222796340933986,22.49227403365358,22.144995402380957,22.41380438514691,2031123.2
2021-09-17,22.41380438514691,22.74606845137364,21.934752606910003,22.264807937633677,2489605.17
2021-09-18,22.264807937633677,22.398484551955864,21.882485723431405,22.014660466860843,2221867.16
2021-09-19,22.014660466860843,22.254994071852067,21.56105670834832,21.799036349189105,2418628.6
2021-09-20,21.799036349189105,22.191782358750995,21.1957663111209,21.584649789118423,1899524.03
2021-09-21,21.584649789118423,21.888559822824963,20.922416850071663,21.221209677915468,2527294.54
2021-09-22,21.221209677915468,21.32829670406704,20.723483726735505,20.828589502637175,1991407.89
2021-09-23,20.828589502637175,21.462734204227733,20.511574850746843,21.14096514231558,4157852.75
2021-09-24,21.14096514231558,21.484814989215288,21.016930891435173,21.35949860038228,1581848.93
2021-09-25,21.35949860038228,21.702070140391143,20.758795637002077,21.097159688495847,4318659.66
2021-09-26,21.097159688495847,21.45908645678296,21.025454242113206,21.386397941666857,1734415.21
2021-09-27,21.386397941666857,21.587664645230028,21.289073476880308,21.48986930660857,3023041.72
2021-09-28,21.48986930660857,21.894210369290537,20.984904606990707,21.387316087078446,2705583.34
2021-09-29,21.387316087078446,21.537992344744982,20.847876778577646,20.99579472032936,1752539.83
2021-09-30,20.99579472032936,21.207117198593856,20.896874199730373,21.107669585780464,2555697.62
2021-10-01,21.107669585780464,21.8441724855929,20.98380258101492,21.71673129894901,1943528.09
2021-10-02,21.71673129894901,21.909041859981453,21.532143530642422,21.724389002760816,2356481.83
2021-10-03,21.724389002760816,22.435817444736326,21.353399745508305,22.059112092525233,2282848.91
2021-10-04,22.059112092525233,22.163791018428967,21.886865936689293,21.99122270146038,2016029.32
2021-10-05,21.99122270146038,22.354965990953655,21.941005461566483,22.3040344414281,1974568.45
2021-10-06,22.3040344414281,22.695912905391033,21.865123089803692,22.25616041445603,2395699.98
2021-10-07,22.25616041445603,22.420719267281445,21.302356667689647,21.461036488432086,1755057.81
2021-10-08,21.461036488432086,21.53367154990839,21.15814049903783,21.229993593862165,1771689.52
2021-10-09,21.229993593862165,21.32863744180902,21.17692283780707,21.275453046176334,2793237.73
2021-10-10,21.275453046176334,22.024328934695887,20.888401672797354,21.630812718988658,2448691.78
2021-10-11,21.630812718988658,21.87776147770687,21.336900049706337,21.583306451840166,1586912.91
2021-10-12,21.583306451840166,21.87642260350802,21.30296121775374,21.595913615171835,1711957.42
2021-10-13,21.595913615171835,21.878582731732806,21.126870924955696,21.407068242658507,1289596.85
2021-10-14,21.407068242658507,22.17313222150548,21.163038602197656,21.923218729214465,2761792.2
2021-10-15,21.923218729214465,22.786756752280322,21.575807992440193,22.431294686688705,2613267.55
2021-10-16,22.431294686688705,22.84200155435415,21.798568103831986,22.205134072874035,1675762.17
2021-10-17,22.205134072874035,22.505778088752585,21.408862423353096,21.702703839318524,2587960.44
2021-10-18,21.702703839318524,22.075771463236606,20.755200806992,21.11822122472498,3614063.14
2021-10-19,21.11822122472498,21.36165826267291,21.072329540962894,21.31533822696609,1497238.93
2021-10-20,21.31533822696609,21.58930367573546,21.088470815042598,21.361940260296585,1886422.48
2021-10-21,21.361940260296585,21.63692944809622,20.840926996058318,21.112707850859675,1489081.51
2021-10-22,21.112707850859675,21.321997461595732,20.994008663364422,21.202791806977782,2788749.62
2021-10-23,21.202791806977782,21.306374744448576,20.711548693224895,20.81322847972694,2147797.61
2021-10-24,20.81322847972694,21.162463366004754,20.720559931740723,21.068657548950384,1991585.66
2021-10-25,21.068657548950384,21.218808847521018,20.800195996808537,20.949498074216084,2328703.96
2021-10-26,20.949498074216084,21.301897944896186,20.264402735196715,20.611110452600656,1914054.72
2021-10-27,20.611110452600656,20.662590362906297,20.448096891545543,20.49929752920935,1989830.16
2021-10-28,20.49929752920935,20.762584356335562,20.115707601316235,20.377429188032135,2356430.51
2021-10-29,20.377429188032135,20.559480007175193,20.3116759192327,20.493352679977335,1888792.82
2021-10-30,20.493352679977335,21.126513381530085,20.233547514814454,20.86203424349425,1956605.3
2021-10-31,20.86203424349425,21.359413368731868,20.72560194048998,21.22063590370778,2115576.46
2021-11-01,21.22063590370778,21.377716410316456,21.11809430623021,21.274912539222925,2250815.09
2021-11-02,21.274912539222925,21.495852291543102,20.99699266946952,21.21733447416431,2557086.3
2021-11-03,21.21733447416431,21.348031432411485,20.9081557241715,21.03774643552341,2545340.22
2021-11-04,21.03774643552341,21.223063895948126,20.302915889645025,20.483349776573913,1512191.77
2021-11-05,20.483349776573913,20.75772244770162,20.20573827583473,20.480066974111796,3128160.68
2021-11-06,20.480066974111796,20.866160056678904,19.838680262228475,20.219868038118342,2232755.74
2021-11-07,20.219868038118342,20.870277800752028,19.954567489539144,20.599989756691933,2024944.17
2021-11-08,20.599989756691933,20.829210537816763,20.311465911775436,20.540019388950096,1755181.35
2021-11-09,20.540019388950096,21.026867396821213,20.293005084120463,20.77700312521401,3617376.85
2021-11-10,20.77700312521401,20.995113324543226,20.4115467479669,20.628093745213597,3968638.77
2021-11-11,20.628093745213597,20.878324726362717,20.17263889576776,20.42034982020074,3507847.24
2021-11-12,20.42034982020074,20.864146602143187,20.169931123939037,20.61138520207426,2267802.46
2021-11-13,20.61138520207426,20.92595448979987,20.38755563958477,20.70115012415959,2397637.01
2021-11-14,20.70115012415959,21.14223150799166,20.365984093018888,20.80537795570246,3193815.96
2021-11-15,20.80537795570246,20.99332158335273,20.590811064841947,20.778512001156916,2071493.08
2021-11-16,20.778512001156916,21.11490493525657,20.696356833125446,21.031748507475264,2518801.03
2021-11-17,21.031748507475264,21.529741856596825,20.74624380445759,21.24139126592179,2328588.22
2021-11-18,21.24139126592179,21.588257545706803,20.21805343666179,20.55368973299887,3554268.64
2021-11-19,20.55368973299887,20.88337749037949,20.14776825372191,20.47621326375514,3150431.12
2021-11-20,20.47621326375514,20.932759857135505,20.34233221633828,20.796782807604014,2125409.42
2021-11-21,20.796782807604014,21.080583554553982,20.20062421579609,20.48010343653284,3221090.64
2021-11-22,20.48010343653284,20.889184850817223,19.564546591855375,19.963305179273448,2197887.52
2021-11-23,19.963305179273448,20.040806150172017,19.84656372987602,19.923911768806118,1919400.52
2021-11-24,19.923911768806118,20.313818651569623,19.696587994680684,20.084660796065606,2048531.55
2021-11-25,20.084660796065606,20.23523497592566,19.797838199441795,19.947383212829045,2282588.67
2021-11-26,19.947383212829045,20.675860827863783,19.623397448978654,20.34541030075404,1807952.22
2021-11-27,20.34541030075404,21.089727735282494,20.185798551605995,20.925564618330345,1932960.31
2021-11-28,20.925564618330345,21.243727400764097,20.016568910096492,20.325609676609805,1533590.19
2021-11-29,20.325609676609805,20.424964861774793,20.11134523099032,20.21013596014817,1791112.1
2021-11-30,20.21013596014817,20.27491781982464,19.462087156711,19.52467181980053,2332857.91
2021-12-01,19.52467181980053,19.8005609131286,19.449036326940515,19.724152663008873,2854771.85
2021-12-02,19.724152663008873,19.85601360688472,19.393691804240433,19.524216121824324,2764791.91
2021-12-03,19.524216121824324,19.86181436211803,19.051046402009618,19.38625919359095,2449581.81
2021-12-04,19.38625919359095,19.82254411760922,19.294992406039192,19.729660661852634,1501010.91
2021-12-05,19.729660661852634,19.780978073579718,19.288054241457267,19.33835385298157,1773946.49
2021-12-06,19.33835385298157,19.674112056464633,18.55483354819197,18.882680211509918,2094043.05
2021-12-07,18.882680211509918,19.04786364380303,18.08385663603699,18.24344814250136,2798729.7
2021-12-08,18.24344814250136,18.835466657343705,18.013631566417896,18.601144109485116,1914092.83
2021-12-09,18.601144109485116,18.965397303325194,18.53588434451607,18.899092225020667,1621770.44
2021-12-10,18.899092225020667,19.245554197239112,18.47247761871354,18.81744277677106,3159865.32
2021-12-11,18.81744277677106,19.025939588142883,18.254588540043617,18.459115089294738,1830747.06
2021-12-12,18.459115089294738,18.76430534476926,18.392436102629453,18.69676789613213,1659455.83
2021-12-13,18.69676789613213,19.759128193451758,18.44607036786302,19.497691400303086,2328655.81
2021-12-14,19.497691400303086,19.66498515811283,19.26389584612379,19.430614068157112,2172630.62
2021-12-15,19.430614068157112,19.593079785170985,18.922004921983525,19.08155201706325,1941431.9
2021-12-16,19.08155201706325,19.628957653426806,18.903178916202815,19.44716680938861,2200202.35
2021-12-17,19.44716680938861,19.663929206395675,18.905135167739285,19.118231175853566,1745379.9
2021-12-18,19.118231175853566,19.369595143899254,18.764613501263486,19.01461513940346,1935880.3
2021-12-19,19.01461513940346,19.102756093081485,18.185768021226853,18.270459492074984,2180218.26
2021-12-20,18.270459492074984,18.55508755060656,17.90557649511235,18.188934509087044,1322459.57
2021-12-21,18.188934509087044,18.23419917020449,17.797350604937655,17.84175127198413,2793300.15
2021-12-22,17.84175127198413,18.453621215166393,17.581527341425954,18.18834221705088,1560851.2
2021-12-23,18.18834221705088,18.284728692649516,17.82820233160907,17.923183637862543,1739753.27
2021-12-24,17.923183637862543,18.32114977983216,17.74318409943869,18.138983004428603,2824964.31
2021-12-25,18.138983004428603,18.35860834978085,17.893187171659726,18.112491763196672,2536500.14
2021-12-26,18.112491763196672,18.39716622563662,17.865204868467067,18.149375759720627,2248555.79
2021-12-27,18.149375759720627,18.59332572578948,17.854654633019145,18.29622004797956,1435351.34
2021-12-28,18.29622004797956,18.502812497326033,18.077330585912904,18.283782597322574,1890870.23
2021-12-29,18.283782597322574,18.61000712555081,17.78417906911133,18.107253921740217,2084268.9
2021-12-30,18.107253921740217,18.45474877820628,17.54450080040258,17.88778382383759,2122464.62
2021-12-31,17.88778382383759,18.38169205663932,17.53774058201093,18.02888757754218,2926514.27
2022-01-01,18.02888757754218,18.168649434041928,17.382385202132202,17.518188061597055,3622015.73
2022-01-02,17.518188061597055,18.01888174594173,17.47300628528446,17.972528165053678,2565544.53
2022-01-03,17.972528165053678,18.278972704883984,17.70501891172291,18.01089242479593,1924871.99
2022-01-04,18.01089242479593,18.128578451820378,17.804140869580838,17.921241100637552,2980409.45
2022-01-05,17.921241100637552,18.280804288319757,17.637756506576547,17.99613499586828,1898501.64
2022-01-06,17.99613499586828,18.0337470947209,17.799585397437255,17.836864619639613,1141717.62
2022-01-07,17.836864619639613,18.122063557080047,17.506593490001087,17.79106004445544,1609742.18
2022-01-08,17.79106004445544,17.849105036038758,17.43327567264753,17.490339535542326,1215890.56
2022-01-09,17.490339535542326,17.906160197803356,17.178517449578838,17.592516476148216,1998705.99
2022-01-10,17.592516476148216,17.833949502383007,17.332709118659366,17.57388647380523,2104097.06
2022-01-11,17.57388647380523,17.712841651330706,17.48758430280313,17.626282174539625,1477408.53
2022-01-12,17.626282174539625,18.23084012196288,17.42991137913099,18.02997190207699,1777003.69
2022-01-13,18.02997190207699,18.229989642956212,17.61593544658187,17.813552309734973,1540132.06
2022-01-14,17.813552309734973,18.13103780975301,17.464165703512524,17.78107232264467,2131245.63
2022-01-15,17.78107232264467,17.9870137884971,17.14229722332503,17.34316684113987,1777283.28
2022-01-16,17.34316684113987,17.699161974825184,17.136634271624683,17.49087046421921,2831884.09
2022-01-17,17.49087046421921,17.626284743393022,17.3531301085027,17.488526238687804,2295334.31
2022-01-18,17.488526238687804,17.75983968170712,17.22422079201457,17.495429899475628,3285944.7
2022-01-19,17.495429899475628,17.546260555333042,17.405266635720658,17.455982682911625,1963573.65
2022-01-20,17.455982682911625,17.795032949630478,16.969591884975564,17.305723647070284,3760488.74
2022-01-21,17.305723647070284,18.208462620163907,17.082263210505005,17.976342802899683,2201386.41
2022-01-22,17.976342802899683,18.29894546705725,17.66675467263042,17.989136995519747,1927726.13
2022-01-23,17.989136995519747,18.362893677020587,17.70024577742967,18.07266112786285,4017425.69
2022-01-24,18.07266112786285,18.17977316358093,17.6598155788962,17.765104807038327,1392820.52
2022-01-25,17.765104807038327,18.137476885801682,17.63713619964669,18.007760341029545,1916092.02
2022-01-26,18.007760341029545,18.133890335079773,17.850494301038903,17.97640467365568,1450916.06
2022-01-27,17.97640467365568,18.210522583051848,17.86747979378477,18.100843686746714,1389422.95
2022-01-28,18.100843686746714,18.39484445954566,18.05945916200618,18.35288368787196,1312158.35
2022-01-29,18.35288368787196,18.662774443521737,18.016923816976345,18.326366832173473,2566765.76
2022-01-30,18.326366832173473,18.540443439207564,17.929471355275137,18.141387150900186,1578056.87
2022-01-31,18.141387150900186,18.37071810397163,17.29248451969309,17.513882996343423,2064242.75
2022-02-01,17.513882996343423,17.703920204848327,17.224592664312222,17.41354109687434,2749547.62
2022-02-02,17.41354109687434,17.48734916763469,17.163301822505804,17.2363588986147,2470186.49
2022-02-03,17.2363588986147,17.406134482712485,16.77522319120521,16.942100372370994,2439851.89
2022-02-04,16.942100372370994,17.4484155666982,16.818670431366826,17.32221632972952,2979968.41
2022-02-05,17.32221632972952,17.90240194994621,17.009428136841464,17.584870987756915,3289760.77
2022-02-06,17.584870987756915,17.841992507868436,16.855296405964992,17.105407330174987,1608856.31
2022-02-07,17.105407330174987,17.2321176684032,17.02111473898275,17.147617074638106,2482479.96
2022-02-08,17.147617074638106,17.398564081958487,16.690551015429737,16.938436771094203,2055261.76
2022-02-09,16.938436771094203,17.237464161762457,16.737367030604744,17.035245244703233,2120789.79
2022-02-10,17.035245244703233,17.094360812000687,16.77352104683774,16.83193107498328,1507704.94
2022-02-11,16.83193107498328,16.886667166202738,16.64267700841405,16.69697423078943,1926048.08
2022-02-12,16.69697423078943,17.023933775630898,16.61926865046068,16.945073572729328,1979355.1
2022-02-13,16.945073572729328,17.444046116334505,16.663972532268087,17.159389794007392,3145650.92
2022-02-14,17.159389794007392,17.85684598344346,16.8687254698545,17.55940575580094,1648113.81
2022-02-15,17.55940575580094,17.78675182079779,17.277320407327657,17.503948452601453,1211783.96
2022-02-16,17.503948452601453,17.543879750298302,17.084609890542485,17.123673677386183,2196647.32
2022-02-17,17.123673677386183,17.50097375563267,16.99168115665916,17.367104821529388,1606834.29
2022-02-18,17.367104821529388,17.77789684219361,17.207043389163662,17.615545690171004,2124556.84
2022-02-19,17.615545690171004,17.913302201075403,17.490141762481237,17.786679979475327,2595155.11
2022-02-20,17.786679979475327,18.0083072955439,17.37014694629736,17.589315036549927,2145780.73
2022-02-21,17.589315036549927,17.64419023026353,17.25400491531618,17.30800246930421,1975153.5
2022-02-22,17.30800246930421,17.49285608386957,17.26716494779633,17.451679562157594,2115554.88
2022-02-23,17.451679562157594,17.67124966051516,17.004102970942423,17.220767829627032,2719116.92
2022-02-24,17.220767829627032,17.337206852096834,17.02679247323714,17.142703661202045,1648376.13
2022-02-25,17.142703661202045,18.175566888554645,16.89657684548869,17.918304365465247,2639469.21
2022-02-26,17.918304365465247,18.805326608226444,17.63167114435298,18.509240378095207,1711460.53
2022-02-27,18.509240378095207,18.979305480314153,18.268638225529166,18.735758808105864,2557358.74
2022-02-28,18.735758808105864,19.10699884754358,18.18321835791287,18.550793396786908,1495835.38
2022-03-01,18.550793396786908,18.802577435105654,18.101845882912297,18.35091706311332,2519561.68
2022-03-02,18.35091706311332,18.84900997332358,18.058963038334753,18.5538277399187,2144678.16
2022-03-03,18.5538277399187,19.239745763161814,18.30264023106155,18.982751352609124,2253750.97
2022-03-04,18.982751352609124,19.295927849565654,18.527577417519208,18.838371950205246,2796009.5
2022-03-05,18.838371950205246,19.008498164483978,18.54168513746166,18.710657988119713,1791733.86
2022-03-06,18.710657988119713,18.922025733434214,18.5269485585284,18.738047382778085,2186264.9
2022-03-07,18.738047382778085,18.88857714023516,18.202120630471278,18.349529276366884,2373302.69
2022-03-08,18.349529276366884,18.576634111784088,17.754909270390446,17.977408514950028,2041540.23
2022-03-09,17.977408514950028,18.134595302083714,17.50723609701338,17.661662132542716,2631764.95
2022-03-10,17.661662132542716,18.16333242459187,17.3122876934601,17.81100378140261,2389090.24
2022-03-11,17.81100378140261,18.116962761426926,17.58205994132835,17.88704152705785,1903083.01
2022-03-12,17.88704152705785,18.34718998808003,17.74318293145423,18.200807890292197,3015122.07
2022-03-13,18.200807890292197,18.40369208758924,17.531834929063116,17.729465073373127,2531802.23
2022-03-14,17.729465073373127,18.014041287094958,17.050037595006003,17.328172651161278,1782141.12
2022-03-15,17.328172651161278,17.738862515114818,17.042082604949638,17.45074872438272,1777678.85
2022-03-16,17.45074872438272,17.685772392618414,16.991577609038853,17.223541286767425,2082521.05
2022-03-17,17.223541286767425,17.258710885820584,16.983285603900086,17.01803557068847,2460407.32
2022-03-18,17.01803557068847,17.58874594093331,16.717921905056684,17.28394298848334,1265031.77
2022-03-19,17.28394298848334,17.601560265030393,16.826727707193605,17.14173164607223,1800978.31
2022-03-20,17.14173164607223,17.444963461187786,16.7296471430957,17.03091871243808,1904249.31
2022-03-21,17.03091871243808,17.27071554897538,16.72969792659267,16.968617557375612,1535788.32
2022-03-22,16.968617557375612,17.01083191671541,16.88002251827645,16.922121204448192,1704063.26
2022-03-23,16.922121204448192,17.42809553874355,16.598671024441156,17.10122201779616,2276826.7
2022-03-24,17.10122201779616,17.156297108192863,16.73811659043889,16.792196453073842,1946882.35
2022-03-25,16.792196453073842,16.870963884321707,16.667961958780435,16.746515111811792,1985509.94
2022-03-26,16.746515111811792,17.273612721661546,16.523749286643827,17.046851752480627,1558614.7
2022-03-27,17.046851752480627,17.791669277793712,16.871054923565612,17.61006428101526,2085645.05
2022-03-28,17.61006428101526,17.884528495865368,16.98449292873712,17.253398273722055,1510500.91
2022-03-29,17.253398273722055,17.574914845350804,17.022261449636108,17.34258324612832,3168362.13
2022-03-30,17.34258324612832,17.37857638295548,17.258986596173454,17.294880730265202,3401747.6
2022-03-31,17.294880730265202,17.52958383280034,17.036850907197778,17.27123309550797,1954561.63
2022-04-01,17.27123309550797,17.572580859013858,16.769913176545504,17.067709875289825,1661710.23
2022-04-02,17.067709875289825,17.56630100064252,16.77177907946442,17.266916238351488,2724017.92
2022-04-03,17.266916238351488,17.539212856232393,17.183459276904063,17.454847557901072,2551160.38
2022-04-04,17.454847557901072,18.288325198895404,17.31080128150966,18.13863595301775,3515366.04
2022-04-05,18.13863595301775,18.21393903152347,17.707041660904746,17.780859419651616,3757398.34
2022-04-06,17.780859419651616,18.056937170056315,17.04869080501302,17.317575290048463,1325454.56
2022-04-07,17.317575290048463,18.106140066837437,17.087319268278723,17.86855812823127,2939155.3
2022-04-08,17.86855812823127,18.060105595571336,17.66541280215243,17.856834595502104,2080962.18
2022-04-09,17.856834595502104,17.98889769783736,17.604607912271018,17.73577570403559,2523708.52
2022-04-10,17.73577570403559,18.076468823262733,17.449027815564452,17.78886263762067,2672246.34
2022-04-11,17.78886263762067,18.077856969982907,17.135491697802177,17.41846868348709,2644378.4
2022-04-12,17.41846868348709,17.71037491732236,17.229630850297255,17.520431678633404,2825116.98
2022-04-13,17.520431678633404,17.594710826031303,17.427199735276492,17.501398188806668,1912459.22
2022-04-14,17.501398188806668,17.975942643471612,17.31979558728983,17.791331559217273,1733664.16
2022-04-15,17.791331559217273,18.35346525011831,17.468788904166566,18.02665634435197,2959989.27
2022-04-16,18.02665634435197,18.51705908702426,17.801079112264414,18.288208907249857,1769196.28
2022-04-17,18.288208907249857,18.62931973806425,18.003424660579753,18.34367182210293,3503656.15
2022-04-18,18.34367182210293,18.935649216618913,18.209689213582887,18.79834565974221,1817321.18
2022-04-19,18.79834565974221,19.121073406438388,18.644632659517974,18.965989591347626,2000202.44
2022-04-20,18.965989591347626,19.043905185626976,18.738302512357997,18.815600281112143,2097727.86
2022-04-21,18.815600281112143,18.96933298091765,18.43645933275288,18.58833516488651,1496594.61
2022-04-22,18.58833516488651,18.682262822421126,18.302303096180687,18.395255111898383,1497674.33
2022-04-23,18.395255111898383,18.78006347688128,18.180000513788787,18.562847770316573,2763411.54
2022-04-24,18.562847770316573,18.73155619079689,18.02843843123449,18.193792695090675,1431106.13
2022-04-25,18.193792695090675,18.54993273428362,17.8837062366093,18.239074513750364,4130395.1
2022-04-26,18.239074513750364,18.40120358354277,17.852192454124477,18.01230575232053,2148835.06
2022-04-27,18.01230575232053,18.117175026807093,17.57233783978865,17.675244714403135,1700838.39
2022-04-28,17.675244714403135,17.737394898324094,17.32591411167884,17.387050940688415,2443696.67
2022-04-29,17.387050940688415,17.50087152300847,17.269261959879213,17.383056392751968,1188842.89
2022-04-30,17.383056392751968,17.844022206908196,17.130088775515944,17.588071104945996,2023979.02
2022-05-01,17.588071104945996,17.821502721496806,17.17974388639005,17.410823039028774,2089912.13
2022-05-02,17.410823039028774,17.63993252815832,16.650914768165396,16.872946323108664,1603046.96
2022-05-03,16.872946323108664,18.011673612873057,16.578562796691074,17.702811370385966,1878572.34
2022-05-04,17.702811370385966,18.126073089902825,17.58684787884234,18.008109720380098,3221873.87
2022-05-05,18.008109720380098,18.458495001387057,17.81948797629642,18.267159896666694,2303131.96
2022-05-06,18.267159896666694,18.820770033023766,18.175325043595738,18.726625300470275,2431052.27
2022-05-07,18.726625300470275,18.86673932982839,18.61542084598358,18.755364214838607,1807149.67
2022-05-08,18.755364214838607,18.918095739880187,18.55700894311637,18.71942867225891,1580288.65
2022-05-09,18.71942867225891,19.392634315060807,18.44373944335209,19.111175656651376,2071332.91
2022-05-10,19.111175656651376,19.840909338912407,18.78615630428123,19.509122201523898,1190117.17
2022-05-11,19.509122201523898,19.84303921000251,19.36222139970941,19.6947407281636,1672390.48
2022-05-12,19.6947407281636,20.145818682735943,19.514341681928734,19.962962787520173,1608548.75
2022-05-13,19.962962787520173,20.321854774909767,19.24141372248779,19.593666541887067,1321497.81
2022-05-14,19.593666541887067,19.908033632282947,19.20662201259823,19.519804029072745,2587680.0
2022-05-15,19.519804029072745,20.322864493175857,19.23821073721249,20.033855479321392,2129379.9
2022-05-16,20.033855479321392,20.47182811250445,19.8469680325623,20.282620045302213,1884268.76
2022-05-17,20.282620045302213,20.447701559865344,19.678583732898826,19.84006324999385,2601820.63
2022-05-18,19.84006324999385,20.138095408163345,19.387667963905198,19.683345956535838,1458472.33
2022-05-19,19.683345956535838,20.22598213846723,19.610913673888707,20.151825907448014,1572336.33
2022-05-20,20.151825907448014,20.53333506541778,19.91438916659185,20.29422057457346,2908939.99
2022-05-21,20.29422057457346,20.41598519690512,20.231420227062692,20.353002947682718,3891556.13
2022-05-22,20.353002947682718,20.69124591726482,20.083934686185366,20.42127509276809,2610427.5
2022-05-23,20.42127509276809,20.671055994563456,20.14857156936186,20.398068623414304,2475272.04
2022-05-24,20.398068623414304,20.460818565295043,20.17679019691811,20.239050957716813,1902165.02
2022-05-25,20.239050957716813,20.432487143251596,19.79617022786739,19.987199323287797,1913131.3
2022-05-26,19.987199323287797,20.409666623017944,19.877987296040438,20.29875223992421,2328617.34
2022-05-27,20.29875223992421,20.708210755029786,19.966538803877608,20.374753467699882,3100867.49
2022-05-28,20.374753467699882,20.977105885105424,19.99906155603581,20.59731022929784,2447563.71
2022-05-29,20.59731022929784,20.930872012310264,20.439448297335577,20.771673723428545,2795320.77
2022-05-30,20.771673723428545,21.27705923146204,20.719168311497942,21.223411942300814,1749622.83
2022-05-31,21.223411942300814,21.761281869454674,20.838041853248466,21.37319210485077,2566873.66
2022-06-01,21.37319210485077,22.017239180375867,21.005543247683395,21.64491628648287,1860083.38
2022-06-02,21.64491628648287,22.057493490252927,21.29116741833397,21.702798634836398,2278449.81
2022-06-03,21.702798634836398,21.885423755917188,21.215682300878687,21.395723439791112,2566165.03
2022-06-04,21.395723439791112,21.469211721874775,21.25212936222467,21.325376020743263,1926392.51
2022-06-05,21.325376020743263,21.940686194271997,20.908514436546213,21.520019776605935,1706062.21
2022-06-06,21.520019776605935,21.98200649186406,21.285852034400936,21.745386446878037,2408746.11
2022-06-07,21.745386446878037,22.419751352813584,21.562311993062085,22.2325752554033,2127110.21
2022-06-08,22.2325752554033,22.588069473875922,21.72773736679421,22.080804807617227,2276160.25
2022-06-09,22.080804807617227,22.471437392738167,21.77007003622846,22.159593853066767,2592812.8
2022-06-10,22.159593853066767,22.22061207689994,22.058191834406728,22.11909855116934,3050418.74
2022-06-11,22.11909855116934,23.110727630455617,21.693280285243212,22.67422258394201,2596783.81
2022-06-12,22.67422258394201,23.081049510013397,22.40192451012629,22.80715503089126,2512912.58
2022-06-13,22.80715503089126,23.071182867026014,22.684263368822073,22.947534797469253,1941310.15
2022-06-14,22.947534797469253,23.000026224887403,22.885660164748042,22.938130079307182,2017274.41
2022-06-15,22.938130079307182,23.21201768817067,22.589912253121888,22.862901613322745,2464732.23
2022-06-16,22.862901613322745,23.15309412389309,22.0846589246717,22.36857711053353,2009016.28
2022-06-17,22.36857711053353,22.45342657575129,21.86405409418374,21.947305573779598,2462180.42
2022-06-18,21.947305573779598,22.269766759925858,21.688136315800183,22.00985882900608,1794188.9
2022-06-19,22.00985882900608,22.246115153556435,21.794799972015745,22.03085117980441,3563683.72
2022-06-20,22.03085117980441,22.31375730601104,21.81324618811964,22.09551362493923,2309143.99
2022-06-21,22.09551362493923,22.854808914471242,21.663442276529093,22.416461523172362,2271541.46
2022-06-22,22.416461523172362,22.6155322244678,22.252239806410678,22.45105706275909,1949954.43
2022-06-23,22.45105706275909,22.853265285037466,21.935463005440127,22.335602878687077,3549165.64
2022-06-24,22.335602878687077,22.51878487424842,22.084828170523473,22.26745123087655,1608230.96
2022-06-25,22.26745123087655,22.46991100188651,22.150969510638692,22.352981868261622,1845413.09
2022-06-26,22.352981868261622,22.45895261196838,22.121962119806454,22.227337208844876,2723329.71
2022-06-27,22.227337208844876,23.020049735787158,21.806540708264944,22.5923431310719,2335839.77
2022-06-28,22.5923431310719,22.646999771887053,22.536790392083663,22.591444859751366,1904587.4
2022-06-29,22.591444859751366,22.815725315043398,22.457141171298094,22.680889885616402,1918292.48
2022-06-30,22.680889885616402,22.865252215126887,22.222325284285944,22.40444048612467,2045688.97
2022-07-01,22.40444048612467,23.087292327298236,22.094757383414382,22.772521462680256,2256900.19
2022-07-02,22.772521462680256,23.482481871623392,22.57293368534861,23.27845984151635,3244188.1
2022-07-03,23.27845984151635,23.333570299140465,22.75074678678246,22.804735728945108,2559335.93
2022-07-04,22.804735728945108,23.20636634090946,22.546921931446924,22.94694483048088,2841383.73
2022-07-05,22.94694483048088,23.35816285688222,22.50179905227248,22.912397986009992,1973658.26
2022-07-06,22.912397986009992,23.427719789818173,22.500930759457606,23.01442041604324,2502749.08
2022-07-07,23.01442041604324,23.635956271762506,22.557613757694927,23.17594358613897,1491466.85
2022-07-08,23.17594358613897,23.36513033248434,22.222928690858915,22.405828940885076,2302491.19
2022-07-09,22.405828940885076,22.76391269267644,22.311627432935488,22.668606381542357,2265844.32
2022-07-10,22.668606381542357,23.13263031976476,22.594895019379454,23.05765389429675,3468809.87
2022-07-11,23.05765389429675,23.90709426366235,22.651662784205755,23.493430157452966,3247396.57
2022-07-12,23.493430157452966,23.85682296922999,22.80374470100724,23.162011174255873,2062352.63
2022-07-13,23.162011174255873,23.46998083562489,22.846300454403274,23.154165801130244,1793505.88
2022-07-14,23.154165801130244,23.40751141975722,22.71723151469471,22.968546141232835,1805855.39
2022-07-15,22.968546141232835,23.203563335204848,22.08503374186806,22.313346850265447,2043769.89
2022-07-16,22.313346850265447,22.556364502458358,21.866290172689375,22.107061139549256,3046192.98
2022-07-17,22.107061139549256,22.29605890373362,21.56316386936266,21.749101362573455,2440454.35
2022-07-18,21.749101362573455,22.09321769971886,21.51977472919863,21.86269333116859,2504175.36
2022-07-19,21.86269333116859,21.989189359708906,21.20731336362974,21.33073149786727,2694625.06
2022-07-20,21.33073149786727,21.4186103389931,20.932082056332632,21.01867528103673,1715866.26
2022-07-21,21.01867528103673,21.1406532318434,20.735296542537714,20.856332366603965,1842627.56
2022-07-22,20.856332366603965,21.51541309824111,20.45010624619255,21.10435613172954,2505568.33
2022-07-23,21.10435613172954,22.452764803571924,20.685807009360193,22.016132997021987,1810724.18
2022-07-24,22.016132997021987,22.464032100773807,21.6742839551128,22.12056157478022,1502086.83
2022-07-25,22.12056157478022,22.49814721187886,21.407801608389374,21.779566652528356,1678351.05
2022-07-26,21.779566652528356,21.86372713423621,21.475734189922687,21.559042523503678,2863508.59
2022-07-27,21.559042523503678,21.87011700884622,21.468182392855923,21.77833268443382,2003583.08
2022-07-28,21.77833268443382,21.85821089464608,21.2624160220306,21.34068905012327,2327791.66
2022-07-29,21.34068905012327,21.76987076965243,21.273732168256714,21.70178095398542,1699485.94
2022-07-30,21.70178095398542,22.131675085376788,21.366441806600484,21.794897093552475,2418888.65
2022-07-31,21.794897093552475,21.86061427245494,21.690815593242238,21.756416744067096,2056610.69
2022-08-01,21.756416744067096,22.171588573771608,20.805087933871263,21.209829384490924,2459620.0
2022-08-02,21.209829384490924,21.80731810519673,20.917713471252718,21.511053532137456,1952258.73
2022-08-03,21.511053532137456,21.62023875260178,21.158647146921986,21.266591533824105,2495597.96
2022-08-04,21.266591533824105,21.67542043491694,20.911111813074147,21.319063621889043,1928426.15
2022-08-05,21.319063621889043,21.677788584051992,20.913142831064988,21.27106006191569,2156263.07
2022-08-06,21.27106006191569,21.52950340095167,20.516172101564624,20.768509451647812,2055537.46
2022-08-07,20.768509451647812,20.844059302978902,20.623336047962642,20.69863170418916,2214478.12
2022-08-08,20.69863170418916,20.889349028365846,20.137243134142167,20.32451332923241,2358966.26
2022-08-09,20.32451332923241,20.56583992648238,19.888012451376095,20.126993766194644,1943968.47
2022-08-10,20.126993766194644,20.574113668288618,19.817273080805222,20.262310682455528,2135183.91
2022-08-11,20.262310682455528,20.633227857021335,20.112915303620696,20.48221113734934,2304996.13
2022-08-12,20.48221113734934,20.845090962901924,20.11640205832859,20.479229050764054,2497722.16
2022-08-13,20.479229050764054,20.61261607498588,20.077309704917234,20.20893623541055,2158548.55
2022-08-14,20.20893623541055,20.612459641595617,19.614309923398903,20.013939722510187,1762431.1
2022-08-15,20.013939722510187,20.095416380208338,19.734932781348125,19.81560200710781,2248067.39
2022-08-16,19.81560200710781,20.15233037076877,18.859612230226407,19.185635514827403,2601383.33
2022-08-17,19.185635514827403,19.293641706800276,19.10160427577001,19.209505917673308,1576448.35
2022-08-18,19.209505917673308,19.510473443770408,18.438762595779234,18.73225269257147,1581053.04
2022-08-19,18.73225269257147,19.085033467903042,18.40403698600445,18.756394758016658,1864335.14
2022-08-20,18.756394758016658,18.899553570239405,18.207818885452348,18.347859538909884,2096721.27
2022-08-21,18.347859538909884,18.41802194990767,17.948433843021917,18.017332314380084,1270269.05
2022-08-22,18.017332314380084,18.56755509972548,17.657015129071922,18.203514573666872,2539532.2
2022-08-23,18.203514573666872,18.567461253659655,17.84892939882262,18.21269721077477,2101863.58
2022-08-24,18.21269721077477,18.49723016625881,17.42478629818463,17.70133028079775,1222236.5
2022-08-25,17.70133028079775,17.85987802517986,17.39689652056927,17.554125779773706,1665566.39
2022-08-26,17.554125779773706,17.704273457746343,17.476550383633043,17.62637876039613,2040737.63
2022-08-27,17.62637876039613,17.794268348035363,17.297413669919447,17.463754274741063,1412446.1
2022-08-28,17.463754274741063,17.725119727109334,17.115266239493646,17.375307990048125,2804072.04
2022-08-29,17.375307990048125,17.524811479896943,17.292904697987563,17.442091463776375,2305195.83
2022-08-30,17.442091463776375,17.49641544602845,17.401932674551862,17.456224117686098,2606490.64
2022-08-31,17.456224117686098,17.775195323504548,16.883287830951943,17.197532051149533,1700975.98
2022-09-01,17.197532051149533,17.45681395919246,16.946451223671023,17.205615120379253,2438298.73
2022-09-02,17.205615120379253,17.454909382397982,16.884741764978152,17.13298366089637,1865066.16
2022-09-03,17.13298366089637,17.924669002660536,16.8066115677534,17.589598692867472,2096648.62
2022-09-04,17.589598692867472,17.789639853359347,17.36464999590875,17.564404632002834,2402872.44
2022-09-05,17.564404632002834,17.73872755713049,17.4287128408422,17.602739613472302,2161799.68
2022-09-06,17.602739613472302,17.999289215114693,17.279383243263034,17.67461256314069,2692748.11
2022-09-07,17.67461256314069,18.023590864682557,17.24334318031519,17.59066394936244,2277838.1
2022-09-08,17.59066394936244,17.632323541718836,17.360554777644186,17.40176700942694,1959473.37
2022-09-09,17.40176700942694,17.665308286504864,17.263386212592312,17.52594005175468,2716047.03
2022-09-10,17.52594005175468,17.8036538820482,17.37656119121967,17.65319042826514,2863001.65
2022-09-11,17.65319042826514,18.2954803131051,17.582540585389193,18.222551828663413,2248709.41
2022-09-12,18.222551828663413,18.54186428138737,18.113429383472536,18.431490644012182,3072477.39
2022-09-13,18.431490644012182,18.693102534265186,18.38651344333071,18.647597980520924,2074244.44
2022-09-14,18.647597980520924,19.12840288923749,18.37654599115143,18.854345719997575,2130749.06
2022-09-15,18.854345719997575,18.928335691341392,18.587032861997212,18.660261188831452,2202409.7
2022-09-16,18.660261188831452,18.99572223558583,17.980566879872317,18.30972625623621,2129757.61
2022-09-17,18.30972625623621,18.538809461821437,17.80963251864437,18.03528199893313,2035662.63
2022-09-18,18.03528199893313,18.380309211096968,17.883589715863543,18.227004377399844,1839958.01
2022-09-19,18.227004377399844,18.935514902098475,17.925165789686954,18.627051546538326,1715881.49
2022-09-20,18.627051546538326,19.096533561445188,18.371636158488357,18.838222581905157,2261769.86
2022-09-21,18.838222581905157,19.131240028749545,18.500702160581042,18.7930164527359,2968457.66
2022-09-22,18.7930164527359,19.623166858976415,18.458501236526217,19.27998363919869,2696643.22
2022-09-23,19.27998363919869,19.598835441615513,18.836344092342447,19.153097454772855,2424144.14
2022-09-24,19.153097454772855,19.460017538587888,18.523002077948092,18.824659079172683,3006418.77
2022-09-25,18.824659079172683,19.18565818070265,18.53970678794942,18.899571920168494,2210611.57
2022-09-26,18.899571920168494,19.445905125754226,18.73335412855347,19.276373443362885,1718160.28
2022-09-27,19.276373443362885,19.5410951191533,18.772163768493595,19.03355077009458,2015960.61
2022-09-28,19.03355077009458,19.265428523129156,18.323779824844745,18.549763804516658,2166888.32
2022-09-29,18.549763804516658,18.92186438845049,18.190973791512036,18.562821807218658,1935472.94
2022-09-30,18.562821807218658,18.99087472715988,18.358318176807835,18.78393512677365,2562476.48
2022-10-01,18.78393512677365,18.896502004822455,17.852125676821288,17.95975346430879,2779697.86
2022-10-02,17.95975346430879,18.417246066260248,17.775861566149658,18.230581133699655,1426788.97
2022-10-03,18.230581133699655,18.403109920906164,17.689585089295345,17.858593496352885,2121434.07
2022-10-04,17.858593496352885,18.24694808461869,17.67226953090783,18.05853803887623,1064682.63
2022-10-05,18.05853803887623,18.283521197184438,17.30342825618191,17.521723484738793,2150206.7
2022-10-06,17.521723484738793,17.855764719156134,16.809381263815297,17.13607024871619,2144206.23
2022-10-07,17.13607024871619,17.422166571243096,17.01509908761888,17.30003788945437,3429826.98
2022-10-08,17.30003788945437,17.96727912834616,16.96365043960865,17.62458115580506,3182037.11
2022-10-09,17.62458115580506,17.907147027870845,17.341887152352072,17.62445093668142,2777482.61
2022-10-10,17.62445093668142,18.376208700917772,17.531172178624317,18.279463240017737,1730694.31
2022-10-11,18.279463240017737,18.408295634146523,17.87341482861103,18.000279555417396,1705878.82
2022-10-12,18.000279555417396,18.33090607117091,17.39641013854876,17.721923857342013,1672708.03
2022-10-13,17.721923857342013,18.012991844419517,17.353355706547095,17.643129562296835,3222352.57
2022-10-14,17.643129562296835,17.72394381824861,17.47160457136324,17.552001415349313,1752155.68
2022-10-15,17.552001415349313,17.850774435892248,17.332211136688777,17.630007348638262,1997836.48
2022-10-16,17.630007348638262,17.753168440343167,17.31282179005991,17.43461791489375,1756837.5
2022-10-17,17.43461791489375,17.82230771895089,17.202118460024707,17.587765957415062,1606269.22
2022-10-18,17.587765957415062,17.82671020479993,17.497637870509408,17.735823401057814,2390760.3
2022-10-19,17.735823401057814,18.329426312826264,17.588005378442464,18.17792363565621,2285976.26
2022-10-20,18.17792363565621,18.341407019222697,17.88317727518361,18.045469430196704,1261520.4
2022-10-21,18.045469430196704,18.352248297745998,17.83472076598413,18.140391066744144,1588791.57
2022-10-22,18.140391066744144,18.425885981496453,18.025966821102557,18.31038943619423,2344927.3
2022-10-23,18.31038943619423,18.58726803778807,18.033912913091466,18.31078553383498,2160638.77
2022-10-24,18.31078553383498,18.61413667096131,17.952028523286756,18.25444629953914,1990178.69
2022-10-25,18.25444629953914,18.50124302613696,17.454571448156816,17.693788181030484,2559666.25
2022-10-26,17.693788181030484,18.041987639594293,17.370779813074023,17.718527641236058,1533724.54
2022-10-27,17.718527641236058,18.17196643939407,17.43097518932564,17.88176482534757,1895929.91
2022-10-28,17.88176482534757,17.931695355731502,17.81853250864546,17.868425792987573,2504193.3
2022-10-29,17.868425792987573,17.931411675281005,17.597573270511788,17.659823834621733,1870365.01
2022-10-30,17.659823834621733,17.90493221582258,16.978666347358654,17.21763743100808,2378794.97
2022-10-31,17.21763743100808,17.598703298990575,16.959480330907148,17.338730557773196,1651856.73
2022-11-01,17.338730557773196,17.686702876023354,17.001972723099772,17.349731380198257,1790500.15
2022-11-02,17.349731380198257,17.75850823949383,17.313991180458217,17.722001169286024,1409038.99
2022-11-03,17.722001169286024,17.833034631259125,17.23000635831358,17.338637938790995,1315445.93
2022-11-04,17.338637938790995,17.632900930137737,16.925352600031957,17.217560727407758,1953202.97
2022-11-05,17.217560727407758,17.528296450745614,16.573288145030226,16.877893692115084,2461973.75
2022-11-06,16.877893692115084,17.32249894834486,16.70304243417083,17.144881752947498,2137758.15
2022-11-07,17.144881752947498,17.659774696991775,16.961301245082005,17.472684212050396,2940349.88
2022-11-08,17.472684212050396,18.304916536402867,17.16926846210425,17.99247455022659,1994228.98
2022-11-09,17.99247455022659,18.324276755663384,17.807522055261437,18.137830087718243,1294885.89
2022-11-10,18.137830087718243,18.655780510272088,17.844474090422043,18.358849804256398,2397690.4
2022-11-11,18.358849804256398,18.835813011510492,18.00861541176021,18.483206253323832,1680052.98
2022-11-12,18.483206253323832,18.772331541890487,18.359124197393324,18.64714890089446,2270335.28
2022-11-13,18.64714890089446,18.793006590133924,18.51775263507642,18.663496882428582,1242452.03
2022-11-14,18.663496882428582,19.19812997261882,18.310852932398817,18.842111133340275,2053806.91
2022-11-15,18.842111133340275,19.654385924442842,18.660522411530813,19.46677705523524,2622505.95
2022-11-16,19.46677705523524,19.578666441651958,19.422332681298105,19.53406843554137,2543592.25
2022-11-17,19.53406843554137,19.75961252090139,19.31831825968223,19.543755354809136,2066325.45
2022-11-18,19.543755354809136,19.8620409075712,19.28769927394493,19.605180059715135,2171947.97
2022-11-19,19.605180059715135,19.730756723327044,19.438122184111986,19.563431436108857,1942859.35
2022-11-20,19.563431436108857,19.935749548352607,19.26815299566303,19.63932560780721,2041903.83
2022-11-21,19.63932560780721,19.760951315335742,19.466116362364318,19.587420624008974,2573201.46
2022-11-22,19.587420624008974,20.015938086793945,19.50606059331974,19.933142037277456,1823915.09
2022-11-23,19.933142037277456,20.385642626176008,19.803804207475984,20.254221446249765,1869148.16
2022-11-24,20.254221446249765,21.176995294585478,20.01906229422567,20.933944303755986,1482263.17
2022-11-25,20.933944303755986,21.298282588459347,20.56495883003771,20.929214801600374,2586050.41
2022-11-26,20.929214801600374,21.266237839013108,20.687943242370576,21.023875038512514,2030926.18
2022-11-27,21.023875038512514,21.470353016521365,20.660545909245467,21.10561134176329,1604355.08
2022-11-28,21.10561134176329,21.23923933730153,21.03901564538994,21.172432795519654,2702141.7
2022-11-29,21.172432795519654,21.72910794337134,20.98809383501774,21.541555198196466,2145121.88
2022-11-30,21.541555198196466,21.753377896914703,20.812780540786868,21.01946945927601,1802650.16
2022-12-01,21.01946945927601,21.51760122755851,20.674097230221534,21.169759572175394,2712811.52
2022-12-02,21.169759572175394,22.107290507234755,20.894729620870535,21.823763964573665,1992661.76
2022-12-03,21.823763964573665,22.64233394274226,21.471732261648537,22.282896135162474,1465929.23
2022-12-04,22.282896135162474,22.896053676772674,22.102537896715617,22.712220477902843,2757869.79
2022-12-05,22.712220477902843,23.440240138263402,22.28494478819975,23.00741114754822,1759142.9
2022-12-06,23.00741114754822,23.390388312982367,22.423696982946662,22.80327615455698,4617634.24
2022-12-07,22.80327615455698,23.224651962776218,22.131499224601864,22.54816082297217,1941409.27
2022-12-08,22.54816082297217,22.699917368889878,22.148467485247917,22.298544027953277,1311231.02
2022-12-09,22.298544027953277,22.345777831871093,21.872963344371534,21.919394015253722,3365025.15
2022-12-10,21.919394015253722,22.530409045227795,21.63271769017464,22.239545566520214,2139913.42
2022-12-11,22.239545566520214,22.990933172334092,21.997881310765727,22.743789588954158,2313655.9
2022-12-12,22.743789588954158,23.264113341897374,22.379407358379016,22.897272140521622,2387628.21
2022-12-13,22.897272140521622,23.268792463423566,22.811295398165505,23.181747547156043,1544495.49
2022-12-14,23.181747547156043,23.58448520268072,22.886921174155123,23.28830364505446,1262617.7
2022-12-15,23.28830364505446,23.624413332614683,23.15835093274854,23.493316612928957,3537077.88
2022-12-16,23.493316612928957,23.757916661495294,22.49707599863898,22.75334187477323,1468180.97
2022-12-17,22.75334187477323,22.976180174361247,22.642993080100545,22.865288462910158,3268633.71
2022-12-18,22.865288462910158,23.286516600386072,22.30248218973595,22.721053201293344,2475611.77
2022-12-19,22.721053201293344,22.84145179875596,22.589848813201975,22.710189845870165,2267494.15
2022-12-20,22.710189845870165,23.07264596742564,22.4296876575763,22.791143885018755,1930612.89
2022-12-21,22.791143885018755,22.839027483364667,22.500508411527328,22.547880920735594,3865572.83
2022-12-22,22.547880920735594,22.65646910866401,22.078801355071036,22.185645053726176,1825234.94
2022-12-23,22.185645053726176,22.429421265814423,21.69767259843869,21.93873576745832,1838027.16
2022-12-24,21.93873576745832,21.99878888320423,21.405747115707687,21.464502107021875,2568105.4
2022-12-25,21.464502107021875,21.717141181826264,20.845888773704516,21.094168995260958,1834368.53
2022-12-26,21.094168995260958,21.206348049705646,20.663005892260912,20.773479516045747,1685527.8
2022-12-27,20.773479516045747,21.0866959362294,20.022015357109638,20.328522851447985,2139614.41
2022-12-28,20.328522851447985,20.856349380318814,19.970146304948734,20.495037309344944,2578167.16
2022-12-29,20.495037309344944,20.81586309546017,19.902942775241346,20.219454637651463,3473204.27
2022-12-30,20.219454637651463,20.28296447580425,19.596460521517997,19.658207467566395,3654897.21
2022-12-31,19.658207467566395,19.873154860303202,19.327735104233287,19.541405355630108,1387550.65
2023-01-01,19.541405355630108,19.619594109117884,19.139605858482764,19.216494584273207,2817635.89
2023-01-02,19.216494584273207,19.83340608265978,19.036569849915974,19.649427779128573,1697711.09
2023-01-03,19.649427779128573,20.02865947433457,19.313189787609332,19.691698158571768,1719006.27
2023-01-04,19.691698158571768,19.74567085391303,19.206773605655407,19.25956186477674,1897336.73
2023-01-05,19.25956186477674,19.555957142509524,19.13380200879823,19.429090310522373,1867369.89
2023-01-06,19.429090310522373,19.785119009714563,19.101161063354073,19.456723364660633,1661845.7
2023-01-07,19.456723364660633,19.63780117531416,19.2084802757243,19.38892712740375,1214134.96
2023-01-08,19.38892712740375,19.98440360547835,19.26801000845543,19.860545286705417,3117890.29
2023-01-09,19.860545286705417,20.239670940010075,19.197591413557426,19.57119351871727,2718750.34
2023-01-10,19.57119351871727,19.979256724023166,19.477190225219648,19.88375216581167,2163018.67
2023-01-11,19.88375216581167,20.20576838923025,19.443066500952586,19.76312924307071,1705316.19
2023-01-12,19.76312924307071,19.866004174513353,19.657359192866835,19.760218975210215,2957810.69
2023-01-13,19.760218975210215,20.142281577669653,19.161364941690152,19.539153252171108,2137833.48
2023-01-14,19.539153252171108,19.854696539256384,19.026951041570772,19.33926629795457,1881163.32
2023-01-15,19.33926629795457,19.474171468841703,19.0801779634707,19.21421078297913,1439995.82
2023-01-16,19.21421078297913,19.592827879553365,18.302313391447797,18.67021094074901,2484956.08
2023-01-17,18.67021094074901,18.847392368957344,18.59440477725357,18.771176258653018,1997923.29
2023-01-18,18.771176258653018,19.135011968894286,18.44319230338765,18.80641234255917,2318690.53
2023-01-19,18.80641234255917,19.080792801468096,18.117855174947266,18.386103440898786,2265682.01
2023-01-20,18.386103440898786,18.668935276941788,18.291784228940667,18.573653946179256,2546318.66
2023-01-21,18.573653946179256,19.21628102865921,18.353840600063464,18.99152234165829,2293580.6
2023-01-22,18.99152234165829,19.033581852205867,18.761746321298023,18.80338918338465,2012891.0
2023-01-23,18.80338918338465,19.034977333015746,18.354292508138197,18.583168352329196,2495495.35
2023-01-24,18.583168352329196,19.1382866800934,18.351256654608328,18.902391188623653,2755394.46
2023-01-25,18.902391188623653,19.19885944391225,18.72558820427463,19.02094754600885,3197767.17
2023-01-26,19.02094754600885,19.3412504905153,18.66455251539614,18.984237277925466,1641701.12
2023-01-27,18.984237277925466,19.583446329161387,18.62821740072968,19.22294977002789,2868879.86
2023-01-28,19.22294977002789,19.529729571942173,18.999815274403424,19.305635286522737,1460699.55
2023-01-29,19.305635286522737,20.010242862421062,19.032824186494743,19.73141499940562,2799768.25
2023-01-30,19.73141499940562,19.822680799727102,19.637734589081923,19.728989168953294,1874407.54
2023-01-31,19.728989168953294,20.2562434687872,19.335084817859517,19.85972880099247,2681388.83
2023-02-01,19.85972880099247,20.548445365946517,19.513325672168833,20.19617379848624,3155403.56
2023-02-02,20.19617379848624,20.58156727622358,19.090700004539098,19.462085237632806,2300865.03
2023-02-03,19.462085237632806,20.119612885641224,19.1505915241253,19.802668090388547,2174114.4
2023-02-04,19.802668090388547,19.957375630662217,19.500454340056127,19.65400042019376,2146540.84
2023-02-05,19.65400042019376,19.924965973152407,19.536267727775243,19.806320840881725,1955823.73
2023-02-06,19.806320840881725,20.543187479557087,19.584512688403667,20.315675141167333,2914097.46
2023-02-07,20.315675141167333,20.386511590884236,20.153700536258786,20.224218094655,2141512.98
2023-02-08,20.224218094655,20.465548284491465,19.84780114552189,20.087499913843068,1277168.04
2023-02-09,20.087499913843068,20.261428738519513,19.899644627106547,20.073451815479427,2744224.63
2023-02-10,20.073451815479427,20.376617380001544,19.34176494138245,19.638359386848528,2708425.8
2023-02-11,19.638359386848528,20.57697155174044,19.377906433564785,20.30764226119391,2223843.91
2023-02-12,20.30764226119391,20.43836990764017,20.166546306023367,20.297206775469427,1806519.85
2023-02-13,20.297206775469427,21.129731239608724,19.9886495771378,20.813327990445856,1646092.25
2023-02-14,20.813327990445856,20.971509961507344,20.553639003308756,20.711043609743324,1807815.09
2023-02-15,20.711043609743324,20.858643241555377,20.576946634118645,20.724459403222802,2312110.96
2023-02-16,20.724459403222802,21.226874674164932,20.526873149016033,21.02640963723412,1387595.13
2023-02-17,21.02640963723412,21.128206086906953,20.58014263594389,20.680263265908273,2446262.19
2023-02-18,20.680263265908273,20.842662916036822,20.48864094980781,20.650809301453318,2240273.39
2023-02-19,20.650809301453318,21.07959644974619,20.512918169041264,20.939775808504493,3035194.76
2023-02-20,20.939775808504493,20.98984571242142,20.824999459328208,20.87491427032464,2621558.68
2023-02-21,20.87491427032464,21.02971789986209,20.57143378188757,20.725126620185293,1836190.33
2023-02-22,20.725126620185293,21.3010382924324,20.50952309988067,21.081725077889224,1441571.96
2023-02-23,21.081725077889224,21.902468693729393,20.724699932990074,21.537721123196306,1791674.81
2023-02-24,21.537721123196306,22.172522807988653,21.4246787270177,22.05675621595614,3107337.54
2023-02-25,22.05675621595614,22.23085025434951,21.662445092829426,21.834787128596545,2368005.62
2023-02-26,21.834787128596545,21.890001385142096,21.59172778482643,21.646465827862293,2554335.02
2023-02-27,21.646465827862293,21.719023651772908,21.422842094960554,21.49489185080944,1879792.21
2023-02-28,21.49489185080944,21.91624678531917,21.314118343495988,21.73346684601527,2483448.64
2023-03-01,21.73346684601527,21.972506960502077,21.110245769042074,21.345013396413812,1504433.64
2023-03-02,21.345013396413812,21.675193341015017,20.656920849156528,20.981477358121754,2779463.78
2023-03-03,20.981477358121754,21.311667933378473,20.431255350688748,20.757927873732605,1648063.03
2023-03-04,20.757927873732605,21.140945208908008,20.08943555743489,20.467086397070506,1342930.09
2023-03-05,20.467086397070506,21.126909583287034,20.091713278354163,20.746413513084292,3873042.07
2023-03-06,20.746413513084292,21.08845019306643,20.66701710738698,21.008052496478108,2275452.61
2023-03-07,21.008052496478108,21.09244068786479,20.773966055228076,20.857750491728638,2259761.76
2023-03-08,20.857750491728638,21.08598107504393,20.571603734868898,20.799193574137302,1378462.02
2023-03-09,20.799193574137302,21.061482352077373,19.76284215290125,20.015244925779992,2570492.3
2023-03-10,20.015244925779992,20.270679972777106,19.625662314292978,19.879363235827842,2745497.48
2023-03-11,19.879363235827842,20.478825412962305,19.665601003759022,20.260959882912402,2093073.63
2023-03-12,20.260959882912402,20.659322515888984,19.7114706427537,20.10680229280331,2748167.49
2023-03-13,20.10680229280331,20.331218384827576,19.557954017563862,19.778708184809645,2947875.03
2023-03-14,19.778708184809645,20.57934522140975,19.40616440039968,20.19888711582039,2509009.39
2023-03-15,20.19888711582039,20.59857147593251,19.469633973251618,19.862665364072278,1280053.35
2023-03-16,19.862665364072278,20.54020386384997,19.66418978096349,20.33698865541369,1649636.39
2023-03-17,20.33698865541369,21.344780605489863,20.247348169413222,21.25111089161768,3354092.77
2023-03-18,21.25111089161768,21.418283284589496,21.051727894674247,21.218644893060024,2245781.28
2023-03-19,21.218644893060024,21.80871151338664,21.039268470812903,21.625892336442814,2248306.98
2023-03-20,21.625892336442814,22.01494004996781,20.708324327888963,21.087689830333005,1787009.11
2023-03-21,21.087689830333005,21.49490472852242,20.152334625418415,20.549150023502612,1875900.45
2023-03-22,20.549150023502612,20.65300078668735,20.20218164044271,20.30479750116668,2964237.45
2023-03-23,20.30479750116668,20.611122414341633,20.25685126734434,20.56256750167303,3199758.62
2023-03-24,20.56256750167303,20.914443758894777,20.213992191209993,20.56581342377089,2685211.8
2023-03-25,20.56581342377089,20.813747264239087,20.263134254913528,20.510400052269276,2525275.84
2023-03-26,20.510400052269276,20.82874403143176,19.80286567748151,20.115073757518783,2573103.62
2023-03-27,20.115073757518783,20.27539250443231,19.918834656115898,20.078864814859973,2161633.1
2023-03-28,20.078864814859973,20.17631469227656,19.7897551152767,19.886270262783803,1628309.47
2023-03-29,19.886270262783803,20.02077874385167,19.47966746077903,19.612322993526597,1542659.65
2023-03-30,19.612322993526597,19.668661902890662,19.2617576768959,19.317248948277637,3056128.86
2023-03-31,19.317248948277637,19.54948142158753,19.144451604354867,19.376157130096765,2181965.87
2023-04-01,19.376157130096765,19.449516884943343,19.0953975212792,19.167969058638604,2478676.51
2023-04-02,19.167969058638604,19.366945302740586,18.96962107026449,19.1685908798307,2319024.52
2023-04-03,19.1685908798307,19.482688182858272,18.3573540760449,18.663169524363376,2348625.04
2023-04-04,18.663169524363376,18.862464957976776,18.609842399004915,18.808721939066317,2398141.48
2023-04-05,18.808721939066317,19.222551873954913,18.467516216496794,18.880052162328187,2619040.12
2023-04-06,18.880052162328187,18.959664484753898,18.73698940686598,18.81633304215586,1815877.34
2023-04-07,18.81633304215586,19.125481432567703,18.55652361121231,18.865000024729408,2956657.19
2023-04-08,18.865000024729408,19.258055383712524,18.74559130157127,19.136925469454134,1829465.92
2023-04-09,19.136925469454134,19.466243792869285,18.400923991941937,18.72312135555458,2335726.56
2023-04-10,18.72312135555458,18.785530351163377,18.68218631402746,18.74454846277205,1636745.03
2023-04-11,18.74454846277205,18.924214387521538,18.203102282499557,18.37926699553755,2110235.69
2023-04-12,18.37926699553755,18.76164306173542,18.024285463226473,18.406142450497764,1865444.99
2023-04-13,18.406142450497764,18.48035793719463,18.262437067760363,18.336371229615306,2213358.48
2023-04-14,18.336371229615306,18.624098200502466,18.04419092739156,18.331846904384808,2644038.87
2023-04-15,18.331846904384808,18.851944373166134,18.055418741386205,18.57189647333901,2242229.28
2023-04-16,18.57189647333901,18.95221048880924,18.428054422090543,18.80655100394191,3591866.71
2023-04-17,18.80655100394191,19.180910448473643,18.748472937961917,19.121858654852165,2684346.28
2023-04-18,19.121858654852165,19.446848348291116,18.68656742203522,19.00965004980585,2077871.46
2023-04-19,19.00965004980585,19.56758474050331,18.66200506525549,19.21616308356588,2153147.99
2023-04-20,19.21616308356588,19.450353858168132,19.13351528014182,19.36705706689888,2417896.63
2023-04-21,19.36705706689888,19.701349910188387,18.928308449522845,19.26076662406392,2623575.95
2023-04-22,19.26076662406392,19.625619019932387,18.933371719072454,19.297598053549265,1615984.46
2023-04-23,19.297598053549265,19.53662604997834,19.022866359353937,19.261446568602935,2579565.23
2023-04-24,19.261446568602935,19.993066806311823,18.95126848739043,19.676209559634874,1626506.52
2023-04-25,19.676209559634874,19.97631065732021,19.62287483527664,19.922308851334904,2517886.39
2023-04-26,19.922308851334904,20.140083310193788,19.60690795822307,19.82360345000431,2896437.77
2023-04-27,19.82360345000431,20.20829738432199,19.322181515359325,19.704565415070658,2371186.17
2023-04-28,19.704565415070658,20.314717063099945,19.390201175041113,19.995707970157273,1230008.46
2023-04-29,19.995707970157273,20.548583960196282,19.859208886212702,20.409261784570564,1408983.81
2023-04-30,20.409261784570564,20.781157148385574,20.13937865431107,20.509942658389978,2532321.89
2023-05-01,20.509942658389978,20.839428637429357,20.39045385122746,20.718723494682557,1191266.47
2023-05-02,20.718723494682557,21.262184852312107,20.594447199474068,21.135409167999864,2562354.58
2023-05-03,21.135409167999864,21.249714226105326,20.968160837312723,21.082178009310155,2814160.26
2023-05-04,21.082178009310155,21.22609815702324,20.967919588672302,21.111679846202893,2921952.07
2023-05-05,21.111679846202893,21.504738674745095,20.87972077239439,21.27102879592912,2071117.99
2023-05-06,21.27102879592912,21.432186013947206,20.975608368881645,21.13574059320569,2454894.38
2023-05-07,21.13574059320569,22.03790035290419,20.797499640709194,21.690777003164655,2317943.37
2023-05-08,21.690777003164655,22.083250168821177,21.159949841678714,21.549873497705796,1522341.08
2023-05-09,21.549873497705796,21.805245978417833,21.317638331806737,21.572764128498093,2650403.9
2023-05-10,21.572764128498093,22.333350735861146,21.45532915066298,22.21243360938424,3114524.68
2023-05-11,22.21243360938424,22.65588226771072,21.165175752766913,21.596324417342224,2613806.31
2023-05-12,21.596324417342224,21.73176766486079,21.534848745960183,21.670082036493973,1940134.22
2023-05-13,21.670082036493973,21.927817167612965,21.201504745473375,21.456702021588995,2647047.25
2023-05-14,21.456702021588995,21.587339684242387,21.328955572851054,21.45957612400351,3043064.98
2023-05-15,21.45957612400351,21.86468649636343,20.675297924797448,21.073112703845595,2944728.88
2023-05-16,21.073112703845595,21.238522693913275,20.79306126188672,20.957564273235683,2843896.81
2023-05-17,20.957564273235683,21.371730663839603,20.55424064085827,20.96820230492403,1477708.25
2023-05-18,20.96820230492403,21.457592565523267,20.559103817633922,21.04695753050331,2430291.05
2023-05-19,21.04695753050331,21.742707874461072,20.647622090381756,21.337853113296756,2585370.31
2023-05-20,21.337853113296756,21.684999634652257,20.265844328361535,20.60100300108691,2852290.25
2023-05-21,20.60100300108691,20.91706113442464,20.248885196064812,20.56438148648921,2502682.97
2023-05-22,20.56438148648921,20.958186964536182,20.119803501212143,20.512617709030984,3242826.1
2023-05-23,20.512617709030984,20.636227954162656,20.37179968704753,20.49530560843914,1393050.84
2023-05-24,20.49530560843914,20.848030402946556,20.15552947322789,20.508043102477306,2529558.62
2023-05-25,20.508043102477306,20.590952641187712,20.17202904201634,20.25391118087752,2479871.24
2023-05-26,20.25391118087752,20.426348998500526,19.617984455797174,19.78644233558152,2756982.07
2023-05-27,19.78644233558152,20.037679380023462,19.60375463591941,19.854364556290896,3234868.72
2023-05-28,19.854364556290896,20.249781611176275,19.16999549147248,19.55954087458513,1761889.93
2023-05-29,19.55954087458513,19.835145329279634,19.407414981168092,19.68206648314311,3207822.7
2023-05-30,19.68206648314311,19.917960071620854,19.174007706309574,19.406599769942932,2697111.46
2023-05-31,19.406599769942932,19.87720131869273,19.146496352009315,19.614313942371638,2099430.42
2023-06-01,19.614313942371638,19.89285879074012,19.322330960925207,19.600682223886132,1752877.58
2023-06-02,19.600682223886132,19.68932989112593,19.519090364017885,19.607708781769343,2310666.21
2023-06-03,19.607708781769343,19.84426155087906,19.301391374335214,19.53709220573039,2362869.12
2023-06-04,19.53709220573039,19.799377475167578,19.158701965897027,19.419407316866344,2395888.65
2023-06-05,19.419407316866344,19.774011003547233,18.99999546650347,19.353393726985672,1880842.8
2023-06-06,19.353393726985672,20.085225090311642,18.981203177593194,19.70624868807717,2562009.86
2023-06-07,19.70624868807717,19.829028266847207,19.13514071137235,19.255109471919024,1987887.31
2023-06-08,19.255109471919024,19.36658383716678,18.958709079110584,19.06910661065224,2982020.95
2023-06-09,19.06910661065224,19.657252400547762,18.79627663414905,19.379974699507198,3373696.48
2023-06-10,19.379974699507198,19.837378031906873,19.170463516840385,19.625215622057443,1795543.33
2023-06-11,19.625215622057443,20.34036894645541,19.323297307664024,20.03218966056118,2233187.35
2023-06-12,20.03218966056118,20.37819555642128,19.671072808443604,20.016813112962097,2805265.75
2023-06-13,20.016813112962097,20.060696447516523,19.579801264148948,19.622820840090814,2357088.69
2023-06-14,19.622820840090814,19.972443563228122,18.954294833008483,19.298132536250613,1568823.89
2023-06-15,19.298132536250613,19.428931933280186,19.083127672397982,19.213352444663272,2730970.07
2023-06-16,19.213352444663272,19.817118060495755,18.839669172949204,19.43904525662589,1890826.96
2023-06-17,19.43904525662589,19.628473234614518,19.177864219013745,19.366586103119975,2313067.68
2023-06-18,19.366586103119975,19.702481230156934,18.93760578071379,19.271857937268848,1715914.92
2023-06-19,19.271857937268848,19.499438694117277,19.163957913728957,19.390872328202658,2683458.58
2023-06-20,19.390872328202658,19.62378513006403,19.16879204650823,19.401582190186616,1980198.09
2023-06-21,19.401582190186616,19.462487343772388,19.214285714847378,19.274792853262905,2755404.34
2023-06-22,19.274792853262905,19.568293440322943,18.697372148719182,18.986482585730904,2084933.57
2023-06-23,18.986482585730904,19.62909824464772,18.626540701722767,19.263897190850383,1950623.55
2023-06-24,19.263897190850383,19.911541491747666,18.933016356669025,19.575311734502666,2438824.83
2023-06-25,19.575311734502666,19.85418858136953,18.991600228807272,19.266071529832907,1681798.73
2023-06-26,19.266071529832907,19.345850130956762,19.07190201814317,19.15120496996572,3448763.12
2023-06-27,19.15120496996572,19.73000763478716,18.773710279164657,19.348621610065834,2304496.24
2023-06-28,19.348621610065834,19.507112440771756,18.864061187076423,19.0198590168256,1909597.06
2023-06-29,19.0198590168256,19.384217602925638,18.7651847890173,19.128094116715275,1990970.5
2023-06-30,19.128094116715275,19.260338903460045,18.904423666018264,19.0360319680646,2209686.38
2023-07-01,19.0360319680646,19.357584785360732,18.37441787687248,18.690127749794172,2821910.88
2023-07-02,18.690127749794172,19.37296615485542,18.52543846123665,19.203751040924463,1759145.18
2023-07-03,19.203751040924463,19.377203066069132,18.934412472106445,19.10699053751089,2006238.19
2023-07-04,19.10699053751089,19.3022704596195,19.06723575926134,19.262192761338145,2172937.06
2023-07-05,19.262192761338145,19.50019708623594,18.705620174650303,18.939639014210076,3235150.03
2023-07-06,18.939639014210076,19.520083691672003,18.816281959803227,19.393768813501097,2824251.42
2023-07-07,19.393768813501097,20.349690223054054,19.033174799710263,19.97822916702884,3273959.79
2023-07-08,19.97822916702884,20.29981269212995,19.216030155712833,19.530405193473207,2217135.85
2023-07-09,19.530405193473207,19.904164345965377,19.1113646620617,19.484240344150315,3147618.21
2023-07-10,19.484240344150315,20.06282817944055,19.30858182667774,19.883569543416392,3020059.55
2023-07-11,19.883569543416392,20.16017268433205,19.470603822463307,19.74528324314773,2618620.9
2023-07-12,19.74528324314773,20.07229135712229,19.545215434220403,19.87095023550024,2671678.89
2023-07-13,19.87095023550024,20.235941323961455,19.0172208070276,19.373066734394772,1896128.24
2023-07-14,19.373066734394772,19.52488766880148,18.995112610308784,19.145147409076067,3474787.63
2023-07-15,19.145147409076067,19.388756150215425,18.993643001720994,19.23652860121705,2069217.59
2023-07-16,19.23652860121705,19.40171235277097,18.903946199095838,19.06768005095345,2530413.18
2023-07-17,19.06768005095345,19.27666575079156,18.75823292255821,18.966105342677015,2605519.09
2023-07-18,18.966105342677015,19.30709594221488,18.20391988147439,18.53719920028287,1561460.77
2023-07-19,18.53719920028287,18.831992486326985,18.430899209768636,18.724617760039077,2172075.01
2023-07-20,18.724617760039077,18.981585843229567,18.098300759693032,18.350129537940518,2314748.64
2023-07-21,18.350129537940518,18.927839603309625,18.21237086900809,18.78680272768913,2138514.05
2023-07-22,18.78680272768913,18.85232926032272,18.5307077272667,18.59556724923321,2178526.48
2023-07-23,18.59556724923321,19.18623672485096,18.239167849612937,18.825431781680436,3195132.43
2023-07-24,18.825431781680436,19.336879776638394,18.52151356007985,19.029664418457784,1789028.32
2023-07-25,19.029664418457784,19.393822525113258,18.39089702863524,18.7496975952938,1602024.46
2023-07-26,18.7496975952938,18.922285825262936,18.417879894771332,18.588988823954683,1899963.24
2023-07-27,18.588988823954683,18.879453753410772,18.17429389335959,18.46278683541794,2649892.54
2023-07-28,18.46278683541794,18.71610747393262,18.104459514666413,18.356319354742258,2715229.94
2023-07-29,18.356319354742258,18.59756378841036,17.764074689754835,18.00064473745484,2559877.18
2023-07-30,18.00064473745484,18.198949353728114,17.95159538467492,18.149494405482876,2763257.5
2023-07-31,18.149494405482876,18.20922664504243,17.903976113049836,17.963094888655846,2345426.31
2023-08-01,17.963094888655846,18.062156511953976,17.835443138402496,17.93434622055013,1932769.37
2023-08-02,17.93434622055013,18.494987161621626,17.65647556256613,18.21280217083872,1737015.15
2023-08-03,18.21280217083872,18.674766404830468,17.91465568099286,18.373981385415597,1604685.53
2023-08-04,18.373981385415597,18.624785781994742,17.95541968291009,18.203902506957522,2078537.53
2023-08-05,18.203902506957522,18.597187886585893,18.104559503736628,18.496249476778228,2679267.06
2023-08-06,18.496249476778228,18.985438289766257,18.200362925574378,18.68650814950505,2334236.88
2023-08-07,18.68650814950505,18.76204710299191,18.41505052621106,18.489794277087576,2212657.11
2023-08-08,18.489794277087576,18.824319422550637,18.016523623918552,18.348492274029702,1689805.61
2023-08-09,18.348492274029702,18.7980295930052,18.184714842088486,18.631724052885268,4192404.46
2023-08-10,18.631724052885268,19.140217298699344,18.350616453400015,18.85572999201996,1789779.88
2023-08-11,18.85572999201996,18.9509686063573,18.339856210777885,18.432959448720702,2267347.12
2023-08-12,18.432959448720702,18.57410219505159,18.01709391258144,18.156116851477993,2826987.65
2023-08-13,18.156116851477993,18.55148860595898,17.957944343855267,18.351186924687163,2223405.94
2023-08-14,18.351186924687163,18.551845955425364,17.832182651329596,18.0293222886817,1798085.67
2023-08-15,18.0293222886817,18.321803333099037,17.961719622209138,18.253360613522492,2692910.21
2023-08-16,18.253360613522492,19.023295445688493,18.036697959717007,18.800142631220766,1573918.7
2023-08-17,18.800142631220766,18.972842519232053,18.737122250358926,18.909455707548997,3400659.49
2023-08-18,18.909455707548997,19.26166776164344,18.301467810477018,18.648825300136934,2360836.39
2023-08-19,18.648825300136934,18.88069298313624,18.469949230225875,18.701313456573665,2064947.79
2023-08-20,18.701313456573665,19.187989363743544,18.516106452425458,18.999826063199258,1543977.36
2023-08-21,18.999826063199258,19.26658774637765,18.764496431296934,19.03087356375091,1649484.43
2023-08-22,19.03087356375091,19.48179886100024,18.725044666885506,19.173675122387184,2171534.52
2023-08-23,19.173675122387184,19.2360207639345,18.88330447914893,18.944906249630996,3531222.81
2023-08-24,18.944906249630996,19.222517419116144,18.465786375316775,18.74040080280107,2331941.73
2023-08-25,18.74040080280107,19.351866039582628,18.395773167608425,19.002419988115946,2399408.52
2023-08-26,19.002419988115946,19.190649241799612,18.614375888943822,18.80060606651669,2422945.77
2023-08-27,18.80060606651669,18.842696420770697,18.038754185489523,18.079229538956422,3972787.08
2023-08-28,18.079229538956422,18.19588817962224,17.881589359471,17.99772206226906,1970150.16
2023-08-29,17.99772206226906,18.42866923158949,17.656866303961692,18.086138960868006,3253802.36
2023-08-30,18.086138960868006,18.457310496828168,18.011545359745792,18.381498728096393,1991349.58
2023-08-31,18.381498728096393,18.891276680757503,18.34023144639518,18.848959927884145,1845138.1
2023-09-01,18.848959927884145,19.23141030668923,18.493742218610787,18.875688877513298,2156646.91
2023-09-02,18.875688877513298,19.402191289812663,18.54471380724691,19.067846832965433,2153989.01
2023-09-03,19.067846832965433,19.301839504715655,18.871694808333096,19.105302174851502,2531876.49
2023-09-04,19.105302174851502,19.251071396040476,19.065236253914836,19.21078426754857,1230550.24
2023-09-05,19.21078426754857,19.451070251527526,18.919251945083776,19.158888827669387,2282844.73
2023-09-06,19.158888827669387,19.596046349615595,18.838902548505168,19.274135257555496,1894150.71
2023-09-07,19.274135257555496,19.411931333969004,18.927970699178935,19.06426636535248,1835779.47
2023-09-08,19.06426636535248,19.74893590431828,18.966862486201183,19.64854679722869,1591239.07
2023-09-09,19.64854679722869,20.007798016914933,18.604147383446218,18.95063814107176,2008235.32
2023-09-10,18.95063814107176,19.420582005391783,18.65078837945797,19.11808282125914,1933449.27
2023-09-11,19.11808282125914,19.40695802136225,18.925650482070196,19.21356461380358,1977433.23
2023-09-12,19.21356461380358,19.6781463156466,18.862143407212145,19.324692549556023,1460539.08
2023-09-13,19.324692549556023,19.574885626335394,18.737547037580992,18.983320435269427,2254650.12
2023-09-14,18.983320435269427,19.34388192953306,18.156756242718668,18.50829530213484,1804981.19
2023-09-15,18.50829530213484,18.753775896383424,18.436910693009295,18.68172239662533,1461843.79
2023-09-16,18.68172239662533,19.256326807211135,18.49760526535784,19.068398798746358,1918256.79
2023-09-17,19.068398798746358,19.40697247944489,18.797133634457502,19.134763221411863,1812919.43
2023-09-18,19.134763221411863,19.553617854484813,18.95600333513466,19.372635726859222,2222742.23
2023-09-19,19.372635726859222,19.533346981886304,19.081288802307956,19.24090726611408,1911866.03
2023-09-20,19.24090726611408,19.62131120931586,18.96157489719414,19.34053251787107,1531231.37
2023-09-21,19.34053251787107,19.96057131424398,19.090993731479386,19.70631309006093,1761858.01
2023-09-22,19.70631309006093,19.84594620662158,19.476333445612866,19.615321824932632,1428742.18
2023-09-23,19.615321824932632,20.173768351629043,19.41932485241051,19.974185599884628,2923376.71
2023-09-24,19.974185599884628,20.268289944041317,19.20031600871131,19.487250614009227,3043239.99
2023-09-25,19.487250614009227,19.746125198317593,19.05278953545062,19.30930017177716,3136746.16
2023-09-26,19.30930017177716,19.670265075295188,19.113224393091414,19.47253176569948,1898369.68
2023-09-27,19.47253176569948,20.179705283622464,19.34245357626809,20.045797628847872,3042667.97
2023-09-28,20.045797628847872,20.13424185848126,19.964359657431594,20.052775538638613,2435633.36
2023-09-29,20.052775538638613,20.396142274550964,19.405050313143036,19.74311467889495,1791258.57
2023-09-30,19.74311467889495,20.65796786458963,19.41210864053627,20.31733465829823,1880105.04
2023-10-01,20.31733465829823,20.58226149778327,20.016678789794817,20.28113358727766,2107415.22
2023-10-02,20.28113358727766,20.741211987895163,20.03199692387616,20.489515527669734,2257076.24
2023-10-03,20.489515527669734,20.58077451983488,20.297636912062966,20.388445745881913,2408932.06
2023-10-04,20.388445745881913,20.640402947293815,20.183721943176838,20.43520958107764,2199017.7
2023-10-05,20.43520958107764,20.654061994539777,20.04722752677623,20.264249025312463,2016427.13
2023-10-06,20.264249025312463,21.18962629467625,20.055416430285554,20.973484693288235,3084779.07
2023-10-07,20.973484693288235,21.49477660929894,20.840142646498748,21.35898369529712,2138301.28
2023-10-08,21.35898369529712,22.03566672338492,21.26866487371027,21.94287883670329,2107917.19
2023-10-09,21.94287883670329,22.35463270625066,21.277765139673857,21.684673842537514,2083688.49
2023-10-10,21.684673842537514,21.94519793080659,20.841528998876722,21.09496824397367,2138612.51
2023-10-11,21.09496824397367,21.46468391313925,20.63600608082448,21.00412969087644,1564946.33
2023-10-12,21.00412969087644,22.132475700424482,20.708061115985085,21.824838632558624,1712035.47
2023-10-13,21.824838632558624,22.190744220059074,21.357150059250387,21.721320100852942,4055013.77
2023-10-14,21.721320100852942,22.20376195104576,21.593425908759325,22.0737924172175,1456232.47
2023-10-15,22.0737924172175,22.16007038428559,21.650958538620674,21.735915876205276,2354672.2
2023-10-16,21.735915876205276,22.019562300664518,21.186794173740083,21.466930428165423,2396689.71
2023-10-17,21.466930428165423,21.72213438886937,21.18883397427202,21.443762509260793,2833856.08
2023-10-18,21.443762509260793,22.227232355097954,21.36364139995689,22.144493080689777,2411267.46
2023-10-19,22.144493080689777,22.813226393291213,21.85654122821876,22.520386677408165,3529562.84
2023-10-20,22.520386677408165,22.63916334665095,21.717063089606437,21.832210189238054,2335833.58
2023-10-21,21.832210189238054,22.144242291869208,21.746038308577184,22.057182444202766,3081513.99
2023-10-22,22.057182444202766,22.492461398431164,21.250942290120125,21.67875328005913,2853226.51
2023-10-23,21.67875328005913,21.938961066838303,21.20088456724706,21.4584480536535,3234760.6
2023-10-24,21.4584480536535,21.799818417373537,21.28815786600987,21.628181259094767,2213703.13
2023-10-25,21.628181259094767,22.178286472504023,21.546751053933786,22.095098322382196,2430096.14
2023-10-26,22.095098322382196,22.97254942821619,21.68631681704015,22.55525457023168,2006041.2
2023-10-27,22.55525457023168,23.102045871691743,22.12746202361003,22.67203835417793,2289642.65
2023-10-28,22.67203835417793,22.94530451692739,22.5218316521551,22.794287887760984,2321478.37
2023-10-29,22.794287887760984,23.49666129552072,22.570209746761165,23.267927067547102,1308792.99
2023-10-30,23.267927067547102,23.58483289240109,22.41158825730597,22.721045635601527,2122663.14
2023-10-31,22.721045635601527,23.45664412572801,22.630142771739592,23.363172227539696,2748143.36
2023-11-01,23.363172227539696,23.63570902387572,22.837109686625226,23.106654140267956,1569740.07
2023-11-02,23.106654140267956,23.33900382394357,22.96950330395967,23.20129126370303,1719222.15
2023-11-03,23.20129126370303,23.34176926768502,22.890761028637847,23.030203136889437,2936942.83
2023-11-04,23.030203136889437,23.326258932427105,22.341636550602747,22.63258086812158,3077874.87
2023-11-05,22.63258086812158,22.967524515855864,22.460995400977108,22.794709892191648,1883751.37
2023-11-06,22.794709892191648,23.152119501291846,22.52330802878069,22.879705648400595,2297803.21
2023-11-07,22.879705648400595,23.033493089940702,22.692571457246537,22.84613323964011,2157487.28
2023-11-08,22.84613323964011,23.09237822131514,22.550539185943478,22.796246467555704,2952644.92
2023-11-09,22.796246467555704,23.77170626362127,22.36812910989297,23.33349920876686,1925374.99
2023-11-10,23.33349920876686,24.38515597080291,23.0832461143351,24.126398981607984,2001297.67
2023-11-11,24.126398981607984,24.86398023430494,23.860421750258116,24.592860579322526,3076058.79
2023-11-12,24.592860579322526,24.968396179670822,24.32550859456012,24.699880765421597,1711935.69
2023-11-13,24.699880765421597,25.13010633708059,23.677035893653333,24.09675616661195,1942484.19
2023-11-14,24.09675616661195,24.677670590231514,23.75286404510704,24.330443446620915,2274321.92
2023-11-15,24.330443446620915,24.645614911419692,24.268370273312357,24.582897662948387,3220059.42
2023-11-16,24.582897662948387,24.978247355470426,24.481538095431418,24.875680592952747,1632466.04
2023-11-17,24.875680592952747,25.18418828102061,24.148522593965435,24.45177298848834,1841923.76
2023-11-18,24.45177298848834,25.16109653086636,24.06828957612018,24.77258179194671,2551279.67
2023-11-19,24.77258179194671,25.474305943588874,24.670862420348364,25.370132950930753,2651683.85
2023-11-20,25.370132950930753,25.650476036661058,24.721587318379413,24.997816258925393,2319487.55
2023-11-21,24.997816258925393,25.60496274888408,24.65872302188734,25.262282055955012,2136730.93
2023-11-22,25.262282055955012,25.495059870947617,24.72622626503614,24.95618355334584,2272477.08
2023-11-23,24.95618355334584,25.317627179341414,24.55906974724764,24.919989165251003,1509291.45
2023-11-24,24.919989165251003,25.123517555928437,24.366283604273132,24.56692845120321,2256495.32
2023-11-25,24.56692845120321,24.89156412180932,24.116748268872236,24.439702736007884,3186706.97
2023-11-26,24.439702736007884,24.8254293316933,23.93222340822233,24.31599759210712,1581573.59
2023-11-27,24.31599759210712,24.941834758266893,23.8490160560388,24.471859932095334,1808403.87
2023-11-28,24.471859932095334,25.143013433068045,24.14148706022203,24.80810126523683,1992196.15
2023-11-29,24.80810126523683,25.484139815633892,24.60148873608984,25.27364999657285,2023797.66
2023-11-30,25.27364999657285,25.652308198228905,24.653074933158635,25.02805352710169,3486152.16
2023-12-01,25.02805352710169,25.583242739196624,24.615575391996863,25.16845076884349,1742778.16
2023-12-02,25.16845076884349,25.406631223081714,24.52136431151619,24.755638132720463,1657863.11
2023-12-03,24.755638132720463,24.966709812107815,24.50658134113197,24.717326366494312,2667722.96
2023-12-04,24.717326366494312,24.853978006445402,24.600056892364044,24.736617009328093,1871505.56
2023-12-05,24.736617009328093,25.087485974940684,24.049802320461545,24.39583760501548,2678818.98
2023-12-06,24.39583760501548,24.853252491095187,24.15169270530149,24.606994408897272,2094242.49
2023-12-07,24.606994408897272,24.715077092643096,24.44426973955118,24.552111357387012,2467516.87
2023-12-08,24.552111357387012,24.910912847815833,24.254877836644194,24.61294288655579,1486594.75
2023-12-09,24.61294288655579,25.5749916215448,24.125168063381526,25.078000373718982,2465442.89
2023-12-10,25.078000373718982,25.151326792255364,24.846137436535418,24.9189989453857,2323109.23
2023-12-11,24.9189989453857,25.530747113902073,24.637929314869506,25.24598925157749,2063930.52
2023-12-12,25.24598925157749,26.294769461701485,24.770232097070608,25.808413500484384,1616515.26
2023-12-13,25.808413500484384,26.866623764487375,25.31123267130436,26.358839370297417,2322551.04
2023-12-14,26.358839370297417,26.573690194950498,26.072859072735476,26.287125356667662,2636543.74
2023-12-15,26.287125356667662,26.420898170355844,25.773438124654803,25.905267699111363,1926430.74
2023-12-16,25.905267699111363,26.15326097379284,25.385604042785573,25.63097145680611,1935924.12
2023-12-17,25.63097145680611,25.829189132618982,24.830792395554646,25.024318507576265,2682983.88
2023-12-18,25.024318507576265,25.559845620646726,24.756894993177756,25.289587299277727,3373708.69
2023-12-19,25.289587299277727,25.907344404256477,24.967719582704103,25.581758146828953,2782534.32
2023-12-20,25.581758146828953,26.036444995160416,25.17684176192127,25.630753102170694,2329895.07
2023-12-21,25.630753102170694,25.974585375343224,24.76744026029304,25.104209032693188,2070211.77
2023-12-22,25.104209032693188,25.557515193444097,24.5178185120425,24.968677380677754,2184926.35
2023-12-23,24.968677380677754,25.88937477067496,24.588085211840568,25.500673499635827,1579462.36
2023-12-24,25.500673499635827,26.032932961407383,25.21160669292828,25.741140306227578,2116705.7
2023-12-25,25.741140306227578,26.16039956166855,25.63438185237787,26.05235039932782,2910801.57
2023-12-26,26.05235039932782,27.848714146761886,25.62333202674057,27.39754373616882,2221907.53
2023-12-27,27.39754373616882,27.947015363777762,26.990553568584605,27.537939617147558,1881524.6
2023-12-28,27.537939617147558,27.75964882708299,26.43914220378113,26.653732622809933,1838514.19
2023-12-29,26.653732622809933,26.818325574382726,26.053504151026726,26.215390237183307,2182597.78
2023-12-30,26.215390237183307,26.70542158354741,25.852426838548677,26.340722900071682,1615748.23
2023-12-31,26.340722900071682,26.444332223989473,26.24810726929326,26.351678074133197,1752982.61
2024-01-01,26.351678074133197,26.77779833482806,25.861360660245015,26.286425757234184,3227351.2
2024-01-02,26.286425757234184,26.44635038765294,26.06875246800258,26.228323609338624,1697968.0
2024-01-03,26.228323609338624,26.560965737697675,25.592527428092325,25.921275400993554,1800514.34
2024-01-04,25.921275400993554,26.266807787291256,25.727796004123302,26.072201857895067,2366215.46
2024-01-05,26.072201857895067,26.91546699459532,25.796088845745274,26.633410601161785,1969966.02
2024-01-06,26.633410601161785,27.7954303787955,26.196320902090015,27.346635706916707,2249292.78
2024-01-07,27.346635706916707,28.268018997662764,27.150655933883154,28.066877608192947,2729657.91
2024-01-08,28.066877608192947,28.139728905787788,27.59436574782696,27.66617697386252,1494343.99
2024-01-09,27.66617697386252,27.760050140100372,27.567482464132883,27.66133921553713,2656525.21
2024-01-10,27.66133921553713,27.7537433197822,27.44151735480555,27.533494386927394,1901912.44
2024-01-11,27.533494386927394,28.07081435832245,27.250935838837837,27.78566791546412,2048152.67
2024-01-12,27.78566791546412,27.882891542803907,27.657342646615962,27.75445706542196,3557223.53
2024-01-13,27.75445706542196,28.016127363148968,27.402388328060173,27.663198233320852,1549297.26
2024-01-14,27.663198233320852,28.696357512882276,27.260383464234675,28.284495784457413,2550101.18
2024-01-15,28.284495784457413,28.83583542685949,27.779967250076783,28.330486526374706,2916734.63
2024-01-16,28.330486526374706,28.557591570349295,28.160906696349336,28.387669456348803,1854425.02
2024-01-17,28.387669456348803,29.07802449865995,27.882936061266843,28.570048401865417,1861765.36
2024-01-18,28.570048401865417,29.434581504610335,28.009917942864877,28.86859783086038,2006296.3
2024-01-19,28.86859783086038,29.55973000694929,28.48572112420865,29.172818500657144,1851680.08
2024-01-20,29.172818500657144,30.328373052258257,28.727350428544526,29.87222506271443,2236864.5
2024-01-21,29.87222506271443,30.19169878509278,28.985435336990054,29.29877621057654,2750021.91
2024-01-22,29.29877621057654,29.545867927853482,29.20070548414984,29.44730005297896,2009023.8
2024-01-23,29.44730005297896,30.015012494411287,28.8385304675223,29.405435811159958,2774847.94
2024-01-24,29.405435811159958,29.96457426040645,28.718625567145438,29.275289306780387,3122737.46
2024-01-25,29.275289306780387,29.8491793503575,29.046650750329018,29.617865292461204,2450328.76
2024-01-26,29.617865292461204,30.3773678822271,29.45427578558954,30.210505025278152,2508859.46
2024-01-27,30.210505025278152,30.306535887989973,29.849103507328397,29.944288139990732,1896421.55
2024-01-28,29.944288139990732,31.061763337193018,29.61607662397764,30.72499470061569,1141925.21
2024-01-29,30.72499470061569,31.29788806107134,29.507798565566173,30.06845009990417,2546916.8
2024-01-30,30.06845009990417,30.426099622517174,29.986154415612596,30.34305236701376,2684719.87
2024-01-31,30.34305236701376,30.7377505759395,29.55005953162742,29.939508497978455,2337468.35
2024-02-01,29.939508497978455,30.44968119721944,29.14786644948889,29.653159732536395,2761846.96
2024-02-02,29.653159732536395,29.946362646659363,29.39118459200463,29.68411403584542,1918208.3
2024-02-03,29.68411403584542,30.07047005520373,29.124755426159304,29.508830022068757,2504492.82
2024-02-04,29.508830022068757,29.803583049089454,27.975231642522573,28.257485441252427,3178766.81
2024-02-05,28.257485441252427,28.615358829482545,28.167705971090328,28.52473027105768,2598344.05
2024-02-06,28.52473027105768,29.188020997836745,28.20866777590792,28.868153273678026,3077588.4
2024-02-07,28.868153273678026,28.972166431334312,28.69767237256026,28.801445178172237,3082517.06
2024-02-08,28.801445178172237,29.214154059625713,28.289374735605872,28.70063912166802,1621110.26
2024-02-09,28.70063912166802,28.91824035789532,28.32599430605173,28.542395779909793,2633339.02
2024-02-10,28.542395779909793,29.01177700868423,27.356695705062602,27.814100071874055,1878490.86
2024-02-11,27.814100071874055,28.163630113642718,26.72081979221774,27.06088443724327,1667935.29
2024-02-12,27.06088443724327,27.912502071176075,26.55131301039469,27.396608769395453,2048368.83
2024-02-13,27.396608769395453,28.272110426761888,26.978006051678932,27.846631646357586,3410971.41
2024-02-14,27.846631646357586,28.526632027053346,27.42761326057977,28.10374476671919,1920349.75
2024-02-15,28.10374476671919,28.48125573849929,27.893443589727248,28.26971261901992,1417512.05
2024-02-16,28.26971261901992,28.896162147246674,27.98830170343433,28.611350397652643,1533120.71
2024-02-17,28.611350397652643,29.373927940090827,28.170156618451756,28.927853606670197,2479488.28
2024-02-18,28.927853606670197,29.36166005300574,28.160167204404637,28.588890509115206,1819844.47
2024-02-19,28.588890509115206,29.104244369202636,28.175460306062643,28.689361236964096,1320038.43
2024-02-20,28.689361236964096,28.750845961600653,28.503250736905297,28.564467800002895,1548333.53
2024-02-21,28.564467800002895,28.63050275824515,28.38006070176275,28.44582137477097,2293747.47
2024-02-22,28.44582137477097,29.03927990856526,28.35438503193416,28.946235034396597,2673340.39
2024-02-23,28.946235034396597,29.72650203721018,28.871886553755424,29.65034504815108,1968020.98
2024-02-24,29.65034504815108,30.122120080916034,28.161339175950427,28.61666706574877,2587525.64
2024-02-25,28.61666706574877,28.95560582802464,28.17215367792315,28.509827015603115,2765412.41
2024-02-26,28.509827015603115,28.82594739736734,28.066129171142393,28.380819097637435,1808557.82
2024-02-27,28.380819097637435,28.991705079956876,28.28032859261009,28.889413748352652,2134329.52
2024-02-28,28.889413748352652,29.350003999506672,27.813436640238404,28.264056686785395,1893329.45
2024-02-29,28.264056686785395,28.367819641169383,26.914485849937453,27.0136583441612,2517275.99
2024-03-01,27.0136583441612,27.519915705115253,26.851775028077782,27.35598097040498,1887774.99
2024-03-02,27.35598097040498,28.22717043866371,26.89803184233779,27.76241741582858,1624439.87
2024-03-03,27.76241741582858,28.16403934039385,26.633307892926286,27.024251218273385,2229113.59
2024-03-04,27.024251218273385,27.123350188657227,26.877887357186054,26.97681236747634,2903867.88
2024-03-05,26.97681236747634,27.706324226092075,26.886977092475203,27.614365839187315,2499524.59
2024-03-06,27.614365839187315,27.871647398271275,26.91659318590629,27.169732116546474,2829687.2
2024-03-07,27.169732116546474,27.565029212048806,26.820299813542665,27.21501452798774,2768242.7
2024-03-08,27.21501452798774,27.60596131883927,27.03970373337764,27.42927035377108,2223304.28
2024-03-09,27.42927035377108,27.773044936250134,26.508337446253357,26.84478661870891,1894747.0
2024-03-10,26.84478661870891,27.0721419535614,26.394059382043526,26.619506764434647,1770080.37
2024-03-11,26.619506764434647,26.954789071209962,25.621570558737698,25.94840003373242,1479649.7
2024-03-12,25.94840003373242,26.33916252240159,25.49723695441396,25.8870759506407,2961940.86
2024-03-13,25.8870759506407,26.33173613712881,25.14206506393097,25.58147598479862,2025478.74
2024-03-14,25.58147598479862,25.80742962824152,25.440132156949204,25.665620879543738,1436579.21
2024-03-15,25.665620879543738,26.009085013325997,25.57496558499328,25.917539898382614,2995282.84
2024-03-16,25.917539898382614,26.58247235368155,25.810478609038878,26.47311606639014,2252462.58
2024-03-17,26.47311606639014,27.567236085909304,26.341363654323928,27.43071784484908,2802185.61
2024-03-18,27.43071784484908,27.736671081398793,27.215705390072202,27.520951341970132,2060754.01
2024-03-19,27.520951341970132,27.590178641281383,27.323715675489456,27.39262016543782,1804239.05
2024-03-20,27.39262016543782,27.857902881733256,26.778149831344066,27.240854705690666,2459343.81
2024-03-21,27.240854705690666,27.711658185866835,26.384300405491526,26.848319706324226,2510836.88
2024-03-22,26.848319706324226,27.436248714631382,26.449976726961992,27.035134009994515,2051317.29
2024-03-23,27.035134009994515,27.26268010972589,26.610463592898423,26.836336477205542,3055182.64
2024-03-24,26.836336477205542,27.44999579545696,26.44126591558353,27.051753969760245,2786606.82
2024-03-25,27.051753969760245,27.385651580508284,26.345587549672175,26.674832853576266,2533618.1
2024-03-26,26.674832853576266,27.04620572921132,26.121458542194542,26.49026177883079,1666897.85
2024-03-27,26.49026177883079,26.763710445165838,26.39537612481378,26.6681874778426,1609208.76
2024-03-28,26.6681874778426,27.14141185309272,26.14878012671516,26.62117018470279,2968960.1
2024-03-29,26.62117018470279,26.84149339863176,25.645762120739093,25.859783918613765,1272993.5
2024-03-30,25.859783918613765,26.036821427278255,25.68019761649122,25.85721755569345,2150526.11
2024-03-31,25.85721755569345,26.090828654638038,25.316973615609985,25.547789134817904,2282151.06
2024-04-01,25.547789134817904,26.181316924165706,25.38297101299637,26.01349436773705,1946492.55
2024-04-02,26.01349436773705,26.9285563008818,25.495954660343074,26.403262145025128,2180658.84
2024-04-03,26.403262145025128,26.763187831059437,25.15961264744335,25.507325040467492,2443744.84
2024-04-04,25.507325040467492,26.29124894380073,25.04473938337353,25.822939490983437,1899616.79
2024-04-05,25.822939490983437,26.47608568023525,25.32924432362157,25.979399241384453,2742335.52
2024-04-06,25.979399241384453,26.303163107992003,25.087454448846373,25.404048099210016,2544861.54
2024-04-07,25.404048099210016,26.17090740303395,24.987184623601365,25.748393450021524,2103216.23
2024-04-08,25.748393450021524,26.219465691725034,24.794236436995476,25.256305832856093,1789344.82
2024-04-09,25.256305832856093,25.823434901079633,25.13759717515817,25.702628456007535,2150697.36
2024-04-10,25.702628456007535,25.87855917955124,25.280859331156922,25.455095729478067,3728943.38
2024-04-11,25.455095729478067,25.69002235524007,24.64890603592776,24.87851132921233,1820479.96
2024-04-12,24.87851132921233,26.035263635793733,24.54983729128899,25.69579236587831,3225708.26
2024-04-13,25.69579236587831,26.102540005025904,24.705613437935263,25.102977199522957,1418587.95
2024-04-14,25.102977199522957,25.30907456467397,24.59735657103703,24.800974470657202,1774042.43
2024-04-15,24.800974470657202,25.226767503362613,24.15372637147813,24.57565096018439,1920911.73
2024-04-16,24.57565096018439,24.914266561710882,24.07313518179902,24.40946093408628,2789129.51
2024-04-17,24.40946093408628,24.887557498388865,24.197186556640347,24.672991355618016,2230658.09
2024-04-18,24.672991355618016,25.04995025808285,24.321330944747963,24.697934338651415,3052543.69
2024-04-19,24.697934338651415,25.515437094888064,24.269755599350084,25.080623813020047,2024447.46
2024-04-20,25.080623813020047,25.42892531685853,24.87879689264007,25.225929106586328,2170575.66
2024-04-21,25.225929106586328,25.45209660229339,24.376089210085162,24.5966144749892,2026453.09
2024-04-22,24.5966144749892,25.164548185144923,24.24111934684667,24.806026423898565,3651206.57
2024-04-23,24.806026423898565,25.139912292196037,24.564495126258677,24.897490427917205,1662623.88
2024-04-24,24.897490427917205,25.02690815790638,24.537569214042456,24.665782520982532,1937518.68
2024-04-25,24.665782520982532,25.90022832699771,24.23721485800744,25.45789767315521,1722827.41
2024-04-26,25.45789767315521,25.842067922003103,25.314625717412937,25.697447825918477,2539038.53
2024-04-27,25.697447825918477,26.238593377819342,25.532106072823044,26.070849097389242,1654013.77
2024-04-28,26.070849097389242,26.929977970658726,25.611463060571513,26.463670160383096,3469442.7
2024-04-29,26.463670160383096,26.822390686010355,25.94243880755178,26.29892619462982,2244824.47
2024-04-30,26.29892619462982,26.815909690756204,26.042013406046614,26.556480864523202,2438912.83
2024-05-01,26.556480864523202,26.924474126414438,26.320856671025982,26.68768580807832,2470036.64
2024-05-02,26.68768580807832,26.829083966890384,26.326236577993633,26.46646264009923,2188995.03
2024-05-03,26.46646264009923,26.551750594058294,25.899904460144214,25.98363651095018,2267943.45
2024-05-04,25.98363651095018,26.474157688153042,25.50632762821318,25.996610478877965,2247099.29
2024-05-05,25.996610478877965,26.306286141242463,25.92368613123087,26.232699528798733,2504948.42
2024-05-06,26.232699528798733,26.324235797537114,26.15110999667269,26.24261542476839,1791162.94
2024-05-07,26.24261542476839,26.650368691837205,25.766851457757266,26.17353130763779,1716758.4
2024-05-08,26.17353130763779,26.661512579216232,25.70012043124316,26.18784284446909,2701208.81
2024-05-09,26.18784284446909,26.574763697786913,25.69214889883358,26.077438547742815,2198945.47
2024-05-10,26.077438547742815,26.87124385897893,25.911654445725222,26.701492411425775,1332216.75
2024-05-11,26.701492411425775,26.999034187891635,26.51800768760301,26.814771046936542,1953572.69
2024-05-12,26.814771046936542,27.33242489579092,26.107079719234612,26.62099271575103,3225058.01
2024-05-13,26.62099271575103,27.00969874486633,25.52549555329319,25.903728459034333,2113537.5
2024-05-14,25.903728459034333,26.34151395038041,25.39316066564469,25.829694955105097,1926508.95
2024-05-15,25.829694955105097,26.08888608355687,25.35092156736639,25.60788693703146,1514005.67
2024-05-16,25.60788693703146,26.017034852233348,24.96827029920831,25.37367613043933,1908847.41
2024-05-17,25.37367613043933,26.248662904413308,24.87498476544993,25.74271842386814,1644635.86
2024-05-18,25.74271842386814,25.99435013575975,25.525939967796944,25.777280632638572,2449192.81
2024-05-19,25.777280632638572,25.977554958353778,24.9353579992763,25.13060805903097,2227278.74
2024-05-20,25.13060805903097,25.441471239334124,25.060919417395652,25.37111565610695,2008908.68
2024-05-21,25.37111565610695,25.75844139715479,24.394175184584554,24.77236008018059,1818301.65
2024-05-22,24.77236008018059,25.196273059058626,24.615500046276846,25.037732670382006,3222210.08
2024-05-23,25.037732670382006,25.20224064213056,24.697745763515876,24.86109314253668,1844352.42
2024-05-24,24.86109314253668,25.230209747461817,24.52854793878173,24.897181816921375,1846067.46
2024-05-25,24.897181816921375,25.2780816028075,24.51023473125174,24.891040562630824,2070345.19
2024-05-26,24.891040562630824,25.123387759116767,24.60654389416379,24.8383997108579,2144009.41
2024-05-27,24.8383997108579,25.39433453302539,24.366426622169246,24.92079577483849,2481762.36
2024-05-28,24.92079577483849,25.07761796371746,24.79841445220179,24.95506833500893,2776159.65
2024-05-29,24.95506833500893,25.97192760804843,24.668277207277377,25.67684164502462,2724679.09
2024-05-30,25.67684164502462,26.10552419664451,25.340168609464328,25.767660352250708,4038732.67
2024-05-31,25.767660352250708,26.20712579432129,25.429772534883043,25.86792324333144,1440858.14
2024-06-01,25.86792324333144,26.225503972909703,25.24038522204797,25.594181936367683,2330703.59
2024-06-02,25.594181936367683,26.09122176677946,25.250966541640096,25.74597089741507,1931565.19
2024-06-03,25.74597089741507,26.164359568240602,24.94037531724065,25.352367681356462,3636047.82
2024-06-04,25.352367681356462,26.23194521085461,24.93016259339408,25.802248050234482,2298733.29
2024-06-05,25.802248050234482,26.30782025569363,24.736329825258814,25.23070311372802,1324505.69
2024-06-06,25.23070311372802,25.707931037369622,24.44171045198795,24.912927791762648,2452261.86
2024-06-07,24.912927791762648,25.195906146423184,24.03149936895915,24.307602012564654,2351763.5
2024-06-08,24.307602012564654,24.825971999836348,23.950108742742444,24.466146999968064,2658850.31
2024-06-09,24.466146999968064,24.692305112598888,24.087691222182904,24.312428403778263,1835973.12
2024-06-10,24.312428403778263,24.907013816802177,23.979064678176456,24.570116756403507,2387899.66
2024-06-11,24.570116756403507,24.622549377837657,24.160456055350686,24.21212472189574,2056150.95
2024-06-12,24.21212472189574,24.621796289098267,24.003496870967467,24.411450910491688,1860075.15
2024-06-13,24.411450910491688,25.085211469418113,23.96077566169148,24.63049235779617,2396809.13
2024-06-14,24.63049235779617,25.0627429216559,24.281969351620216,24.71305169568911,2285657.05
2024-06-15,24.71305169568911,24.785031196711408,24.655938945470023,24.72788416811573,2860426.27
2024-06-16,24.72788416811573,25.065421183987542,24.445779521052636,24.782691277594896,2214894.11
2024-06-17,24.782691277594896,24.9954752292001,24.235781496907308,24.44567180250473,2558530.34
2024-06-18,24.44567180250473,24.85044220720288,23.654802087394547,24.053071838413235,1626774.1
2024-06-19,24.053071838413235,24.35430519466508,23.95524318700674,24.255652606777495,3117672.26
2024-06-20,24.255652606777495,24.567898885055232,23.812910144326295,24.12345462014207,1811503.55
2024-06-21,24.12345462014207,24.65319946500486,23.766011039963196,24.29324012823838,2757129.18
2024-06-22,24.29324012823838,25.191594766988473,23.98427413678995,24.875226957716215,2349581.08
2024-06-23,24.875226957716215,25.047856835094514,24.53499398359516,24.70645259537961,2276270.35
2024-06-24,24.70645259537961,25.10861006539403,24.08707791954657,24.485641147412224,2660578.85
2024-06-25,24.485641147412224,24.884382436258445,23.971775037071918,24.36861051736784,1288478.34
2024-06-26,24.36861051736784,24.593436867869723,24.16155692821071,24.386233540581017,1906132.42
2024-06-27,24.386233540581017,24.785267053968266,24.220405070735477,24.61786348075608,2651140.05
2024-06-28,24.61786348075608,24.961285417143213,24.267171871912762,24.610490960826052,3557224.62
2024-06-29,24.610490960826052,25.62167986075461,24.398330074356792,25.402689627739615,2186643.69
2024-06-30,25.402689627739615,25.778926225779802,25.193973824349666,25.568845240095037,1196080.62
2024-07-01,25.568845240095037,26.13871760687025,25.310342863063116,25.87709877035212,2032268.42
2024-07-02,25.87709877035212,26.14222595413195,25.601008289533677,25.86602198466391,2167165.07
2024-07-03,25.86602198466391,26.71464460877879,25.4280273961758,26.269812552826885,2903225.04
2024-07-04,26.269812552826885,26.772898978607593,25.68993924213168,26.191526430512646,2226749.99
2024-07-05,26.191526430512646,26.580269767134077,25.555047911627657,25.940058883371965,1598836.35
2024-07-06,25.940058883371965,26.396834849658635,25.846980258460334,26.302455864834243,2799193.94
2024-07-07,26.302455864834243,26.5149831255314,26.070675348565167,26.283045773200094,2535869.47
2024-07-08,26.283045773200094,26.527365134830042,26.14077443706732,26.38454438205727,1847223.95
2024-07-09,26.38454438205727,27.157590248952047,26.016776263634554,26.78425071553515,2633794.31
2024-07-10,26.78425071553515,27.187051839257112,26.44230867399679,26.844342632234294,1918999.15
2024-07-11,26.844342632234294,27.372751350623044,26.259832418152797,26.78711465098585,2041950.24
2024-07-12,26.78711465098585,27.05655378688662,26.306497010540806,26.57379041712406,1927136.61
2024-07-13,26.57379041712406,27.114347586980173,26.47019901024773,27.009059390724644,2035969.41
2024-07-14,27.009059390724644,27.353994293839925,26.529656335536153,26.872851719357296,2759770.23
2024-07-15,26.872851719357296,27.10409239477859,26.624451399664736,26.855543134853974,1407775.8
2024-07-16,26.855543134853974,27.116676069312973,26.715794654209805,26.976299208978148,2899359.05
2024-07-17,26.976299208978148,27.331035360986757,26.74220439820963,27.09590265595151,2299147.89
2024-07-18,27.09590265595151,27.692697765599586,26.925542423515754,27.519673158324565,1995582.57
2024-07-19,27.519673158324565,27.672402540152838,27.34154713528833,27.49413478359517,2211449.39
2024-07-20,27.49413478359517,28.37888105622209,27.19979563501525,28.0782882382024,1752798.0
2024-07-21,28.0782882382024,28.543831691793997,27.51229103336062,27.976140863712367,1463054.67
2024-07-22,27.976140863712367,28.642573971086087,27.474193947868407,28.13772786702498,1765197.88
2024-07-23,28.13772786702498,28.325847802496103,27.875411202825163,28.0630317436767,1369690.82
2024-07-24,28.0630317436767,29.26457778779482,27.780399323718907,28.972782951326714,1568777.76
2024-07-25,28.972782951326714,29.47030494284817,28.327827509399153,28.822773532118553,1466339.95
2024-07-26,28.822773532118553,29.39335470031598,28.14452381156007,28.71293050608859,2987425.77
2024-07-27,28.71293050608859,29.26439167297831,28.216231911552594,28.766761861800447,1595846.91
2024-07-28,28.766761861800447,29.080108049040486,28.342151527780622,28.65427240707983,2177431.07
2024-07-29,28.65427240707983,29.30376225953691,28.148167840516763,28.795169112389495,2908511.76
2024-07-30,28.795169112389495,29.773171687159273,28.37132463896838,29.341288720310978,2720945.88
2024-07-31,29.341288720310978,29.529748171052937,29.222653738286446,29.41083200620272,2043519.05
2024-08-01,29.41083200620272,29.600755459691104,29.307466239722476,29.497086547527168,2045849.87
2024-08-02,29.497086547527168,30.053187883656204,28.84428271075674,29.39852590731586,2301348.02
2024-08-03,29.39852590731586,29.946513324002,28.6339582998437,29.17783199021958,3730396.1
2024-08-04,29.17783199021958,29.52402287087036,28.878742248614035,29.22445521411361,2439319.64
2024-08-05,29.22445521411361,29.638362073180666,28.817859858015552,29.23166638911259,2600002.33
2024-08-06,29.23166638911259,29.983631425020064,29.012830664630936,29.760834214969908,3876980.24
2024-08-07,29.760834214969908,30.196091659131984,28.905541000651166,29.334564170302503,2358236.17
2024-08-08,29.334564170302503,30.29425234154896,29.04029982969531,29.99337921771987,2931229.91
2024-08-09,29.99337921771987,30.24150507311802,29.682937586729803,29.93054362288368,2479082.85
2024-08-10,29.93054362288368,30.299990460813163,29.633307031283795,30.00204380954812,2470070.65
2024-08-11,30.00204380954812,30.308063871133466,29.22373027692061,29.52488331393993,1729137.33
2024-08-12,29.52488331393993,30.34666346865461,28.964805934186476,29.781714093023652,1658924.23
2024-08-13,29.781714093023652,30.315689731424698,28.828205617758396,29.354521849783723,1935524.3
2024-08-14,29.354521849783723,29.687631602770963,29.193077505140074,29.525248294816222,2742695.41
2024-08-15,29.525248294816222,29.860902436959304,29.318204771541076,29.652963321920698,2710339.49
2024-08-16,29.652963321920698,29.87206155823537,29.29258922309379,29.51063583767206,3070234.46
2024-08-17,29.51063583767206,29.575803247011766,28.54043887508116,28.60360331301273,2193901.44
2024-08-18,28.60360331301273,29.902509455974894,28.273296196890218,29.561144893883643,2516559.87
2024-08-19,29.561144893883643,29.877107689239857,28.784709744865747,29.095697630797325,2519237.45
2024-08-20,29.095697630797325,29.344222058933916,28.972248973068133,29.22024496564337,2141665.52
2024-08-21,29.22024496564337,29.79951516167246,28.32916406025089,28.902127814121854,2030076.94
2024-08-22,28.902127814121854,29.830628167179903,28.448273807817905,29.369435958142027,1517717.86
2024-08-23,29.369435958142027,29.524963616978653,29.049926198531637,29.204580857016403,2117685.44
2024-08-24,29.204580857016403,29.633770349427152,28.452541229859133,28.87691536168274,2143536.92
2024-08-25,28.87691536168274,29.379773193702217,28.64210547824771,29.142801284243923,2921374.41
2024-08-26,29.142801284243923,29.53306001199355,28.20643545053714,28.58928185765574,2994284.56
2024-08-27,28.58928185765574,28.88857836646935,28.116763374379275,28.414227265340052,2281619.95
2024-08-28,28.414227265340052,28.84648455568266,28.286379105676595,28.71727286002672,3685120.24
2024-08-29,28.71727286002672,29.687676440109378,28.42201447593935,29.385547153310462,2307014.14
2024-08-30,29.385547153310462,29.952992910037572,28.403896958360804,28.96318678046709,2848200.64
2024-08-31,28.96318678046709,29.411141557729337,28.255460728106698,28.699334676439946,2145642.04
2024-09-01,28.699334676439946,29.240116101786302,28.31825112782305,28.85693979669322,1654368.99
2024-09-02,28.85693979669322,29.352802551834454,27.517703915923065,27.998821204202315,1978131.15
2024-09-03,27.998821204202315,29.069137283460645,27.52516569310216,28.585555991432116,3180282.74
2024-09-04,28.585555991432116,29.0997435546207,27.652326058151218,28.158837957942723,2059383.88
2024-09-05,28.158837957942723,28.27033221333391,27.86539858051999,27.97616956471237,1957822.37
2024-09-06,27.97616956471237,28.21248545966716,27.85502965967947,28.090848980095828,2197764.91
2024-09-07,28.090848980095828,28.576947513544436,27.630718115646125,28.11639815116404,1995876.07
2024-09-08,28.11639815116404,28.67636881781538,27.159860603317917,27.71177268469149,2965059.58
2024-09-09,27.71177268469149,28.79414539938705,27.375745816081412,28.44917692888469,3524790.62
2024-09-10,28.44917692888469,28.99986164076927,26.83253979045832,27.36218380593798,2203266.62
2024-09-11,27.36218380593798,27.743357110267894,26.528865129441012,26.903650765468576,2518267.79
2024-09-12,26.903650765468576,26.998775123325455,26.554137245873505,26.648358957859877,2805063.39
2024-09-13,26.648358957859877,27.14595186376618,25.7798714154348,26.270406993092905,2260518.93
2024-09-14,26.270406993092905,27.22260229684967,25.821030022560887,26.764768859019114,1766463.17
2024-09-15,26.764768859019114,27.076451664706976,25.798896256636493,26.102871087879514,1985948.65
2024-09-16,26.102871087879514,27.14223387570269,25.701139557280335,26.730837737615907,2438695.09
2024-09-17,26.730837737615907,26.953451349007583,26.400013615975475,26.621718485523026,2427617.7
2024-09-18,26.621718485523026,26.970038250428463,25.73958793146712,26.08083069615047,1405524.05
2024-09-19,26.08083069615047,26.326989629834276,25.02708379404249,25.265547836341923,1972500.66
2024-09-20,25.265547836341923,25.55580850400987,24.897133146762748,25.186485515021456,1829798.02
2024-09-21,25.186485515021456,25.525444083053753,24.587401749505368,24.922811808881796,2742939.91
2024-09-22,24.922811808881796,25.090015163359677,24.848799776061373,25.015727204317557,1847617.79
2024-09-23,25.015727204317557,25.108996387932393,24.75583766419034,24.84848329194995,1960443.46
2024-09-24,24.84848329194995,25.30276976781112,24.761925482067298,25.214935449587127,1943391.21
2024-09-25,25.214935449587127,25.5353852655192,24.843962681823978,25.163762150090594,2681269.25
2024-09-26,25.163762150090594,25.401115288243997,24.769785490681116,25.00564723533853,2802938.81
2024-09-27,25.00564723533853,25.660359928223382,24.730557953056564,25.381139819630747,2488924.65
2024-09-28,25.381139819630747,25.752871725875735,25.101818701834762,25.472544691436678,2901012.22
2024-09-29,25.472544691436678,25.84754642934145,25.403043582317732,25.77721403862889,2996099.13
2024-09-30,25.77721403862889,26.662426512362167,25.356296372026534,26.234049157831215,1399171.39
2024-10-01,26.234049157831215,26.617391158347747,25.739059002567487,26.120745364546384,2550871.84
2024-10-02,26.120745364546384,26.515290360073564,25.745071096220904,26.139348536858314,2005729.21
2024-10-03,26.139348536858314,26.549066925706434,26.070954498692608,26.479782137389293,1606841.19
2024-10-04,26.479782137389293,26.843374061761153,25.165841505598248,25.516202590688557,2030990.77
2024-10-05,25.516202590688557,25.797091071882832,25.199672045813372,25.48016380338889,2641039.37
2024-10-06,25.48016380338889,25.87995311843838,24.998196684730168,25.396676058900084,3165367.56
2024-10-07,25.396676058900084,25.640271464424305,25.30159885615473,25.54464032978058,1571738.6
2024-10-08,25.54464032978058,25.939068855625155,24.849494399514853,25.239206801159504,2567830.32
2024-10-09,25.239206801159504,26.161383358433184,24.75182794313298,25.66576744909566,3596152.77
2024-10-10,25.66576744909566,26.11024094361616,24.94369997250713,25.383281443347563,3476916.27
2024-10-11,25.383281443347563,25.842593699860068,24.754165306395574,25.210348326031536,927865.11
2024-10-12,25.210348326031536,25.29516643060009,24.876673703542586,24.960651724818433,3793076.3
2024-10-13,24.960651724818433,25.727702745169942,24.672765994105685,25.43435353564054,2797476.15
2024-10-14,25.43435353564054,25.598148846802,24.48630053030624,24.645012545249756,1235667.96
2024-10-15,24.645012545249756,25.62501310110423,24.353988677208438,25.325948313593816,1816737.15
2024-10-16,25.325948313593816,26.283381258575048,24.953187708415214,25.902139962171653,3012885.87
2024-10-17,25.902139962171653,26.302142465605094,25.287732166700987,25.684371710707868,2407355.25
2024-10-18,25.684371710707868,26.609182411331886,25.174569617439065,26.09130324495753,1905926.85
2024-10-19,26.09130324495753,26.64929433509998,25.589377621014663,26.146310520959805,2236859.89
2024-10-20,26.146310520959805,26.987061581853432,25.97769906694381,26.81414342928347,2521709.61
2024-10-21,26.81414342928347,27.710280609764443,26.318589226404907,27.207457539217472,1903396.88
2024-10-22,27.207457539217472,28.636055028392533,26.72011054658679,28.132144799206937,2131184.67
2024-10-23,28.132144799206937,28.55474170095054,27.06377531089829,27.476523567859843,2752987.37
2024-10-24,27.476523567859843,27.743004343558475,27.29413887548338,27.560065115979736,1846427.32
2024-10-25,27.560065115979736,27.70857256300153,26.706992798140995,26.851683127890944,1567074.2
2024-10-26,26.851683127890944,27.11592872616865,26.382383432020767,26.644591051172533,1875976.46
2024-10-27,26.644591051172533,27.648322884420104,26.572569670100126,27.573789842346685,1761611.95
2024-10-28,27.573789842346685,27.971589570103344,27.37772649088802,27.77410190034627,1891254.89
2024-10-29,27.77410190034627,28.289633541212673,27.681866219017635,28.195996779059644,1428453.94
2024-10-30,28.195996779059644,28.745717101095124,27.873402555351166,28.420553691294437,2333484.42
2024-10-31,28.420553691294437,28.99416147442431,28.048305529081357,28.61931003139085,2732884.61
2024-11-01,28.61931003139085,28.733887342653894,28.283331299665623,28.397018668205284,1795934.43
2024-11-02,28.397018668205284,28.900520161418914,27.59870858452462,28.096888534220405,1869115.0
2024-11-03,28.096888534220405,28.20203813357512,27.763021486939998,27.867311920378988,2099314.23
2024-11-04,27.867311920378988,28.121790186425336,26.495279063667013,26.739458011722135,1751777.59
2024-11-05,26.739458011722135,27.034064520276175,26.41541051414315,26.709689037985918,2813426.13
2024-11-06,26.709689037985918,27.145179842606264,26.376400331959875,26.810631556162853,1761722.56
2024-11-07,26.810631556162853,27.01825033674353,26.357596319310364,26.563299788049658,1928962.89
2024-11-08,26.563299788049658,26.957379935052828,26.120791598196124,26.514142471246636,1817824.35
2024-11-09,26.514142471246636,26.947512590847346,26.298198659189968,26.729812261239825,2830141.3
2024-11-10,26.729812261239825,27.27222076268585,26.55477406623508,27.094792521490646,2076507.99
2024-11-11,27.094792521490646,27.369999103061676,26.339821087286914,26.61010460832499,3620943.7
2024-11-12,26.61010460832499,26.717656928990486,26.188182948296745,26.29445949930702,2403433.95
2024-11-13,26.29445949930702,27.11600798641656,25.784587654677765,26.60020743039398,2938987.64
2024-11-14,26.60020743039398,27.16209907310042,26.28361823214398,26.8426246836707,2028688.05
2024-11-15,26.8426246836707,27.52547509423957,26.719337376353455,27.399629481892738,1738116.8
2024-11-16,27.399629481892738,28.407002572028553,26.952214746122404,27.95059106025562,2181836.92
2024-11-17,27.95059106025562,29.43197646804431,27.53225929666487,28.997968779479947,1856506.45
2024-11-18,28.997968779479947,29.28067340933566,28.591693084457432,28.87318114489359,1334858.16
2024-11-19,28.87318114489359,30.160134472552564,28.304188026643097,29.577266209936713,2834419.95
2024-11-20,29.577266209936713,29.902943575549525,28.849714245778912,29.17091727458706,2218082.56
2024-11-21,29.17091727458706,30.430829781186194,29.00086461006315,30.254460571214494,1846665.81
2024-11-22,30.254460571214494,30.962880300969868,29.763049500086954,30.46800078183016,2416995.57
2024-11-23,30.46800078183016,31.2988130911879,29.89772016972106,30.723745610440844,2225964.97
2024-11-24,30.723745610440844,31.402697243654163,30.51719861083386,31.192995609821697,3129599.48
2024-11-25,31.192995609821697,31.259155213635047,30.49699802724164,30.561818920267495,2451405.54
2024-11-26,30.561818920267495,30.95811528863985,29.681292971486496,30.07122782485959,2115365.35
2024-11-27,30.07122782485959,30.585678275414406,29.614444650122685,30.128032239309725,2616439.4
2024-11-28,30.128032239309725,30.493338891421427,29.926313417621756,30.290532070549776,2180308.37
2024-11-29,30.290532070549776,31.87236445085466,29.704537222738473,31.26746994943784,2303467.41
2024-11-30,31.26746994943784,31.42435355974606,30.66958183932988,30.824241564259133,2989179.86
2024-12-01,30.824241564259133,32.07571854935767,30.3180822326253,31.557518213633713,1642655.83
2024-12-02,31.557518213633713,32.11840836764966,30.875973932837457,31.434680826415452,1772939.59
2024-12-03,31.434680826415452,31.594240656868845,31.146793976122815,31.305699106070634,1981032.52
2024-12-04,31.305699106070634,31.650819051734388,30.887732739376514,31.232040660409282,2054844.44
2024-12-05,31.232040660409282,31.310272008569303,31.0138539281554,31.091733829778967,2937597.7
2024-12-06,31.091733829778967,31.750918023591655,30.670316336744314,31.32632093591911,1544627.09
2024-12-07,31.32632093591911,31.697118918642808,30.774543657929076,31.14317379623609,2183834.75
2024-12-08,31.14317379623609,31.641741558466673,29.99942715950604,30.487498282055867,1917002.63
2024-12-09,30.487498282055867,30.82356190979245,30.033058290817245,30.367802512342713,3365504.81
2024-12-10,30.367802512342713,30.83902180391281,30.113626534469567,30.58304427045052,2744006.93
2024-12-11,30.58304427045052,30.719447460642073,29.809308182974217,29.942856074935186,2335276.8
2024-12-12,29.942856074935186,30.300644356300225,29.855443143283058,30.21244440865568,2802937.67
2024-12-13,30.21244440865568,31.11711123860769,29.864427972013374,30.762755778240717,1581853.69
2024-12-14,30.762755778240717,32.049146376355274,30.19241695802792,31.465773665572353,3652213.72
2024-12-15,31.465773665572353,32.13102348630386,30.968989295885738,31.631620709078685,1782459.05
2024-12-16,31.631620709078685,31.91871474464017,30.50155639521998,30.780929410088582,3012272.7
2024-12-17,30.780929410088582,31.701769618015156,30.174327601004702,31.089094773754006,2525325.9
2024-12-18,31.089094773754006,31.720634424311296,30.92394945966708,31.553024713746698,2350289.62
2024-12-19,31.553024713746698,32.18273856270905,30.602104143857723,31.225277026963226,2981014.0
2024-12-20,31.225277026963226,31.417076543014566,31.003330541493664,31.194943737009616,2822443.13
2024-12-21,31.194943737009616,31.586929984118807,31.038097592902588,31.428907485531838,2259860.09
2024-12-22,31.428907485531838,32.861057368326705,30.880473633951503,32.29746716645468,1979922.5
2024-12-23,32.29746716645468,32.63463216063964,31.840603911274314,32.176506149454816,2268717.29
2024-12-24,32.176506149454816,33.20793910926962,31.59560962880785,32.61905309529887,2144176.79
2024-12-25,32.61905309529887,33.287284497094554,32.11460842774535,32.78034548714713,2403570.08
2024-12-26,32.78034548714713,33.04258578629036,32.62230683242376,32.8840471711672,2839434.05
2024-12-27,32.8840471711672,33.7000888115488,32.74611052950649,33.559319646961946,2473414.25
2024-12-28,33.559319646961946,33.896315561939694,32.809989214997856,33.14280254934248,2304064.62
2024-12-29,33.14280254934248,33.666034326866445,32.74151588957857,33.26328884231003,1868181.75
2024-12-30,33.26328884231003,33.601485321957526,32.94336737837133,33.281389765973245,2386007.68
2024-12-31,33.281389765973245,33.47494759508055,32.34382069888665,32.533026196891406,1439756.64
2025-01-01,32.533026196891406,33.34790652782173,32.3405755403667,33.15179551212131,1802330.4
2025-01-02,33.15179551212131,33.95134565789293,32.78121273092389,33.57602073347357,2560027.35
2025-01-03,33.57602073347357,33.673548670696505,33.500226611040546,33.59770559710212,2744926.08
2025-01-04,33.59770559710212,33.930358736639064,33.137686228748734,33.469065695985265,2188664.43
2025-01-05,33.469065695985265,33.56054162888065,33.382111348563775,33.47357556458947,2313369.2
2025-01-06,33.47357556458947,34.438889382351725,32.88054335564387,33.83937648750121,2413366.47
2025-01-07,33.83937648750121,34.31681721993771,33.39398231882319,33.87100673368337,2608606.97
2025-01-08,33.87100673368337,34.03641209194567,33.3701978772335,33.53395729139404,2091967.63
2025-01-09,33.53395729139404,34.06494072962322,32.749252627593684,33.276153955849836,1720676.01
2025-01-10,33.276153955849836,33.63776905060555,32.9128053129594,33.27440136211415,2423592.52
2025-01-11,33.27440136211415,33.64683241233118,32.44374960177628,32.81099386169828,3589574.49
2025-01-12,32.81099386169828,33.199777216711354,32.59410364167763,32.98175819474335,1746902.38
2025-01-13,32.98175819474335,33.28148373957551,32.29522574853493,32.59140390356727,2131293.41
2025-01-14,32.59140390356727,33.17175155888987,31.554826053809514,32.12690243805707,1997498.71
2025-01-15,32.12690243805707,33.88367897272601,31.97752493960891,33.72686228836451,4021910.16
2025-01-16,33.72686228836451,35.198785634813284,33.28076626223149,34.739298391950356,1730267.47
2025-01-17,34.739298391950356,35.02544316302388,34.5341910517117,34.8198601709162,2113494.77
2025-01-18,34.8198601709162,35.630209507503146,34.47143598308588,35.27720886967737,2008294.41
2025-01-19,35.27720886967737,36.248334553490366,34.86819142335029,35.83287450732603,1607806.28
2025-01-20,35.83287450732603,35.98309362689055,35.64649814687326,35.79656504937789,1586122.9
2025-01-21,35.79656504937789,36.07798037852825,35.67438470893394,35.955258388176446,2535911.68
2025-01-22,35.955258388176446,36.34044946065162,35.433449893200184,35.81716152480095,2626417.07
2025-01-23,35.81716152480095,36.853230713018185,35.48161971259639,36.5111871401277,1912827.14
2025-01-24,36.5111871401277,37.918026509438995,35.83288534601616,37.226436865494136,3128978.09
2025-01-25,37.226436865494136,38.679829735114794,36.684273588818954,38.124585877744146,1253267.43
2025-01-26,38.124585877744146,38.978430357313535,37.43290577505571,38.28386059303555,1606148.85
2025-01-27,38.28386059303555,40.310103445075605,37.56758940651541,39.56977349474222,1790110.24
2025-01-28,39.56977349474222,39.662492577696234,39.4365091763911,39.52913303144373,2195081.21
2025-01-29,39.52913303144373,41.509426804074934,38.82403209834276,40.781978243780955,1965468.39
2025-01-30,40.781978243780955,41.56713602287421,39.72174497058292,40.501502878848314,2092156.98
2025-01-31,40.501502878848314,40.912494852300625,39.31384759005055,39.71687752007979,2483630.27
2025-02-01,39.71687752007979,41.51465285940907,39.182773796828755,40.96378105512583,3166809.85
2025-02-02,40.96378105512583,41.72237874012057,40.626747784871704,41.38190531412995,2688719.44
2025-02-03,41.38190531412995,41.87226707824484,41.225654011073416,41.71475897423331,2231102.18
2025-02-04,41.71475897423331,41.99536941068517,41.21345798050659,41.49257380259365,2156360.77
2025-02-05,41.49257380259365,41.635714665352815,40.827721993440925,40.969056830103284,2897389.76
2025-02-06,40.969056830103284,41.40997544266857,40.074474399086874,40.51045745748659,3523715.83
2025-02-07,40.51045745748659,41.159932197254314,39.95284861304894,40.601076027574685,2580622.36
2025-02-08,40.601076027574685,40.68609753995232,40.42909638135505,40.513935415153725,1946302.11
2025-02-09,40.513935415153725,40.76186225825405,39.102343044728435,39.343104938263465,2347296.86
2025-02-10,39.343104938263465,40.5073922658284,39.21217763827657,40.37303752175602,2543485.57
2025-02-11,40.37303752175602,41.15560294352192,39.34421428659804,40.12191205108738,1914910.55
2025-02-12,40.12191205108738,41.56149931411328,39.461665760573915,40.88863581531387,2731623.13
2025-02-13,40.88863581531387,40.993220861887146,40.35483536265676,40.45831974579937,2350123.2
2025-02-14,40.45831974579937,41.234229833994306,39.78461664484246,40.558852680572286,2943566.33
2025-02-15,40.558852680572286,41.86265332205791,39.87378437957597,41.1673077752716,1723353.16
2025-02-16,41.1673077752716,42.3852470386071,40.48828120580836,41.69747571184335,1423456.34
2025-02-17,41.69747571184335,42.44017225934626,40.79389456319376,41.533673540628996,1994251.71
2025-02-18,41.533673540628996,42.29818738070372,41.10040807227296,41.86150211370848,2213094.1
2025-02-19,41.86150211370848,42.56566677634167,41.59737940273712,42.29878505411059,1402465.36
2025-02-20,42.29878505411059,43.04612268465694,41.463696459506494,42.20945581536873,1889557.7
2025-02-21,42.20945581536873,42.928014529732756,40.80072981839976,41.50733589375294,3032375.29
2025-02-22,41.50733589375294,41.79559473756507,40.83551093423146,41.12108737142624,2513756.5
2025-02-23,41.12108737142624,41.63316609187298,40.381221904738794,40.890428239243974,2277354.07
2025-02-24,40.890428239243974,41.40394226760989,40.39872518363704,40.91198005372338,1689632.84
2025-02-25,40.91198005372338,42.370119359392234,40.47113250673429,41.9184268326906,3007255.45
2025-02-26,41.9184268326906,43.05608849250554,41.375372606065355,42.50542963053267,1982028.71
2025-02-27,42.50542963053267,42.65468549457462,41.84022881081458,41.98766657366113,2252872.21
2025-02-28,41.98766657366113,43.62003174125034,41.56008145926551,43.180301325427415,2435879.38
2025-03-01,43.180301325427415,43.484191096492275,42.83076353442637,43.13432977173863,2296233.5
2025-03-02,43.13432977173863,43.671512878932624,43.04621893484663,43.58248658856312,3194408.37
2025-03-03,43.58248658856312,44.07693628986837,42.483833055872275,42.97134931519366,2540182.21
2025-03-04,42.97134931519366,43.33938464286564,42.31741823910588,42.682983812066304,2394185.14
2025-03-05,42.682983812066304,43.78983957443761,42.266300455237534,43.366483698454445,2152973.62
2025-03-06,43.366483698454445,43.540136602611916,42.62603578435126,42.797409939981975,2450847.48
2025-03-07,42.797409939981975,43.31445531352721,42.32230863468059,42.83889349227704,2087481.46
2025-03-08,42.83889349227704,43.447995052867924,42.5449216008509,43.15187539629646,2306663.53
2025-03-09,43.15187539629646,43.238631263761185,42.40716311921214,42.49259351539767,2019861.14
2025-03-10,42.49259351539767,43.17418312908408,40.703303361951185,41.3668355957012,1941768.23
2025-03-11,41.3668355957012,42.503980273506876,40.816611354926714,41.94605182224816,1749696.89
2025-03-12,41.94605182224816,44.31914030134125,41.46356786234619,43.81515698167557,2055788.55
2025-03-13,43.81515698167557,44.70955087866514,43.23692724335288,44.127203060325584,2022346.94
2025-03-14,44.127203060325584,44.91991448292064,43.781863641840566,44.57110111895973,3475719.07
2025-03-15,44.57110111895973,44.75895318536449,43.797375819443566,43.982748177853956,2819286.18
2025-03-16,43.982748177853956,45.359827708934674,43.61220731968922,44.98087792075045,2127507.08
2025-03-17,44.98087792075045,45.7095597508573,44.00561881754358,44.73024036602605,1979074.83
2025-03-18,44.73024036602605,46.122976792886355,44.15103794119795,45.53337475072391,2565673.83
2025-03-19,45.53337475072391,46.70761254301051,44.793804854434356,45.9610954491044,3575221.76
2025-03-20,45.9610954491044,47.25658765355564,45.12271601817412,46.410019371192355,2684776.32
2025-03-21,46.410019371192355,47.140172080215216,46.10864046668176,46.83602675499668,1431100.8
2025-03-22,46.83602675499668,48.11517706522,45.971447604436705,47.24308376312539,2729855.0
2025-03-23,47.24308376312539,48.11384614075767,46.58513960787219,47.45297882264909,2853474.3
2025-03-24,47.45297882264909,48.74510875554966,46.879082140061726,48.16262955171055,3812431.21
2025-03-25,48.16262955171055,48.6952008974173,47.114202707900134,47.641006060302594,2067563.29
2025-03-26,47.641006060302594,48.13823351428166,46.979357199738686,47.47485049409388,2277548.28
2025-03-27,47.47485049409388,48.71274267760965,47.31675151501869,48.55105974656166,2462106.81
2025-03-28,48.55105974656166,48.830302570879525,48.4062063139636,48.68504937650631,1817501.82
2025-03-29,48.68504937650631,49.0724633255762,48.06558522095786,48.45113780588271,1776799.33
2025-03-30,48.45113780588271,49.50352059572585,48.17671095162155,49.22471222220176,2430985.62
2025-03-31,49.22471222220176,50.03843715509566,49.049521087570845,49.86098153302618,1495858.25
2025-04-01,49.86098153302618,49.98263588710442,48.773978408865474,48.89327167589761,1582809.61
2025-04-02,48.89327167589761,50.41416428624154,47.93442659503792,49.444508901950115,2697638.23
2025-04-03,49.444508901950115,49.84249340844573,49.156856000604655,49.554202344487166,2491580.27
2025-04-04,49.554202344487166,51.08735508483847,48.576774545086174,50.099177958638435,3006849.11
2025-04-05,50.099177958638435,50.705298018759756,49.50795604761364,50.11390234480938,2470117.33
2025-04-06,50.11390234480938,50.75021034189246,49.840631977148966,50.474971071808554,2205739.87
2025-04-07,50.474971071808554,50.707934262604844,48.87126433816703,49.097871636693625,3036558.09
2025-04-08,49.097871636693625,49.37353076060262,48.169800060123244,48.4417755442324,1979293.06
2025-04-09,48.4417755442324,49.41429872886921,48.027695141196766,48.995485214365274,2024095.27
2025-04-10,48.995485214365274,51.28123003793011,48.7167083784278,50.99109846704303,2164799.63
2025-04-11,50.99109846704303,52.149809293640274,50.12912523042824,51.28290327575604,2462245.46
2025-04-12,51.28290327575604,51.72427353001884,50.316280038384775,50.75309041750359,2163661.17
2025-04-13,50.75309041750359,51.44837482532571,50.17019046390653,50.86419879051,1517699.1
2025-04-14,50.86419879051,51.42483191445752,49.63249611314849,50.185650168462786,2058153.77
2025-04-15,50.185650168462786,51.86313747705778,49.4894914256203,51.15355231571196,2182711.9
2025-04-16,51.15355231571196,52.21918186048734,50.1328739110199,51.197624081872256,2264066.34
2025-04-17,51.197624081872256,52.54900014985083,50.686460227316864,52.029530432195614,1966208.86
2025-04-18,52.029530432195614,52.43576149508284,51.50995760318647,51.91529676364431,2496429.13
2025-04-19,51.91529676364431,53.8619372746643,50.901215706796606,52.829989186013066,1470828.6
2025-04-20,52.829989186013066,53.88432825564137,50.52186950774349,51.55067707989255,2440974.27
2025-04-21,51.55067707989255,52.404764644701444,50.722938719399586,51.57660988659512,3444133.4
2025-04-22,51.57660988659512,52.85836212371298,50.73291670623536,52.00761847975117,1890337.44
2025-04-23,52.00761847975117,52.492944989251384,51.31959052686906,51.80300764180965,2231914.99
2025-04-24,51.80300764180965,52.70282245106494,51.19689996754392,52.09331807476693,2068246.29
2025-04-25,52.09331807476693,52.80815916081484,51.659245399330906,52.37176628836481,2076979.7
2025-04-26,52.37176628836481,53.91848244650511,51.68363586191893,53.21921707630186,1701210.67
2025-04-27,53.21921707630186,54.636817092771565,52.32176478595659,53.730738850874,3619540.2
2025-04-28,53.730738850874,54.531377587339236,53.261498197844205,54.05926782892402,2422751.01
2025-04-29,54.05926782892402,55.43040860610954,53.430370439039365,54.79297564135114,1860338.04
2025-04-30,54.79297564135114,55.6668939644289,52.829882284244164,53.68614729388102,1808134.66
2025-05-01,53.68614729388102,53.995354272825686,52.77772053422289,53.083456296252066,2234087.05
2025-05-02,53.083456296252066,53.77283036277648,51.310620909310785,51.98573935564698,1279589.19
2025-05-03,51.98573935564698,53.26427060292062,51.155857553124356,52.42733925706695,2862406.96
2025-05-04,52.42733925706695,52.91968155024123,52.273273059232594,52.76462418620703,1934782.1
2025-05-05,52.76462418620703,54.2468796411111,52.41812946452058,53.89297526383368,2424573.76
2025-05-06,53.89297526383368,54.32155887563333,53.760687571768074,54.188545665518475,2453110.47
2025-05-07,54.188545665518475,54.30317785934408,53.56492483977616,53.67847802008558,2800455.72
2025-05-08,53.67847802008558,54.364909506167365,53.10964135312203,53.79483974139344,2488334.84
2025-05-09,53.79483974139344,54.580897521135476,51.52779623356683,52.291892739909116,2649182.58
2025-05-10,52.291892739909116,52.75701391448662,51.513382312907105,51.97569096467477,2838352.37
2025-05-11,51.97569096467477,52.66070849915415,49.50199336121999,50.16312200657239,2025660.33
2025-05-12,50.16312200657239,50.69514753079189,49.88989551911585,50.42051906333714,3767095.12
2025-05-13,50.42051906333714,51.28047344866108,49.35737844536743,50.213807227362665,2402898.76
2025-05-14,50.213807227362665,50.64196188272272,49.692318317087974,50.11967030152414,2184663.39
2025-05-15,50.11967030152414,50.85791974979704,48.694439117233415,49.42241822741508,1782793.02
2025-05-16,49.42241822741508,49.63686000055823,48.717306344774315,48.92960984327398,2089020.15
2025-05-17,48.92960984327398,50.28038978117146,48.1112158762676,49.45323764432257,2432504.47
2025-05-18,49.45323764432257,50.01329959572468,47.845193953489606,48.39325147503619,2253031.43
2025-05-19,48.39325147503619,49.72190261389004,47.451285267903145,48.77255336163019,3474043.9
2025-05-20,48.77255336163019,49.22597595815549,47.73405845060051,48.18199077849313,1995632.56
2025-05-21,48.18199077849313,49.03548618916058,46.14217962863103,46.97428168987682,2607220.66
2025-05-22,46.97428168987682,48.31395186637528,46.53188774181026,47.86318639989538,1660419.5
2025-05-23,47.86318639989538,49.037649743665156,47.67450675364328,48.84509933578332,3797182.8
2025-05-24,48.84509933578332,49.547365807890365,47.756486713085614,48.45311749796679,1632394.63
2025-05-25,48.45311749796679,48.7095986795791,47.80274179235179,48.057126841522745,3695177.05
2025-05-26,48.057126841522745,48.84513594450493,47.09564107016905,47.88075819630944,2126542.71
2025-05-27,47.88075819630944,48.26512367324596,46.922106394549395,47.30182444829226,1258372.72
2025-05-28,47.30182444829226,48.040472837525336,46.12338232114636,46.85505410432293,3084738.24
2025-05-29,46.85505410432293,47.68568767788949,46.35530159641067,47.182443261674536,2245747.82
2025-05-30,47.182443261674536,49.26589405215058,46.632008625731885,48.69778134553462,1964223.84
2025-05-31,48.69778134553462,49.43912571918885,47.705188299956966,48.44264869471118,2582809.51
2025-06-01,48.44264869471118,49.89477435879649,47.76585626214011,49.207298993932895,2597525.89
2025-06-02,49.207298993932895,50.168602029716716,48.520568115539675,49.47809199820018,2440256.63
2025-06-03,49.47809199820018,50.16390844330542,47.575600362442756,48.24431541507055,2921850.09
2025-06-04,48.24431541507055,48.84905113704135,47.62816887621197,48.23275974953731,2343380.89
2025-06-05,48.23275974953731,49.030008653895294,47.33380845988816,48.12934805166999,2588007.9
2025-06-06,48.12934805166999,49.58197067289845,47.773173472403435,49.21774158789817,1930958.03
2025-06-07,49.21774158789817,50.62710062450232,48.95845507152512,50.3617871030974,2664052.21
2025-06-08,50.3617871030974,51.42897058364697,49.594631996445024,50.65731375469744,1933065.09
2025-06-09,50.65731375469744,52.211114329228685,50.063766213793,51.606445885917005,1660837.71
2025-06-10,51.606445885917005,52.54625135073244,50.56084394200831,51.498687008914914,2089431.02
2025-06-11,51.498687008914914,53.40289798338642,50.501078276247014,52.38806071486274,2053431.35
2025-06-12,52.38806071486274,53.398802377526955,51.46559015229129,52.4748043964622,2774290.31
2025-06-13,52.4748043964622,53.996150779715364,51.852659913137266,53.36347022015181,1529830.87
2025-06-14,53.36347022015181,55.197530863220955,52.5323741985025,54.35105396550746,2891761.06
2025-06-15,54.35105396550746,55.39318737972245,53.915267446081856,54.95257784439547,1882712.77
2025-06-16,54.95257784439547,55.077084233835855,54.22146728679506,54.34459616845899,1187955.27
2025-06-17,54.34459616845899,55.21674305465317,53.13917231742471,54.005883386276935,1626792.08
2025-06-18,54.005883386276935,55.51106227860865,53.13817289338108,54.633271563515244,2037194.42
2025-06-19,54.633271563515244,55.50532323155247,54.516099992499754,55.38653613960541,2458407.62
2025-06-20,55.38653613960541,56.50136357777745,54.41479322709395,55.527153567688856,2127893.42
2025-06-21,55.527153567688856,56.519195816322224,54.28433794491517,55.271818402512224,1625918.2
2025-06-22,55.271818402512224,55.87076502665777,54.842266955649954,55.43990725746106,1810899.53
2025-06-23,55.43990725746106,55.56799741470267,55.08574010254703,55.21330671455547,1632711.85
2025-06-24,55.21330671455547,56.19435706419577,54.01515383045558,54.992276839955245,2347019.98
2025-06-25,54.992276839955245,56.8456693403901,54.812489210609776,56.66042798269264,2150733.59
2025-06-26,56.66042798269264,57.01057125396419,55.912669944036736,56.26034080487614,2564850.9
2025-06-27,56.26034080487614,57.370300453051904,55.59836251502094,56.70311236257395,1413272.3
2025-06-28,56.70311236257395,57.791488244998014,55.75630522316364,56.842356066840715,1925068.57
2025-06-29,56.842356066840715,57.75596706706703,54.90430283164589,55.80117929413407,3653395.02
2025-06-30,55.80117929413407,56.59696965470649,53.969612920649574,54.75041819371023,2582391.61
2025-07-01,54.75041819371023,55.67658465671205,53.76508108012166,54.69022937992743,2043022.93
2025-07-02,54.69022937992743,55.47436504968192,52.33861157335536,53.099946135283524,1718787.04
2025-07-03,53.099946135283524,55.33911185589846,52.384243806086666,54.60314876001394,2901982.9
2025-07-04,54.60314876001394,54.87717818683933,54.03881933089157,54.31138452004455,3227233.09
2025-07-05,54.31138452004455,54.850076896385424,53.41917650866888,53.95432738150828,1650850.2
2025-07-06,53.95432738150828,55.52917069058815,53.40804623206312,54.9725798559122,1690357.71
2025-07-07,54.9725798559122,55.10082927487408,54.73449677595226,54.86248935700412,2358810.8
2025-07-08,54.86248935700412,55.92994784421558,54.35230427641111,55.41462823507116,2414586.95
2025-07-09,55.41462823507116,55.75197026862798,54.607833455216706,54.942300144779345,2482216.67
2025-07-10,54.942300144779345,55.18615289372094,54.74373759044929,54.987427249147316,3487899.95
2025-07-11,54.987427249147316,56.46952167995163,54.336718298633095,55.80908936323026,1725618.25
2025-07-12,55.80908936323026,56.158800905317555,54.745790213641676,55.09100206906753,2222031.67
2025-07-13,55.09100206906753,55.84279739286515,54.79203372934232,55.54138491152709,2634664.51
2025-07-14,55.54138491152709,56.4390620945492,52.682561618959795,53.54802143994165,2627577.27
2025-07-15,53.54802143994165,55.49902149386827,52.660105393806425,54.59376526048727,1871057.23
2025-07-16,54.59376526048727,55.35236880623858,53.389397578250886,54.14171975985774,1889621.07
2025-07-17,54.14171975985774,54.434845101946514,53.78569024639039,54.07847316901672,1961386.91
2025-07-18,54.07847316901672,54.80250187147792,53.282171684331885,54.0052196330947,3368008.68
2025-07-19,54.0052196330947,54.806646483242325,52.429185884950094,53.21894456758761,1722608.26
2025-07-20,53.21894456758761,53.54887955399309,52.05828326640649,52.38303597245652,2028669.07
2025-07-21,52.38303597245652,53.038134383686874,52.15291817646675,52.806157820535034,2670645.91
2025-07-22,52.806157820535034,53.792920058609596,52.28847301506614,53.270681300396674,1675738.99
2025-07-23,53.270681300396674,53.78407879059029,52.0599213220948,52.566532561645985,2346586.92
2025-07-24,52.566532561645985,53.25928487361275,52.31634455333977,53.00700047839562,1368307.39
2025-07-25,53.00700047839562,53.75624603038035,52.71806626615937,53.464816323973565,2308522.46
2025-07-26,53.464816323973565,54.052560914512654,52.58127613736528,53.165732870695265,2228995.52
2025-07-27,53.165732870695265,53.7767989844194,51.539624628271746,52.138888596018646,2291850.95
2025-07-28,52.138888596018646,52.747946674341925,51.50723906763104,52.1160301257638,1770433.17
2025-07-29,52.1160301257638,53.44382803193175,51.090563617955425,52.41252746330619,2328882.28
2025-07-30,52.41252746330619,52.55471970349229,52.2305120481287,52.3725959563816,2178627.89
2025-07-31,52.3725959563816,53.21858247441813,51.07198411403606,51.91050639370496,3044197.97
2025-08-01,51.91050639370496,52.72231817259273,51.477959811272626,52.2866374614607,2580330.92
2025-08-02,52.2866374614607,54.136659331315656,51.47345824467124,53.30760173773889,1531445.03
2025-08-03,53.30760173773889,54.11989882742196,51.89189113556034,52.69485117989504,1786594.13
2025-08-04,52.69485117989504,53.38816874303992,51.77363468813576,52.46391375762785,1885830.06
2025-08-05,52.46391375762785,55.43261952792746,51.762955201563436,54.701761590116575,2301483.24
2025-08-06,54.701761590116575,55.71730905836327,53.93895985497264,54.95103132210795,2108924.38
2025-08-07,54.95103132210795,55.800400228875226,53.07823989735791,53.91154158499637,2106743.79
2025-08-08,53.91154158499637,54.14708975522763,53.29528443826336,53.529161930467055,4449940.11
2025-08-09,53.529161930467055,53.98389747518842,52.47500949990409,52.924609310098305,1935243.63
2025-08-10,52.924609310098305,54.151439448139854,52.01662648967177,53.23807869818632,3114827.75
2025-08-11,53.23807869818632,54.128912512574345,52.60657313192958,53.494366877707115,2120426.14
2025-08-12,53.494366877707115,53.73321082040191,52.75040553575324,52.986984094042555,1276122.65
2025-08-13,52.986984094042555,55.56095858188168,51.96382254782823,54.50841862632532,2307786.22
2025-08-14,54.50841862632532,55.665844125605716,53.43018451120003,54.586073906977,2910325.88
2025-08-15,54.586073906977,55.19897670640574,53.60813353024971,54.21689107475953,2577497.94
2025-08-16,54.21689107475953,54.84567110360072,52.6108745205401,53.228188072981595,2345491.46
2025-08-17,53.228188072981595,53.6144348085247,52.135947477547965,52.517033770139996,2213088.02
2025-08-18,52.517033770139996,53.109999023032294,50.95791208973695,51.53984397781922,1944087.53
2025-08-19,51.53984397781922,52.54168197874636,50.398646935574185,51.397722358503515,2752518.31
2025-08-20,51.397722358503515,51.736034424343394,50.3847277692761,50.71856948896499,1973693.22
2025-08-21,50.71856948896499,51.71661188296441,50.33903718175938,51.3324855780951,1874558.23
2025-08-22,51.3324855780951,52.26442780747876,49.96196712627053,50.885799766444634,2437847.23
2025-08-23,50.885799766444634,52.0054491259651,50.43194345820324,51.545707028853855,2040997.7
2025-08-24,51.545707028853855,52.95159124344193,50.54028268171377,51.93850517541702,3030336.02
2025-08-25,51.93850517541702,52.891812019008775,51.50780020137617,52.45680896172367,2472617.81
2025-08-26,52.45680896172367,53.293519923525636,52.34752139883294,53.18272001074187,1811155.26
2025-08-27,53.18272001074187,55.87448489373674,52.16336338732469,54.82367596180443,1652477.29
2025-08-28,54.82367596180443,55.167189632008146,53.789637112543815,54.12879681556666,1906100.23
2025-08-29,54.12879681556666,55.63038287392053,53.34424490419937,54.835586631737954,3946963.27
2025-08-30,54.835586631737954,55.332627919412,54.67914598486721,55.17521833600248,2073139.61
2025-08-31,55.17521833600248,56.94781144408664,54.32173757649577,56.080329918579665,2659204.31
2025-09-01,56.080329918579665,56.517022042986014,55.746021499780404,56.182106906927885,1587317.82
2025-09-02,56.182106906927885,58.13989782469054,55.26046620832997,57.201533911734785,1678141.68
2025-09-03,57.201533911734785,58.311175020449866,55.01011268050242,56.09835341147037,2098765.77
2025-09-04,56.09835341147037,56.25621842317095,55.10139831261697,55.256895397790345,3366022.89
2025-09-05,55.256895397790345,55.733422979307136,54.316227899836896,54.78871798615821,1593246.47
2025-09-06,54.78871798615821,55.60419399047836,53.91911897202616,54.73377723751568,1879533.73
2025-09-07,54.73377723751568,55.87157521722556,53.64261370672981,54.77950016178344,2756277.14
2025-09-08,54.77950016178344,55.24703250951827,53.71234605449739,54.1747166933073,3275938.9
2025-09-09,54.1747166933073,55.25331560220677,52.31036000349954,53.372996964134,2454218.02
2025-09-10,53.372996964134,54.343602564128155,51.8905532534693,52.851678504884404,2604978.62
2025-09-11,52.851678504884404,53.641684942741676,50.73491427618961,51.50478791472209,1758087.93
2025-09-12,51.50478791472209,51.961848759302946,50.831625246561394,51.28675120221242,1580477.84
2025-09-13,51.28675120221242,51.88498401815041,50.650252972919006,51.24803417522311,1652024.37
2025-09-14,51.24803417522311,52.371293335213636,50.4810437014368,51.599049481461236,1768475.3
2025-09-15,51.599049481461236,52.47877730591942,50.85895815467724,51.73671147670311,2327647.14
2025-09-16,51.73671147670311,53.5538114814055,51.36466240914885,53.171444957666935,1621818.1
2025-09-17,53.171444957666935,54.48591668452536,52.5317969245655,53.83824707772209,2342122.75
2025-09-18,53.83824707772209,55.37866693431807,52.92135772546835,54.45133639759265,2033301.26
2025-09-19,54.45133639759265,55.338604760180694,53.87680070459372,54.76080376534792,1911384.53
2025-09-20,54.76080376534792,55.88838740951654,54.093139769847205,55.21518344867593,2744823.53
2025-09-21,55.21518344867593,55.65114176445822,54.603157774669654,55.03771486528365,1731000.79
2025-09-22,55.03771486528365,55.397374471183795,54.769029114324105,55.12824675730026,3149940.21
2025-09-23,55.12824675730026,56.94831162618646,54.95251812233652,56.76735810531245,2707885.66
2025-09-24,56.76735810531245,57.29580546898422,56.186519987346706,56.71447506275005,1717606.82
2025-09-25,56.71447506275005,57.472852908759414,54.84340836849663,55.58670584589593,2971350.06
2025-09-26,55.58670584589593,57.06614768843306,54.71509217729457,56.185150259402434,1667620.98
2025-09-27,56.185150259402434,57.14407629376481,55.98777305371594,56.94403314906218,3039604.19
2025-09-28,56.94403314906218,57.52668186767177,56.503697465959,57.085254153603024,2390950.07
2025-09-29,57.085254153603024,58.029575302244915,54.57001753540789,55.48791502806072,1482421.09
2025-09-30,55.48791502806072,56.81719060229721,55.264820520193005,56.589666396912435,1591397.85
2025-10-01,56.589666396912435,57.923989730048184,55.46471760729267,56.79495990066848,1988168.17
2025-10-02,56.79495990066848,57.55535329888567,55.778619051061796,56.53553922258206,2733017.37
2025-10-03,56.53553922258206,58.66118563805597,55.465868911742284,57.57190692205229,2108095.46
2025-10-04,57.57190692205229,58.443837022906536,54.99116796544417,55.83682006829082,2094997.19
2025-10-05,55.83682006829082,57.021467882627206,54.75638879821807,55.939058322833255,2222204.47
2025-10-06,55.939058322833255,56.72086208085734,54.713516901498075,55.489031083010595,1336008.39
2025-10-07,55.489031083010595,57.155101321955684,55.11029754164286,56.76764078766664,2703409.3
2025-10-08,56.76764078766664,57.919632571674974,55.8363738214859,56.984803081705465,3075206.06
2025-10-09,56.984803081705465,57.330658433547995,55.90777135768658,56.249161915044155,2679948.75
2025-10-10,56.249161915044155,57.93355523076082,55.564603766483,57.23697529071775,1978988.36
2025-10-11,57.23697529071775,57.73578060149739,54.66655930304917,55.14715235199756,1763317.54
2025-10-12,55.14715235199756,56.491899274102984,54.2436240529301,55.581258599104316,1678621.81
2025-10-13,55.581258599104316,56.4522623191733,53.67818403482999,54.53275687650762,1657270.77
2025-10-14,54.53275687650762,55.489812073095585,53.20793458003224,54.158420130249844,3875203.11
2025-10-15,54.158420130249844,54.50747391216283,53.62018621738125,53.96801281442562,2157071.73
2025-10-16,53.96801281442562,55.818047672960375,52.891026385245624,54.72593611563152,2758339.46
2025-10-17,54.72593611563152,57.528324605640385,53.82314022885417,56.59470032628569,2720639.2
2025-10-18,56.59470032628569,57.10182604934495,54.599968965881885,55.09364423953588,2279850.73
2025-10-19,55.09364423953588,55.713865652455205,54.85685465538742,55.47543515105725,1742888.14
2025-10-20,55.47543515105725,57.844530356738325,55.015562672383794,57.36896119157088,2504604.33
2025-10-21,57.36896119157088,57.59334749866591,56.657204777554725,56.87967735655393,1678375.61
2025-10-22,56.87967735655393,57.623475793992185,55.60469799798362,56.34145830674655,2557508.66
2025-10-23,56.34145830674655,56.779083368512666,56.11425556634051,56.55103548651813,1697638.76
2025-10-24,56.55103548651813,57.83291189863311,55.99970658544065,57.274529490038645,1972727.97
2025-10-25,57.274529490038645,58.66763150918966,56.47175741851266,57.856699616490914,1971902.56
2025-10-26,57.856699616490914,58.444250134172854,56.965657934412285,57.5500947967744,3121130.51
2025-10-27,57.5500947967744,58.578498381060484,55.844659866063715,56.860744967862786,1197137.73
2025-10-28,56.860744967862786,58.383444617897254,56.50036918280893,58.015748574697156,3939894.07
2025-10-29,58.015748574697156,58.67887183689029,56.689700903603615,57.34515929266806,1798550.5
2025-10-30,57.34515929266806,58.40244654965402,54.68142811394484,55.708540617008,2133186.57
2025-10-31,55.708540617008,56.17413012669126,54.044652489111755,54.50014269644196,2439478.03
2025-11-01,54.50014269644196,55.07287220607507,53.46487607278442,54.032693263453055,2387773.24
2025-11-02,54.032693263453055,56.31678779658318,53.01735384207273,55.278046683658076,2716555.85
2025-11-03,55.278046683658076,55.885422240285244,53.70038989239116,54.29698590135912,2562672.26
2025-11-04,54.29698590135912,56.54889922243897,53.343729606209635,55.573236636638214,3660889.43
2025-11-05,55.573236636638214,57.76719550945731,54.52133051045946,56.69407385565256,2641524.68
2025-11-06,56.69407385565256,57.271779615257934,56.31933499620649,56.89570798610715,2136388.81
2025-11-07,56.89570798610715,57.81429680743098,53.85961506256386,54.74345547906749,1915931.69
2025-11-08,54.74345547906749,55.497140902165675,53.03503701803688,53.77539457600628,1903594.53
2025-11-09,53.77539457600628,54.8380471976245,52.21511154050373,53.26773227525163,3039728.8
2025-11-10,53.26773227525163,55.3787112741724,52.59974025083875,54.69284790747536,3411860.9
2025-11-11,54.69284790747536,55.582699881599694,53.34717136473636,54.229484420530966,2827753.61
2025-11-12,54.229484420530966,54.67538496359559,53.16323540394175,53.6039928587015,997355.61
2025-11-13,53.6039928587015,54.45886129659271,52.91169479157471,53.764490396284614,1254415.63
2025-11-14,53.764490396284614,54.62549893461098,51.790406123293415,52.63329926207153,2195844.79
2025-11-15,52.63329926207153,53.6546189661819,51.599472030467105,52.62054423032771,2110203.29
2025-11-16,52.62054423032771,52.9643214136208,51.6537026872428,51.99338253776803,2210977.05
2025-11-17,51.99338253776803,54.35084907002088,51.815559655185,54.165596983652634,3008353.7
2025-11-18,54.165596983652634,55.225806472793515,52.37769693652861,53.42337862592767,2971092.87
2025-11-19,53.42337862592767,55.72565244006752,52.737019106794044,55.01879572030971,2298336.72
2025-11-20,55.01879572030971,55.14591749824434,53.95692905839324,54.08188609215024,1503036.2
2025-11-21,54.08188609215024,54.922065841644326,53.467526055041525,54.30516934880604,1617944.15
2025-11-22,54.30516934880604,55.757868940686286,53.281583201874874,54.72634416268026,2237400.27
2025-11-23,54.72634416268026,55.93309209220931,53.6471601171276,54.85144117800051,2441623.03
2025-11-24,54.85144117800051,55.357508702450815,54.420155213641266,54.92563933276901,1622762.91
2025-11-25,54.92563933276901,56.55052402570289,54.042744626636996,55.65589098881856,2595003.3
2025-11-26,55.65589098881856,56.59151050250064,55.08505222260701,56.016968319911655,1419583.13
2025-11-27,56.016968319911655,56.53031768997922,55.36541157611609,55.87748267515224,1130508.24
2025-11-28,55.87748267515224,56.75182457559905,54.45007562580997,55.31562588224254,1767693.36
2025-11-29,55.31562588224254,55.695058805482745,54.80535437791377,55.183883626133536,3100995.58
2025-11-30,55.183883626133536,55.71777617468847,54.50961844454892,55.0421396497364,3218864.46
2025-12-01,55.0421396497364,55.39647741187608,54.53104228755139,54.8843643598305,1476571.01
2025-12-02,54.8843643598305,55.20610850122247,54.63368128129669,54.95510232863453,1505064.13
2025-12-03,54.95510232863453,55.44021190493545,53.32412278305334,53.7990272451766,2660971.09
2025-12-04,53.7990272451766,54.83552527589002,51.952753316350865,52.97334363497753,1970495.19
2025-12-05,52.97334363497753,54.16530583237942,52.467985251030555,53.65345923947298,3095814.15
2025-12-06,53.65345923947298,54.420598716777675,51.11695872269666,51.85843283494877,2650167.03
2025-12-07,51.85843283494877,53.19290559793476,51.48861423850545,52.81625646360922,2766424.62
2025-12-08,52.81625646360922,53.744577534872825,51.456338545961955,52.37693796779474,1791381.84
2025-12-09,52.37693796779474,54.44006480940218,51.68303748919966,53.72826171505025,2458152.94
2025-12-10,53.72826171505025,55.79094118001939,52.70161283398774,54.74486683321993,3642073.91
2025-12-11,54.74486683321993,55.17555224046536,54.0520262041452,54.48063284622267,2279644.36
2025-12-12,54.48063284622267,55.117217482677304,53.6685616062246,54.303071508712655,2175387.67
2025-12-13,54.303071508712655,55.94230098638954,54.0077267754992,55.63968664155284,1972958.27
2025-12-14,55.63968664155284,56.98516462294496,55.39231725529496,56.73293474718325,1473990.48
2025-12-15,56.73293474718325,58.30631014651926,56.02170381943049,57.58440478725241,1671499.14
2025-12-16,57.58440478725241,59.56562497033134,56.636479025599236,58.60096509964378,1760330.69
2025-12-17,58.60096509964378,58.92891373437441,57.326483216909786,57.64910495584472,1458461.67
2025-12-18,57.64910495584472,58.68408379735395,56.80440162817001,57.836632719713435,1495688.75
2025-12-19,57.836632719713435,58.65143451703348,56.36631840731538,57.171753392542385,1192928.5
2025-12-20,57.171753392542385,57.78268382930154,55.62039237680892,56.221164940426746,1809100.3
2025-12-21,56.221164940426746,57.25947774060638,55.33262251364142,56.36860510872683,2604574.53
2025-12-22,56.36860510872683,57.08394052150372,55.31202650351119,56.02297577076143,2032624.14
2025-12-23,56.02297577076143,57.089485049944585,54.82515773126304,55.88911877508366,2034928.91
2025-12-24,55.88911877508366,56.769188001688136,54.60027391338452,55.47380329136435,2664861.03
2025-12-25,55.47380329136435,56.47003952160047,53.45703764460407,54.434611360458405,3355828.39
2025-12-26,54.434611360458405,56.33727229295548,53.97166533297061,55.86218528274091,3883706.27
2025-12-27,55.86218528274091,56.93134858413257,54.9349855548424,56.00183101837247,2280934.12
2025-12-28,56.00183101837247,57.11382775829732,53.70832692749708,54.79638786328397,2050342.91
2025-12-29,54.79638786328397,55.22678274980793,54.52556400042948,54.955174107051306,1984144.04
2025-12-30,54.955174107051306,56.87647380587194,54.339608561305674,56.246444444068466,2550419.16
2025-12-31,56.246444444068466,58.07860268268948,55.26089156181398,57.07847099158542,2115689.74
2026-01-01,57.07847099158542,57.6001268119519,56.12061652055912,56.63824903154611,2117582.36
2026-01-02,56.63824903154611,57.269663396781745,55.59514017056877,56.22191314122731,2152952.14
2026-01-03,56.22191314122731,57.09095169536932,54.5617032665318,55.418320453479765,1738327.12
2026-01-04,55.418320453479765,56.3518173603119,53.8814722985071,54.80463189510842,1228026.32
2026-01-05,54.80463189510842,55.11107466327678,53.96129657700602,54.26472040377749,1861063.73
2026-01-06,54.26472040377749,54.75527237634089,52.59585176391586,53.0756546057663,3167134.35
2026-01-07,53.0756546057663,53.55870111212662,52.246225280637894,52.726090370131544,3130135.79
2026-01-08,52.726090370131544,53.26091260393041,52.47559733368771,53.009075153041266,2782648.03
2026-01-09,53.009075153041266,53.20206687259437,52.49211368739524,52.68392161075754,1944539.55
2026-01-10,52.68392161075754,53.679329841268725,51.87235236040058,52.864971607000996,1805484.47
2026-01-11,52.864971607000996,55.12919550415178,51.948511669210056,54.18976905842541,3302257.99
2026-01-12,54.18976905842541,56.79460697454903,53.15287298744658,55.728272357263904,1678121.3
2026-01-13,55.728272357263904,56.79899692297769,54.608393641468304,55.678155292486395,2221775.92
2026-01-14,55.678155292486395,57.55773969270225,54.56991975378411,56.4344506137317,3356271.73
2026-01-15,56.4344506137317,56.63162562950242,56.10256869068523,56.29927140696627,2269237.71
2026-01-16,56.29927140696627,56.81397921619363,55.38024717446519,55.89122447462272,2044366.27
2026-01-17,55.89122447462272,56.0856593985735,54.76773570616373,54.958927345985195,2940022.0
2026-01-18,54.958927345985195,55.82011737934075,54.17839958337459,55.0384600911259,2239965.29
2026-01-19,55.0384600911259,57.050625662052944,53.96504235527748,55.95924972172651,2310583.56
2026-01-20,55.95924972172651,56.10811843092689,54.74830818191101,54.894343916161176,3212776.67
2026-01-21,54.894343916161176,55.52419801586713,54.035624462664366,54.662822096201495,1164423.44
2026-01-22,54.662822096201495,55.29684195502667,53.76154317184341,54.3924267857773,2406485.46
2026-01-23,54.3924267857773,54.87350018230697,54.12378539105895,54.60381475330337,1816437.78
2026-01-24,54.60381475330337,55.76147542299107,53.6754169493941,54.82924476007429,2088929.08
2026-01-25,54.82924476007429,55.788834522119956,54.33002392363348,55.28545984266844,2263011.53
2026-01-26,55.28545984266844,57.45252977365738,54.7564685259943,56.90801327766134,1858165.49
2026-01-27,56.90801327766134,58.007205772865944,55.08347675359143,56.168383107254385,2329346.85
2026-01-28,56.168383107254385,56.53083242862604,55.03469799644106,55.39213828258049,2422496.3
2026-01-29,55.39213828258049,56.10486857772619,54.89701984558433,55.60782226576527,2314795.3
2026-01-30,55.60782226576527,57.757012769071416,54.7257317119775,56.855136436896174,2262139.31
2026-01-31,56.855136436896174,57.46005721314849,55.022565341936776,55.61428383665049,2136261.18
2026-02-01,55.61428383665049,56.621059523608466,54.89899740105901,55.90207168737403,2146790.92
2026-02-02,55.90207168737403,56.494669227640706,55.14794091293724,55.73880775157066,2244102.19
2026-02-03,55.73880775157066,56.87468093839512,55.34307005306332,56.473725427712026,1738205.78
2026-02-04,56.473725427712026,57.303363742020615,56.19536141899751,57.02229578130838,3022204.49
2026-02-05,57.02229578130838,58.05928239050523,56.03567236882143,57.07180239407063,2150454.21
2026-02-06,57.07180239407063,57.903136113834975,56.67493487958325,57.50326825980099,1988962.84
2026-02-07,57.50326825980099,58.65060870872802,55.80294273350274,56.93902505623849,2428851.07
2026-02-08,56.93902505623849,57.76817110643517,56.81483207581286,57.64244385882645,2137816.35
2026-02-09,57.64244385882645,59.92861822680243,56.6120822288706,58.876203087577906,3001503.73
2026-02-10,58.876203087577906,60.097132209179144,57.75445660758279,58.97353136949506,2751450.29
2026-02-11,58.97353136949506,59.15379511492927,58.43799560606614,58.6171700658185,2251715.53
2026-02-12,58.6171700658185,59.396562725715285,57.718065287059076,58.4958447669388,2782044.6
2026-02-13,58.4958447669388,60.16161119099253,57.5547505098928,59.209042843493506,2333278.72
2026-02-14,59.209042843493506,59.98329236010249,58.405342259041696,59.17920155479521,1648604.81
2026-02-15,59.17920155479521,60.23508512490551,57.08198424680547,58.11895067276515,2748139.86
2026-02-16,58.11895067276515,59.23132215196465,57.86411971606205,58.97274759898151,1367994.63
2026-02-17,58.97274759898151,60.097807557844135,56.99856550237301,58.10711117421167,913240.03
2026-02-18,58.10711117421167,59.18698890031579,57.41510485961555,58.490417730370176,2619429.03
2026-02-19,58.490417730370176,58.96996395936069,56.397890043309005,56.86410257887913,2457999.85
2026-02-20,56.86410257887913,57.61745195152476,56.21281973181488,56.96501334106124,2417286.14
2026-02-21,56.96501334106124,57.42686693689289,56.45202967966814,56.913465341268484,3113808.42
2026-02-22,56.913465341268484,57.49386747479733,54.68307823523306,55.2464804979258,2186448.07
2026-02-23,55.2464804979258,55.80104747404018,54.98039651807469,55.533580731485046,2001495.79
2026-02-24,55.533580731485046,56.48896118975418,53.68040504101517,54.62006977366349,2684829.75
2026-02-25,54.62006977366349,55.190564682772035,54.12777104347228,54.69756745457336,1840447.85
2026-02-26,54.69756745457336,55.2667617438655,53.7982016542209,54.3639239799643,2072861.58
2026-02-27,54.3639239799643,55.36271791667706,52.18604417383391,53.16277007068088,2343394.69
2026-02-28,53.16277007068088,54.13703293414125,51.373387694149464,52.33243378454304,2390715.65
2026-03-01,52.33243378454304,53.17945926122471,50.74287714105424,51.57768667469132,2024253.83
2026-03-02,51.57768667469132,52.49247949201936,51.446664922012516,52.359471786457334,1946119.78
2026-03-03,52.359471786457334,54.006283288906,51.40051957434353,53.034959664836954,1662757.96
2026-03-04,53.034959664836954,55.134540876765314,52.748717006089585,54.838563725432394,1806992.08
2026-03-05,54.838563725432394,55.380876252713094,53.88308648690524,54.421272313100786,3466791.34
2026-03-06,54.421272313100786,55.414669268508405,52.9954178085225,53.98077397979239,2058676.22
2026-03-07,53.98077397979239,54.29925528903153,53.78046273611721,54.098507162398,2306589.97
2026-03-08,54.098507162398,54.33631634154147,53.57806342392011,53.81462469698235,1515337.0
2026-03-09,53.81462469698235,54.480259845583106,52.68799167540555,53.34785331090115,4175608.49
2026-03-10,53.34785331090115,53.95531537853963,52.79202876648963,53.39895837690137,1773741.42
2026-03-11,53.39895837690137,54.46600182873571,52.91761049617969,53.979421547875944,1639987.77
2026-03-12,53.979421547875944,54.874073597790485,51.41657653768162,52.28311407818637,2166605.63
2026-03-13,52.28311407818637,53.22965983540154,50.899296211368615,51.837779527450095,1760041.79
2026-03-14,51.837779527450095,52.86653718640203,49.74509659734764,50.75231238772982,2410183.02
2026-03-15,50.75231238772982,50.966147239046066,50.42722965217362,50.64059379926715,1507641.45
2026-03-16,50.64059379926715,51.70346644816343,49.92289367687569,50.980942755018305,2923319.08
2026-03-17,50.980942755018305,52.77656640904537,50.079387076629345,51.85947462340174,2782701.35
2026-03-18,51.85947462340174,52.18770977309482,51.1998003874748,51.525924391400864,2135684.47
2026-03-19,51.525924391400864,52.16511667696065,50.97765546055325,51.6158904494696,1454376.71
2026-03-20,51.6158904494696,51.725781905038524,50.21411640706763,50.321251545689705,1795698.43
2026-03-21,50.321251545689705,50.54382381400973,49.45507847678591,49.67479143439864,2234659.26
2026-03-22,49.67479143439864,50.0500916370416,49.463169026161836,49.8377748936871,1625522.97
2026-03-23,49.8377748936871,50.57219080093411,48.10710763789339,48.82662308103588,1692999.12
2026-03-24,48.82662308103588,50.41547528603953,48.18208792530262,49.758637092372524,2859887.06
2026-03-25,49.758637092372524,50.29747911338555,49.624460421976856,50.16221417705987,2286875.83
2026-03-26,50.16221417705987,50.80040304168045,48.855080352093054,49.48464889108291,2268888.46
2026-03-27,49.48464889108291,49.644314588014524,48.233986196408516,48.39012031999302,2510099.06
2026-03-28,48.39012031999302,48.66302123824412,47.60096574917942,47.8709386907605,2111717.6
2026-03-29,47.8709386907605,48.74336398507767,46.367384799715936,47.2280945627969,2167514.04
2026-03-30,47.2280945627969,47.702772059371014,45.903692002838994,46.369742421625574,2465645.8
2026-03-31,46.369742421625574,47.11463677879871,44.66675392184147,45.39600594921521,2693127.43
2026-04-01,45.39600594921521,45.74363086001621,44.897005750121316,45.243462543003815,2491744.63
2026-04-02,45.243462543003815,45.93791179633182,45.06276292313127,45.75516845437272,3169438.33
2026-04-03,45.75516845437272,46.57818726057118,44.45561208364377,45.26990218710844,2213588.49
2026-04-04,45.26990218710844,45.80821629973455,45.04586654294454,45.58263298609016,1570924.76
2026-04-05,45.58263298609016,45.960674729433734,44.98617073262288,45.36238584579108,2887886.73
2026-04-06,45.36238584579108,46.46156947238193,44.69908701812196,45.79198889403001,2069249.15
2026-04-07,45.79198889403001,46.371370477848366,44.6819298617965,45.25451102513811,1815361.92
2026-04-08,45.25451102513811,46.30407793762228,44.40807875501643,45.453916031962045,2628845.34
2026-04-09,45.453916031962045,46.44360967140258,44.554925310918684,45.54285981403482,2413674.52
2026-04-10,45.54285981403482,46.716288834667246,45.33157025170731,46.50055617749885,1598028.06
2026-04-11,46.50055617749885,47.18788250314855,46.21789962884442,46.902781005636506,2601569.54
2026-04-12,46.902781005636506,47.72755496767808,46.269362014846294,47.091586175414854,3514989.64
2026-04-13,47.091586175414854,47.310146232455814,45.844804530214006,46.05857018442739,2385388.14
2026-04-14,46.05857018442739,46.60021645171185,45.16139740038864,45.69881294217261,2063516.21
2026-04-15,45.69881294217261,46.09689185224771,44.75956336288681,45.15288675111956,1449391.02
2026-04-16,45.15288675111956,45.96502190272234,43.79654928882774,44.59871695431107,3673929.99
2026-04-17,44.59871695431107,45.44160237870225,43.772494212068366,44.61507656314718,1933278.58
2026-04-18,44.61507656314718,45.082564444633505,44.31798736908143,44.78434808139517,1547220.72
2026-04-19,44.78434808139517,45.14838457274351,44.61765957401152,44.98096425485272,2261817.26
2026-04-20,44.98096425485272,46.766343138326434,44.088567275339464,45.85657454416773,2830687.46
2026-04-21,45.85657454416773,46.417521347152785,45.64113495327325,46.20046611314348,2996473.37
2026-04-22,46.20046611314348,46.43709688697968,45.12102661071266,45.35331844111277,1859676.33
2026-04-23,45.35331844111277,45.79646831207998,45.05674769375275,45.49894529339995,2146472.78
2026-04-24,45.49894529339995,46.283864973500854,45.12879437975571,45.91036699068478,2200227.05
2026-04-25,45.91036699068478,47.022709231315304,45.69642354573662,46.804598644756354,2808349.25
2026-04-26,46.804598644756354,47.16968194419165,46.3370367323156,46.701314398232135,2551460.38
2026-04-27,46.701314398232135,46.81323094969941,46.49345063781238,46.6051367059241,2353994.14
2026-04-28,46.6051367059241,48.15877745678575,45.83998724728621,47.38089187738029,2765341.05
2026-04-29,47.38089187738029,47.83618973141051,47.06135810624734,47.51574650907659,1565085.43
2026-04-30,47.51574650907659,48.31021534874799,45.60732528953794,46.38285200050848,2444097.67
