Date,Open,High,Low,Close,Volume
2020-01-01,42.0,42.461478774087695,41.5385212259123,42.0,1456578.42
2020-01-02,42.0,42.42559287531738,41.53521694722849,41.960408636781345,2239405.49
2020-01-03,41.960408636781345,42.94859861871324,41.14810797965578,42.13295763041669,2785391.67
2020-01-04,42.13295763041669,42.73712559510898,41.32854774512906,41.92980255596866,1581124.59
2020-01-05,41.92980255596866,42.52871892156478,40.87949443499311,41.47186978648306,1493609.46
2020-01-06,41.47186978648306,41.942618331375385,40.66209499463001,41.1289510578632,2332561.6
2020-01-07,41.1289510578632,41.78155015628897,40.99613263249292,41.64705859737649,2173262.58
2020-01-08,41.64705859737649,41.99911829125042,41.03615385225877,41.386006767783705,1149377.74
2020-01-09,41.386006767783705,41.54933604955211,41.2661308949283,41.42933467604499,1951861.33
2020-01-10,41.42933467604499,42.06419312486086,40.51579662381092,41.146318159468315,2063655.6
2020-01-11,41.146318159468315,42.466231555075666,40.47379650987969,41.78329868970606,1676878.11
2020-01-12,41.78329868970606,41.8906276029842,41.24336061020169,41.34957541691113,2473824.37
2020-01-13,41.34957541691113,42.85728207791792,40.895575699493996,42.39183877814945,1138367.22
2020-01-14,42.39183877814945,43.16414621922968,41.23880529111782,42.00404783865276,993093.38
2020-01-15,42.00404783865276,42.168289182665035,41.45784356113219,41.62058551710187,2218551.44
2020-01-16,41.62058551710187,43.363368139548136,41.269600246677115,43.00074402976594,1387336.39
2020-01-17,43.00074402976594,43.17875257998884,42.09286647338037,42.26784105292894,1685334.61
2020-01-18,42.26784105292894,42.73160965238404,41.78353481264745,42.24707557035501,1280664.75
2020-01-19,42.24707557035501,43.44899961266649,41.75747905635866,42.95124258785643,2103716.0
2020-01-20,42.95124258785643,43.34010292167005,41.51444091446157,41.89372699990031,1851186.5
2020-01-21,41.89372699990031,42.792734900705376,41.17852197227528,42.07444468101532,1644560.05
2020-01-22,42.07444468101532,42.46889860226532,40.656702797575285,41.04147245685939,1248525.15
2020-01-23,41.04147245685939,41.233656806350865,40.87852637982886,41.07059510429841,1633243.88
2020-01-24,41.07059510429841,43.148859996303564,40.39926448329048,42.454901812205186,1847903.65
2020-01-25,42.454901812205186,42.702520645928075,40.63207818400285,40.87045571275279,1488366.5
2020-01-26,40.87045571275279,41.484433449768176,40.211789850788584,40.82508602013568,1501133.12
2020-01-27,40.82508602013568,41.22604793062201,40.13151207445101,40.52957160218326,1704417.16
2020-01-28,40.52957160218326,40.769956096504984,39.64058801725537,39.87710266024464,2011890.6
2020-01-29,39.87710266024464,40.02824179016326,38.75633489034033,38.90378502656393,1890070.2
2020-01-30,38.90378502656393,40.27697440010389,38.24701959469042,39.60831523889647,2281077.02
2020-01-31,39.60831523889647,39.97620593088257,39.37307105225679,39.74017857326844,1662295.07
2020-02-01,39.74017857326844,40.52654990561158,37.80075908362254,38.56385351237302,2189901.61
2020-02-02,38.56385351237302,39.00377510615477,37.550256857448645,37.983558671094656,1270179.21
2020-02-03,37.983558671094656,38.55673696617388,37.082975413290804,37.651137415660656,1877964.12
2020-02-04,37.651137415660656,38.11020355754263,36.259974579454564,36.707535741412876,1853143.97
2020-02-05,36.707535741412876,37.4981433959908,35.97453857091989,36.764018348340606,3064921.58
2020-02-06,36.764018348340606,37.15374937755271,36.53199816882371,36.92074011647157,1437764.93
2020-02-07,36.92074011647157,37.404935285414794,36.58672820984384,37.069576892900955,1259067.52
2020-02-08,37.069576892900955,38.99488523438045,36.40646765020843,38.30959427142777,1402224.36
2020-02-09,38.30959427142777,38.51827164042135,37.52801170478632,37.73355129235501,1451500.42
2020-02-10,37.73355129235501,38.23623893671799,36.95046924676402,37.44937103210481,1883450.06
2020-02-11,37.44937103210481,38.12881174301689,36.46099706323629,37.134729255514344,1240471.09
2020-02-12,37.134729255514344,38.405159229050106,36.39755196874242,37.65760216991701,1853339.57
2020-02-13,37.65760216991701,38.74527315439246,37.039983992090825,38.12007009122042,1714615.26
2020-02-14,38.12007009122042,38.24437228159355,37.309302072395695,37.43135850723322,2136654.75
2020-02-15,37.43135850723322,38.79221225417644,36.97393368011932,38.32388048360606,1984648.33
2020-02-16,38.32388048360606,38.87451575084939,37.225074104698635,37.76771846872892,2091100.94
2020-02-17,37.76771846872892,38.586405785781835,37.484348907826714,38.299049669820135,1922095.78
2020-02-18,38.299049669820135,39.35044269307347,37.755574640735034,38.799861000639545,2276360.95
2020-02-19,38.799861000639545,39.77397945236444,38.086311283150984,39.05572427555659,1171145.73
2020-02-20,39.05572427555659,39.588230178136,38.322280099763304,38.85200843543476,1181435.86
2020-02-21,38.85200843543476,39.27496137888794,38.24004979771427,38.660922530928175,1691275.46
2020-02-22,38.660922530928175,39.57869366489854,38.055533593260506,38.96848857010042,1736214.78
2020-02-23,38.96848857010042,39.595801884144905,38.68241357058285,39.30724004636481,1316031.5
2020-02-24,39.30724004636481,40.324898211657654,38.75577370204318,39.76698185622066,1955569.94
2020-02-25,39.76698185622066,40.67978693764312,39.324720304371844,40.23234987653416,1226956.78
2020-02-26,40.23234987653416,40.98706551997987,39.70942598355791,40.461167547006006,1589819.18
2020-02-27,40.461167547006006,41.852895523036054,40.0230389279198,41.40455158954144,1692378.4
2020-02-28,41.40455158954144,41.796588761877814,40.619694073583815,41.007976290172216,1961380.41
2020-02-29,41.007976290172216,41.16132295450184,40.88770677105186,41.040956709341515,1498724.76
2020-03-01,41.040956709341515,41.582341423480585,40.138996066594785,40.67556072248589,2303714.15
2020-03-02,40.67556072248589,43.15478895345508,39.878723639713755,42.32562695759482,2587459.51
2020-03-03,42.32562695759482,43.217717002116785,41.97110653803918,42.8587312884913,2497088.97
2020-03-04,42.8587312884913,44.15140433394103,42.291095714797855,43.57429163630268,2671355.9
2020-03-05,43.57429163630268,44.55563771452363,42.919564561703886,43.896075662550636,2219218.25
2020-03-06,43.896075662550636,44.46089453609097,43.29656053327272,43.860927144369406,1982629.82
2020-03-07,43.860927144369406,46.64264961525533,43.06247156434688,45.80873562942688,1409627.66
2020-03-08,45.80873562942688,47.60386988456033,44.948652292010735,46.72655401947865,1476387.36
2020-03-09,46.72655401947865,47.552749600635266,45.667339788135244,46.48934108877506,2155073.96
2020-03-10,46.48934108877506,46.93430181039005,45.846862070328996,46.289914027330596,1089150.78
2020-03-11,46.289914027330596,46.672334759800734,46.0806522461255,46.46229370563126,2366757.06
2020-03-12,46.46229370563126,46.89020459212142,45.63741931925478,46.06164024635507,1460935.14
2020-03-13,46.06164024635507,46.58738039501959,45.28497769839668,45.80782079266622,1487509.76
2020-03-14,45.80782079266622,45.93442466344005,44.573652031606386,44.697186325611206,2063901.92
2020-03-15,44.697186325611206,45.46104216360798,42.263342709368736,42.9981629632284,1823458.48
2020-03-16,42.9981629632284,45.2016443818757,42.22667352243967,44.404914468989666,1530732.8
2020-03-17,44.404914468989666,44.99899842560585,43.457381143635395,44.04667225343749,1353864.65
2020-03-18,44.04667225343749,44.59474122452394,43.289538661689626,43.834973483104825,1168014.41
2020-03-19,43.834973483104825,44.28294343148982,43.44166493876065,43.88914880004776,989887.33
2020-03-20,43.88914880004776,45.26297606034465,43.028757454871155,44.392712975341475,2450808.33
2020-03-21,44.392712975341475,45.40322780200898,43.95538775421511,44.96031101145561,1610407.4
2020-03-22,44.96031101145561,45.983767841284276,44.70354103933037,45.722644156827336,1361295.95
2020-03-23,45.722644156827336,47.047139580678,44.840326900874715,46.156451082353,2051370.49
2020-03-24,46.156451082353,46.942778107015585,45.178466973402756,45.9614723156152,1399071.93
2020-03-25,45.9614723156152,47.289959570066124,45.598797095148456,46.91972293485167,1405929.1
2020-03-26,46.91972293485167,47.48512567053179,46.22552067878613,46.78935239366673,2288848.23
2020-03-27,46.78935239366673,48.18106626992446,46.20289405792943,47.58463979186165,2046253.75
2020-03-28,47.58463979186165,48.43107194993136,45.590137827475324,46.41577836231059,1779650.74
2020-03-29,46.41577836231059,47.973905790133124,45.86546551469878,47.41178413967627,1480044.1
2020-03-30,47.41178413967627,47.8634467187337,46.29099274904069,46.736219645337606,1802231.3
2020-03-31,46.736219645337606,47.32756820805514,45.077013343946405,45.65467726253912,1965506.49
2020-04-01,45.65467726253912,46.545043788914114,43.835640693576146,44.7075358818166,1813289.76
2020-04-02,44.7075358818166,44.99202497981818,44.57605314282799,44.86009357589924,2303036.29
2020-04-03,44.86009357589924,47.19611268150461,44.247824186512375,46.5606336078748,1323524.75
2020-04-04,46.5606336078748,46.72278135150323,46.25641824871437,46.41806951184624,1593772.83
2020-04-05,46.41806951184624,46.73048293038651,46.02700052574107,46.338880971608745,1953967.03
2020-04-06,46.338880971608745,47.60721571687823,45.665854538243224,46.92566679948622,1473234.27
2020-04-07,46.92566679948622,47.619325448111134,45.80733823975817,46.49462519984024,2157256.04
2020-04-08,46.49462519984024,47.28530007379228,45.598364601999606,46.387212850937146,2378137.84
2020-04-09,46.387212850937146,46.93136236043483,45.589773500119776,46.13091650148147,1725402.82
2020-04-10,46.13091650148147,48.41557818002451,45.37272191673301,47.63270069859704,1870737.3
2020-04-11,47.63270069859704,48.224067358321584,47.10600895490654,47.696668302047364,1613560.31
2020-04-12,47.696668302047364,48.55694265534403,47.42819057763385,48.28515243789338,1580060.89
2020-04-13,48.28515243789338,48.76886382161617,47.25763927482931,47.7358478304918,2343068.17
2020-04-14,47.7358478304918,47.97961570865775,46.62780264604182,46.86713435200155,1379313.78
2020-04-15,46.86713435200155,47.940494651968706,46.31288714974732,47.380180208047726,2090315.28
2020-04-16,47.380180208047726,48.11760123943972,46.8452654804617,47.58042577117311,1502917.13
2020-04-17,47.58042577117311,48.71224922808902,47.26152957970135,48.38794086378743,1376089.77
2020-04-18,48.38794086378743,48.90821854192674,47.189257384810574,47.702161412944726,2187208.37
2020-04-19,47.702161412944726,48.31588786307041,47.02326555824341,47.63614262385761,2023298.86
2020-04-20,47.63614262385761,48.10419513069959,46.197619434553125,46.656041887801315,1443830.07
2020-04-21,46.656041887801315,46.93712397568443,46.00968200216328,46.2885501140884,1629961.63
2020-04-22,46.2885501140884,47.17584347725373,44.35396129019212,45.2207869751899,1647896.2
2020-04-23,45.2207869751899,45.96447077395925,44.27744128324851,45.017786615603015,1802909.92
2020-04-24,45.017786615603015,46.256874096150554,44.75518925768135,45.988613718092225,1504214.49
2020-04-25,45.988613718092225,46.47519313190311,44.87798533708317,45.35789143649633,2624177.22
2020-04-26,45.35789143649633,45.75734901375007,44.33279337584021,44.72669211106413,1288475.49
2020-04-27,44.72669211106413,45.61849400379546,43.721313363149356,44.610804583858496,1163725.48
2020-04-28,44.610804583858496,45.27939905790743,43.81617607817896,44.482852905007164,1650965.58
2020-04-29,44.482852905007164,45.6636708009793,43.8742485380911,45.04734320501584,1034333.97
2020-04-30,45.04734320501584,45.25671798946085,43.90781116314808,44.11284249756329,1399946.86
2020-05-01,44.11284249756329,44.35211600418046,42.13168087829243,42.361454640839646,1451221.6
2020-05-02,42.361454640839646,43.20580954201497,41.56656534016751,42.410009142927166,1706457.59
2020-05-03,42.410009142927166,44.034066677860146,41.98244383717313,43.594559086101704,1618161.73
2020-05-04,43.594559086101704,43.69350060869171,43.36398303052961,43.46262511786962,1803321.89
2020-05-05,43.46262511786962,44.226533526304614,42.987028544528144,43.74781620488671,1398797.11
2020-05-06,43.74781620488671,44.32210028950357,43.12279946573144,43.696408716610094,1546541.01
2020-05-07,43.696408716610094,44.553246982966556,43.380350235074296,44.23330510091912,1964648.99
2020-05-08,44.23330510091912,44.660535088745334,43.60233756095401,44.02758054602558,963948.43
2020-05-09,44.02758054602558,44.334446644672006,43.67349129450954,43.980025944210766,1888549.33
2020-05-10,43.980025944210766,45.61961291634153,43.542185508569574,45.1699264991179,994482.78
2020-05-11,45.1699264991179,46.92892420708059,44.27936820057394,46.02157503179624,1704510.4
2020-05-12,46.02157503179624,46.49399300927963,45.045929352618636,45.51312804991283,1935969.27
2020-05-13,45.51312804991283,46.2648436129059,44.285645596942096,45.02937121154697,1835942.21
2020-05-14,45.02937121154697,45.22371932964542,44.40859513544929,44.60109479969573,1455820.42
2020-05-15,44.60109479969573,45.32444405314784,43.089804837104296,43.8001644458829,1812773.95
2020-05-16,43.8001644458829,44.28707241326581,42.93174908128989,43.414368315697736,1343192.92
2020-05-17,43.414368315697736,43.78768387346573,42.96122272254829,43.33384587638386,2401598.8
2020-05-18,43.33384587638386,43.87012664831395,42.268684737655214,42.79833830145621,2092685.72
2020-05-19,42.79833830145621,43.5187119651103,42.44258334569755,43.15995115515554,1340943.22
2020-05-20,43.15995115515554,43.875326458950966,41.31222851309894,42.008518850090894,2398503.38
2020-05-21,42.008518850090894,42.68925490271779,40.54873111373431,41.21663491328407,1784756.01
2020-05-22,41.21663491328407,41.920402115351294,40.96358471803875,41.664601621272546,1281732.79
2020-05-23,41.664601621272546,43.394834519691095,41.257269971764735,42.97469481726148,2276236.16
2020-05-24,42.97469481726148,43.35020975200827,42.78164908345684,43.156348017636006,2563873.6
2020-05-25,43.156348017636006,43.24699463812198,42.491571373651276,42.58100953950488,1594709.45
2020-05-26,42.58100953950488,42.89341457254116,41.51679357610912,41.82364201409623,1862881.27
2020-05-27,41.82364201409623,42.32932751623344,41.071862710185414,41.57453629987031,1694433.03
2020-05-28,41.57453629987031,43.10765388849871,40.92316257396342,42.44267844779619,1964957.72
2020-05-29,42.44267844779619,43.62067987678673,41.63210101321775,42.803216819548965,2073700.07
2020-05-30,42.803216819548965,43.21462307901741,41.55416837642876,41.95744544223937,2175248.47
2020-05-31,41.95744544223937,42.296735517762855,41.87094089479077,42.209710869379094,1071070.37
2020-06-01,42.209710869379094,43.8007484161667,41.63149109350565,43.208841807215165,1493427.07
2020-06-02,43.208841807215165,44.301786124303625,42.96164622761846,44.04977958259603,2164006.54
2020-06-03,44.04977958259603,45.57310686678927,43.50494364375111,45.016316183081976,1427728.19
2020-06-04,45.016316183081976,46.072118978451115,44.560133385004455,45.6099207571117,1854149.4
2020-06-05,45.6099207571117,45.929518715942045,44.36287102612205,44.675924282354096,1351921.03
2020-06-06,44.675924282354096,45.0055430203699,43.77416348431786,44.099529585243054,2013959.37
2020-06-07,44.099529585243054,45.73741957931994,43.73969242933936,45.36723835124219,1716003.37
2020-06-08,45.36723835124219,45.60057435309093,44.89067578178457,45.12275433608557,1977089.54
2020-06-09,45.12275433608557,45.78620052614487,43.11693825829419,43.76035286835811,1876429.45
2020-06-10,43.76035286835811,44.60041579654865,43.362041407647745,44.19811973451584,1196402.64
2020-06-11,44.19811973451584,45.64281207550626,43.53841918229493,44.97156705872533,2870134.43
2020-06-12,44.97156705872533,45.532922925025154,44.357409450769744,44.91809789021811,1225886.54
2020-06-13,44.91809789021811,45.601724926649574,44.64464684958075,45.32579193848999,3164433.39
2020-06-14,45.32579193848999,45.67854428001294,44.37782252220784,44.725906195152525,990604.19
2020-06-15,44.725906195152525,45.559196718119324,43.568182436541775,44.395313674251646,1729182.1
2020-06-16,44.395313674251646,44.82113010986824,42.70259808280559,43.116145411047754,1195703.8
2020-06-17,43.116145411047754,43.29024839965974,42.20534042660438,42.37645655171489,2546107.95
2020-06-18,42.37645655171489,43.969943022474936,41.801089022168675,43.3809371296573,1319197.31
2020-06-19,43.3809371296573,43.73494743332518,40.77849403620963,41.114005031806876,1292888.95
2020-06-20,41.114005031806876,41.54084846882167,40.43688355939245,40.861101363832944,1714579.58
2020-06-21,40.861101363832944,41.09466022431858,40.28182453826526,40.513395941745166,2430728.13
2020-06-22,40.513395941745166,41.00200446633053,40.423063614760416,40.910786082393734,2313705.82
2020-06-23,40.910786082393734,41.42315115615577,39.02840230383887,39.523391705056994,1607931.99
2020-06-24,39.523391705056994,39.91134124176084,38.65807008566606,39.04128743415245,1569114.53
2020-06-25,39.04128743415245,39.404303075077365,38.315130719838734,38.67473809344997,1936754.41
2020-06-26,38.67473809344997,39.65911013844685,37.95482190454875,38.9343611605411,1675409.12
2020-06-27,38.9343611605411,39.19527352182306,38.67183515622392,38.93273663098224,1734619.62
2020-06-28,38.93273663098224,39.42153558177676,37.428970209714905,37.904864264065544,1640824.55
2020-06-29,37.904864264065544,38.54483640226676,37.06487121110446,37.70140827126838,1980288.9
2020-06-30,37.70140827126838,38.085557190280376,36.85370483495306,37.233081861017496,1902850.81
2020-07-01,37.233081861017496,38.102179119716695,36.65381806516559,37.518475238783125,2486766.59
2020-07-02,37.518475238783125,37.97133330391521,36.922114049994875,37.3732188313056,1449779.22
2020-07-03,37.3732188313056,38.773057040083025,37.06234659297894,38.45320145416626,1446445.82
2020-07-04,38.45320145416626,39.157937168105,37.348273158213075,38.04553757498864,1661058.27
2020-07-05,38.04553757498864,38.37965351621916,37.3698259267635,37.70091539574189,1616191.07
2020-07-06,37.70091539574189,38.08768735312715,36.997629838430775,37.38112104022843,2109275.43
2020-07-07,37.38112104022843,37.891727524249255,36.75944907140201,37.26851744950337,1305916.59
2020-07-08,37.26851744950337,38.26471465861173,36.795761245977886,37.78540170809239,2335306.55
2020-07-09,37.78540170809239,38.20953835248274,37.098410927091805,37.51956356996946,1583302.68
2020-07-10,37.51956356996946,38.06063774229552,36.74618819566305,37.283863305922495,2284065.52
2020-07-11,37.283863305922495,38.048146368114644,36.743713126111714,37.50479543286935,3200934.22
2020-07-12,37.50479543286935,37.937264009368434,36.511602244868875,36.93752966803049,2197347.25
2020-07-13,36.93752966803049,37.73606147044669,36.52751290716317,37.321779431291624,1987434.02
2020-07-14,37.321779431291624,37.50705936444691,36.91370202983526,37.097870390801674,2246886.82
2020-07-15,37.097870390801674,37.64677990883339,36.02159520462415,36.56258449653135,1579418.76
2020-07-16,36.56258449653135,37.2879781001336,34.787525542494976,35.49167248830525,1815531.18
2020-07-17,35.49167248830525,35.74844924580477,34.614388291245,34.86664305754716,1437017.9
2020-07-18,34.86664305754716,35.06205520769199,34.55915710865245,34.75393759440536,1460037.11
2020-07-19,34.75393759440536,35.41116145440344,34.049552704254694,34.70586752197615,1836254.25
2020-07-20,34.70586752197615,35.03195719906283,34.22554087741387,34.550167628150476,1741168.77
2020-07-21,34.550167628150476,35.04978825659383,33.24647011539332,33.73429259568179,1893599.45
2020-07-22,33.73429259568179,34.087805668573765,33.27007146037394,33.62241209967095,1758010.21
2020-07-23,33.62241209967095,34.030176041280484,32.391825989806456,32.7894884482097,1584132.13
2020-07-24,32.7894884482097,33.05215178711365,31.867110217517936,32.12444617154434,2141614.93
2020-07-25,32.12444617154434,33.21782632978767,31.614570182503744,32.69883371917554,1456816.67
2020-07-26,32.69883371917554,33.06087951593726,32.269661375458135,32.63095561692516,1810140.43
2020-07-27,32.63095561692516,33.209744169440526,32.28257247821256,32.85892710196326,2264922.6
2020-07-28,32.85892710196326,34.024538038131574,32.46147775063582,33.617908332352755,2029916.09
2020-07-29,33.617908332352755,34.25244683592383,32.939336374389484,33.57302775644441,1687753.29
2020-07-30,33.57302775644441,34.65692876143551,33.011359868972896,34.086667811499204,1085036.79
2020-07-31,34.086667811499204,34.393145603603855,33.981741234325995,34.28760050952654,1561434.52
2020-08-01,34.28760050952654,34.57782785026776,33.58912496051453,33.8758671851775,2891421.15
2020-08-02,33.8758671851775,34.03755374099612,33.62141685559458,33.782658534663874,1597762.21
2020-08-03,33.782658534663874,34.40476647088899,32.74518672776706,33.35950223727722,1697827.05
2020-08-04,33.35950223727722,33.89471324748851,33.14492104560807,33.678082822556064,1773619.57
2020-08-05,33.678082822556064,34.75366844151197,33.14599066760882,34.21312299427218,1891664.38
2020-08-06,34.21312299427218,34.6600451313712,33.011518741181334,33.448452068892635,1443143.81
2020-08-07,33.448452068892635,33.97714357177578,32.439781511382876,32.96076454848802,2054709.21
2020-08-08,32.96076454848802,33.42377917909837,32.29603720534478,32.75617791584315,1882918.33
2020-08-09,32.75617791584315,32.99123836259904,32.080141618049694,32.31201472105419,1105188.07
2020-08-10,32.31201472105419,32.66644555144944,31.822744072638248,32.17567943989602,899947.16
2020-08-11,32.17567943989602,32.51706892641497,32.01147989366954,32.35196973217792,1486464.62
2020-08-12,32.35196973217792,33.223770032802136,32.152450384085704,33.02013004196288,1255980.9
2020-08-13,33.02013004196288,33.16002975147296,32.597702311873356,32.736399913380914,1836675.82
2020-08-14,32.736399913380914,33.318099481549346,31.85428596923905,32.43055084478403,1548117.78
2020-08-15,32.43055084478403,32.84586806117209,32.1989313957458,32.612945943778385,1912016.53
2020-08-16,32.612945943778385,32.75535453022619,32.42933572157256,32.571563606769786,1918282.25
2020-08-17,32.571563606769786,32.777985144255595,31.54299035151466,31.74416829015374,1322059.52
2020-08-18,31.74416829015374,31.958026686152348,31.078408663075464,31.289201980654198,1552026.45
2020-08-19,31.289201980654198,31.42236439800038,30.96553975154069,31.097887963493807,1480392.66
2020-08-20,31.097887963493807,31.936142883937457,30.645244056582133,31.477966757270178,2146614.0
2020-08-21,31.477966757270178,32.48308280579376,31.037408199189077,32.03473188790011,1626950.57
2020-08-22,32.03473188790011,32.43859434742133,31.075812809103752,31.4725883141566,2324188.1
2020-08-23,31.4725883141566,32.02795106889604,30.51814198239378,31.06633604231353,2356740.43
2020-08-24,31.06633604231353,31.58209084936344,30.97403610363239,31.48853652783934,1643353.91
2020-08-25,31.48853652783934,31.895555703104822,30.833762923744036,31.237537701313393,1465999.2
2020-08-26,31.237537701313393,31.79819224123807,30.844443468309606,31.40301562839225,1365767.38
2020-08-27,31.40301562839225,31.87108152686878,30.823252081573166,31.289627922021943,2030160.38
2020-08-28,31.289627922021943,31.535577290494533,31.04336069564523,31.289307545828933,1657880.2
2020-08-29,31.289307545828933,31.59176778714932,30.762873711850983,31.063147764101572,1416815.51
2020-08-30,31.063147764101572,31.870201419878775,30.81156645732538,31.61415747000823,2127396.17
2020-08-31,31.61415747000823,31.89951156195989,30.533542334908674,30.81165290114716,2137160.64
2020-09-01,30.81165290114716,31.228252267821365,30.183779830923985,30.597483447110577,1341126.74
2020-09-02,30.597483447110577,31.299994244319254,30.39402527296823,31.093239536689758,1860812.77
2020-09-03,31.093239536689758,31.64122961715023,30.42315588774314,30.96895557638788,1969547.23
2020-09-04,30.96895557638788,31.584918995995327,30.2792510484375,30.89371801507497,2601323.9
2020-09-05,30.89371801507497,31.660863781361073,30.59503227619034,31.357692260280047,1631291.29
2020-09-06,31.357692260280047,32.19924653549658,30.735733651041237,31.573017103678634,1700082.21
2020-09-07,31.573017103678634,32.3286177119531,31.23588507198919,31.98706454262423,2005491.1
2020-09-08,31.98706454262423,32.66833679386831,31.911679207785166,32.59152689577091,2334651.18
2020-09-09,32.59152689577091,33.186124435237815,31.234074962708064,31.814496412327316,1879081.33
2020-09-10,31.814496412327316,32.07076302982771,31.30224060237056,31.556428475755904,1798570.5
2020-09-11,31.556428475755904,31.653875143122548,31.01840896327917,31.114490921649516,1477424.7
2020-09-12,31.114490921649516,31.420841235815026,30.949001388709437,31.254606466319302,1567875.87
2020-09-13,31.254606466319302,32.23891797383285,30.784736356123453,31.76142849013957,1637846.1
2020-09-14,31.76142849013957,31.958164823886566,30.285399891577665,30.474162655719628,2025753.48
2020-09-15,30.474162655719628,30.93733069330324,29.22618792055223,29.677243817814354,1901831.41
2020-09-16,29.677243817814354,30.180833279805164,28.185355479471294,28.67188513492028,1430934.04
2020-09-17,28.67188513492028,29.198919217304887,27.729254309487544,28.248506021743225,2102380.22
2020-09-18,28.248506021743225,28.765801232037305,27.719508411829715,28.236585326741263,1629636.39
2020-09-19,28.236585326741263,29.106137212579636,28.088337658030127,28.954122332391943,1635451.66
2020-09-20,28.954122332391943,29.30311015774562,27.970204928558925,28.311446497981116,2059861.68
2020-09-21,28.311446497981116,29.92174793929167,27.804665832345965,29.395561395908942,2125095.46
2020-09-22,29.395561395908942,29.797025598775686,29.208202956722804,29.6083111568039,1853548.44
2020-09-23,29.6083111568039,30.436615785030916,29.016611302344728,29.84028020344732,2714257.84
2020-09-24,29.84028020344732,30.608183994787694,29.38507276009212,30.148278105684657,1063893.06
2020-09-25,30.148278105684657,30.71527330206395,28.871526084811677,29.424917114281808,2164178.61
2020-09-26,29.424917114281808,29.64840560212011,28.883254727065804,29.104308121588943,1324167.83
2020-09-27,29.104308121588943,29.26866903671068,28.42452743832867,28.585961089479998,1692836.27
2020-09-28,28.585961089479998,29.39686395976619,28.040160093522996,28.84609612154903,1710448.68
2020-09-29,28.84609612154903,29.05001795979743,28.183439247993217,28.384095060040405,1679065.69
2020-09-30,28.384095060040405,28.902869380335623,27.727657830712857,28.24386925274718,1356597.49
2020-10-01,28.24386925274718,28.386890146182708,27.757231605546565,27.898503641634633,1213219.05
2020-10-02,27.898503641634633,28.750879599488165,27.66269112780749,28.50989925521274,1053477.52
2020-10-03,28.50989925521274,28.889512208443865,27.811664749357075,28.186977964318334,1617390.5
2020-10-04,28.186977964318334,28.70601355046835,27.13701720321401,27.64609292116647,1762169.45
2020-10-05,27.64609292116647,28.107093975933616,27.36123494468121,27.820439577943226,1976589.18
2020-10-06,27.820439577943226,28.17612117012727,27.395100871401976,27.749880371044206,2277623.67
2020-10-07,27.749880371044206,28.569206884061636,27.531364510091144,28.34599691566614,2101942.15
2020-10-08,28.34599691566614,28.601195744456714,28.189680565386062,28.44433708913623,2181018.13
2020-10-09,28.44433708913623,28.96494576134675,28.008224548968744,28.527557277651635,1326608.15
2020-10-10,28.527557277651635,29.333279555001543,28.093154185768544,28.89330701270197,2245312.09
2020-10-11,28.89330701270197,29.57602147304316,28.386148752065886,29.06583486656089,1870779.23
2020-10-12,29.06583486656089,29.53593677643197,28.928866566643126,29.39740599828427,1231194.64
2020-10-13,29.39740599828427,29.78306003800805,29.30759885558778,29.692351855109134,2226658.3
2020-10-14,29.692351855109134,30.08589839666697,29.099423525322546,29.490291936752982,1366529.86
2020-10-15,29.490291936752982,29.808743586261112,28.565822993820703,28.87765911256968,1314957.71
2020-10-16,28.87765911256968,29.260646137600737,28.370201851403916,28.751515915072385,2505357.8
2020-10-17,28.751515915072385,28.932595045920582,27.61365721285668,27.788672284744038,1808692.95
2020-10-18,27.788672284744038,28.257217180016816,26.95476921119323,27.417048150713388,1312678.96
2020-10-19,27.417048150713388,27.691449901304505,26.928774981842157,27.201014574377194,1489256.51
2020-10-20,27.201014574377194,28.131917420317865,26.814990656825582,27.738269041786523,2219362.64
2020-10-21,27.738269041786523,27.891106691499328,27.476497744222947,27.62873184482044,1261766.14
2020-10-22,27.62873184482044,28.465952411184606,27.54879051226856,28.38382627856391,1644247.63
2020-10-23,28.38382627856391,28.80019154722671,28.144181462133027,28.559067170885218,1644009.18
2020-10-24,28.559067170885218,28.835134271371025,27.503775575138988,27.772236755230974,3364518.36
2020-10-25,27.772236755230974,28.52691877716128,27.501953681861735,28.251966906645634,1183220.42
2020-10-26,28.251966906645634,28.87258711706876,28.07372515473606,28.69157189584,1195512.06
2020-10-27,28.69157189584,28.990343467214327,27.589563344576625,27.87988261917413,1478251.68
2020-10-28,27.87988261917413,28.481321987068416,27.570318400636094,28.16855252285666,1451500.26
2020-10-29,28.16855252285666,29.000062646004295,27.96699912618695,28.794033766643867,1718313.19
2020-10-30,28.794033766643867,29.023712521345658,27.54757903485631,27.769082151069842,1513921.93
2020-10-31,27.769082151069842,28.104244750002966,26.918957162283764,27.24782842057896,2104967.41
2020-11-01,27.24782842057896,27.70834783409855,27.171370067841245,27.630814808257686,1741179.46
2020-11-02,27.630814808257686,27.706607217059258,27.436254113420095,27.51171984005254,1338069.17
2020-11-03,27.51171984005254,28.416715711247594,27.242499922232625,28.14133460696634,1605137.39
2020-11-04,28.14133460696634,28.6280429984012,28.053299238042424,28.53876433830051,1592252.34
2020-11-05,28.53876433830051,29.33519316294441,28.09825177232698,28.88927033139053,2267546.2
2020-11-06,28.88927033139053,29.77474557697255,28.52633741670878,29.405329464782465,2115243.97
2020-11-07,29.405329464782465,29.478041329589544,28.90961718017077,28.981280480210884,2036715.24
2020-11-08,28.981280480210884,29.211129191235205,28.571944247920737,28.800358074736884,1420812.78
2020-11-09,28.800358074736884,29.794070890233243,28.697158333275734,29.687691584526313,1842824.49
2020-11-10,29.687691584526313,30.231344539514183,28.943147126596667,29.483052651086158,1277872.68
2020-11-11,29.483052651086158,30.20189098268066,29.259178012732907,29.974286244046663,2006192.24
2020-11-12,29.974286244046663,30.240436674537023,29.576479815964724,29.841450761459612,2309856.81
2020-11-13,29.841450761459612,30.323941029359275,28.960560537780438,29.436503431448735,1011479.33
2020-11-14,29.436503431448735,29.610042098051224,28.762623894691227,28.933195381168563,1668809.62
2020-11-15,28.933195381168563,29.325594204995515,28.767059059545097,29.15816608670052,1668375.77
2020-11-16,29.15816608670052,30.236956941589156,28.676153430116532,29.745239396001377,2140680.94
2020-11-17,29.745239396001377,30.29287200572266,29.40033149798694,29.945640378498553,1472528.02
2020-11-18,29.945640378498553,30.231531174612023,29.747443702981585,30.032757907497462,1467392.73
2020-11-19,30.032757907497462,30.178094977776567,29.299897158167752,29.442377208073708,1777685.06
2020-11-20,29.442377208073708,29.9207275538966,28.929248338430945,29.407024305595247,1988433.9
2020-11-21,29.407024305595247,29.624455444116325,29.240270732947064,29.4574161228838,1798510.69
2020-11-22,29.4574161228838,29.77674051878653,28.69016216711586,29.004577702223887,2129400.49
2020-11-23,29.004577702223887,29.332350687458323,28.847347421336053,29.174200899888213,2029579.95
2020-11-24,29.174200899888213,29.429824087889852,28.562464635736937,28.814939993969027,1501335.34
2020-11-25,28.814939993969027,28.91608434091777,28.497012991274637,28.597393721305064,1718820.7
2020-11-26,28.597393721305064,28.986839052487372,28.534959118053308,28.9236920658666,1960448.37
2020-11-27,28.9236920658666,30.015308747002756,28.565634498156868,29.648281210107047,1401947.98
2020-11-28,29.648281210107047,30.71972767699416,29.285214389702936,30.348091126712337,1442081.44
2020-11-29,30.348091126712337,30.512449144843423,30.078654464839534,30.242440303327662,1186862.59
2020-11-30,30.242440303327662,30.646159020029447,30.074518014662843,30.47693469243842,2296120.24
2020-12-01,30.47693469243842,31.245947003009476,29.991839618958906,30.756403679398097,2939531.02
2020-12-02,30.756403679398097,31.347047893432983,30.447631147835168,31.035473696352955,1443543.69
2020-12-03,31.035473696352955,31.463701621454685,30.635972816684912,31.063835655443295,1974607.29
2020-12-04,31.063835655443295,31.91080234569588,30.84521713417432,31.68779259134879,2336815.81
2020-12-05,31.68779259134879,32.0854887577343,30.94521122826104,31.338523914368682,1277364.88
2020-12-06,31.338523914368682,31.637125022961325,30.436079120123313,30.72887130982525,1866029.59
2020-12-07,30.72887130982525,31.085244421637316,30.515696966282423,30.871083514253044,2384055.14
2020-12-08,30.871083514253044,31.240492142433617,30.31392716486265,30.681061962888155,1602277.14
2020-12-09,30.681061962888155,31.71766811709523,30.581473494788508,31.615047999091008,1678499.42
2020-12-10,31.615047999091008,31.75037223670289,31.208099051118573,31.342255635318864,2419547.45
2020-12-11,31.342255635318864,32.1548449183695,31.029438588231958,31.837089096488462,1541325.05
2020-12-12,31.837089096488462,32.28875520634736,31.59698234880719,32.04706487789922,1484667.6
2020-12-13,32.04706487789922,32.57660718632643,30.775964693121562,31.293047701525765,1636874.8
2020-12-14,31.293047701525765,31.73585998186476,31.119718084612366,31.561045944728985,2703639.22
2020-12-15,31.561045944728985,31.700304806182928,31.057068321746726,31.194710778654784,2094489.21
2020-12-16,31.194710778654784,32.502985151018734,31.094868453781565,32.39928743748815,1963918.06
2020-12-17,32.39928743748815,32.9403185225455,31.418397619765255,31.95195882810452,1958774.35
2020-12-18,31.95195882810452,32.5105925498822,30.893051819228283,31.442783345162375,1299542.94
2020-12-19,31.442783345162375,32.01569028234281,29.763400525473184,30.315772631203885,1978529.68
2020-12-20,30.315772631203885,30.860409943414464,29.371436639141628,29.908761807815992,1547463.41
2020-12-21,29.908761807815992,30.76640797986307,29.37846296655104,30.230406206033734,1641494.27
2020-12-22,30.230406206033734,30.821338907431965,29.115820454524957,29.696312899234798,1620602.45
2020-12-23,29.696312899234798,30.18713329806271,29.424050000377573,29.91288481607635,2183443.89
2020-12-24,29.91288481607635,30.421239608474696,29.498706369959336,30.00577499058343,2727529.92
2020-12-25,30.00577499058343,30.088436900908235,29.421180341136544,29.50245567383625,1374424.62
2020-12-26,29.50245567383625,30.021464356508904,28.896146890628167,29.413592284083023,2258326.05
2020-12-27,29.413592284083023,29.549277406202364,28.802719063173587,28.936201980235808,1666123.7
2020-12-28,28.936201980235808,29.72887312637166,28.52315222949215,29.310480734385187,2108674.36
2020-12-29,29.310480734385187,29.54130447292664,28.20193458563323,28.425791282983123,1880675.71
2020-12-30,28.425791282983123,29.098143081641975,28.068175282337258,28.73661668372325,1496631.95
2020-12-31,28.73661668372325,29.204361251076413,27.9093519704785,28.371147818179804,1490978.6
2021-01-01,28.371147818179804,28.710877368993938,28.054537967708928,28.39401236003514,1655136.47
2021-01-02,28.39401236003514,29.124528310113167,27.85141794238961,28.57841014916087,1910491.17
2021-01-03,28.57841014916087,28.82933870877645,28.362171232703222,28.61283928381836,1977796.7
2021-01-04,28.61283928381836,29.911342629857515,28.267021442755098,29.554148030434142,3671602.18
2021-01-05,29.554148030434142,30.06968165852956,28.811142219601454,29.322637447033795,2003359.14
2021-01-06,29.322637447033795,29.67238142646897,28.30583606557037,28.647527714624466,1264197.9
2021-01-07,28.647527714624466,29.987799805573584,28.314658342468064,29.643359387323194,2395512.03
2021-01-08,29.643359387323194,30.056988162293298,29.377873212477965,29.790186998136395,2030648.96
2021-01-09,29.790186998136395,30.309716816468782,29.31356675527039,29.832420864000603,1680052.23
2021-01-10,29.832420864000603,31.16649344502941,29.57988033126995,30.90487426745555,1326504.19
2021-01-11,30.90487426745555,31.104676122759617,30.029342894333787,30.224747690756782,1632316.66
2021-01-12,30.224747690756782,30.355186794257637,30.023509919257656,30.15364215693516,2345427.65
2021-01-13,30.15364215693516,30.445949336607473,29.311045234253598,29.597965727667443,1982753.13
2021-01-14,29.597965727667443,29.80950180894708,29.30592237899011,29.516878934547677,2457441.91
2021-01-15,29.516878934547677,30.101706569663133,28.24072736711621,28.81158069614978,2425057.15
2021-01-16,28.81158069614978,29.20145197876571,28.437049964273,28.826724389294192,1842843.83
2021-01-17,28.826724389294192,29.399368963963294,28.235904760458716,28.808180968993405,796489.03
2021-01-18,28.808180968993405,29.226358383495967,28.348376912305596,28.765941177127846,1396696.91
2021-01-19,28.765941177127846,29.262355826794032,27.22329257721102,27.701335293432262,1190392.11
2021-01-20,27.701335293432262,28.136439924582124,27.590083388678416,28.023892590804916,2494343.14
2021-01-21,28.023892590804916,28.42872649417859,27.491985832023207,27.894957130278804,1990082.87
2021-01-22,27.894957130278804,29.205570702294175,27.779679936661392,29.08537405596754,1657617.04
2021-01-23,29.08537405596754,29.220209097562833,28.706354505469783,28.84005227537564,1535810.85
2021-01-24,28.84005227537564,28.93789185973663,28.423708631091003,28.520464015527125,2293816.48
2021-01-25,28.520464015527125,28.949974862244787,28.143208842932047,28.57203750005434,1397149.33
2021-01-26,28.57203750005434,28.96374676649974,27.59960763798891,27.983244832433076,1266650.61
2021-01-27,27.983244832433076,28.72883108828016,27.78103848327314,28.52272645605105,1239683.46
2021-01-28,28.52272645605105,29.03948605653253,27.563277637293595,28.071868839063704,1796414.02
2021-01-29,28.071868839063704,28.594605255071787,27.1612351695511,27.67661135304941,1426176.17
2021-01-30,27.67661135304941,28.49890154449566,27.220290711367362,28.03664481837649,2243299.89
2021-01-31,28.03664481837649,28.509767144861613,27.664620206144733,28.136418611492523,1740749.2
2021-02-01,28.136418611492523,28.587957358919805,27.77741692234969,28.227789834710077,1229212.11
2021-02-02,28.227789834710077,28.48393585020139,27.364394804540787,27.61498003080834,1638615.48
2021-02-03,27.61498003080834,28.343471800666734,27.332905189553937,28.056883114318406,1361933.14
2021-02-04,28.056883114318406,28.184282742624678,27.469168571907172,27.594468485444636,1682452.26
2021-02-05,27.594468485444636,28.12436418821601,26.32054200720101,26.835870374518088,2278050.0
2021-02-06,26.835870374518088,27.340852683937637,26.49752311737095,27.000430647172365,1667586.51
2021-02-07,27.000430647172365,27.23917831858473,26.671601409007714,26.909545440218572,1465846.32
2021-02-08,26.909545440218572,27.06107597114765,26.657431989420928,26.808392919678884,1934221.21
2021-02-09,26.808392919678884,27.35683925348287,26.55847954161984,27.10416859347827,1555155.08
2021-02-10,27.10416859347827,27.24025989428482,26.83162389382543,26.967026598246445,1977096.9
2021-02-11,26.967026598246445,27.408345625491886,25.78638016105927,26.21539869631979,1876972.33
2021-02-12,26.21539869631979,26.60855125690297,25.683254039575957,26.074290397787774,1328446.56
2021-02-13,26.074290397787774,26.603804201596674,25.671794070250108,26.199376972539024,1244850.12
2021-02-14,26.199376972539024,26.654634861766166,25.824153289648823,26.27828112503063,1575284.09
2021-02-15,26.27828112503063,26.753739534805298,25.730908368146398,26.205041640687284,1914347.65
2021-02-16,26.205041640687284,27.39760583148294,26.06665789798633,27.25368440969256,2661992.24
2021-02-17,27.25368440969256,28.32125601672932,26.94178958036816,28.000810970572342,1300835.27
2021-02-18,28.000810970572342,28.3677419997905,27.103777990120697,27.463670165042267,1340849.82
2021-02-19,27.463670165042267,28.003916163979063,26.334806842364006,26.86324163362921,2199389.63
2021-02-20,26.86324163362921,27.684721684708318,26.634185833766402,27.450657147175566,1806365.09
2021-02-21,27.450657147175566,28.12755294121661,27.25899936015046,27.932530760043388,1645082.07
2021-02-22,27.932530760043388,28.702186454439705,27.846945844667992,28.614511957437497,2034808.06
2021-02-23,28.614511957437497,29.17143860677713,27.85930154142405,28.412292374028933,2345559.04
2021-02-24,28.412292374028933,28.59874901702769,28.155723163094503,28.34171665048738,2229010.55
2021-02-25,28.34171665048738,28.4551398069412,27.42856856677446,27.538778375401794,1442617.17
2021-02-26,27.538778375401794,28.1071645690124,27.0391799523165,27.6063404593644,1918981.03
2021-02-27,27.6063404593644,28.124415615822848,26.81205023167319,27.324842651690417,2281301.11
2021-02-28,27.324842651690417,27.64572226341644,26.66713019819202,26.984007331047643,1599503.3
2021-03-01,26.984007331047643,27.58324101893647,26.798252704942946,27.394659513132016,1887978.13
2021-03-02,27.394659513132016,27.693158281961033,27.030800535185524,27.328579277951214,1485177.09
2021-03-03,27.328579277951214,27.81082944400142,27.2192073110221,27.69997112622567,1355214.75
2021-03-04,27.69997112622567,27.82179763200848,27.53306115407773,27.654688503562994,1907860.22
2021-03-05,27.654688503562994,28.201690962712384,27.36062978391893,27.904970931933807,2167129.19
2021-03-06,27.904970931933807,28.384676318519833,26.850448759397928,27.320099814584164,2082653.26
2021-03-07,27.320099814584164,27.445739183322317,26.765487268184263,26.889144765674985,1232043.17
2021-03-08,26.889144765674985,27.458989014704432,26.52368797176288,27.09079159059453,2390632.08
2021-03-09,27.09079159059453,28.070924344833195,26.874203234734523,27.848279940161653,1991748.96
2021-03-10,27.848279940161653,28.147398652714912,27.764550327709884,28.063023385110984,2283944.98
2021-03-11,28.063023385110984,28.25674774351917,27.879617335940626,28.073274696842603,1366312.41
2021-03-12,28.073274696842603,28.86267339711,27.982180541380526,28.769320662267077,2128344.18
2021-03-13,28.769320662267077,28.92414566435509,28.516695655844583,28.67099148956789,2024438.05
2021-03-14,28.67099148956789,28.885818363255627,28.093960921776933,28.30605337611151,1257888.19
2021-03-15,28.30605337611151,28.457530261241022,28.161025345591437,28.31246935799215,1927676.65
2021-03-16,28.31246935799215,28.751615275257592,28.04998611996965,28.48750925266775,1334600.5
2021-03-17,28.48750925266775,28.546092790657138,27.85398051840414,27.911379265800814,1733990.85
2021-03-18,27.911379265800814,28.043661646115236,27.84099265117626,27.97311933604869,3083970.78
2021-03-19,27.97311933604869,28.41442868573475,26.77526488894241,27.20444752319944,1857463.62
2021-03-20,27.20444752319944,27.63928827653281,26.642456152982895,27.075231494205145,1679359.85
2021-03-21,27.075231494205145,27.316243369302438,26.769187292223464,27.009615078673242,1192215.16
2021-03-22,27.009615078673242,27.541483241175047,26.46694208599267,26.998593207928614,1857875.54
2021-03-23,26.998593207928614,27.185329126973883,25.976393663567954,26.157310848527736,1663780.52
2021-03-24,26.157310848527736,26.60796862329188,25.753062960365206,26.20301440991574,1045494.24
2021-03-25,26.20301440991574,26.845397302876364,25.94166471516591,26.580284702294065,1315696.74
2021-03-26,26.580284702294065,27.41946961272758,26.36354321859303,27.197693640837684,2159154.81
2021-03-27,27.197693640837684,28.04995323770981,27.00214298629443,27.84971457096428,2386932.57
2021-03-28,27.84971457096428,28.035395260974592,27.678798845596656,27.8643894746549,1760615.8
2021-03-29,27.8643894746549,29.41527371353464,27.47628139275525,29.01119243057336,2225642.64
2021-03-30,29.01119243057336,29.084703011908648,28.586265170141,28.6588830454017,1743270.43
2021-03-31,28.6588830454017,29.182881768618138,27.807520412372313,28.325422139816357,1431017.63
2021-04-01,28.325422139816357,28.523451267593583,28.139040017639985,28.33699300875462,2997257.41
2021-04-02,28.33699300875462,29.029407782536403,28.034900153208934,28.723197705392906,1214642.47
2021-04-03,28.723197705392906,29.29012236464965,28.463739464309214,29.027911625789404,1921876.06
2021-04-04,29.027911625789404,29.58175983010611,27.40374907062568,27.936778620699172,1469321.09
2021-04-05,27.936778620699172,28.077322149049802,27.36785295311214,27.506230492539064,1641173.65
2021-04-06,27.506230492539064,28.092794772283078,27.270400216836826,27.853982969809547,2572122.22
2021-04-07,27.853982969809547,28.241460826211327,27.07641457125429,27.45838930862246,1748442.47
2021-04-08,27.45838930862246,27.6529588466273,27.210055602324783,27.40424144980225,1594545.83
2021-04-09,27.40424144980225,27.89295143581591,27.08077415947162,27.56755644898787,1508272.04
2021-04-10,27.56755644898787,27.85698120380235,27.49906897075323,27.787946200134584,1989745.52
2021-04-11,27.787946200134584,28.695988708355486,27.2811250318185,28.181980788312632,1364505.73
2021-04-12,28.181980788312632,29.264389792022065,27.700273095612552,28.77258701184851,1770232.17
2021-04-13,28.77258701184851,29.19592477683069,28.650710132699718,29.07277633534769,1671694.6
2021-04-14,29.07277633534769,29.512453877623596,28.07168321936638,28.50273990570818,1421638.54
2021-04-15,28.50273990570818,28.86782048669061,28.414338204554344,28.778563314846366,1208579.43
2021-04-16,28.778563314846366,29.83655902955398,28.243077560922313,29.29152847887986,1743689.23
2021-04-17,29.29152847887986,29.63401406441366,29.169683153816013,29.51125473388963,1575179.46
2021-04-18,29.51125473388963,30.3937798110113,29.2616010044209,30.138817147764218,1828314.09
2021-04-19,30.138817147764218,30.786295446665864,29.613302099553806,30.25869023314035,1005427.07
2021-04-20,30.25869023314035,30.43188617667478,30.02701462112347,30.199873909349435,1541366.01
2021-04-21,30.199873909349435,30.76476763491473,29.233826051009967,29.791073088398537,2139625.74
2021-04-22,29.791073088398537,31.225798122609294,29.373742047155737,30.79441171807695,1144660.71
2021-04-23,30.79441171807695,31.11916273302758,29.96065638989175,30.27998234714489,2762235.28
2021-04-24,30.27998234714489,30.40844144675544,30.152657052914673,30.281111404913055,1892803.66
2021-04-25,30.281111404913055,30.699628371754834,29.693862702427595,30.11001493520857,1668267.2
2021-04-26,30.11001493520857,30.489317431210555,29.097335636428355,29.468557552367052,1775473.04
2021-04-27,29.468557552367052,30.18684108761807,29.18561406811899,29.899757421309552,1396389.28
2021-04-28,29.899757421309552,30.425532339957964,29.622784371423972,30.146275695682515,2464101.11
2021-04-29,30.146275695682515,30.650878423871955,29.76628305176266,30.269334626864733,1806940.88
2021-04-30,30.269334626864733,30.553922716266754,29.684464317908443,29.966202400123056,1756804.5
2021-05-01,29.966202400123056,30.677300567722888,29.537756801506283,30.244870673939296,2220292.56
2021-05-02,30.244870673939296,30.542802495110482,29.823753779471513,30.120460074607838,1903663.08
2021-05-03,30.120460074607838,30.956085859491125,29.529043290329824,30.359966357027133,1457917.26
2021-05-04,30.359966357027133,31.451431397646097,29.99647111414023,31.07932340265831,1713450.98
2021-05-05,31.07932340265831,31.220244239574807,29.739115329055238,29.874573551645152,1991330.49
2021-05-06,29.874573551645152,30.957721106215875,29.294248936311185,30.367815091949172,1753361.25
2021-05-07,30.367815091949172,32.18688270991261,29.768329459927717,31.56378759755054,1233760.68
2021-05-08,31.56378759755054,33.10640555300092,30.936501650338172,32.46128314236639,2451676.14
2021-05-09,32.46128314236639,33.121354166113605,32.21780471172391,32.874774312133724,1798207.05
2021-05-10,32.874774312133724,33.812060933953575,32.605903184417436,33.537767420579414,1564889.07
2021-05-11,33.537767420579414,33.608572549011576,33.01255323511305,33.08239698284495,2032459.61
2021-05-12,33.08239698284495,33.81268361916978,32.487582110056856,33.21547601208588,1526467.41
2021-05-13,33.21547601208588,33.70627152782555,32.648890209227694,33.138549043646414,1177561.05
2021-05-14,33.138549043646414,33.372799324871394,32.65957483400321,32.89208289153066,1724904.84
2021-05-15,32.89208289153066,33.606808971544034,32.71578744847864,33.42764302584034,2041076.72
2021-05-16,33.42764302584034,34.02998193872359,32.724042162685954,33.324522935494315,1613421.33
2021-05-17,33.324522935494315,33.6039935593126,32.06927511442701,32.34049333605658,1629108.63
2021-05-18,32.34049333605658,32.97039392964264,31.948092821488412,32.5751462744079,1647497.79
2021-05-19,32.5751462744079,32.73297072504669,32.40645964321404,32.56423121108577,1681926.11
2021-05-20,32.56423121108577,33.10655302367761,32.395930235383624,32.93632894372487,1790149.8
2021-05-21,32.93632894372487,33.23205472875408,32.42805196850987,32.72185202725054,2106426.29
2021-05-22,32.72185202725054,32.934921768584374,31.616229118381003,31.82344886906121,2074146.7
2021-05-23,31.82344886906121,32.014612242647665,31.139685168854307,31.32787161115706,2867798.03
2021-05-24,31.32787161115706,31.620285423246624,30.58143338009252,30.869569407333742,2668107.76
2021-05-25,30.869569407333742,31.047627678019346,30.18745488390317,30.362588848115482,1391079.67
2021-05-26,30.362588848115482,30.93935823780912,29.518508880453997,30.090102096998244,1629293.5
2021-05-27,30.090102096998244,30.831683840859768,29.713708132904518,30.450778216620094,2066006.73
2021-05-28,30.450778216620094,30.535611886321746,29.696360897650035,29.77932394422478,1102072.51
2021-05-29,29.77932394422478,30.392754415260654,29.60170642548516,30.212552920606225,1865752.93
2021-05-30,30.212552920606225,30.516998992384703,29.30158506684882,29.599857121164245,1392249.87
2021-05-31,29.599857121164245,29.888277896771697,29.13407774248915,29.420753332181643,1701658.42
2021-06-01,29.420753332181643,29.843579660990937,28.984495714721508,29.40712619841157,1729552.64
2021-06-02,29.40712619841157,29.874903279528045,28.80227745459999,29.267838902530677,1107797.59
2021-06-03,29.267838902530677,29.930749661298012,28.90883418234409,29.56806234489115,3156322.81
2021-06-04,29.56806234489115,29.816885044157424,29.27107647675235,29.519490431118378,1506351.48
2021-06-05,29.519490431118378,29.678217233380185,29.28947791050928,29.447819336073696,2470317.35
2021-06-06,29.447819336073696,29.526370319203803,28.261604904963548,28.33719333377427,1145750.68
2021-06-07,28.33719333377427,28.613331062099416,28.24978244478643,28.52533980334906,1463359.34
2021-06-08,28.52533980334906,29.687776390852495,28.25754133656377,29.41165709725047,2096432.93
2021-06-09,29.41165709725047,29.471204251926352,29.122096941893684,29.181177465047817,1616389.3
2021-06-10,29.181177465047817,29.73774774049842,28.944990791322187,29.498988765024382,2096705.28
2021-06-11,29.498988765024382,29.56202063025039,29.0484324527553,29.110634503316174,2011679.97
2021-06-12,29.110634503316174,30.100935672201754,28.601201702309442,29.58323246056269,1394958.91
2021-06-13,29.58323246056269,30.009895499157967,29.411628543867323,29.836820589856494,2330792.66
2021-06-14,29.836820589856494,30.2528966988696,29.249622967514107,29.663279029900558,1981307.6
2021-06-15,29.663279029900558,30.198935213004823,28.927269139971944,29.459240823917707,1194876.86
2021-06-16,29.459240823917707,30.30903802397799,28.928614665884336,29.77276460835964,1760111.32
2021-06-17,29.77276460835964,30.296815691379866,29.272301948380214,29.795963078758952,2018500.87
2021-06-18,29.795963078758952,30.195247257772436,28.818461861519296,29.209892333105927,1672192.4
2021-06-19,29.209892333105927,29.385133433021768,28.326860193276307,28.497829360343747,1735325.24
2021-06-20,28.497829360343747,29.051883624196766,28.22306139023698,28.774448570297388,1935975.59
2021-06-21,28.774448570297388,29.043922328531206,28.15743879754244,28.423627099936635,1139265.43
2021-06-22,28.423627099936635,28.802234579556366,28.064809731364573,28.443170496860436,1630426.99
2021-06-23,28.443170496860436,28.97755666625524,28.187286007942117,28.719189020305897,1561056.39
2021-06-24,28.719189020305897,28.824632089886794,28.064089145468174,28.167506702525753,2070642.71
2021-06-25,28.167506702525753,28.245829676434415,27.633884824327804,27.710938257457144,1488823.66
2021-06-26,27.710938257457144,28.71883026818592,27.452534592082383,28.453502216240697,2789297.09
2021-06-27,28.453502216240697,28.956340388414283,27.76749357304711,28.26703647092243,1480166.93
2021-06-28,28.26703647092243,29.16395633600541,27.851658744552914,28.741604933105243,1292934.21
2021-06-29,28.741604933105243,30.163087328309466,28.52595773852474,29.93846017330335,2328837.53
2021-06-30,29.93846017330335,30.62432573983682,29.374727891070897,30.05833622723655,1987844.65
2021-07-01,30.05833622723655,30.473555160445862,29.234731538613772,29.644230105236172,1884521.1
2021-07-02,29.644230105236172,30.216839099792654,29.137305281323425,29.70880994217476,1610111.54
2021-07-03,29.70880994217476,30.208947060317072,29.122683911359232,29.621348650142316,1565963.19
2021-07-04,29.621348650142316,30.048477874228293,29.23038512114058,29.6570432229853,1918212.78
2021-07-05,29.6570432229853,30.575118392559308,29.096139524385922,30.007584898771533,1483862.5
2021-07-06,30.007584898771533,30.725924784346553,29.70455452957229,30.418742358352464,2668234.68
2021-07-07,30.418742358352464,30.909673437183113,28.973266289096973,29.44853916300362,1814761.72
2021-07-08,29.44853916300362,30.196290595815885,29.28163872789545,30.026116723420767,1597970.86
2021-07-09,30.026116723420767,30.735106485432873,29.456808045223937,30.163198671837463,1541778.08
2021-07-10,30.163198671837463,30.620021360985373,29.434574574701585,29.8872175197372,1261055.35
2021-07-11,29.8872175197372,30.457046559133442,29.681512128042478,30.248852137117666,2040216.88
2021-07-12,30.248852137117666,30.629105216092825,29.367178209778288,29.74104776801711,1403011.12
2021-07-13,29.74104776801711,29.812346303688038,29.19373122408264,29.263885854334063,1646115.16
2021-07-14,29.263885854334063,30.11628789287082,28.927956729996886,29.774497303050296,3213916.48
2021-07-15,29.774497303050296,30.27845579528041,29.306926349439884,29.810322255937187,1082973.41
2021-07-16,29.810322255937187,30.84388556493244,29.554912551361262,30.58186541154122,1658300.33
2021-07-17,30.58186541154122,31.050085226983413,29.78365995377967,30.246749011603942,1207452.65
2021-07-18,30.246749011603942,30.853707187588572,29.78883028389148,30.393565737418687,1486337.48
2021-07-19,30.393565737418687,31.16441007848744,29.82157025795423,30.588741465210305,1640560.68
2021-07-20,30.588741465210305,31.388311066530147,29.998799350683303,30.79440252146078,1227164.38
2021-07-21,30.79440252146078,31.288557402175464,30.61737741125898,31.10971965571934,1883081.39
2021-07-22,31.10971965571934,31.591572247988854,30.86619634743254,31.346197815856144,2454033.54
2021-07-23,31.346197815856144,31.549212917181276,31.156623455900455,31.359557759459538,1847518.29
2021-07-24,31.359557759459538,31.641972399744926,30.11678720017474,30.39047457198599,2097382.96
2021-07-25,30.39047457198599,30.90668486766716,30.308121366627663,30.823159157993956,2551517.65
2021-07-26,30.823159157993956,31.151804972680512,29.345639358161556,29.661903515119402,1978652.2
2021-07-27,29.661903515119402,30.194317339813256,28.55544667388426,29.077368435681596,943414.07
2021-07-28,29.077368435681596,29.51534191921489,28.317041282599718,28.750085110327863,1777838.39
2021-07-29,28.750085110327863,29.533028600222753,28.400146223064965,29.177882667466104,909408.8
2021-07-30,29.177882667466104,29.36744408449528,28.887302955671796,29.076203790429368,1419133.68
2021-07-31,29.076203790429368,30.170966488051175,28.888880963030307,29.977834921179095,1168694.34
2021-08-01,29.977834921179095,30.08227535044902,29.212036957323072,29.314165213303426,1820036.87
2021-08-02,29.314165213303426,29.41644899956356,28.698571936567536,28.79905839805281,1358403.66
2021-08-03,28.79905839805281,29.252819534184322,27.332050979219886,27.769591725063332,1832579.65
2021-08-04,27.769591725063332,28.29594923378805,26.74406053766275,27.26077367700598,2066661.96
2021-08-05,27.26077367700598,27.730763588981667,26.520227636954797,26.985471190931634,1337837.25
2021-08-06,26.985471190931634,28.159230383995776,26.47633191110065,27.63778381563839,1810207.66
2021-08-07,27.63778381563839,28.212287697678647,27.541162869102234,28.114001905548804,883277.51
2021-08-08,28.114001905548804,28.46340443049891,27.877773822349287,28.226233322094565,1170569.16
2021-08-09,28.226233322094565,28.403383608994087,27.910992139168535,28.087270281983393,2333870.76
2021-08-10,28.087270281983393,28.54807448026663,27.981756902993396,28.44123140161595,1363606.14
2021-08-11,28.44123140161595,29.219631429653393,28.263374627956782,29.038042507540986,1490854.17
2021-08-12,29.038042507540986,29.431257627081884,28.34905394981085,28.738208909160193,1385663.97
2021-08-13,28.738208909160193,29.045781356068957,28.18254659516863,28.48743512019006,1102212.62
2021-08-14,28.48743512019006,29.010572056207234,27.772395263105818,28.291942210721402,1312777.24
2021-08-15,28.291942210721402,28.416041245827714,27.389281829574784,27.509950757831515,1697543.71
2021-08-16,27.509950757831515,28.460230105022145,27.11662935145632,28.059057881750487,1543893.46
2021-08-17,28.059057881750487,28.412050896911982,27.448176893435136,27.797884250613233,2223189.8
2021-08-18,27.797884250613233,28.224051246689946,27.246640519897863,27.67086011984359,1456425.6
2021-08-19,27.67086011984359,28.631151603071746,27.38226483252681,28.335623120747208,1694897.4
2021-08-20,28.335623120747208,28.41023590113712,28.017867531935046,28.091838383365246,1483828.32
2021-08-21,28.091838383365246,28.937875146491812,27.837478558166904,28.678206008157442,2147096.02
2021-08-22,28.678206008157442,28.844705214786625,27.71748603700876,27.879347249564088,1188098.36
2021-08-23,27.879347249564088,28.350261831104753,27.668761409394406,28.137724347029515,1915638.3
2021-08-24,28.137724347029515,28.307699210484458,27.769512877422727,27.93828295176576,1881100.03
2021-08-25,27.93828295176576,28.31305190289054,26.869191759255514,27.2345203168898,1384454.4
2021-08-26,27.2345203168898,27.741384059723554,26.242726319262236,26.740393836333467,1658310.16
2021-08-27,26.740393836333467,26.929112773015188,26.61604185387459,26.804462847727578,1872674.97
2021-08-28,26.804462847727578,27.045472078538708,26.155900804599735,26.393212323839627,1430010.84
2021-08-29,26.393212323839627,26.750633972175468,26.20457762034173,26.560801493547007,1422565.25
2021-08-30,26.560801493547007,26.66904684326901,26.137572033195536,26.24452845019487,1250065.75
2021-08-31,26.24452845019487,26.485652831124334,25.33191795132907,25.566815775379336,2818528.9
2021-09-01,25.566815775379336,26.39941406773648,25.149380188214316,25.97530891425635,1512699.83
2021-09-02,25.97530891425635,26.284108490142827,25.794773035925388,26.10268729537572,1251228.11
2021-09-03,26.10268729537572,26.277062563619868,25.1836391433135,25.3530062747482,1092645.5
2021-09-04,25.3530062747482,26.105339137376912,24.878804292371843,25.62603051654925,1390876.39
2021-09-05,25.62603051654925,26.030005568775675,25.276600539186855,25.679841834093384,1817311.42
2021-09-06,25.679841834093384,25.862186827592584,25.32247381637342,25.503567135152817,1594823.88
2021-09-07,25.503567135152817,25.569118242831905,25.279661230984583,25.344804274909603,1855740.44
2021-09-08,25.344804274909603,26.41896384783926,24.842020776656778,25.905066025721283,2032871.9
2021-09-09,25.905066025721283,26.552152266539874,25.398147482613663,26.04254352024327,1637055.34
2021-09-10,26.04254352024327,27.01332413147322,25.676886435244548,26.639288296707576,1646645.69
2021-09-11,26.639288296707576,26.96292720655467,26.526078147068365,26.848826572930218,2514459.6
2021-09-12,26.848826572930218,27.359483474216336,26.445358565269583,26.95442854369214,2043755.15
2021-09-13,26.95442854369214,27.22806325132971,26.357977887820827,26.6283018376092,1871526.05
2021-09-14,26.6283018376092,26.775548179417044,26.552592215238946,26.699635740401717,1560267.06
2021-09-15,26.699635740401717,27.26732567860184,26.583041781120656,27.14877040459507,2012717.57
2021-09-16,27.14877040459507,27.262381551220756,27.07419272924209,27.187696944657848,1856526.75
2021-09-17,27.187696944657848,28.172912794107134,27.07705349649772,28.058724599096028,1839126.71
2021-09-18,28.058724599096028,28.871913870047354,27.722488093431213,28.530029568966466,2033856.49
2021-09-19,28.530029568966466,28.96494973459456,27.557303434700515,27.983898213244405,1844386.47
2021-09-20,27.983898213244405,28.53266457575887,27.223244717674127,27.76777284536241,1162783.6
2021-09-21,27.76777284536241,28.62962725804146,27.22026702575715,28.076043176373908,1723395.82
2021-09-22,28.076043176373908,28.542820840974557,26.936706377648335,27.39211338185243,1286419.54
2021-09-23,27.39211338185243,27.471022110711065,27.264775165071917,27.343543979578513,1991627.63
2021-09-24,27.343543979578513,27.620857316714805,26.66277742516596,26.93595708888687,1148570.81
2021-09-25,26.93595708888687,27.03458376201595,26.85828433386196,26.95685075782952,1686848.19
2021-09-26,26.95685075782952,27.319802942771517,26.200891924669882,26.55848037472072,1724758.04
2021-09-27,26.55848037472072,27.149552447095854,26.430596285001723,27.019448707952158,1276195.58
2021-09-28,27.019448707952158,27.393003692829446,26.42968447284866,26.80020836993291,1665887.51
2021-09-29,26.80020836993291,27.271522324324355,26.62452658294001,27.093915218568696,2059698.74
2021-09-30,27.093915218568696,27.46612018611333,26.0849060866892,26.448241050364622,1479141.58
2021-10-01,26.448241050364622,26.849160666998653,25.921845381127557,26.320833673996326,1827605.73
2021-10-02,26.320833673996326,26.51011375123857,25.597539643143953,25.782951668606827,1930032.81
2021-10-03,25.782951668606827,26.81194858734367,25.271166723857483,26.29009693968632,1301842.55
2021-10-04,26.29009693968632,26.451654939919987,25.80524333043174,25.96480232902973,1717652.33
2021-10-05,25.96480232902973,26.06229410148414,25.833680104144396,25.931045126181175,1612709.59
2021-10-06,25.931045126181175,26.408888824916424,25.606588261023106,26.08253645567714,1693704.58
2021-10-07,26.08253645567714,26.327697542879218,25.529252241101453,25.771489664432032,1138380.58
2021-10-08,25.771489664432032,26.208187287663183,24.84898864167063,25.277312436942683,1195766.32
2021-10-09,25.277312436942683,25.64267571217565,24.99199468266233,25.356464528380904,2306302.6
2021-10-10,25.356464528380904,25.52364953434015,24.414570937830575,24.576614087341873,2053818.9
2021-10-11,24.576614087341873,25.40776655391404,24.295520933819784,25.120453280996742,1796165.01
2021-10-12,25.120453280996742,25.561139835869422,24.627922979944902,25.067683803138316,2129816.65
2021-10-13,25.067683803138316,25.2246725427873,24.324699796024085,24.47799555728587,1220369.78
2021-10-14,24.47799555728587,24.580311671066347,24.2740215510713,24.37591095918751,1606216.42
2021-10-15,24.37591095918751,25.0442860653498,23.944090552544257,24.60834802517395,1568894.97
2021-10-16,24.60834802517395,25.039256012139685,23.861758644770347,24.2870403274808,1402255.55
2021-10-17,24.2870403274808,24.70739583661338,23.129001959266027,23.536364920159585,1280444.21
2021-10-18,23.536364920159585,23.699568466467063,23.329102614139998,23.491998519315157,2362381.83
2021-10-19,23.491998519315157,24.175111735250688,23.108380048785037,23.786681170599056,1452499.06
2021-10-20,23.786681170599056,24.0377687008031,23.62907085461431,23.879543082700152,1902726.84
2021-10-21,23.879543082700152,24.35556855564331,23.564957037315427,24.03888338154782,1847235.37
2021-10-22,24.03888338154782,24.51990071664714,23.93834608409237,24.417778773262146,2207772.73
2021-10-23,24.417778773262146,25.29525425846071,24.184574832195395,25.055955361060988,2042494.08
2021-10-24,25.055955361060988,25.515312750352408,23.547490714678673,23.987255346823066,1574194.73
2021-10-25,23.987255346823066,24.043835491161847,23.424457021975797,23.479840296711956,1239065.55
2021-10-26,23.479840296711956,23.658853284788613,23.367900070386618,23.546594806090447,2124876.92
2021-10-27,23.546594806090447,23.9748842842265,23.22858664244451,23.655406565090793,2307371.29
2021-10-28,23.655406565090793,24.04120360140697,22.69469800216684,23.070963328772333,3146898.75
2021-10-29,23.070963328772333,23.298607771859366,22.557820543495275,22.78261986099284,2170877.18
2021-10-30,22.78261986099284,23.799337658350815,22.424369266759175,23.430893140459045,1449070.87
2021-10-31,23.430893140459045,23.888232195239073,22.844571814605743,23.299343193974472,1496885.45
2021-11-01,23.299343193974472,23.721151852443178,22.961068110228894,23.381681329857145,1011594.2
2021-11-02,23.381681329857145,24.313903703367398,23.148527007146217,24.073847332286924,1387772.75
2021-11-03,24.073847332286924,24.435185064927914,23.75262608831393,24.113435588441313,1237896.65
2021-11-04,24.113435588441313,24.609917499594896,23.9321645337059,24.426294549640243,1969234.85
2021-11-05,24.426294549640243,24.748266860421488,24.33539361493099,24.656509196235046,2159787.36
2021-11-06,24.656509196235046,24.770232603756547,24.412172915211023,24.52529110451611,2989688.68
2021-11-07,24.52529110451611,24.767515792997663,24.131449297526597,24.37216159837679,3678373.44
2021-11-08,24.37216159837679,25.023198252738272,24.199144498970867,24.846811629815083,1809100.15
2021-11-09,24.846811629815083,24.916465491886317,24.77676634769216,24.846419109398354,1469510.12
2021-11-10,24.846419109398354,25.06512882030399,24.23062802890189,24.445811404891682,1541674.18
2021-11-11,24.445811404891682,25.313257934446348,24.02188980642715,24.881776150364978,1429810.63
2021-11-12,24.881776150364978,24.967938083541483,23.675930783199917,23.75820194406592,3054309.6
2021-11-13,23.75820194406592,24.821860650712072,23.324930967712216,24.377299385904927,850497.62
2021-11-14,24.377299385904927,24.49596884042828,24.18808898032614,24.30641335945954,2548972.99
2021-11-15,24.30641335945954,24.561836100676047,24.056993357392784,24.312355127222613,1346211.37
2021-11-16,24.312355127222613,24.78718361313672,23.873741962452183,24.347928674823024,1541603.33
2021-11-17,24.347928674823024,24.966589311566395,24.265375200390235,24.882224267937115,891871.39
2021-11-18,24.882224267937115,25.268197331826187,24.570457560774322,24.95551234730472,2213063.42
2021-11-19,24.95551234730472,25.343205851294492,24.561599533471554,24.94919489337939,2072830.2
2021-11-20,24.94919489337939,25.257861469606908,24.26548223235712,24.569450687285002,1293419.26
2021-11-21,24.569450687285002,24.636681553207904,24.22291717924599,24.289381675483988,2242321.45
2021-11-22,24.289381675483988,24.836887437998108,24.00211561463912,24.546579545135465,2136945.2
2021-11-23,24.546579545135465,24.753037711952064,24.432233821301004,24.638264888815687,1488955.24
2021-11-24,24.638264888815687,25.56018587000312,24.40943125408701,25.32497426172339,1017677.47
2021-11-25,25.32497426172339,25.477810559949628,24.844366897055668,24.995213085560863,1609396.44
2021-11-26,24.995213085560863,25.38552953548628,24.151281351688407,24.534401936909166,2205700.17
2021-11-27,24.534401936909166,25.064432343715545,24.128863234116164,24.65686932960266,1352408.94
2021-11-28,24.65686932960266,24.797860886943504,24.484736640045163,24.625549103789222,2227657.0
2021-11-29,24.625549103789222,24.959025496673824,23.826957865698855,24.154049261193478,1370905.28
2021-11-30,24.154049261193478,24.55332691832581,23.558264449626126,23.954239152828176,1661948.56
2021-12-01,23.954239152828176,24.47111030607005,23.718397689430738,24.232528940546505,1414109.78
2021-12-02,24.232528940546505,24.681025254691573,23.282616492208483,23.72165758521545,1767827.38
2021-12-03,23.72165758521545,23.86218450938064,23.152518942371355,23.290491642680493,2087439.95
2021-12-04,23.290491642680493,23.390066368640472,22.92112173170928,23.019538039409678,2555671.96
2021-12-05,23.019538039409678,23.129023036008384,22.651076003505445,22.759323373101957,1790898.88
2021-12-06,22.759323373101957,23.48168240753126,22.339856841322856,23.056734430512353,1151357.56
2021-12-07,23.056734430512353,23.360252324812787,22.551746543541412,22.8525769168119,1991019.75
2021-12-08,22.8525769168119,23.5645249936918,22.758866047753905,23.46828929157281,1578020.34
2021-12-09,23.46828929157281,23.67954850927883,22.86936263202724,23.077100406099532,1569570.45
2021-12-10,23.077100406099532,23.391250126270116,22.903691161913624,23.216791197585504,1745566.4
2021-12-11,23.216791197585504,23.62972192491446,22.791637800371532,23.20434720044004,1955074.29
2021-12-12,23.20434720044004,23.4027515706144,23.0098503258681,23.20822221599004,1533014.08
2021-12-13,23.20822221599004,23.29039120449819,22.22301866205313,22.30197908591346,1965737.55
2021-12-14,22.30197908591346,22.350989039578373,21.862730974646627,21.91088146753987,1881020.3
2021-12-15,21.91088146753987,22.17999579752946,21.585535334067398,21.85395042429425,1966098.99
2021-12-16,21.85395042429425,21.95706570726775,21.069125005847244,21.169008471142547,2118250.82
2021-12-17,21.169008471142547,21.589607915719252,19.789539906141474,20.19070172449075,979276.09
2021-12-18,20.19070172449075,20.560621853104706,19.429867673719816,19.792492079525775,1541009.54
2021-12-19,19.792492079525775,20.129427431685407,19.567732950612257,19.903408757694546,1636322.72
2021-12-20,19.903408757694546,20.353111512973012,19.613023465921135,20.060435247645486,1597380.25
2021-12-21,20.060435247645486,20.172314357989848,19.558652813393987,19.66834519720542,1369010.91
2021-12-22,19.66834519720542,19.714855249263703,19.560079275359158,19.606442946169334,1444141.36
2021-12-23,19.606442946169334,19.792830101725478,19.557922884779302,19.743969702891413,1936602.06
2021-12-24,19.743969702891413,20.421599304499406,19.503034039641538,20.17539891060668,1907577.99
2021-12-25,20.17539891060668,20.707411728408832,20.07339454763109,20.603244231529118,1713887.56
2021-12-26,20.603244231529118,21.22344640410532,20.29696009903672,20.912563979728628,1322634.72
2021-12-27,20.912563979728628,21.21866029265771,20.429286718388486,20.732751118080092,2107528.21
2021-12-28,20.732751118080092,21.133332612524892,20.318252712997182,20.71856001846143,2069854.97
2021-12-29,20.71856001846143,21.074615534496367,20.38928200712405,20.744918608708822,2245060.77
2021-12-30,20.744918608708822,20.996866839127833,20.42342479722057,20.674518008295856,1398254.21
2021-12-31,20.674518008295856,20.84451962495645,20.053906708519282,20.220172349497766,4209649.13
2022-01-01,20.220172349497766,21.099192946195384,19.831167163534268,20.700938553869836,1796142.51
2022-01-02,20.700938553869836,20.96094468133229,20.59000701172508,20.849218541029483,1406739.25
2022-01-03,20.849218541029483,21.266386406016824,20.7325686497054,21.148064492897802,3081349.54
2022-01-04,21.148064492897802,21.66378096304873,20.86574754483859,21.37838928480158,2049371.64
2022-01-05,21.37838928480158,21.800893812126606,20.811412577660334,21.23100431219463,1788397.96
2022-01-06,21.23100431219463,21.305173079592684,20.650799565459412,20.723194340486675,1843212.0
2022-01-07,20.723194340486675,21.395375187495606,20.312500813096346,20.979600193300236,2342512.04
2022-01-08,20.979600193300236,21.409332999493834,20.789432014841726,21.21701281029626,1810645.79
2022-01-09,21.21701281029626,21.607279052396198,20.93053961829916,21.319423111278002,1104566.01
2022-01-10,21.319423111278002,22.39586736168885,21.01415522358429,22.079713058124632,1692363.31
2022-01-11,22.079713058124632,22.345258531830705,21.617135591584873,21.880282580284824,2128722.21
2022-01-12,21.880282580284824,22.285613658225017,21.368041787073945,21.77135498710982,1679811.84
2022-01-13,21.77135498710982,22.017758091066106,21.601186921158863,21.846998782249116,1328886.78
2022-01-14,21.846998782249116,22.17987489373654,21.343697317163937,21.673936531489776,1684616.7
2022-01-15,21.673936531489776,21.929280851284812,21.339610611821165,21.594013342986255,2110007.66
2022-01-16,21.594013342986255,22.308443278237434,21.252751267950238,21.961375575695637,2338774.42
2022-01-17,21.961375575695637,22.347270021114205,21.352445154914882,21.73435042653468,1288313.46
2022-01-18,21.73435042653468,21.930825278479443,21.33880686693451,21.533465755427912,1266523.8
2022-01-19,21.533465755427912,21.786326129469906,21.48630767105226,21.7387185434485,1675149.26
2022-01-20,21.7387185434485,22.090375635406463,20.936339310356022,21.28058539646861,1429624.48
2022-01-21,21.28058539646861,21.374219316679184,21.16123951253994,21.254759800925665,1471206.1
2022-01-22,21.254759800925665,21.4047314983579,21.06124999735574,21.21091231079187,1589534.44
2022-01-23,21.21091231079187,21.69478070205729,20.948991136324913,21.430152261419174,2058851.93
2022-01-24,21.430152261419174,21.83069767149657,21.31478652513288,21.713804937203342,1376672.81
2022-01-25,21.713804937203342,22.09149268088575,21.283291814930866,21.660044454167235,1270063.08
2022-01-26,21.660044454167235,21.81355131260094,21.479044341851136,21.632354962140383,1413210.61
2022-01-27,21.632354962140383,21.804015075125303,21.450911228126383,21.62249308374345,1164637.99
2022-01-28,21.62249308374345,21.947195983984226,21.194067240213933,21.517188796089062,1722496.14
2022-01-29,21.517188796089062,22.065346957989195,21.42927440228727,21.975559763510738,1747011.64
2022-01-30,21.975559763510738,22.465281895375043,21.670562258995194,22.157755704090754,2188304.55
2022-01-31,22.157755704090754,22.676701113073126,22.102523299461087,22.620315690030846,1304706.23
2022-02-01,22.620315690030846,22.946211897121756,21.982013440014608,22.30334294625289,1753013.36
2022-02-02,22.30334294625289,22.971627356214153,22.099317879097445,22.763393865242247,1848486.0
2022-02-03,22.763393865242247,23.169459794254823,22.404876346948427,22.810205012595233,1154459.45
2022-02-04,22.810205012595233,23.134998212306375,22.743459319331752,23.06749964074481,1795723.41
2022-02-05,23.06749964074481,23.491325376483115,21.955540768296405,22.366486591783033,1812493.95
2022-02-06,22.366486591783033,23.156853979025378,22.181817859430687,22.967225252332238,1646476.46
2022-02-07,22.967225252332238,23.342936900997945,22.76042250566666,23.134626827903343,1234038.89
2022-02-08,23.134626827903343,23.96914468223142,23.016793656911986,23.847679670615783,1667953.98
2022-02-09,23.847679670615783,24.389529797968077,23.744637947774564,24.284600216583677,1042452.65
2022-02-10,24.284600216583677,24.35696822619593,23.423820103809227,23.49383162624705,1843986.17
2022-02-11,23.49383162624705,24.178633304051715,23.40138899128704,24.083869012430014,2046307.96
2022-02-12,24.083869012430014,24.449213795828033,23.7953553312892,24.159790608857737,1609441.82
2022-02-13,24.159790608857737,24.784632760419303,23.79458016144333,24.41555604565523,2340781.64
2022-02-14,24.41555604565523,24.72856147697972,24.32185824431806,24.634025272202184,1428096.91
2022-02-15,24.634025272202184,24.74051039487021,24.4910984935679,24.59742540655888,1417119.13
2022-02-16,24.59742540655888,24.686809138760733,24.350524424871953,24.439333672999055,1585651.15
2022-02-17,24.439333672999055,24.990715388148292,24.17529805635485,24.723608546546085,2993738.4
2022-02-18,24.723608546546085,24.871639444461568,24.248738046839804,24.394800227664717,1583412.04
2022-02-19,24.394800227664717,24.5217930700739,24.281863170740557,24.408791240991178,2905081.46
2022-02-20,24.408791240991178,25.21228773267867,24.175147458834758,24.973240972196372,1683717.82
2022-02-21,24.973240972196372,25.289440888074438,24.176714891997843,24.486755143688903,1389343.46
2022-02-22,24.486755143688903,24.614115193456303,24.283690640678437,24.410654879183056,2770022.84
2022-02-23,24.410654879183056,25.27847345319083,24.020298232651268,24.880601772981368,1780339.83
2022-02-24,24.880601772981368,25.197310294665282,24.24275734977407,24.555325384622666,1579508.29
2022-02-25,24.555325384622666,24.9403854223422,23.436081498449948,23.809445145735992,2108286.69
2022-02-26,23.809445145735992,23.998327180622674,22.875687677269617,23.058613309382523,2322044.32
2022-02-27,23.058613309382523,23.267782013504394,22.678393353729774,22.885996218101965,1470075.2
2022-02-28,22.885996218101965,23.98500801542852,22.43625171823718,23.522750332480985,2129894.57
2022-03-01,23.522750332480985,23.8258933506554,22.93663959135773,23.236088331312036,1606370.01
2022-03-02,23.236088331312036,23.345981576905395,23.02103390537859,23.13042743610856,1330217.72
2022-03-03,23.13042743610856,23.497004030003225,22.78677954557911,23.15302047553667,1424446.74
2022-03-04,23.15302047553667,23.937788966023128,22.79675607194325,23.575030925820204,1268249.32
2022-03-05,23.575030925820204,24.370884272872573,23.118497713429402,23.907904916975884,1737432.8
2022-03-06,23.907904916975884,24.19129718185511,23.568487581489144,23.851207787143984,1739002.16
2022-03-07,23.851207787143984,24.390874357845433,23.55041726295731,24.087108856171568,2261857.56
2022-03-08,24.087108856171568,24.691843858740977,23.906603419145682,24.50818295112773,2112205.37
2022-03-09,24.50818295112773,24.802740679151302,23.57839424184663,23.865224411816204,1536738.59
2022-03-10,23.865224411816204,23.929641201721168,23.658452231151575,23.722483736765177,1619905.26
2022-03-11,23.722483736765177,24.121532933969192,22.876066371198505,23.26746138230326,1445395.18
2022-03-12,23.26746138230326,23.60497338253584,22.663798843998265,22.997393303944513,1747277.53
2022-03-13,22.997393303944513,23.576040797051828,22.66880971434998,23.24393465852315,1608707.18
2022-03-14,23.24393465852315,23.57525454888028,22.473271269683845,22.7982381863093,1721224.85
2022-03-15,22.7982381863093,23.811461600262497,22.663429867565107,23.671489656087264,2450210.05
2022-03-16,23.671489656087264,23.995604967910346,23.605331121077416,23.928727488786386,2482032.63
2022-03-17,23.928727488786386,24.20393679385451,23.43289555007777,23.70553790501125,1454291.88
2022-03-18,23.70553790501125,23.98343044364132,23.380396356538444,23.65772843989921,2064385.32
2022-03-19,23.65772843989921,24.06835315804967,22.768826862050783,23.171003547144657,2001666.54
2022-03-20,23.171003547144657,23.50029002127407,22.30425221494997,22.62579058907818,1481878.81
2022-03-21,22.62579058907818,22.804828064642546,22.30937384434718,22.487315569563062,2419676.91
2022-03-22,22.487315569563062,23.232728122858706,22.232603790070257,22.972520471543415,1174655.67
2022-03-23,22.972520471543415,23.23840792453775,22.196707637768213,22.45662402668615,2224480.76
2022-03-24,22.45662402668615,23.24774197877041,22.128625687870105,22.913076754658295,1651034.0
2022-03-25,22.913076754658295,23.269667301668743,22.491209284380062,22.846767882816565,1300556.26
2022-03-26,22.846767882816565,23.238662336129003,22.54735047888965,22.93804865567934,1623551.69
2022-03-27,22.93804865567934,23.36701427632967,22.53944143176576,22.967888508700653,2718612.99
2022-03-28,22.967888508700653,23.44119073471897,22.789975855392274,23.261007538158594,3184640.26
2022-03-29,23.261007538158594,24.07852936836367,22.8712692492581,23.68174167702035,1399285.21
2022-03-30,23.68174167702035,23.744160395355152,23.539941946925392,23.602150885283738,1683520.49
2022-03-31,23.602150885283738,24.206440730819075,23.2000493368265,23.800952272998195,1622772.97
2022-04-01,23.800952272998195,24.49546391668056,23.62078717331346,24.311434639404276,1691918.3
2022-04-02,24.311434639404276,24.994844408686827,23.958856325974896,24.637536775784692,2551975.28
2022-04-03,24.637536775784692,25.002281032257955,24.113380541918136,24.475729334288083,1541732.25
2022-04-04,24.475729334288083,24.690343250500003,24.187218644076964,24.401178869154318,1398144.68
2022-04-05,24.401178869154318,24.550680549665692,23.86930591828503,24.01645043615346,1521177.98
2022-04-06,24.01645043615346,25.123372939735912,23.642523372673853,24.73820837767861,1622224.8
2022-04-07,24.73820837767861,25.051647446201038,24.551904355688734,24.864393123955534,2060885.44
2022-04-08,24.864393123955534,25.058864007989182,24.11725807229591,24.307372352031962,1754280.38
2022-04-09,24.307372352031962,24.638140364031408,23.654810463296382,23.981139184419938,2007655.08
2022-04-10,23.981139184419938,24.327453896002304,23.578713627646998,23.924206162141008,2215067.15
2022-04-11,23.924206162141008,24.504906322434167,23.874126983532047,24.453718745283275,1584554.72
2022-04-12,24.453718745283275,24.72355138530056,24.111822644221434,24.38085123339851,1670536.43
2022-04-13,24.38085123339851,25.037936238485436,23.9707845504701,24.623783624397397,1922040.62
2022-04-14,24.623783624397397,24.8517730935527,24.11732075033439,24.342707762551633,1457269.25
2022-04-15,24.342707762551633,24.80604563938106,24.140196127845154,24.601382043927696,1718951.02
2022-04-16,24.601382043927696,25.46005141539103,24.277495744722053,25.129215986981762,2215030.92
2022-04-17,25.129215986981762,25.595112723379252,24.992101284570527,25.4562137947065,1752721.02
2022-04-18,25.4562137947065,25.931185988777756,24.007667118726758,24.464128591227144,2338403.21
2022-04-19,24.464128591227144,24.61578752851463,24.25514220286118,24.40644353681047,1353747.35
2022-04-20,24.40644353681047,24.760481429184896,23.64584333246195,23.99389685611343,1849955.69
2022-04-21,23.99389685611343,24.603390029605155,23.653721344052258,24.25944962065381,1964301.32
2022-04-22,24.25944962065381,24.650217262523604,23.89959248822486,24.28990831528927,1840052.78
2022-04-23,24.28990831528927,25.404162387211052,23.874354656562854,24.97685636727146,1581925.87
2022-04-24,24.97685636727146,25.261822613435406,24.561910348285668,24.845376512934727,1180460.26
2022-04-25,24.845376512934727,25.3318179185539,24.39176074980342,24.877613585383713,2248363.57
2022-04-26,24.877613585383713,25.201038400675618,24.50797382364683,24.830789901233832,1194710.42
2022-04-27,24.830789901233832,25.61080230445321,24.350624244606383,25.12494835566959,1217330.45
2022-04-28,25.12494835566959,25.216510520781846,24.644654746896514,24.73479508707634,1965886.74
2022-04-29,24.73479508707634,25.15980366867525,23.9212206487103,24.33943592409876,1550108.64
2022-04-30,24.33943592409876,24.6630701080314,23.80003008197011,24.12075655183717,1762166.58
2022-05-01,24.12075655183717,24.79138479476822,23.68706997653279,24.353513297824694,1233541.9
2022-05-02,24.353513297824694,24.97636889134138,24.15107039039504,24.77046004001688,1828522.93
2022-05-03,24.77046004001688,25.111202945930504,24.39567317425066,24.735941238898405,2095266.77
2022-05-04,24.735941238898405,25.258113142161992,24.457925221597257,24.977383469987256,1150648.82
2022-05-05,24.977383469987256,25.582221309883792,24.58544948874085,25.18699814842574,1810627.9
2022-05-06,25.18699814842574,25.535887378741332,24.817789340944437,25.16639315171939,2130178.14
2022-05-07,25.16639315171939,25.621216881656018,24.68183184572908,25.13610824680006,1217917.93
2022-05-08,25.13610824680006,25.6997164643719,24.89143913253004,25.45197279699419,1762658.03
2022-05-09,25.45197279699419,26.586221573746354,25.134356473345562,26.258540060609736,1722007.29
2022-05-10,26.258540060609736,27.14773716522944,25.804168120153623,26.68596908789419,1858582.6
2022-05-11,26.68596908789419,27.542492015828746,26.364909683529046,27.215067024076387,1588040.05
2022-05-12,27.215067024076387,28.406448389755404,26.951344573133582,28.13382290897369,1181146.1
2022-05-13,28.13382290897369,28.426780686729494,27.53045262957078,27.820144066419378,1539283.6
2022-05-14,27.820144066419378,28.58941676818077,27.377674428956706,28.141830815755263,1479512.25
2022-05-15,28.141830815755263,29.363164841265597,27.609502989092842,28.81804580503488,1671411.67
2022-05-16,28.81804580503488,29.429891678718413,28.654629408164013,29.263946743817232,2297699.34
2022-05-17,29.263946743817232,29.45410069519759,28.795858244592562,28.984194395561566,1172368.5
2022-05-18,28.984194395561566,29.14284156176527,28.45852810058791,28.615155303588182,2161480.05
2022-05-19,28.615155303588182,29.5454424245077,28.460791345351556,29.386915220803218,2645007.62
2022-05-20,29.386915220803218,29.68148251907026,29.29526610899479,29.589202532862767,2604850.61
2022-05-21,29.589202532862767,30.22616569709348,29.105194455668013,29.739695910753888,2659889.55
2022-05-22,29.739695910753888,29.9937875038632,29.49853620492374,29.752523776647813,1783874.89
2022-05-23,29.752523776647813,30.78812811217758,29.465597730384193,30.494050959527897,1730967.13
2022-05-24,30.494050959527897,31.528103094720958,29.95798754198465,30.983436630130015,1081738.96
2022-05-25,30.983436630130015,31.556192466777695,30.32250206745314,30.893597142858923,1610066.72
2022-05-26,30.893597142858923,31.727987079344796,30.528567708143257,31.35747658492186,2256434.32
2022-05-27,31.35747658492186,31.569933614029093,31.239788052952093,31.451890733948247,1191672.75
2022-05-28,31.451890733948247,32.229504753858066,31.130657524192596,31.903657434618673,1371107.59
2022-05-29,31.903657434618673,33.21879259644197,31.315284139601694,32.61725892749134,1747209.62
2022-05-30,32.61725892749134,33.888826986166784,32.02259578056347,33.28204378174605,1124223.87
2022-05-31,33.28204378174605,33.54336582395293,32.11258583360758,32.36672099687792,2681787.36
2022-06-01,32.36672099687792,33.2771544086786,31.736283907257725,32.641367765439355,1967092.46
2022-06-02,32.641367765439355,33.69962286911927,32.385523099164025,33.43753778259557,1852312.64
2022-06-03,33.43753778259557,33.99448240445432,32.50304913143834,33.05359876171027,2081135.73
2022-06-04,33.05359876171027,34.78548164862558,32.430459207364294,34.14182639529304,1561955.78
2022-06-05,34.14182639529304,34.64104762124613,33.99368230766245,34.49138676350428,1823252.27
2022-06-06,34.49138676350428,35.29038223770598,34.2409877367227,35.036029239837276,1331611.56
2022-06-07,35.036029239837276,36.019260070378344,34.61220664053976,35.588751322145136,952637.35
2022-06-08,35.588751322145136,35.896181787521165,34.523952111921105,34.82478310142617,1686260.93
2022-06-09,34.82478310142617,36.09058832882534,34.14130418690863,35.395900536890906,2524777.95
2022-06-10,35.395900536890906,36.01472712165292,35.06823213537716,35.68438812088697,2583862.42
2022-06-11,35.68438812088697,36.29401201087033,34.82473945054965,35.43001773529421,1621657.31
2022-06-12,35.43001773529421,36.582263235526156,35.23298117255517,36.37994385922171,1586433.27
2022-06-13,36.37994385922171,37.09649566048126,34.58755993752763,35.28249603149559,1152299.84
2022-06-14,35.28249603149559,35.8167156497059,34.40857545563011,34.93757251506524,2217073.09
2022-06-15,34.93757251506524,35.855958114198536,34.85892543755836,35.77542496842489,1889682.16
2022-06-16,35.77542496842489,36.55574736252306,35.59287595158549,36.37016361012385,1621502.74
2022-06-17,36.37016361012385,36.509838511374184,35.919930245043716,36.05840788883731,1038245.97
2022-06-18,36.05840788883731,36.51446886152245,35.19737857335532,35.64825195948171,1083228.91
2022-06-19,35.64825195948171,36.254595700428425,34.9540020361412,35.558824702289336,1755918.03
2022-06-20,35.558824702289336,36.36709650428432,34.98512689041632,35.78967421995571,1156028.26
2022-06-21,35.78967421995571,36.233747010059716,35.15316745573733,35.59482255627492,1944818.52
2022-06-22,35.59482255627492,36.07371615916676,35.128232714775244,35.60696712229185,1968667.94
2022-06-23,35.60696712229185,36.400495121106445,34.93123950300656,35.722573591733244,1223806.55
2022-06-24,35.722573591733244,36.084927534689875,35.23699635559193,35.598087567530676,1720670.87
2022-06-25,35.598087567530676,36.1501605896385,34.86416383045704,35.41337219377026,1344325.72
2022-06-26,35.41337219377026,35.54612815697494,34.68889253527136,34.81942192599764,2151078.07
2022-06-27,34.81942192599764,35.003254122840545,34.69681661046653,34.88043397314854,3870258.68
2022-06-28,34.88043397314854,35.10816721455101,34.70281976195473,34.930299085855296,1650202.07
2022-06-29,34.930299085855296,35.60244061172027,33.8148994037837,34.47834425023901,2459760.53
2022-06-30,34.47834425023901,35.256151856703156,33.93793602237503,34.71208008949506,2198083.47
2022-07-01,34.71208008949506,36.11146541535062,34.073095807102945,35.45873658739188,1667348.75
2022-07-02,35.45873658739188,35.861387896196746,35.17086466556311,35.57259164156849,1941854.54
2022-07-03,35.57259164156849,36.0793173708273,35.394217112346404,35.89930457844761,1238907.07
2022-07-04,35.89930457844761,36.67092854491989,35.78878419459583,36.55837911977747,1759554.95
2022-07-05,36.55837911977747,36.979029369904644,36.19709942332406,36.617168699078846,1577160.38
2022-07-06,36.617168699078846,37.957652913126054,35.9033694620091,37.23187093670664,2388136.37
2022-07-07,37.23187093670664,37.334486835438945,35.84474263561391,35.94380846595766,1453534.16
2022-07-08,35.94380846595766,36.6155546599573,34.94464447287581,35.6101550898716,1306126.82
2022-07-09,35.6101550898716,35.85829323273558,34.810546944458714,35.05481537755804,1318761.47
2022-07-10,35.05481537755804,36.05268072479576,34.94851198144683,35.94368184951455,2105482.82
2022-07-11,35.94368184951455,36.578457577835074,35.759970076967626,36.392452095431466,1623592.39
2022-07-12,36.392452095431466,36.53007680035157,35.62718191844763,35.76242405726263,1115889.67
2022-07-13,35.76242405726263,36.2716543376705,34.77401172793941,35.276320252245405,2190819.24
2022-07-14,35.276320252245405,35.9537411420373,33.910309821881604,34.5742486371604,1165322.3
2022-07-15,34.5742486371604,35.5224837453468,33.88991081188956,34.833023908367466,1482172.77
2022-07-16,34.833023908367466,35.13247333617011,34.71891739270743,35.01776165397278,1612767.48
2022-07-17,35.01776165397278,35.432681012652104,34.44009877351657,34.853066690256284,1292635.71
2022-07-18,34.853066690256284,35.195519329054996,34.09611926702718,34.434458828252566,1112288.04
2022-07-19,34.434458828252566,34.73329193110813,34.19234103484564,34.490778141702926,2083356.63
2022-07-20,34.490778141702926,36.461913432639825,34.087521137051034,36.040537058911404,2000886.75
2022-07-21,36.040537058911404,36.27182683092133,35.66314749573789,35.89349361799394,1723027.06
2022-07-22,35.89349361799394,36.8755916471708,35.66669692431238,36.644052470963615,1862577.12
2022-07-23,36.644052470963615,37.34738696896351,35.84292476651782,36.5443455204513,1111101.82
2022-07-24,36.5443455204513,37.77821988239764,35.97882159737828,37.202510847712894,1936951.38
2022-07-25,37.202510847712894,38.242141595510475,36.615380636431475,37.6479809725034,1885193.89
2022-07-26,37.6479809725034,38.129737312949366,37.22637033106666,37.70746057383037,1898784.09
2022-07-27,37.70746057383037,38.54937902521749,37.34356879944915,38.180918199174904,1897105.31
2022-07-28,38.180918199174904,39.35965987242518,37.84139849358781,39.012743252086295,2179700.16
2022-07-29,39.012743252086295,39.31231167797778,38.83876202886125,39.137772872677836,1651407.79
2022-07-30,39.137772872677836,39.90144726239087,38.342027780860896,39.10506393867207,1726969.3
2022-07-31,39.10506393867207,40.173454212373194,38.55137019627713,39.61257456035122,1217639.71
2022-08-01,39.61257456035122,41.21435990021243,39.17132031985204,40.760320633058974,2017882.95
2022-08-02,40.760320633058974,41.30402320768189,39.402050116903126,39.93474026163018,1438299.23
2022-08-03,39.93474026163018,40.731417538729744,38.42203523839719,39.204137368143584,1464406.95
2022-08-04,39.204137368143584,40.46018210522279,38.94914822999116,40.19872403764862,1534775.26
2022-08-05,40.19872403764862,40.9149603165303,39.21936127111471,39.930824275892114,1300249.49
2022-08-06,39.930824275892114,40.98644981070485,39.77879819366802,40.8309965599174,1655325.47
2022-08-07,40.8309965599174,40.916768286209184,40.38686717146552,40.47188452824679,2088983.43
2022-08-08,40.47188452824679,41.21732227330808,39.50833734627281,40.2496824271269,1287465.89
2022-08-09,40.2496824271269,41.16657160663599,40.10644786463767,41.020593640380824,1692967.15
2022-08-10,41.020593640380824,42.19612226383119,40.43187407421283,41.59910008589185,2008182.71
2022-08-11,41.59910008589185,42.04080397535496,40.49169561104688,40.92625515793842,914471.68
2022-08-12,40.92625515793842,41.80027656764042,40.541741300018394,41.41120645376823,2702582.29
2022-08-13,41.41120645376823,42.23183611061234,40.23718656793345,41.05067164775419,1514569.78
2022-08-14,41.05067164775419,41.75260855794086,40.729789940035815,41.42877134978351,1345660.66
2022-08-15,41.42877134978351,41.709919270930826,41.276284385209415,41.556960480358136,1735011.97
2022-08-16,41.556960480358136,41.82282769504708,41.26321993482694,41.52890767727989,1436052.5
2022-08-17,41.52890767727989,42.33231256900978,40.40473768611441,41.20181474313739,1670235.5
2022-08-18,41.20181474313739,41.978000285703196,39.42734714305712,40.18436533768627,1409691.03
2022-08-19,40.18436533768627,40.47594765636261,39.569804285215326,39.85902590401172,2253192.8
2022-08-20,39.85902590401172,40.873754763833865,39.38756993419582,40.395948033121186,3325383.45
2022-08-21,40.395948033121186,41.2976673087736,39.88529312578292,40.78213057492298,2036784.46
2022-08-22,40.78213057492298,41.58274867963536,39.528353861916464,40.31989759790963,1786968.05
2022-08-23,40.31989759790963,41.68118168737284,39.78697405560921,41.13745221234183,1480842.77
2022-08-24,41.13745221234183,42.189181771719205,40.42605721699145,41.47200137672826,2216522.45
2022-08-25,41.47200137672826,42.17701511444872,41.280938186491824,41.983594991705125,1402945.88
2022-08-26,41.983594991705125,42.4405310773578,40.92645125468741,41.37678299166338,1840938.25
2022-08-27,41.37678299166338,43.377973327658495,40.72498090858353,42.70524419998342,1492730.8
2022-08-28,42.70524419998342,43.25989182786613,42.58762375345457,43.141071010165476,1241740.42
2022-08-29,43.141071010165476,44.7699530980655,42.719457599986065,44.33665536055435,1611827.89
2022-08-30,44.33665536055435,45.17950696391449,43.1559200285875,43.99222389829814,1328834.98
2022-08-31,43.99222389829814,44.69805885144452,42.123340373744604,42.81021046625208,2458440.78
2022-09-01,42.81021046625208,43.0029641760861,42.07242583925978,42.2627144388021,1407898.63
2022-09-02,42.2627144388021,43.55485426522619,41.80599231318237,43.08920052021312,1645559.71
2022-09-03,43.08920052021312,43.53196683081523,41.9755904365654,42.41139187359984,1445204.98
2022-09-04,42.41139187359984,43.740377444901846,42.234601648360695,43.55880427602174,1248317.19
2022-09-05,43.55880427602174,43.88811220490913,42.83097361700889,43.15724573225138,2017250.5
2022-09-06,43.15724573225138,43.7669404613698,42.93057537338441,43.538268893776596,1660266.41
2022-09-07,43.538268893776596,44.680716407294334,42.67660520568581,43.8136035842048,3053954.91
2022-09-08,43.8136035842048,44.2992024052995,43.21825282512798,43.70262160085161,2208893.45
2022-09-09,43.70262160085161,43.91109179590177,43.38823503142277,43.59619756264889,1730032.72
2022-09-10,43.59619756264889,44.05017254010285,42.56390305453161,43.011792518069925,1863346.9
2022-09-11,43.011792518069925,44.67310177068781,42.85596568568672,44.511840435307136,1662156.46
2022-09-12,44.511840435307136,45.77057098685618,43.748498910244955,44.99887718139215,1314956.3
2022-09-13,44.99887718139215,45.60674316959911,43.34349192248802,43.93701376039218,1186949.66
2022-09-14,43.93701376039218,44.43680166011389,42.59668799727098,43.08680468422389,1305713.43
2022-09-15,43.08680468422389,44.22668673181183,42.43454657621085,43.56715693922338,2374954.39
2022-09-16,43.56715693922338,43.99735469759139,43.237605110089255,43.66704727536146,1812857.53
2022-09-17,43.66704727536146,44.0742968348366,42.107435204691996,42.503836374904616,1944340.96
2022-09-18,42.503836374904616,44.56163238643274,42.34963033343642,44.400544991361954,2069724.25
2022-09-19,44.400544991361954,44.682353984657865,42.270660763789394,42.54066515277095,1617052.49
2022-09-20,42.54066515277095,42.65069102769365,42.21652719202955,42.32599785802835,1461163.44
2022-09-21,42.32599785802835,42.60710966812884,42.16185356266374,42.44251351383146,2816674.06
2022-09-22,42.44251351383146,43.0272954935598,41.49828969400841,42.07805001816337,1941256.32
2022-09-23,42.07805001816337,43.028278739412755,41.822907868216944,42.76894730268879,1121356.63
2022-09-24,42.76894730268879,43.323403594090934,42.67821762528658,43.23169225352522,1096181.23
2022-09-25,43.23169225352522,43.67708690024536,42.99290683001129,43.437166562336614,2050600.18
2022-09-26,43.437166562336614,43.8203511432678,43.109823043532074,43.4925899524789,1363108.88
2022-09-27,43.4925899524789,44.18043174077604,43.29494236587543,43.98056659468127,1645545.83
2022-09-28,43.98056659468127,44.23717326295658,43.68201661306189,43.938377124906914,983805.11
2022-09-29,43.938377124906914,44.79801887072405,42.137896975581896,42.978764169160996,1514127.52
2022-09-30,42.978764169160996,43.87198085603054,42.87421385517665,43.765516684723394,2135468.72
2022-10-01,43.765516684723394,45.6854334146718,43.232975798737435,45.13621382082241,1487070.94
2022-10-02,45.13621382082241,46.03852463984754,44.40911447884603,45.3086475624464,1268809.05
2022-10-03,45.3086475624464,46.39177051483241,44.41757738251043,45.4969961456315,1599275.97
2022-10-04,45.4969961456315,45.967382114907,45.11238020625465,45.582047183343064,1714847.71
2022-10-05,45.582047183343064,45.92317171502505,44.39225776604535,44.726983214890545,1556653.96
2022-10-06,44.726983214890545,45.15730300620781,44.01553036159664,44.44311908670683,1145726.24
2022-10-07,44.44311908670683,45.73212747606497,43.85194254064731,45.131790315565816,1875677.3
2022-10-08,45.131790315565816,45.880989098091725,44.68391360912516,45.43015152888413,1472803.95
2022-10-09,45.43015152888413,47.2004874583251,45.06970911915463,46.82894701788676,1775727.26
2022-10-10,46.82894701788676,48.39307534251303,45.96648171170882,47.51792095919207,1331798.02
2022-10-11,47.51792095919207,47.96454095079613,46.878037214051126,47.322823488417555,2321238.42
2022-10-12,47.322823488417555,48.21985798138635,47.06971652676544,47.96332528450564,2031468.15
2022-10-13,47.96332528450564,48.91929398306029,46.97549099187391,47.93081165334009,1553810.73
2022-10-14,47.93081165334009,48.51514343776815,46.21534290122944,46.785714634464924,1834339.74
2022-10-15,46.785714634464924,48.53350543343314,45.97574852480496,47.70757976182835,2558862.44
2022-10-16,47.70757976182835,48.59998725511848,47.33660729844285,48.22499141688939,2280500.52
2022-10-17,48.22499141688939,51.024555676528685,47.92764746009694,50.7118781608734,2479211.42
2022-10-18,50.7118781608734,50.986742411326276,50.12819618570725,50.401377486559255,1977636.24
2022-10-19,50.401377486559255,51.933742296323004,49.61539003157612,51.13629413735147,1484582.39
2022-10-20,51.13629413735147,52.12833503266748,49.67291540845384,50.655631478367305,1969396.85
2022-10-21,50.655631478367305,51.615324585907786,49.1277637404804,50.07648465804926,2599800.12
2022-10-22,50.07648465804926,52.90925580728736,49.33891116139388,52.14127020982919,1977909.82
2022-10-23,52.14127020982919,52.9241096488324,49.79597860112107,50.55500210257239,1382454.21
2022-10-24,50.55500210257239,50.99545998336436,50.21278472743941,50.65258206904431,1728387.96
2022-10-25,50.65258206904431,52.69173592423413,50.2091077182813,52.234412306388016,2055934.29
2022-10-26,52.234412306388016,52.40118417167758,50.90511024926512,51.06815854792279,1774681.64
2022-10-27,51.06815854792279,51.68771198164439,50.15654409956373,50.77251076603844,2057429.32
2022-10-28,50.77251076603844,52.64659096165475,49.79492449562997,51.652069454348656,1456116.11
2022-10-29,51.652069454348656,52.372942778665774,50.06884805700331,50.77751582226513,1611055.92
2022-10-30,50.77751582226513,51.67432355313057,50.28103943111863,51.17397082916451,1851375.69
2022-10-31,51.17397082916451,51.558059328800645,50.26454865467849,50.64466442168114,1873434.37
2022-11-01,50.64466442168114,52.44747697928678,50.093163573803935,51.88249661658185,1451223.02
2022-11-02,51.88249661658185,53.556596358575646,51.455897903319475,53.11982384417421,921463.35
2022-11-03,53.11982384417421,54.11037067456862,51.850766870824856,52.83602152463174,827254.28
2022-11-04,52.83602152463174,53.61660357758257,49.80619859069974,50.55305281266353,1680235.49
2022-11-05,50.55305281266353,51.443759908777565,50.21476145528473,51.10179646387305,1779604.05
2022-11-06,51.10179646387305,52.595909159251434,50.5987988685608,52.0832510562073,1614246.25
2022-11-07,52.0832510562073,52.77330731442795,51.96710543648171,52.65588472195899,1715002.96
2022-11-08,52.65588472195899,53.25227931044312,52.52989845053555,53.125170210503036,2536768.66
2022-11-09,53.125170210503036,54.01872153684404,52.59312938983913,53.48309614026903,1501566.85
2022-11-10,53.48309614026903,54.01050640239367,52.79020110080652,53.31596322320176,1862447.25
2022-11-11,53.31596322320176,53.43393605010681,52.66801668511579,52.78481423272123,2589852.3
2022-11-12,52.78481423272123,53.397173420310814,52.3305573389515,52.941567534994675,1312002.23
2022-11-13,52.941567534994675,53.30648020752088,52.49379791841075,52.8581355153835,2646437.26
2022-11-14,52.8581355153835,53.94381293637766,52.486349408388406,53.56704063243995,2167143.65
2022-11-15,53.56704063243995,53.9988749386626,52.51594269000791,52.9427441883956,1573131.79
2022-11-16,52.9427441883956,53.61846147220411,52.010206010962726,52.68260306924966,902023.5
2022-11-17,52.68260306924966,53.65323001361847,51.89026236452933,52.85824763347418,2406756.64
2022-11-18,52.85824763347418,53.336624785667475,51.83749369177345,52.31091740170742,2646380.04
2022-11-19,52.31091740170742,53.339825815131945,50.23064573730083,51.23845988168554,1428982.25
2022-11-20,51.23845988168554,52.51879948764842,50.599240000676055,51.87167993810765,2688291.16
2022-11-21,51.87167993810765,52.622754815421665,50.13944968995956,50.876109222445436,1114031.9
2022-11-22,50.876109222445436,51.64112321932265,50.36003310417333,51.122547287251436,1828592.57
2022-11-23,51.122547287251436,52.63586794291159,50.1557093791251,51.65888669685813,1626174.84
2022-11-24,51.65888669685813,53.57792590966507,51.05459998846312,52.95843753226529,1216940.01
2022-11-25,52.95843753226529,55.92398793711388,52.14243700544432,55.07536905301745,1597037.78
2022-11-26,55.07536905301745,57.00641510062472,54.44896110688257,56.36533552788078,1686939.56
2022-11-27,56.36533552788078,57.358008640682584,54.837802753723714,55.820887365958754,1262641.25
2022-11-28,55.820887365958754,56.70099248207492,54.77219556226523,55.6496000614595,2012593.5
2022-11-29,55.6496000614595,56.96495389747707,54.71182580608715,56.02092233799125,1433641.52
2022-11-30,56.02092233799125,56.23827297765118,55.845282716951914,56.06250299085194,1553985.93
2022-12-01,56.06250299085194,56.99301668013338,55.37280319181388,56.300390311137825,2440869.71
2022-12-02,56.300390311137825,58.206967051842994,55.65793931280762,57.55025370153793,1443418.19
2022-12-03,57.55025370153793,58.29112461767739,57.03150044027611,57.770387092108706,965805.49
2022-12-04,57.770387092108706,59.14527774904047,57.36602789133524,58.73417260868075,1596386.0
2022-12-05,58.73417260868075,59.71597163984984,56.79836289115818,57.76394359726866,1746947.77
2022-12-06,57.76394359726866,58.73515875220104,57.34745153387244,58.3146956328582,1600428.58
2022-12-07,58.3146956328582,59.02682314802356,56.15245978660238,56.846659940605136,2107939.56
2022-12-08,56.846659940605136,58.61779682953509,56.22444641848201,57.98314395352113,1878890.45
2022-12-09,57.98314395352113,58.63142151454286,57.25508786787324,57.902463383933146,1463391.59
2022-12-10,57.902463383933146,58.991517820539805,55.64439949822069,56.71104522972458,2023340.52
2022-12-11,56.71104522972458,57.73635249799972,55.52292239479045,56.54523184010417,1908890.75
2022-12-12,56.54523184010417,57.79243367352207,55.83257417788005,57.07312283209924,1894518.18
2022-12-13,57.07312283209924,57.39569266542834,55.70880050767492,56.02544902553367,1633454.32
2022-12-14,56.02544902553367,56.32395730641086,55.024311338253256,55.319055897429664,1825725.01
2022-12-15,55.319055897429664,55.53838534710186,54.83318002286298,55.05144846035865,1746998.49
2022-12-16,55.05144846035865,56.465407261368895,54.48359916841103,55.88891955245005,1577053.39
2022-12-17,55.88891955245005,56.191469424802406,53.885049213699865,54.17833900497657,1916355.59
2022-12-18,54.17833900497657,55.215879021373006,53.63617044418382,54.6688023403692,1953842.64
2022-12-19,54.6688023403692,55.12179120294808,54.07746870930951,54.52930166118084,1954061.78
2022-12-20,54.52930166118084,55.715932142948795,54.38924016783701,55.57318936694594,1983538.21
2022-12-21,55.57318936694594,56.93194905555076,54.6727561658076,56.024208152736676,968699.79
2022-12-22,56.024208152736676,58.459717683303815,54.953743552162,57.36365993707676,2131252.25
2022-12-23,57.36365993707676,58.37665741080865,56.82953637603147,57.838116101378496,1335900.83
2022-12-24,57.838116101378496,58.28026422926302,56.366966431071866,56.8011876762565,2249381.03
2022-12-25,56.8011876762565,57.45312368492509,56.63725089707518,57.28778251976743,1209863.32
2022-12-26,57.28778251976743,57.971968525865115,57.15475649494072,57.8376656360271,2524675.46
2022-12-27,57.8376656360271,58.613816089788976,56.506680351623665,57.27528394470037,984822.96
2022-12-28,57.27528394470037,57.94611937183351,56.19087224177702,56.85680625877566,1843086.04
2022-12-29,56.85680625877566,57.77356919485867,53.87509344582613,54.758015337113015,1551482.11
2022-12-30,54.758015337113015,56.14732019816383,54.11176912274138,55.49240680144872,1908811.63
2022-12-31,55.49240680144872,55.79651853576966,55.13595889688481,55.43978223593133,2616912.58
2023-01-01,55.43978223593133,56.4118029400995,54.0350311357238,54.9993294203828,1803602.26
2023-01-02,54.9993294203828,55.987977507730754,53.20247607456027,54.1763302255376,2150118.45
2023-01-03,54.1763302255376,55.04584092747735,52.943873123659245,53.80746364912257,2494974.14
2023-01-04,53.80746364912257,55.2943121272766,52.77824553254215,54.2565048429409,1456257.38
2023-01-05,54.2565048429409,55.44808336790058,53.29264989419549,54.48025357189398,1861032.93
2023-01-06,54.48025357189398,55.048501571931865,53.68336381083883,54.2492018611439,2393234.02
2023-01-07,54.2492018611439,55.179620967422736,52.32964808162984,53.24280667011156,1856726.13
2023-01-08,53.24280667011156,54.050052291424755,52.2031870690027,53.00685529219246,1468153.26
2023-01-09,53.00685529219246,53.58312963348414,51.78100215828359,52.35013685732749,1933622.55
2023-01-10,52.35013685732749,52.84166627764868,51.72746524645464,52.217751666855705,1749529.44
2023-01-11,52.217751666855705,53.56646772775869,51.45835171156957,52.79862023215466,1930830.88
2023-01-12,52.79862023215466,52.971745562642,52.21676740549235,52.38854811997205,1489617.19
2023-01-13,52.38854811997205,54.644056271926694,51.645018288882596,53.87936782952601,1806117.46
2023-01-14,53.87936782952601,54.39422417930924,52.920201202985346,53.43077088432696,1641733.83
2023-01-15,53.43077088432696,53.904934955137044,51.548379308492464,52.009934359831945,1502206.19
2023-01-16,52.009934359831945,52.55413110731427,51.32369846320726,51.86639329414151,2358606.03
2023-01-17,51.86639329414151,52.842872834262394,50.43563623422186,51.40339906270192,1495118.8
2023-01-18,51.40339906270192,55.44148582494465,50.39540896000312,54.37522007850357,1407488.66
2023-01-19,54.37522007850357,55.43912138136376,52.95554658378387,54.01234795914023,1263655.95
2023-01-20,54.01234795914023,54.74847200569739,52.01281378786041,52.73148114351173,1672728.48
2023-01-21,52.73148114351173,53.6460608916137,51.858891851474205,52.77278806151587,1636500.16
2023-01-22,52.77278806151587,53.03664022158937,52.37606851785664,52.639253032593956,2036356.1
2023-01-23,52.639253032593956,53.245658795568396,51.06380938179113,51.658921698595414,1249557.86
2023-01-24,51.658921698595414,52.362483777626196,51.26596635748814,51.96718357244115,1115739.26
2023-01-25,51.96718357244115,52.71954024624323,51.70291915787997,52.452806334470864,1069216.61
2023-01-26,52.452806334470864,53.29853219695534,51.68329160409552,52.527915568210986,1905309.12
2023-01-27,52.527915568210986,52.64155970709066,52.1938516964638,52.30701792331588,2201803.38
2023-01-28,52.30701792331588,53.22648127904541,51.087248995550794,52.001339066419206,2157390.26
2023-01-29,52.001339066419206,53.03401283848429,50.461532117980575,51.48393088819578,1499675.88
2023-01-30,51.48393088819578,51.883828176897,50.038629127664045,50.43034275535762,1756199.23
2023-01-31,50.43034275535762,51.89278425036905,50.2091620117097,51.66618327536219,969396.59
2023-02-01,51.66618327536219,54.628969616184854,50.82797919343023,53.756847730209515,2547472.7
2023-02-02,53.756847730209515,54.63923717475469,52.00666798030043,52.874575404029535,2270121.05
2023-02-03,52.874575404029535,53.724397776848846,51.52444528634068,52.36609515107274,2131056.19
2023-02-04,52.36609515107274,53.13596436293273,50.70438938917947,51.46095147460949,1358268.37
2023-02-05,51.46095147460949,53.062202112759124,50.627049771483826,52.21606414650384,1552302.6
2023-02-06,52.21606414650384,53.13153652173878,50.468324128487716,51.36894447162202,1621075.61
2023-02-07,51.36894447162202,52.096481711632336,51.234394208583645,51.960382300247026,2600495.05
2023-02-08,51.960382300247026,53.36707067668481,50.92904974183342,52.328432888063965,2182841.12
2023-02-09,52.328432888063965,53.15341597186259,51.381467410937304,52.20449657880604,1622364.11
2023-02-10,52.20449657880604,54.0057030567662,51.58797872728578,53.375357722101775,1967527.0
2023-02-11,53.375357722101775,53.86565463902488,52.59177836190131,53.0793562599647,1353515.29
2023-02-12,53.0793562599647,54.13783008903336,52.029123053599925,53.087436996445724,1202522.61
2023-02-13,53.087436996445724,53.28233973166318,51.86447003785085,52.055584477954184,1671009.73
2023-02-14,52.055584477954184,52.87945153049465,49.247576266715164,50.03953596556168,1279269.67
2023-02-15,50.03953596556168,51.13972451648566,49.81724952835083,50.9135554955612,1113678.99
2023-02-16,50.9135554955612,51.52784687298701,49.80287091168178,50.4110999724538,1714197.87
2023-02-17,50.4110999724538,51.90529659988662,49.8876716363766,51.371892170021276,1591121.71
2023-02-18,51.371892170021276,51.57407203547094,50.883876336440295,51.084926817436255,1321097.11
2023-02-19,51.084926817436255,51.35122581424053,50.734780573120744,51.000640194860125,1538118.13
2023-02-20,51.000640194860125,51.61268225644992,50.56678066153743,51.177319720493415,1868823.18
2023-02-21,51.177319720493415,51.57908536617816,50.33886440610611,50.73717470974867,1606715.22
2023-02-22,50.73717470974867,51.05316076798332,49.122461842905665,49.43030887118186,1760569.12
2023-02-23,49.43030887118186,49.9620034829466,48.21766728913295,48.7419576862695,1629287.8
2023-02-24,48.7419576862695,49.36141367285115,47.39181220847425,48.00186240849706,2619909.49
2023-02-25,48.00186240849706,48.716003634404245,47.26743089759384,47.98126569873285,2370092.04
2023-02-26,47.98126569873285,49.24637785495364,47.60624011951015,48.86444923942945,1750126.74
2023-02-27,48.86444923942945,49.53317488890331,47.63706475324559,48.298038895623264,1385111.11
2023-02-28,48.298038895623264,48.923301285997454,47.60127832878023,48.2256029696881,1477759.26
2023-03-01,48.2256029696881,49.12835367838666,47.518473060380806,48.41839684096819,1230946.11
2023-03-02,48.41839684096819,49.348607570094856,46.88555061317582,47.803956764100846,1392713.8
2023-03-03,47.803956764100846,48.98570685844734,46.93313602172665,48.10932340489126,2008967.14
2023-03-04,48.10932340489126,49.81805184899015,47.287904162830806,48.981737005253045,1465531.5
2023-03-05,48.981737005253045,50.030509576652875,48.25714150046658,49.3011883712693,1627249.82
2023-03-06,49.3011883712693,49.64948632904841,48.91863265794206,49.26668687309035,2284137.97
2023-03-07,49.26668687309035,49.49542026273594,48.37891200562524,48.60457135199557,1952057.01
2023-03-08,48.60457135199557,49.309734995513864,47.81275939506216,48.51664742279906,1729501.11
2023-03-09,48.51664742279906,49.128181489734835,47.32890878860812,47.933087299994256,1652150.14
2023-03-10,47.933087299994256,48.518185171696565,46.904804983463315,47.48442624932509,1617875.11
2023-03-11,47.48442624932509,48.18428351604029,46.697335144923194,47.39588746779609,2145587.64
2023-03-12,47.39588746779609,48.027001907353394,46.612443100853795,47.24150177042604,1831442.28
2023-03-13,47.24150177042604,48.341107847125336,46.95095829083969,48.0456189068307,1594394.87
2023-03-14,48.0456189068307,48.93163105963494,46.717213296638306,47.59491397259731,1236367.79
2023-03-15,47.59491397259731,48.75670422468955,46.74519743270355,47.901513926566736,1918040.64
2023-03-16,47.901513926566736,48.10596857188105,47.344296655814205,47.54723917525428,1851975.01
2023-03-17,47.54723917525428,48.152230217688256,46.25877846079271,46.85496095557933,1144607.65
2023-03-18,46.85496095557933,48.19351153865558,45.99395352649704,47.32388711578242,1635569.46
2023-03-19,47.32388711578242,48.31993946922739,46.6606711790595,47.65212349620617,1848492.1
2023-03-20,47.65212349620617,48.19627485990316,46.65683706067303,47.19577729441815,1592476.2
2023-03-21,47.19577729441815,48.06588359547267,44.040155164141815,44.86733404112404,2675562.16
2023-03-22,44.86733404112404,46.421475630670166,44.154891369285075,45.695876636684396,2490270.02
2023-03-23,45.695876636684396,46.92127904189189,45.06379864666316,46.281105997668426,1240010.01
2023-03-24,46.281105997668426,47.62284180853543,45.82835579210767,47.16147925106876,1597711.17
2023-03-25,47.16147925106876,48.86857590075344,46.40830166241226,48.10040351706873,2165900.9
2023-03-26,48.10040351706873,48.967930226306216,47.250204284780665,48.11743004149107,1664914.73
2023-03-27,48.11743004149107,48.356004313851635,47.56190472363156,47.79889966908801,2043871.93
2023-03-28,47.79889966908801,48.494061522917725,45.75940029291457,46.434722273996385,1445773.27
2023-03-29,46.434722273996385,47.22022274357912,45.758405353914114,46.542338405685975,1148153.95
2023-03-30,46.542338405685975,46.75832010470701,45.99509993351582,46.20953725465431,2021694.15
2023-03-31,46.20953725465431,47.007206566184834,44.84382581675634,45.631517345112925,1564500.09
2023-04-01,45.631517345112925,46.43369646405002,43.856817866557186,44.64159464238381,3238743.26
2023-04-02,44.64159464238381,44.83953625745742,43.711840298952445,43.90652259163656,2150441.01
2023-04-03,43.90652259163656,44.57280962281022,42.31101326770104,42.96298195035695,1304238.02
2023-04-04,42.96298195035695,43.93821589682309,42.69495545385832,43.66580480829383,2011740.14
2023-04-05,43.66580480829383,44.742543619205414,43.39678414098207,44.46857715157151,1670251.11
2023-04-06,44.46857715157151,44.658614911939985,43.753464546442494,43.94124875353446,1938757.48
2023-04-07,43.94124875353446,45.472460201083564,43.309827180757374,44.82829210148325,1418741.99
2023-04-08,44.82829210148325,45.7317013660298,44.00629514599526,44.90823846867008,1837954.04
2023-04-09,44.90823846867008,46.563771765393405,44.35415872840874,45.99626787245975,2215415.48
2023-04-10,45.99626787245975,46.757902876958596,45.69032920712344,46.44895322920425,2088049.3
2023-04-11,46.44895322920425,47.18699030138098,46.19783587795892,46.93325466735642,2235013.62
2023-04-12,46.93325466735642,47.3618636386984,46.69798362320693,47.12562824776643,3704521.0
2023-04-13,47.12562824776643,47.39372443277032,46.31731565446338,46.582320981887584,1512743.34
2023-04-14,46.582320981887584,47.1394738704407,45.05480923914206,45.60021554944369,2669750.27
2023-04-15,45.60021554944369,46.668312992627996,44.69233826322105,45.75730807350468,1830407.57
2023-04-16,45.75730807350468,46.61868918952705,44.83167337414779,45.691821709669306,1543174.55
2023-04-17,45.691821709669306,47.841678347779784,45.52319427773867,47.665765998248965,1696894.5
2023-04-18,47.665765998248965,48.52485364353861,47.39733739669744,48.253117386931486,2130456.23
2023-04-19,48.253117386931486,48.94145323949689,46.922838627646165,47.601884574871086,1550480.08
2023-04-20,47.601884574871086,48.288036056042245,46.8569225530731,47.54221391895033,1041483.11
2023-04-21,47.54221391895033,47.81720359738656,46.9909523015873,47.26433469436486,2097117.62
2023-04-22,47.26433469436486,48.17251581355172,46.33190931552747,47.23961545615883,1799481.19
2023-04-23,47.23961545615883,47.83319018740869,45.669147944874034,46.250291634595875,1493123.7
2023-04-24,46.250291634595875,47.48257477743163,45.717461756514645,46.94177857333939,1240345.66
2023-04-25,46.94177857333939,47.73091067228947,45.862900125978754,46.64707805303294,1881989.4
2023-04-26,46.64707805303294,47.56317954129845,46.238693845200395,47.150388964695736,2347540.97
2023-04-27,47.150388964695736,47.851077002914124,46.00226359414081,46.69620209510993,1358620.21
2023-04-28,46.69620209510993,47.56148966782307,45.54148663767487,46.401309812514725,1824173.8
2023-04-29,46.401309812514725,47.74983089512895,45.5156936264311,46.85554516539605,2956455.09
2023-04-30,46.85554516539605,46.98280702695953,45.18919601686262,45.312266260429446,2155076.64
2023-05-01,45.312266260429446,46.2017562304791,45.16224798846567,46.04929782011371,1702024.05
2023-05-02,46.04929782011371,47.86185697586666,45.370100118117335,47.16618588891916,1659753.77
2023-05-03,47.16618588891916,48.39535444694051,47.06808098134385,48.29490182837622,1512402.88
2023-05-04,48.29490182837622,48.96805316934027,47.08859963345357,47.75421468672125,1735427.19
2023-05-05,47.75421468672125,48.80044319705824,46.95190997801481,47.99410810855831,1536485.49
2023-05-06,47.99410810855831,48.16777767151372,47.480885654816404,47.65332206299665,1594051.81
2023-05-07,47.65332206299665,47.768742608702595,46.41057453533898,46.52325796621038,1655860.52
2023-05-08,46.52325796621038,47.11533077952311,46.00437051103716,46.595636070261016,1141389.63
2023-05-09,46.595636070261016,47.51691424371316,44.61260968307253,45.51247178194674,1646540.82
2023-05-10,45.51247178194674,46.4971336705819,44.98318170214909,45.962608695956355,3366639.33
2023-05-11,45.962608695956355,47.49353585868167,45.06387779479867,46.58268037208207,1212984.38
2023-05-12,46.58268037208207,48.270456132689546,45.9011675384603,47.57443377182896,2520876.51
2023-05-13,47.57443377182896,48.33430965819158,47.22029004184116,47.97716797777996,2236828.79
2023-05-14,47.97716797777996,48.28178609638173,47.35908102514828,47.66169614020305,2023805.82
2023-05-15,47.66169614020305,48.276768495499596,46.90800809281725,47.52126823135188,1509459.0
2023-05-16,47.52126823135188,48.001825772307996,47.14177163518581,47.62152851492719,2173261.04
2023-05-17,47.62152851492719,49.07812938986719,47.321665981203914,48.771028700442216,2737178.14
2023-05-18,48.771028700442216,50.41144012879656,48.3271972043336,49.95681758584923,2273050.5
2023-05-19,49.95681758584923,50.53576076414353,49.316199254953005,49.894419307570125,1848734.36
2023-05-20,49.894419307570125,51.64654300091215,48.96528545850439,50.70236361342454,1746640.23
2023-05-21,50.70236361342454,51.675954091564144,49.3197928762016,50.28537633424225,1482271.68
2023-05-22,50.28537633424225,51.4155605682925,49.523737386538535,50.64842279871793,1786920.28
2023-05-23,50.64842279871793,50.97014368741963,50.0479006985297,50.36783930923331,1995250.1
2023-05-24,50.36783930923331,51.09400642329499,49.849357976267804,50.57340897740834,1760723.02
2023-05-25,50.57340897740834,50.76387071147821,49.72120991437499,49.90917009492191,1709783.46
2023-05-26,49.90917009492191,50.521447407985875,48.17924913314663,48.777645087537046,1715651.29
2023-05-27,48.777645087537046,49.43769839493999,47.15974967816945,47.8066637817182,2758567.95
2023-05-28,47.8066637817182,48.70857525627051,47.3689607773273,48.26666066292966,1822915.82
2023-05-29,48.26666066292966,48.55320176693793,47.12584355439747,47.40728285391434,1839989.5
2023-05-30,47.40728285391434,48.3445376060369,46.218792827232285,47.150980411018594,957873.84
2023-05-31,47.150980411018594,47.9724570723039,47.02304831814759,47.842648315959934,2221222.55
2023-06-01,47.842648315959934,49.46492416417228,47.11705154294055,48.725931242245274,2020439.09
2023-06-02,48.725931242245274,49.42637593216409,47.27373023330129,47.96321066737232,1996674.49
2023-06-03,47.96321066737232,48.54323263586426,45.578409909623005,46.13633941505404,2030693.51
2023-06-04,46.13633941505404,46.38398081502602,45.299450315345496,45.54391180105526,1376050.48
2023-06-05,45.54391180105526,46.49157040447206,44.75261077064544,45.69759913902776,1622358.16
2023-06-06,45.69759913902776,46.803324074753114,45.10413635225727,46.203293961379416,2710029.97
2023-06-07,46.203293961379416,46.859645862202846,44.68846771957192,45.33244861940117,1229000.59
2023-06-08,45.33244861940117,46.001597849924515,43.406127061149355,44.05644123230079,1247818.78
2023-06-09,44.05644123230079,44.239950547596685,43.23639122483596,43.417238052318204,1208185.57
2023-06-10,43.417238052318204,43.86850586508751,42.61043328742172,43.05796692680101,1665804.68
2023-06-11,43.05796692680101,45.26870742959549,42.36000688889438,44.546616710799185,2598931.55
2023-06-12,44.546616710799185,45.04009329282381,44.13850392607637,44.63120554943876,1869917.56
2023-06-13,44.63120554943876,45.7926991539473,43.95435378451543,45.108607381309604,2289131.59
2023-06-14,45.108607381309604,46.328858802812796,44.713265802224775,45.92635034772808,1058323.38
2023-06-15,45.92635034772808,46.68251187219935,44.84705465432982,45.59780682293719,1413401.88
2023-06-16,45.59780682293719,46.46405439862683,44.81256869446322,45.67744482705795,1470901.38
2023-06-17,45.67744482705795,46.65069888458653,44.90064637125181,45.87061533796268,2603208.34
2023-06-18,45.87061533796268,46.96675532372172,45.23961556059935,46.32944386520037,1807927.15
2023-06-19,46.32944386520037,46.84271400232753,45.72593730141365,46.23819653650957,1722960.43
2023-06-20,46.23819653650957,47.85111203351367,45.43443979858506,47.0335300447356,1831717.14
2023-06-21,47.0335300447356,48.31151357105323,46.61834283253288,47.88877669224063,1643922.43
2023-06-22,47.88877669224063,48.8140479614505,46.753389419327036,47.67452099965131,2868433.8
2023-06-23,47.67452099965131,49.08954147286471,46.86599834240301,48.27090461508788,2840006.36
2023-06-24,48.27090461508788,48.914577015878095,47.94076031804131,48.58230293937755,2308499.83
2023-06-25,48.58230293937755,51.177032326415244,48.15652542832798,50.7324111691168,2244304.59
2023-06-26,50.7324111691168,52.414657353066076,49.812788305925224,51.48145659589778,1535475.16
2023-06-27,51.48145659589778,52.15027286561534,51.144414732237564,51.811073049342504,1961556.06
2023-06-28,51.811073049342504,51.99129365095583,51.161997251007634,51.34058128530478,1057311.42
2023-06-29,51.34058128530478,51.51564240113799,50.319630001369966,50.491796932287045,1566955.77
2023-06-30,50.491796932287045,51.82812483512166,49.603299697460066,50.9318834579801,1183259.44
2023-07-01,50.9318834579801,51.37396830261162,49.115144710554155,49.545193189944996,1977315.72
2023-07-02,49.545193189944996,51.1690441159677,49.25777082159437,50.873913553759024,1701101.55
2023-07-03,50.873913553759024,51.22032081388384,48.872606944678765,49.207668520218974,2113726.54
2023-07-04,49.207668520218974,49.83109361673196,47.78514372148465,48.39831490080403,2055189.33
2023-07-05,48.39831490080403,49.664986696319275,47.936640944404644,49.195706382530744,2311376.61
2023-07-06,49.195706382530744,49.42030716461241,48.948599956794354,49.17309751912829,1440795.08
2023-07-07,49.17309751912829,49.86032592886683,48.6394411903317,49.32502083593706,1113323.98
2023-07-08,49.32502083593706,50.00399347318042,48.11193609997904,48.78345391789635,2835365.95
2023-07-09,48.78345391789635,49.227664482913475,48.24480764390229,48.688150397660216,1523192.36
2023-07-10,48.688150397660216,49.882524563543065,48.0501848618427,49.23736264659772,1725280.38
2023-07-11,49.23736264659772,49.95811985556657,47.87132569057385,48.582496696524245,2281233.79
2023-07-12,48.582496696524245,49.248553490011645,47.718605706573726,48.381912529261854,1621877.07
2023-07-13,48.381912529261854,48.6124708044088,48.16111642853072,48.391630355325354,1311080.51
2023-07-14,48.391630355325354,48.86849561877912,47.71017501548943,48.18500412368945,2962214.32
2023-07-15,48.18500412368945,49.677097791728336,47.30011248341953,48.781256301454405,1521417.57
2023-07-16,48.781256301454405,49.39059667192572,48.54438409419719,49.15192457228913,2770386.26
2023-07-17,49.15192457228913,50.02437301641751,48.203125024863475,49.07419374396952,1914832.08
2023-07-18,49.07419374396952,49.56671050999405,47.26072113581755,47.73984616775844,2247132.06
2023-07-19,47.73984616775844,49.29557854122008,47.12598508134009,48.66976018897118,2236323.44
2023-07-20,48.66976018897118,49.04290989606048,47.58356739174673,47.951207978888036,1576939.01
2023-07-21,47.951207978888036,50.103577930167596,47.22773533544211,49.358866973510494,2031441.39
2023-07-22,49.358866973510494,49.61669734149728,48.438094645842156,48.69244389446293,2864135.58
2023-07-23,48.69244389446293,49.668445019497504,47.926524959683135,48.899272723341156,2432996.06
2023-07-24,48.899272723341156,49.637982586624275,48.675771673215976,49.4121374158005,2335730.94
2023-07-25,49.4121374158005,49.66424103203707,49.00908388640552,49.26041339782489,2078085.09
2023-07-26,49.26041339782489,49.62275242102775,49.15429318297698,49.51608142829448,1706735.81
2023-07-27,49.51608142829448,50.38446633426354,48.43075531343106,49.29526771392188,1413175.22
2023-07-28,49.29526771392188,51.70973615322525,48.44763397570486,50.83561607464123,2607945.24
2023-07-29,50.83561607464123,51.469497553977654,50.376224549949974,51.008543319579175,1518571.27
2023-07-30,51.008543319579175,51.11344307899216,50.81342935294686,50.91814320329773,1549787.44
2023-07-31,50.91814320329773,52.08712958956478,49.96112125029185,51.12619719858196,1758660.7
2023-08-01,51.12619719858196,52.344950299319876,50.866235335368884,52.08013792458599,1214159.05
2023-08-02,52.08013792458599,52.662627843178335,51.83622845824073,52.41714007810543,1595365.27
2023-08-03,52.41714007810543,52.88443904540847,52.11305689017282,52.5794144685733,1449961.78
2023-08-04,52.5794144685733,52.928050118958645,51.034817911122985,51.375470632321665,1222831.93
2023-08-05,51.375470632321665,53.33603989388008,50.411484108569915,52.353698339693366,1279286.19
2023-08-06,52.353698339693366,53.35876791129577,51.65713910365776,52.65815788015621,1735761.64
2023-08-07,52.65815788015621,53.08682271019605,51.85936264321219,52.284989689833075,2256898.39
2023-08-08,52.284989689833075,53.39692560790336,51.46148406223641,52.56894755144283,1707689.63
2023-08-09,52.56894755144283,54.63075626520097,51.73241697186724,53.77503322328632,1328809.09
2023-08-10,53.77503322328632,54.758963473602854,53.42899903621068,54.40885076671517,1481470.4
2023-08-11,54.40885076671517,56.46996772287998,54.12927975115716,56.1812893205727,1902716.89
2023-08-12,56.1812893205727,57.261072393927414,55.914643383918026,56.99058540068748,2326647.04
2023-08-13,56.99058540068748,57.47021189829331,54.775500178586206,55.240397285540624,2220031.72
2023-08-14,55.240397285540624,56.530165580168095,55.10185875722571,56.388747081784544,1855116.04
2023-08-15,56.388747081784544,56.949127955469315,54.27758955876966,54.82240441050777,2551683.61
2023-08-16,54.82240441050777,56.35885651595304,54.51426388935919,56.04385060698385,1530409.79
2023-08-17,56.04385060698385,57.76021237441992,55.157649516459315,56.86108859587293,1302147.33
2023-08-18,56.86108859587293,58.90287954661982,56.40985028287474,58.439118303081166,1626588.13
2023-08-19,58.439118303081166,59.674898387124394,57.637454614401804,58.86736010767964,2394801.95
2023-08-20,58.86736010767964,59.99299988174326,58.026553759047644,59.14818252814126,2081256.77
2023-08-21,59.14818252814126,61.34085737908242,58.18297288223127,60.355938959252555,2294913.91
2023-08-22,60.355938959252555,60.99296014509446,58.596138931657535,59.22118344518389,1709117.58
2023-08-23,59.22118344518389,59.811862378047394,58.67648356926287,59.26674345391326,1812603.97
2023-08-24,59.26674345391326,59.65965501325478,58.661256442986925,59.05274931851814,1658261.53
2023-08-25,59.05274931851814,59.181085882040996,58.521932091156316,58.64939205730863,1410496.6
2023-08-26,58.64939205730863,58.932923491069,57.834521117070125,58.11547139378978,1765475.12
2023-08-27,58.11547139378978,58.620848023999805,57.7669601120396,58.271401647835035,1655543.54
2023-08-28,58.271401647835035,59.777908180731416,57.46437015093184,58.96132161685545,1551486.27
2023-08-29,58.96132161685545,61.389428315361435,58.003892465321265,60.408499515755146,2037106.34
2023-08-30,60.408499515755146,61.02819880483101,59.51998640194353,60.13689948799389,1808125.43
2023-08-31,60.13689948799389,61.14671204848733,58.78228570581538,59.786209516792745,2454949.34
2023-09-01,59.786209516792745,60.30806810761242,56.619255620873936,57.11782254162661,1410137.35
2023-09-02,57.11782254162661,59.304070336615176,56.33088187944731,58.49811272970182,1581909.81
2023-09-03,58.49811272970182,59.201796866267706,56.54132581589318,57.22975262459378,1124882.26
2023-09-04,57.22975262459378,57.955584382193415,56.960562926779794,57.684256847871175,1366679.65
2023-09-05,57.684256847871175,58.563508596623215,57.08906341753217,57.96541414981708,2049367.43
2023-09-06,57.96541414981708,60.05513385300949,56.83983725845059,58.911191778561,2146131.15
2023-09-07,58.911191778561,59.18806537453008,57.81006443860855,58.08304587542646,2082410.77
2023-09-08,58.08304587542646,59.178928276979676,57.542659934502666,58.63342181567254,2422552.89
2023-09-09,58.63342181567254,60.69102891723348,58.16531015958918,60.2103277173327,2006584.57
2023-09-10,60.2103277173327,61.37764756045418,59.28116303687605,60.44486352764542,1780268.15
2023-09-11,60.44486352764542,60.60766699405727,59.43793146656556,59.5984551989874,2071736.38
2023-09-12,59.5984551989874,60.20371264798354,57.611969881345274,58.20305623116143,1450590.42
2023-09-13,58.20305623116143,60.03638876130416,57.80954258943818,59.63320581000471,1163391.41
2023-09-14,59.63320581000471,60.072100318788735,58.780728427499746,59.2165564380306,1590502.6
2023-09-15,59.2165564380306,59.76909534782338,58.44222725994573,58.992677193255005,1638514.48
2023-09-16,58.992677193255005,61.9160738587923,58.5649903891776,61.47042381614234,1804813.91
2023-09-17,61.47042381614234,63.16763770966359,60.71929366977182,62.405086568827,1437919.37
2023-09-18,62.405086568827,64.0391807725035,61.95768207802892,63.5833290380437,1510476.88
2023-09-19,63.5833290380437,66.51623326755053,62.40626431709897,65.30725495527001,2138410.11
2023-09-20,65.30725495527001,65.96382852282689,63.042005627887015,63.68224195104058,1295042.92
2023-09-21,63.68224195104058,65.60837793347034,63.377107324155645,65.2955132874745,1714579.94
2023-09-22,65.2955132874745,67.58113312909535,64.82510315061057,67.0977391701973,1505074.8
2023-09-23,67.0977391701973,68.19486930752242,65.5320668160251,66.62140836178654,1152354.56
2023-09-24,66.62140836178654,67.71420209310051,66.35753898191511,67.44706252041595,1587671.05
2023-09-25,67.44706252041595,69.12756136802984,66.85116824593607,68.5221685402,1404990.41
2023-09-26,68.5221685402,69.82942481277618,66.45497806530891,67.74745445170795,1583173.18
2023-09-27,67.74745445170795,68.90715999180291,67.61052508102243,68.76816758261953,1794119.53
2023-09-28,68.76816758261953,70.10794013887177,66.74462360910566,68.07080992799843,1020975.0
2023-09-29,68.07080992799843,71.60395160636621,67.49469294427166,71.00301789413429,2276177.98
2023-09-30,71.00301789413429,71.61058666928906,70.59125844831561,71.19769823667052,3728751.63
2023-10-01,71.19769823667052,73.07567625594753,69.99737288658243,71.86411574173361,1389050.13
2023-10-02,71.86411574173361,72.6148628353048,69.26785649687899,69.99912043404704,1517821.79
2023-10-03,69.99912043404704,70.7333456462581,69.72601629436232,70.45844941767102,1432292.39
2023-10-04,70.45844941767102,72.88178933928336,69.4718809219656,71.87538078382671,1341543.75
2023-10-05,71.87538078382671,73.02572983482186,69.71382642848532,70.84772813355902,2893770.94
2023-10-06,70.84772813355902,71.56449532120031,69.54717186873114,70.25797249254119,1626814.36
2023-10-07,70.25797249254119,71.3020507449271,68.42798299001726,69.46020592269342,2092133.2
2023-10-08,69.46020592269342,69.7330846522119,67.91141814683598,68.17926461895024,2359888.89
2023-10-09,68.17926461895024,68.35472022726744,66.59703642900767,66.76886244447317,2283907.01
2023-10-10,66.76886244447317,68.3045373987704,66.37217345455034,67.90112140099762,2327335.62
2023-10-11,67.90112140099762,69.23572962488895,65.22086124110699,66.52849016182374,1265389.78
2023-10-12,66.52849016182374,66.87163065016547,64.30467467587583,64.63806473243358,2209263.63
2023-10-13,64.63806473243358,65.83740506279474,62.90053602198467,64.08970163594581,1596490.9
2023-10-14,64.08970163594581,64.62062590779205,63.61878896359085,64.1492755038109,2651844.01
2023-10-15,64.1492755038109,65.46628819688587,63.453291144922765,64.76363833911724,1410135.1
2023-10-16,64.76363833911724,65.71408918456922,62.908158913085884,63.8451300184817,1304275.06
2023-10-17,63.8451300184817,64.1680660732212,62.92599657362201,63.2459016620016,1735049.9
2023-10-18,63.2459016620016,64.16774049270526,62.89211306607495,63.81079198052489,2037060.09
2023-10-19,63.81079198052489,65.18621302251721,63.39248569120025,64.76167331046936,1107753.01
2023-10-20,64.76167331046936,66.78894076204377,64.07602893121444,66.08924116477402,1565494.93
2023-10-21,66.08924116477402,67.16130113372911,65.54539201519623,66.6131408077739,1316985.29
2023-10-22,66.6131408077739,66.84942347736853,64.62263398483461,64.85267211713648,2182343.8
2023-10-23,64.85267211713648,65.29435339687001,63.510064686157044,63.94556810384786,1503834.72
2023-10-24,63.94556810384786,66.37012442100162,62.86527039110791,65.2674940645138,2295594.14
2023-10-25,65.2674940645138,67.93671988656565,64.53010594129073,67.17774981170665,1448167.44
2023-10-26,67.17774981170665,68.45773138920615,65.81163416158336,67.08994269264885,1868911.16
2023-10-27,67.08994269264885,67.55909066683536,66.43879471474087,66.90666103305088,1226478.38
2023-10-28,66.90666103305088,67.35603354756459,65.39414316167628,65.836326873984,1685507.95
2023-10-29,65.836326873984,68.0300227939417,65.20018347050078,67.37897356922454,1317123.16
2023-10-30,67.37897356922454,67.61004695433442,66.01221907357774,66.23938428467328,2537915.36
2023-10-31,66.23938428467328,68.91573573741636,65.72982710469935,68.38963738757533,2265354.92
2023-11-01,68.38963738757533,68.97015808170963,67.72711692471547,68.3069356105509,1828286.42
2023-11-02,68.3069356105509,69.20787898039421,66.47963620248895,67.36819796792287,2237255.57
2023-11-03,67.36819796792287,67.67510351225492,65.15629757273467,65.45448492121153,1528470.4
2023-11-04,65.45448492121153,66.63239058537864,64.002476930385,65.17535951014305,2018115.16
2023-11-05,65.17535951014305,66.33365641057462,63.89339982616813,65.04945922595473,1697892.5
2023-11-06,65.04945922595473,65.79984929416526,63.97467924437337,64.72128358174191,1970181.17
2023-11-07,64.72128358174191,65.35386186561445,64.10156360282072,64.73401993343205,1786184.89
2023-11-08,64.73401993343205,67.17851684255292,63.79060095680044,66.21353573697087,1707971.33
2023-11-09,66.21353573697087,67.26871255489355,65.8380908057695,66.88943512935327,1101663.14
2023-11-10,66.88943512935327,67.92439316478787,66.07660964696207,67.10890078474878,1473924.67
2023-11-11,67.10890078474878,68.86165757249832,66.62784077565952,68.37154647865154,2726549.35
2023-11-12,68.37154647865154,69.64400769613088,66.11645451427948,67.3702812077313,1683015.1
2023-11-13,67.3702812077313,68.8882740315502,66.65290724339721,68.16246471834563,1449384.07
2023-11-14,68.16246471834563,69.70856785456634,67.4052569202868,68.94269260815643,1754016.66
2023-11-15,68.94269260815643,71.76007163852216,67.85851848540649,70.6490635876246,1184213.64
2023-11-16,70.6490635876246,71.78776158703086,67.98933828770151,69.10311927322813,1539934.43
2023-11-17,69.10311927322813,69.53401328797761,67.72159075975075,68.1465198780057,1816457.78
2023-11-18,68.1465198780057,69.03061788369847,66.39162619089453,67.26427844866626,1961479.17
2023-11-19,67.26427844866626,68.98834168268272,66.08130244872,67.79601405545878,1890656.83
2023-11-20,67.79601405545878,68.69280647319191,67.15629595439555,68.05068531325124,2531326.33
2023-11-21,68.05068531325124,68.96314912086208,67.77848047580468,68.68839343129976,1465304.7
2023-11-22,68.68839343129976,69.89955762672064,65.21690983784465,66.38750304426502,1190918.75
2023-11-23,66.38750304426502,69.23282817853958,65.18418649191952,68.00027901564843,1584846.58
2023-11-24,68.00027901564843,68.59256263767696,67.67691332505056,68.26792419834057,1505325.95
2023-11-25,68.26792419834057,69.2949399370626,67.86732117262397,68.89068250315754,1816052.47
2023-11-26,68.89068250315754,69.75084852396233,68.45635117778312,69.31384928209657,1612737.29
2023-11-27,69.31384928209657,70.49422915780839,67.45066173981763,68.61921229822593,1796502.05
2023-11-28,68.61921229822593,70.53541370419059,67.30145098064531,69.20637650264487,1778354.4
2023-11-29,69.20637650264487,69.9312189474264,68.57600244646095,69.29999218230591,2162342.3
2023-11-30,69.29999218230591,70.68437162438127,67.99588678062867,69.37878350692293,1727025.63
2023-12-01,69.37878350692293,70.11013729542196,69.2142472365647,69.94425996109514,1823801.07
2023-12-02,69.94425996109514,70.58332773147059,69.19795093775916,69.83602982943367,2704812.2
2023-12-03,69.83602982943367,70.12165290906621,68.03947070649272,68.31888881586002,1150615.38
2023-12-04,68.31888881586002,69.6673737953247,66.7811361021735,68.12581007435624,1813512.71
2023-12-05,68.12581007435624,70.34132355731887,67.74867918076492,69.95407177170605,1683049.74
2023-12-06,69.95407177170605,71.27037924970155,68.03198158882374,69.33667160939346,1753191.22
2023-12-07,69.33667160939346,70.56029828572647,68.22877848117496,69.45058499717142,2002643.68
2023-12-08,69.45058499717142,71.67499932712187,68.19811488137152,70.40531169391056,1406269.57
2023-12-09,70.40531169391056,73.68920644965927,69.6205708436499,72.87691697300156,1501924.66
2023-12-10,72.87691697300156,73.6941092999897,71.76956359315301,72.58346535266878,2081118.19
2023-12-11,72.58346535266878,72.92141508635498,70.82929278689521,71.16061772006829,1665988.8
2023-12-12,71.16061772006829,72.25521174495097,70.85842708857676,71.94967032320409,1362621.34
2023-12-13,71.94967032320409,72.94943281688313,70.02897252348457,71.01575802246057,2108428.34
2023-12-14,71.01575802246057,71.8604692048981,70.52278732228018,71.36507365736105,2028865.25
2023-12-15,71.36507365736105,72.83868141504063,70.61250215604998,72.07858566169995,1801021.87
2023-12-16,72.07858566169995,72.3818704162953,71.2273611695315,71.52833061834976,1917656.22
2023-12-17,71.52833061834976,72.43025990266722,70.32338537320447,71.2214450143924,1992278.71
2023-12-18,71.2214450143924,72.42823478284645,70.97927017707589,72.18279107299723,1690562.12
2023-12-19,72.18279107299723,73.85974114202949,71.81209674212627,73.48237281618627,1868051.06
2023-12-20,73.48237281618627,73.8851826529961,73.14103655538683,73.5435621588408,1283307.44
2023-12-21,73.5435621588408,74.08372807302578,73.21428781362758,73.7535137181071,1641532.8
2023-12-22,73.7535137181071,74.7310273571657,71.46901685471055,72.42897533923434,2199975.91
2023-12-23,72.42897533923434,72.76910570369151,72.23647904916629,72.5762180829196,2994356.56
2023-12-24,72.5762180829196,73.60094793173732,71.10639558809972,72.12475101017799,1782637.41
2023-12-25,72.12475101017799,73.24559315196586,71.10573594758606,72.22515946775994,1378928.75
2023-12-26,72.22515946775994,74.32815098416042,71.82143617974823,73.91498194770335,1581907.99
2023-12-27,73.91498194770335,74.69219436861955,71.82169673808089,72.58492366115063,1202500.15
2023-12-28,72.58492366115063,74.37346080011255,72.20973801874909,73.99100722466873,2044359.19
2023-12-29,73.99100722466873,74.78057754715446,73.44594072606667,74.23372304394574,1748495.27
2023-12-30,74.23372304394574,75.42178126083888,73.02213049988855,74.2098059404618,1361217.67
2023-12-31,74.2098059404618,75.03479558478217,72.36594289676727,73.17947840049314,1647916.19
2024-01-01,73.17947840049314,74.94429867300543,71.76238451953913,73.52059911398,2062039.0
2024-01-02,73.52059911398,77.60459871810394,72.13196391753863,76.16599801449648,1750635.29
2024-01-03,76.16599801449648,76.61547175891964,72.65877317274699,73.09009528054288,1455347.81
2024-01-04,73.09009528054288,74.30596324141126,69.63742081524423,70.8154496025337,2232352.59
2024-01-05,70.8154496025337,71.39319555449026,70.04456225439243,70.62071950606409,1883602.15
2024-01-06,70.62071950606409,71.63667468766963,69.99205744266244,71.00459538070082,1427688.43
2024-01-07,71.00459538070082,73.02080127715504,70.10140783225157,72.10363381899137,1739655.85
2024-01-08,72.10363381899137,73.44752432028011,71.30496164254394,72.64287907205951,1018892.5
2024-01-09,72.64287907205951,74.0112838806006,69.41531396629148,70.74802459515796,1844738.98
2024-01-10,70.74802459515796,72.77501347762856,69.45323139278536,71.46706085120259,3476782.45
2024-01-11,71.46706085120259,72.18606933551885,70.5583588962896,71.27543953651384,2270821.53
2024-01-12,71.27543953651384,73.53582836585532,70.07218672664153,72.31502554446011,1656041.98
2024-01-13,72.31502554446011,73.64923789899841,70.16776642330984,71.48669609803537,1837981.29
2024-01-14,71.48669609803537,72.56104852862977,68.69165674750211,69.7397549153005,1978723.8
2024-01-15,69.7397549153005,70.75534493877332,68.23087361762354,69.23917389523278,2011070.9
2024-01-16,69.23917389523278,70.64954641487034,68.39752802460231,69.80107033823981,1677034.74
2024-01-17,69.80107033823981,71.26000781886395,68.79169901103995,70.24422812625535,1001132.45
2024-01-18,70.24422812625535,70.59963367215957,69.91628431550124,70.27156224869599,1581742.58
2024-01-19,70.27156224869599,70.67278118128219,69.18837900479926,69.5856818697084,1486392.03
2024-01-20,69.5856818697084,70.18543932669883,68.84627853435417,69.44482192256753,1683284.8
2024-01-21,69.44482192256753,72.49328617245922,68.12667497026779,71.14290749629888,1430685.82
2024-01-22,71.14290749629888,74.70644862266212,70.61812445534902,74.15941442924984,2008183.32
2024-01-23,74.15941442924984,75.00423239097931,73.83931618447178,74.68187900442649,2864657.15
2024-01-24,74.68187900442649,76.72797569120405,73.91023290462903,75.9432960741061,2201933.7
2024-01-25,75.9432960741061,76.55897574742018,74.45234575698333,75.06087152884945,1695722.19
2024-01-26,75.06087152884945,78.257722941322,73.57250444684458,76.73613734684419,2519275.84
2024-01-27,76.73613734684419,77.42430690882607,75.62697584655896,76.3113357888203,2183957.05
2024-01-28,76.3113357888203,77.23745470231623,73.85998383717309,74.76736502963206,2069927.42
2024-01-29,74.76736502963206,77.66362161681285,73.31846139165557,76.18720318455163,1494761.97
2024-01-30,76.18720318455163,77.68334986460098,74.8128841030619,76.30687210973223,1663275.37
2024-01-31,76.30687210973223,79.48571841847532,74.9144004549544,78.06123264427328,1996158.85
2024-02-01,78.06123264427328,80.41056155510906,76.79202958455934,79.12407762427732,2956982.36
2024-02-02,79.12407762427732,79.79839329358789,76.82901825337454,77.48940280490113,2470445.31
2024-02-03,77.48940280490113,78.96907039752644,76.2549767449132,77.73079883684014,1999859.51
2024-02-04,77.73079883684014,78.7237190904312,75.63799893564949,76.61668771973976,1795341.92
2024-02-05,76.61668771973976,78.88047832396329,75.96286234804148,78.21303021217358,2086928.03
2024-02-06,78.21303021217358,79.23700251511784,77.3089071364742,78.33150984448925,1971218.42
2024-02-07,78.33150984448925,79.70714860225765,76.14702605110126,77.50820615140385,2529696.12
2024-02-08,77.50820615140385,77.75475038391136,74.7665595988577,75.00514188657598,1311886.36
2024-02-09,75.00514188657598,77.83630398303096,73.6417944845537,76.44675282381841,1739621.74
2024-02-10,76.44675282381841,77.57679395831858,74.90772946671669,76.03163429063646,2085181.29
2024-02-11,76.03163429063646,76.6310635749086,75.12107353100372,75.71803037903227,2463444.15
2024-02-12,75.71803037903227,77.02910784636599,75.01807771194069,76.32355756446172,2810913.79
2024-02-13,76.32355756446172,77.06983210365978,74.50897603489153,75.24470176530671,1198480.69
2024-02-14,75.24470176530671,75.98178034017764,72.70299426796564,73.42222026269258,1442155.76
2024-02-15,73.42222026269258,73.83564295100243,73.24813965956183,73.6609962213945,1696161.21
2024-02-16,73.6609962213945,74.04830949428019,72.18333779863842,72.56488767692487,1266085.32
2024-02-17,72.56488767692487,73.27926760831066,71.7692547372523,72.48282680352612,2617898.6
2024-02-18,72.48282680352612,72.74623184052966,71.22060129045818,71.48036334143355,1780588.24
2024-02-19,71.48036334143355,71.80394956096215,69.61258424584796,69.92914823144191,2314931.6
2024-02-20,69.92914823144191,71.23782471650478,66.8246825884137,68.09911117363923,1651698.76
2024-02-21,68.09911117363923,69.05017704349589,67.26904007454183,68.21864887992975,1912008.5
2024-02-22,68.21864887992975,70.72050501559379,66.97191054650538,69.45124030551209,1227677.5
2024-02-23,69.45124030551209,71.53660127785082,68.50020389245284,70.57024172454125,1324906.02
2024-02-24,70.57024172454125,71.20049785677432,69.9768746627679,70.60682321139575,1331167.75
2024-02-25,70.60682321139575,73.46634470901263,69.43449003895064,72.26645553087718,1125182.91
2024-02-26,72.26645553087718,73.16283052360674,70.7605875847945,71.64930762971524,2231410.1
2024-02-27,71.64930762971524,73.44914734952532,70.82721531694237,72.61596378381961,1720127.54
2024-02-28,72.61596378381961,72.88128038145486,71.78348009722856,72.04671684004309,2248785.22
2024-02-29,72.04671684004309,72.45719119292535,70.80555474172273,71.21126926909045,1676987.44
2024-03-01,71.21126926909045,72.35821983294775,71.01688318668377,72.1612406047058,2287818.55
2024-03-02,72.1612406047058,72.9351023181124,71.90591029432856,72.67794374132593,2190913.79
2024-03-03,72.67794374132593,74.75728646560351,71.36688726132843,73.43261625037451,1674383.81
2024-03-04,73.43261625037451,74.62525001261037,70.52419219149355,71.68849940427279,1814016.32
2024-03-05,71.68849940427279,73.34067605337005,71.2589952145679,72.90389014595563,1885202.69
2024-03-06,72.90389014595563,74.1865068278275,72.44038582549146,73.71782770019975,2281471.69
2024-03-07,73.71782770019975,74.51575291707533,72.45316043937116,73.2459783366541,1712205.77
2024-03-08,73.2459783366541,74.5382751683031,72.66392556594417,73.9506229048619,1887326.02
2024-03-09,73.9506229048619,76.18882746549511,73.06420117715689,75.28639428677504,1193506.15
2024-03-10,75.28639428677504,75.7308012454084,73.96209262099254,74.40127482084168,1384734.56
2024-03-11,74.40127482084168,75.09567439027681,72.84807013710359,73.53437882085721,1436659.44
2024-03-12,73.53437882085721,74.89396171867624,71.8459726995253,73.19936143461237,1963944.0
2024-03-13,73.19936143461237,73.95099469743161,69.89088355895885,70.61598997949658,1447375.34
2024-03-14,70.61598997949658,72.2641036061381,69.36216889474952,71.00340380144917,1775619.15
2024-03-15,71.00340380144917,72.9024250794183,70.18216103684321,72.06885899895539,1656379.87
2024-03-16,72.06885899895539,73.45139365302039,71.37097818797845,72.7469465621675,1727029.35
2024-03-17,72.7469465621675,74.14362669772112,71.93305396559767,73.32328601724174,2143789.44
2024-03-18,73.32328601724174,75.70336595128718,72.19860516419341,74.55971986159524,1797863.79
2024-03-19,74.55971986159524,76.04887471972829,72.96020303996366,74.44710875640621,1620905.92
2024-03-20,74.44710875640621,74.63562128417912,72.39712261603512,72.58090961553367,1908460.35
2024-03-21,72.58090961553367,73.56421160919467,71.76038092995421,72.74186333844605,2584111.06
2024-03-22,72.74186333844605,75.35024005264087,71.7164275820764,74.30279990844228,1748200.72
2024-03-23,74.30279990844228,75.44217369859574,73.61295113286212,74.74818979395509,1251924.05
2024-03-24,74.74818979395509,75.6667683653296,73.39383831051684,74.30699505110586,1223612.32
2024-03-25,74.30699505110586,75.49024770483244,74.08674570545213,75.26715240867857,1584924.5
2024-03-26,75.26715240867857,76.28273096953482,74.73672468217687,75.74890818142804,1278290.7
2024-03-27,75.74890818142804,76.41471137256146,74.8292664190323,75.49281868393136,934798.43
2024-03-28,75.49281868393136,76.35198943669891,74.78978565675816,75.64751578020777,1580069.08
2024-03-29,75.64751578020777,76.72690351273542,74.1936277407958,75.26759451067277,1869718.96
2024-03-30,75.26759451067277,77.41799716597227,73.89451375316412,76.03099004708291,2402710.65
2024-03-31,76.03099004708291,76.26663130311772,74.70522297881654,74.93747512694792,1692532.65
2024-04-01,74.93747512694792,76.10841596792851,74.18161854131822,75.34841444428511,1836897.96
2024-04-02,75.34841444428511,77.12760635013464,74.65819807335103,76.42750515179524,1933895.79
2024-04-03,76.42750515179524,78.21794028301478,74.94740582255122,76.7319451517447,1735564.75
2024-04-04,76.7319451517447,78.18503704132702,75.60339618072452,77.05178398281137,1438726.41
2024-04-05,77.05178398281137,78.62855056786522,75.57332044576727,77.14823631117291,2925319.52
2024-04-06,77.14823631117291,78.69000179915356,76.2950782002362,77.82931188736472,1327848.0
2024-04-07,77.82931188736472,78.86437127240468,76.3566478983757,77.38580909784193,1886513.69
2024-04-08,77.38580909784193,78.73073629082178,75.88871295360028,77.23094875011874,1398843.66
2024-04-09,77.23094875011874,77.4363494772633,75.91637107699307,76.11881400952164,1748663.75
2024-04-10,76.11881400952164,77.53884176445098,74.38089816841457,75.79488285453426,1883251.09
2024-04-11,75.79488285453426,76.59614952324041,72.60195138724487,73.37766439707593,1616254.09
2024-04-12,73.37766439707593,74.83745076745245,71.96111476405753,73.42008226113974,1255143.44
2024-04-13,73.42008226113974,74.3269708149194,73.26088001207464,74.16615080968694,1558593.19
2024-04-14,74.16615080968694,74.43994015332697,73.82056132764863,74.09408463414526,2251617.57
2024-04-15,74.09408463414526,75.47035870138163,73.84606926427485,75.21857930684521,1167769.49
2024-04-16,75.21857930684521,77.10627256287684,74.99232316340424,76.87503383379669,2555764.71
2024-04-17,76.87503383379669,77.21380888910818,76.52509438493982,76.86382002291498,1740800.21
2024-04-18,76.86382002291498,77.4785271588302,75.03475848664625,75.6396757078049,2032604.36
2024-04-19,75.6396757078049,77.33992772136361,75.30580917382962,77.00005659196363,1306208.49
2024-04-20,77.00005659196363,78.48844515997312,76.64490481507505,78.12809048765591,1637823.36
2024-04-21,78.12809048765591,79.50330557123424,77.33899942067988,78.70835386381806,1439256.79
2024-04-22,78.70835386381806,79.75357278380278,77.01387851263853,78.05035950173368,1830264.94
2024-04-23,78.05035950173368,78.76012712409532,77.83110384188328,78.53949739943339,1293900.28
2024-04-24,78.53949739943339,79.50872716759046,77.18813185051542,78.15258688493105,1455712.98
2024-04-25,78.15258688493105,79.12750050272271,76.27308341291159,77.23657019014082,2850502.33
2024-04-26,77.23657019014082,78.30111988581602,76.63595870992296,77.69692854039317,1998412.57
2024-04-27,77.69692854039317,78.11596162829458,76.07594509763422,76.48846070772711,1869326.35
2024-04-28,76.48846070772711,78.47786048378931,75.46461673416643,77.44126268367692,1861802.22
2024-04-29,77.44126268367692,79.05463345083669,76.19728613275304,77.80481695143564,2448042.48
2024-04-30,77.80481695143564,78.35826105770525,77.12062401918641,77.67313141502,1647060.77
2024-05-01,77.67313141502,78.54129991627875,76.76196922420316,77.62965174427514,2148444.44
2024-05-02,77.62965174427514,77.92310013592996,76.00991067344619,76.29832651324696,942340.48
2024-05-03,76.29832651324696,77.52471431447476,73.85635378715214,75.0628835888559,1649795.6
2024-05-04,75.0628835888559,78.2877438312592,74.01735039697975,77.21227231109219,1573609.81
2024-05-05,77.21227231109219,77.96205280612762,76.28426064419324,77.032293429298,1491147.49
2024-05-06,77.032293429298,78.02558653845692,74.31075441206791,75.28147154384428,2045149.99
2024-05-07,75.28147154384428,77.88726950666015,73.83672211145097,76.42065761077045,1643776.56
2024-05-08,76.42065761077045,77.34645525430501,74.25896364027227,75.16960541878963,1633021.71
2024-05-09,75.16960541878963,76.62018229233973,74.44128013441838,75.88492619853531,1397372.34
2024-05-10,75.88492619853531,78.51981870143278,75.11477907579382,77.73093663751976,1540683.85
2024-05-11,77.73093663751976,78.1409210595377,77.05790764583917,77.46649730779832,1029325.25
2024-05-12,77.46649730779832,80.39557062363944,76.04268972978852,78.94459609821394,1571061.55
2024-05-13,78.94459609821394,80.85155511755978,78.00383772655098,79.89941842312358,1193448.46
2024-05-14,79.89941842312358,82.72156812392582,79.17155220797333,81.97479567621433,2501253.9
2024-05-15,81.97479567621433,84.32222228925791,80.42931721342916,82.76190439248775,2042240.14
2024-05-16,82.76190439248775,83.74823986910697,81.08641364129343,82.0644368761854,2135871.88
2024-05-17,82.0644368761854,82.4445389390753,78.978715457364,79.34622745018802,1221914.25
2024-05-18,79.34622745018802,80.49523498158578,77.20752920973403,78.34199450958391,2096248.64
2024-05-19,78.34199450958391,79.8623381444809,76.20691765313464,77.71509537217449,1438822.84
2024-05-20,77.71509537217449,80.3195883332356,76.40304028328988,78.98607543298662,1821804.75
2024-05-21,78.98607543298662,81.27968274164577,78.28726367664375,80.56688512273558,1622482.08
2024-05-22,80.56688512273558,81.90075249661442,77.84531635918444,79.15582213885719,1204384.89
2024-05-23,79.15582213885719,81.61253597615855,78.31180173688152,80.75150121367521,1311591.51
2024-05-24,80.75150121367521,81.50120293441563,79.01318569634816,79.75362305717236,2004617.56
2024-05-25,79.75362305717236,80.71066153496993,77.74718397039842,78.69147675919467,1988730.11
2024-05-26,78.69147675919467,78.95763080824618,76.69307143827358,76.95334670131503,1206267.0
2024-05-27,76.95334670131503,77.90799210061923,76.43341518337417,77.38514317097975,2258724.5
2024-05-28,77.38514317097975,78.34676357338668,75.70937794551749,76.66201242046066,1545303.6
2024-05-29,76.66201242046066,78.64381870433195,76.34685543590007,78.32183818791702,1233810.42
2024-05-30,78.32183818791702,79.05684656507955,76.46073044215584,77.18507086869509,1481916.38
2024-05-31,77.18507086869509,79.43633397382659,75.88101858957135,78.1165443238809,1211389.77
2024-06-01,78.1165443238809,79.52960587962873,75.21800360217829,76.60369907980916,1418043.28
2024-06-02,76.60369907980916,78.3179303942007,76.19871271037863,77.90605874483244,1508420.45
2024-06-03,77.90605874483244,79.54667887249052,76.42559076136475,78.06322423459004,1934012.71
2024-06-04,78.06322423459004,79.26054995188987,77.25084930966294,78.44421024730484,2082979.64
2024-06-05,78.44421024730484,78.81581279928152,77.62879759880276,77.99828774581013,2217518.79
2024-06-06,77.99828774581013,79.20804853899534,76.28187021406238,77.48364891041308,2069224.04
2024-06-07,77.48364891041308,78.39589278117388,77.20972903963956,78.11972425949308,1056328.89
2024-06-08,78.11972425949308,81.67582295795,76.93470058892137,80.45536912580432,1184598.43
2024-06-09,80.45536912580432,81.62770878312367,77.95307736415074,79.10575133002642,2236917.58
2024-06-10,79.10575133002642,80.17168311148542,77.61858749299721,78.67876574199035,1513005.35
2024-06-11,78.67876574199035,80.00851291135082,76.59276985683947,77.90951596157478,1642107.98
2024-06-12,77.90951596157478,79.21946891389827,74.75202720138765,76.03038486920876,1991269.83
2024-06-13,76.03038486920876,76.78568106854603,73.44449496201892,74.18142332553555,2347234.69
2024-06-14,74.18142332553555,75.0190602103759,72.48551732861341,73.31335218522086,1911980.34
2024-06-15,73.31335218522086,74.01125697097605,72.15872145775519,72.85223666481998,1371161.6
2024-06-16,72.85223666481998,75.52654966648893,71.90204607784806,74.5541613693571,1253002.95
2024-06-17,74.5541613693571,76.63355022156429,73.70379440745067,75.76932308926622,1300842.78
2024-06-18,75.76932308926622,76.32512336694538,74.22743341204811,74.77594685164826,2308888.94
2024-06-19,74.77594685164826,76.45643088879126,74.05693263241376,75.72825962833662,2108037.5
2024-06-20,75.72825962833662,76.64961158594055,73.85139219889734,74.76097564370069,1719669.47
2024-06-21,74.76097564370069,75.98723653606251,73.43844067802051,74.6630961091868,1190438.91
2024-06-22,74.6630961091868,75.39741597861844,74.33247707904923,75.06501718360715,2124655.98
2024-06-23,75.06501718360715,78.63013802272502,74.15514251201192,77.68846414515944,1782386.16
2024-06-24,77.68846414515944,79.51126901871848,76.22080988471417,78.03702981801925,1403504.04
2024-06-25,78.03702981801925,78.76717533736668,75.48361585287797,76.19654102634881,1677114.34
2024-06-26,76.19654102634881,77.38046352378922,75.95018843424974,77.13108942418928,1929722.39
2024-06-27,77.13108942418928,79.93536397407145,75.79729354954648,78.5765719704811,1520806.05
2024-06-28,78.5765719704811,80.19091740127838,78.11923823176687,79.72688855521588,1312032.11
2024-06-29,79.72688855521588,80.88722833431027,77.31813288415418,78.46003496116201,1782188.2
2024-06-30,78.46003496116201,79.43829438336472,77.65098203157655,78.62751446268854,1810550.27
2024-07-01,78.62751446268854,80.11630752042068,77.12515750598659,78.61368877770188,1058877.08
2024-07-02,78.61368877770188,82.20177619654969,77.36143117870822,80.91289396873022,1669668.04
2024-07-03,80.91289396873022,83.07944451587855,79.58305406358544,81.736075255028,1377130.97
2024-07-04,81.736075255028,85.1318844777908,80.68846189510462,84.05455510256557,1915149.46
2024-07-05,84.05455510256557,84.43359928014127,82.72743140813171,83.1021808521973,1110437.59
2024-07-06,83.1021808521973,83.52190382151394,82.40167800481504,82.81997564441647,1236381.9
2024-07-07,82.81997564441647,83.05162749338136,81.88047944485552,82.11014586240519,946304.21
2024-07-08,82.11014586240519,84.54635758193986,81.01553954227892,83.434101671967,1885817.68
2024-07-09,83.434101671967,86.22716086529225,82.2305531046184,85.00100943466387,1168733.2
2024-07-10,85.00100943466387,86.03977095900036,84.51594208282762,85.55156182108529,1220267.39
2024-07-11,85.55156182108529,87.18949713851491,84.057606936427,85.69307112979448,1661695.73
2024-07-12,85.69307112979448,87.00752089459513,84.97643096834933,86.28592279075832,1633605.73
2024-07-13,86.28592279075832,86.7988996513173,83.87983177879548,84.38148661067123,1993427.64
2024-07-14,84.38148661067123,85.6906685702513,82.52933037711657,83.8299553076484,2044265.37
2024-07-15,83.8299553076484,84.94307841528628,82.28342804743691,83.39071882126383,2255072.71
2024-07-16,83.39071882126383,83.85721075906685,82.91546406173372,83.38190670410351,2545399.0
2024-07-17,83.38190670410351,84.79836720559439,81.11218025747478,82.51389530750349,2206249.02
2024-07-18,82.51389530750349,82.83473514250187,81.07743948322,81.39392452147959,1847384.56
2024-07-19,81.39392452147959,81.83519853878397,78.88965248528864,79.3196810718651,1794936.36
2024-07-20,79.3196810718651,81.15030996283494,78.06526795888631,79.88692606793016,1983351.5
2024-07-21,79.88692606793016,80.82413289912198,77.22076224264221,78.1374447411148,1025736.43
2024-07-22,78.1374447411148,80.20186681656847,77.37226944714135,79.42409179475933,1635518.35
2024-07-23,79.42409179475933,80.2300095195341,79.04794726937905,79.85183922526437,1076576.22
2024-07-24,79.85183922526437,81.31061038142114,79.56342829004154,81.01798752166363,1414676.0
2024-07-25,81.01798752166363,81.81435248807134,79.0782691118797,79.863283938543,1175456.16
2024-07-26,79.863283938543,83.94748008511499,78.28919013317307,82.32486879728687,1873575.62
2024-07-27,82.32486879728687,86.4806695137957,81.23802093630708,85.35383344755999,1975665.38
2024-07-28,85.35383344755999,86.06478804388338,84.69471481515305,85.40527219165291,2304014.17
2024-07-29,85.40527219165291,87.67999744603358,83.6985009864421,85.96209841533268,1334799.31
2024-07-30,85.96209841533268,87.67781108565465,84.2385765219575,85.95413015420537,1442224.85
2024-07-31,85.95413015420537,88.08668338185666,85.25960929256391,87.38063616099089,2228487.38
2024-08-01,87.38063616099089,89.04560993002869,86.863726270312,88.52194847914691,1495741.43
2024-08-02,88.52194847914691,89.00831282554677,85.54551657299282,86.01812420847718,1420432.37
2024-08-03,86.01812420847718,87.10031888953922,83.81391576123727,84.88181452140232,2031497.06
2024-08-04,84.88181452140232,86.08827490129418,84.2320674907221,85.43429875519708,1935336.16
2024-08-05,85.43429875519708,87.91107214124696,84.0642803007861,86.52358595332228,2159570.02
2024-08-06,86.52358595332228,87.47027913381042,85.79865532944353,86.74350592882172,1917860.98
2024-08-07,86.74350592882172,87.86791218743676,83.30364183228737,84.39763997758956,1540475.82
2024-08-08,84.39763997758956,85.72495336869657,83.85079901087312,85.17308801086838,2396939.81
2024-08-09,85.17308801086838,88.67795531629139,84.2653932302695,87.74287416827518,2120050.51
2024-08-10,87.74287416827518,88.95771303020402,83.37313507838871,84.54367967905459,1692729.17
2024-08-11,84.54367967905459,87.55449503649308,82.86708409007274,85.85195488897702,2121638.85
2024-08-12,85.85195488897702,89.11382424459153,85.21019723400211,88.45262613907613,1694333.47
2024-08-13,88.45262613907613,91.22798345689151,87.07367750575618,89.82759942235633,1348233.73
2024-08-14,89.82759942235633,90.98620487010876,88.56312535802442,89.72034745912526,1747697.45
2024-08-15,89.72034745912526,92.46543044612702,88.3216291114951,91.04604480008881,2751665.96
2024-08-16,91.04604480008881,92.23216514067883,89.74403496528596,90.92862560409655,2205587.67
2024-08-17,90.92862560409655,92.1044438831733,90.56981153459856,91.74241849997996,1886289.08
2024-08-18,91.74241849997996,92.45425890619478,91.16610651461136,91.87710086658691,1358622.1
2024-08-19,91.87710086658691,93.41878011599427,90.51469366205767,92.05375340466404,1264822.38
2024-08-20,92.05375340466404,93.467658416305,89.53652250883226,90.93321656938726,1599239.29
2024-08-21,90.93321656938726,92.14552673279033,89.05915645377188,90.262525042409,1460469.95
2024-08-22,90.262525042409,93.19967442303505,89.7607047539657,92.6843896233562,1707554.27
2024-08-23,92.6843896233562,93.04919172010169,91.4062689322712,91.7674620382582,1765352.16
2024-08-24,91.7674620382582,93.16716273291257,87.55505687650692,88.91119176475071,1191233.28
2024-08-25,88.91119176475071,95.409429559065,87.71327808612406,94.14105318160127,1378694.78
2024-08-26,94.14105318160127,95.27563641019,92.36058889188713,93.48729303614995,1555798.0
2024-08-27,93.48729303614995,93.70613485016703,92.8736299310195,93.09154535024362,1895903.83
2024-08-28,93.09154535024362,94.3155391439679,91.28064391031128,92.49681806255957,1913706.01
2024-08-29,92.49681806255957,94.01380097283774,91.01493558631732,92.53136502311897,1312952.32
2024-08-30,92.53136502311897,93.4898532445942,90.46221568085404,91.40907867399193,1251622.82
2024-08-31,91.40907867399193,93.9292105906638,91.14234209904907,93.65591761964403,1341772.49
2024-09-01,93.65591761964403,94.33192047745501,92.68994354060334,93.36383818639094,2074574.44
2024-09-02,93.36383818639094,93.84322138717695,91.33244133382094,91.8038144830631,1510106.5
2024-09-03,91.8038144830631,93.00940155092518,86.48759154559694,87.63847854275704,1745828.8
2024-09-04,87.63847854275704,89.59365339314347,87.2710481223745,89.21959403601964,1886825.02
2024-09-05,89.21959403601964,89.46379971666462,88.35156935075958,88.59406287091346,2310637.37
2024-09-06,88.59406287091346,90.63723306226271,87.11209653342124,89.14603357775906,1252943.28
2024-09-07,89.14603357775906,90.80364522793965,86.18940105112625,87.82240062017436,2302151.58
2024-09-08,87.82240062017436,89.47851203616422,86.31264072202116,87.96627872136709,1964253.21
2024-09-09,87.96627872136709,89.06638527316416,86.8377093056167,87.9374553927779,2579349.31
2024-09-10,87.9374553927779,90.02313792609903,87.19711769907983,89.27156845202923,2415549.67
2024-09-11,89.27156845202923,89.83046104845033,88.96394843448681,89.5219781466103,1747252.73
2024-09-12,89.5219781466103,90.33009412434401,87.12209368826647,87.91570986280614,1409941.11
2024-09-13,87.91570986280614,91.90592642204716,87.4494041172215,91.42102843404732,2005444.93
2024-09-14,91.42102843404732,93.60204305678441,89.90839121798415,92.07852697854963,1285014.8
2024-09-15,92.07852697854963,93.644408369572,89.14575496710489,90.68798895977548,1794430.46
2024-09-16,90.68798895977548,91.92826541992696,89.73990265114402,90.97715604989354,1411532.7
2024-09-17,90.97715604989354,92.25660103607191,90.2918323202164,91.56683529919222,1600508.64
2024-09-18,91.56683529919222,93.6458360620728,90.2312217826848,92.2995352271264,985303.7
2024-09-19,92.2995352271264,94.09039792088694,91.07243284134081,92.85589880154411,1664640.19
2024-09-20,92.85589880154411,94.3984127104317,91.69924850908984,93.2370150808496,1751808.85
2024-09-21,93.2370150808496,96.41269353414164,91.49726109614299,94.64663674570167,1488044.94
2024-09-22,94.64663674570167,96.4560376556332,93.98068293235016,95.78209452051561,1664540.45
2024-09-23,95.78209452051561,97.7320264272821,95.0198656742696,96.96042052496553,1296466.54
2024-09-24,96.96042052496553,97.24954108550594,93.93516788308828,94.21610533197757,2065795.04
2024-09-25,94.21610533197757,94.77720141876135,91.06666417567679,91.61225324045014,1710617.4
2024-09-26,91.61225324045014,92.56980121036834,89.5057007737768,90.45111228679501,2975013.76
2024-09-27,90.45111228679501,91.9679322038144,88.58668290387138,90.09757416337096,1828859.11
2024-09-28,90.09757416337096,90.58438301277057,88.52273589431736,89.00363404372419,1870571.24
2024-09-29,89.00363404372419,90.01960689133642,86.55923047668297,87.55870957044488,1511788.94
2024-09-30,87.55870957044488,88.573472683958,86.89673344623237,87.90884937374813,2290275.52
2024-10-01,87.90884937374813,89.32758075866997,85.28366390242532,86.68260534698581,1527348.19
2024-10-02,86.68260534698581,87.85150560793709,82.25229218361706,83.3766116795451,2619039.03
2024-10-03,83.3766116795451,83.62571547174014,81.3248627795591,81.56856468080677,2600149.55
2024-10-04,81.56856468080677,81.97067865885083,80.37659599254755,80.77479688067758,1495651.19
2024-10-05,80.77479688067758,82.04685772129966,79.17936600211635,80.44625285272522,1586279.44
2024-10-06,80.44625285272522,82.79752406010752,79.30297688151134,81.63732101569246,1417985.61
2024-10-07,81.63732101569246,82.56094230291056,81.30320632194007,82.22442478659887,1217051.3
2024-10-08,82.22442478659887,82.83569111526987,79.00956026057567,79.60132615645493,1829540.38
2024-10-09,79.60132615645493,82.07125503056747,79.0523878317997,81.50916010136797,1701926.85
2024-10-10,81.50916010136797,82.36380793349511,80.40332134169985,81.25530745316645,2005608.7
2024-10-11,81.25530745316645,81.55659811775158,81.05485467678027,81.35589719151574,1678819.92
2024-10-12,81.35589719151574,82.46659897863466,80.41671365512441,81.52545800911551,2114235.26
2024-10-13,81.52545800911551,81.93267871818053,80.01283110858579,80.41450258102935,1679794.21
2024-10-14,80.41450258102935,82.39770542031611,79.19054181113135,81.16236174988758,1619120.6
2024-10-15,81.16236174988758,82.12533542144435,77.71260280329379,78.64571703571947,1737512.06
2024-10-16,78.64571703571947,81.68367446523276,77.37396331351312,80.3838145465009,2055656.14
2024-10-17,80.3838145465009,81.7136617899182,79.31159663742515,80.63805266747424,1549954.91
2024-10-18,80.63805266747424,82.61424098718922,79.15679312335449,81.1240539697046,2133364.18
2024-10-19,81.1240539697046,83.39971654028113,79.56750766960323,81.8296321457961,1413898.49
2024-10-20,81.8296321457961,82.91032363939537,80.18181612801168,81.25491759449545,1571611.37
2024-10-21,81.25491759449545,84.0605774765371,80.17479124260497,82.95781441799471,1066426.27
2024-10-22,82.95781441799471,83.65440499990953,81.3082372222143,81.99675788407502,1560973.02
2024-10-23,81.99675788407502,83.53915907080984,79.16777519427612,80.68551115567551,1284234.09
2024-10-24,80.68551115567551,82.23819011985479,79.34086132881535,80.8901302503941,1952634.3
2024-10-25,80.8901302503941,81.41490701209993,78.5976679552666,79.11090192832442,1930695.86
2024-10-26,79.11090192832442,79.64463849987992,77.86739162161336,78.39630704445139,2304372.14
2024-10-27,78.39630704445139,79.9466201108741,77.19270898497831,78.73777951362399,2575449.38
2024-10-28,78.73777951362399,80.3546678225205,78.0827165887884,79.69166896630983,1632185.26
2024-10-29,79.69166896630983,81.03100725060483,78.31377367957023,79.65245287856361,1413631.78
2024-10-30,79.65245287856361,81.12605337674535,77.04897988259958,78.5012833084284,1911547.92
2024-10-31,78.5012833084284,78.82142612944007,77.76347764503146,78.08191018451285,1542827.62
2024-11-01,78.08191018451285,78.97009685312966,76.37023537406215,77.24894703414164,1461441.38
2024-11-02,77.24894703414164,78.63801926818657,75.74847638071789,77.13550879527087,1692744.62
2024-11-03,77.13550879527087,78.05561101068638,75.46086774218763,76.37186086946323,1467383.7
2024-11-04,76.37186086946323,76.72462862594959,74.83169372973798,75.17895134134722,2844831.35
2024-11-05,75.17895134134722,76.40015571515505,72.65561744922482,73.85532081295283,1591522.51
2024-11-06,73.85532081295283,74.27598861486587,71.28470443870539,71.69305633657221,1687012.2
2024-11-07,71.69305633657221,73.76701754576355,70.91037195312002,72.97038832785807,2081295.35
2024-11-08,72.97038832785807,75.26510495118083,71.55333264697441,73.83133012581054,2939157.39
2024-11-09,73.83133012581054,75.16124355332335,71.07864855188967,72.38246375197033,1606816.38
2024-11-10,72.38246375197033,74.10823102178465,71.44354342611601,73.15923469152435,1064625.49
2024-11-11,73.15923469152435,73.57124474701254,72.80624948536527,73.21797611996591,1667771.15
2024-11-12,73.21797611996591,73.87331563833787,71.06545113266354,71.70726902544311,1109760.58
2024-11-13,71.70726902544311,72.15671978256766,70.06153282838791,70.50343814825689,1494160.9
2024-11-14,70.50343814825689,71.50245339909402,69.3445001252476,70.3412167412397,2471948.84
2024-11-15,70.3412167412397,72.31841530509428,69.23676003110458,71.20046714684212,1391350.05
2024-11-16,71.20046714684212,72.85003593556571,70.25812800205313,71.8984588610081,1308816.63
2024-11-17,71.8984588610081,72.82933976586781,70.35806254354316,71.28094844173712,2106799.6
2024-11-18,71.28094844173712,72.37068188579843,70.7367948168971,71.8223948977229,1609796.41
2024-11-19,71.8223948977229,72.55107539692075,70.91445373041866,71.64129688359755,2300451.14
2024-11-20,71.64129688359755,73.05148013629653,69.40656291566818,70.80018986519177,1585374.61
2024-11-21,70.80018986519177,73.24126422420328,69.50008237084654,71.92058289554839,1997566.54
2024-11-22,71.92058289554839,73.18035490154732,70.8539101519077,72.11086010742437,1156046.54
2024-11-23,72.11086010742437,74.0002328783987,70.84077105984356,72.71942517040966,1345699.95
2024-11-24,72.71942517040966,73.79164528008906,70.39041872763467,71.44383068452187,1623254.65
2024-11-25,71.44383068452187,72.40845564878973,69.89545010134304,70.85208540061285,1536736.46
2024-11-26,70.85208540061285,72.93162180521692,69.74495111124544,71.80952654587972,3174535.49
2024-11-27,71.80952654587972,72.27247247761233,71.03052979356772,71.49142496911344,2191543.16
2024-11-28,71.49142496911344,72.87504246902436,69.86273626019266,71.2415171402498,2177057.0
2024-11-29,71.2415171402498,71.94078639244476,69.34603311769128,70.03344456505326,1628952.97
2024-11-30,70.03344456505326,70.46186941193167,69.83781339330649,70.2655897666152,1200064.21
2024-12-01,70.2655897666152,70.64327596577554,68.68267425762083,69.05384719119569,2582977.28
2024-12-02,69.05384719119569,70.43987082770798,68.09270083753816,69.47289187690959,1133634.82
2024-12-03,69.47289187690959,70.44311927579967,67.41565610043071,68.37048781626531,1481529.63
2024-12-04,68.37048781626531,69.17428664851568,67.34524222136106,68.14640663934749,1962027.21
2024-12-05,68.14640663934749,70.69022771398448,67.3942120214189,69.91847316663086,3263288.38
2024-12-06,69.91847316663086,71.28598849482127,68.9809447623862,70.34277073546602,2626737.04
2024-12-07,70.34277073546602,71.39696709954073,68.90807156158793,69.95647873628684,1986474.29
2024-12-08,69.95647873628684,71.34368692894165,69.56238071435794,70.94402558725227,2909269.06
2024-12-09,70.94402558725227,71.34842662946689,69.72437234446105,70.12409957615132,1502581.38
2024-12-10,70.12409957615132,70.31005606694046,68.83577559186477,69.01880102984627,1902815.0
2024-12-11,69.01880102984627,69.90715502999326,67.73625023768766,68.61946429949143,2448308.23
2024-12-12,68.61946429949143,70.47078673801437,68.02126738937051,69.8617599933399,1197221.62
2024-12-13,69.8617599933399,72.40179312853398,68.54432679249766,71.06173121173441,1867636.6
2024-12-14,71.06173121173441,71.63268762221928,69.93301197748413,70.49945065837025,1898782.85
2024-12-15,70.49945065837025,71.35729976880803,69.32944896870556,70.18345296635935,1883870.1
2024-12-16,70.18345296635935,71.25331423385344,69.60602711708802,70.67186999272015,1309673.23
2024-12-17,70.67186999272015,74.13881710840337,70.07737831963482,73.52036390842066,1895829.35
2024-12-18,73.52036390842066,74.1476081522027,72.62099080643355,73.24589338531413,1829881.29
2024-12-19,73.24589338531413,75.88898440460831,72.29480759255932,74.91620982950609,1481753.64
2024-12-20,74.91620982950609,75.87552649295823,74.27209774862031,75.22872745846442,2066082.48
2024-12-21,75.22872745846442,76.6419060432815,74.87804745646051,76.2862961666243,2382819.71
2024-12-22,76.2862961666243,77.9457125401046,75.9071279762703,77.5602125627997,1425942.1
2024-12-23,77.5602125627997,78.68474425481912,76.66905242204197,77.79093315439933,1924032.33
2024-12-24,77.79093315439933,78.55420940616708,77.00109829829466,77.76411137768012,2400870.35
2024-12-25,77.76411137768012,79.14152463842719,76.13907509561162,77.51202319106626,2411993.43
2024-12-26,77.51202319106626,78.17811779651582,77.2983848695015,77.96323584447961,1635433.09
2024-12-27,77.96323584447961,80.02751114690821,77.43564958416648,79.48959583151255,2222564.72
2024-12-28,79.48959583151255,82.39766582098801,78.34043368511942,81.22343793247597,1599845.14
2024-12-29,81.22343793247597,84.03027136116773,80.0605545279577,82.84418359250328,2085547.79
2024-12-30,82.84418359250328,83.12406615273404,81.95184769569094,82.22965411640716,1413212.03
2024-12-31,82.22965411640716,82.75948397201586,80.95937388767632,81.48440186374823,1162070.98
2025-01-01,81.48440186374823,81.98170310540465,79.91537031568619,80.406090598054,1942200.64
2025-01-02,80.406090598054,82.17002905488413,78.85668085867117,80.61656354276093,2118159.24
2025-01-03,80.61656354276093,83.37608969245606,79.11907619644722,81.8555869533057,2028284.5
2025-01-04,81.8555869533057,83.46609053454081,79.52187905338074,81.1178680613078,1385833.43
2025-01-05,81.1178680613078,81.49387295098681,80.511737472087,80.88667069479092,916097.22
2025-01-06,80.88667069479092,82.93603717368805,79.71242394917898,81.74926794440321,2114914.15
2025-01-07,81.74926794440321,82.68186604701744,80.40585674732078,81.33371420034896,2448079.24
2025-01-08,81.33371420034896,82.59639103951929,79.83327201223437,81.09219942078454,1058601.33
2025-01-09,81.09219942078454,83.06087701068303,80.62126296722101,82.5812927667723,1575016.67
2025-01-10,82.5812927667723,82.83204794861162,82.37189641873078,82.62254699474005,1345174.44
2025-01-11,82.62254699474005,82.95621602518203,81.34210940915113,81.6719394354207,1807887.29
2025-01-12,81.6719394354207,82.71715529932098,80.76543150508566,81.80912469756515,2374554.08
2025-01-13,81.80912469756515,84.01348568760612,80.20301328019805,82.3958553258128,1603817.23
2025-01-14,82.3958553258128,86.04891096843433,82.17912478479076,85.8231653773375,1497914.54
2025-01-15,85.8231653773375,89.08094801237436,84.7442715155765,87.97500312623569,1874561.34
2025-01-16,87.97500312623569,93.17763005119329,87.48623913905777,92.66282188209028,999621.48
2025-01-17,92.66282188209028,92.968827793751,90.7844527046384,91.08524890384254,2096085.57
2025-01-18,91.08524890384254,94.4083323968355,89.88009361646417,93.1755205789906,2214584.74
2025-01-19,93.1755205789906,96.40010987620073,92.36045676111195,95.56415123094057,1701991.35
2025-01-20,95.56415123094057,97.09288497572965,94.09458739366447,95.62242501738598,1523002.43
2025-01-21,95.62242501738598,96.44820438646637,94.20578240524947,95.02641472853803,1584445.97
2025-01-22,95.02641472853803,96.5467390298344,94.66517200691393,96.18110674885203,1586106.35
2025-01-23,96.18110674885203,97.64203138686814,94.23149466864174,95.68488199508728,1675739.82
2025-01-24,95.68488199508728,97.00108331558498,92.64385879045457,93.93600326470526,1150865.63
2025-01-25,93.93600326470526,95.65118727915929,90.13464927194174,91.8110333122975,1885335.37
2025-01-26,91.8110333122975,93.14574464117969,88.31557468887871,89.61841056317071,1550869.82
2025-01-27,89.61841056317071,90.16906622522573,89.41848463384042,89.9683596093397,1708785.32
2025-01-28,89.9683596093397,92.50334441983394,88.4459651844202,90.96410062063617,1471268.44
2025-01-29,90.96410062063617,92.05161651719528,88.47658629028982,89.54716206215934,1869808.58
2025-01-30,89.54716206215934,90.46217813990691,89.34960884945843,90.26304559082335,2370190.81
2025-01-31,90.26304559082335,92.4700783958397,88.77890985060247,90.97424881004451,1791036.33
2025-02-01,90.97424881004451,92.95010896209111,89.53050284843908,91.49805035839188,1129106.97
2025-02-02,91.49805035839188,94.37359271439814,89.66867091939467,92.5237066683469,1701835.62
2025-02-03,92.5237066683469,93.85109803339382,91.53473247896734,92.85854480159021,1791540.1
2025-02-04,92.85854480159021,96.4197012506498,91.37115338375823,94.89961631750968,1676913.79
2025-02-05,94.89961631750968,97.29861781821052,93.49150301270608,95.87601675777518,1403730.31
2025-02-06,95.87601675777518,96.92214635201923,92.9296519474373,93.95481882248977,1680674.06
2025-02-07,93.95481882248977,97.31011120252239,93.47279758545389,96.81342431477421,2098082.04
2025-02-08,96.81342431477421,97.78096492808778,94.37409934616656,95.3267826585425,1578779.12
2025-02-09,95.3267826585425,95.78571566959707,94.85381926554179,95.31268440317605,2400313.98
2025-02-10,95.31268440317605,100.0974665663528,94.59943135191014,99.35397136760704,1444917.72
2025-02-11,99.35397136760704,101.93158847299873,97.59472719202589,100.15810562641408,1313703.33
2025-02-12,100.15810562641408,100.81541678340304,98.1928987005262,98.84156978096442,1604298.15
2025-02-13,98.84156978096442,101.07206051897846,97.1734276717446,99.39458520792061,1022648.53
2025-02-14,99.39458520792061,100.51101550868118,99.13791539974304,100.25213123204887,1696354.21
2025-02-15,100.25213123204887,101.67716341300486,99.17008713781415,100.59145689952771,1564616.45
2025-02-16,100.59145689952771,102.13392954808072,98.2491422532005,99.77915910108011,2018580.1
2025-02-17,99.77915910108011,101.53319910691563,96.02148781591288,97.73967528258979,1108832.82
2025-02-18,97.73967528258979,97.97940821654213,95.68570553015542,95.92097761720977,2058439.27
2025-02-19,95.92097761720977,97.48775593408462,93.17926846561924,94.72653672179399,1766898.83
2025-02-20,94.72653672179399,98.4947452458576,93.0173518489155,96.74906713147783,2526784.96
2025-02-21,96.74906713147783,97.20987679744815,94.41336921707405,94.86520617286936,1629287.77
2025-02-22,94.86520617286936,95.39601894923254,94.58610732899405,95.11618172098906,1851377.28
2025-02-23,95.11618172098906,97.86256985978324,94.57624644721504,97.31018016313307,1992226.41
2025-02-24,97.31018016313307,98.97049679392032,96.70068751782254,98.35446338440691,1022431.17
2025-02-25,98.35446338440691,101.20692421620136,97.82085777682674,100.66080593481313,2244190.67
2025-02-26,100.66080593481313,101.93242012388559,98.45939175400038,99.71910981189671,1646035.68
2025-02-27,99.71910981189671,101.41266409635271,99.06547502074497,100.7522572719811,1237224.1
2025-02-28,100.7522572719811,104.2015000168027,99.24265271157346,102.66326223384007,1668274.79
2025-03-01,102.66326223384007,105.43019248375852,101.50611895161144,104.25510712004578,2278251.69
2025-03-02,104.25510712004578,106.86424740829466,103.19008061485985,105.78360639475808,1560532.2
2025-03-03,105.78360639475808,107.64793340070072,101.93599261710163,103.76473916953476,1744819.88
2025-03-04,103.76473916953476,106.24085607909224,102.44443441396646,104.9060295207397,1030789.33
2025-03-05,104.9060295207397,106.46660608545747,104.19688497997939,105.75174467326289,1372641.26
2025-03-06,105.75174467326289,106.13339608675346,105.1254638396317,105.50622920319019,2029070.16
2025-03-07,105.50622920319019,106.74040160187445,103.26545068046292,104.48770880860614,2215056.57
2025-03-08,104.48770880860614,106.89293182905575,102.87311090042684,105.26630268713681,1792065.86
2025-03-09,105.26630268713681,106.75426852002516,102.14072697727775,103.6052128853726,1967136.37
2025-03-10,103.6052128853726,105.3134141171266,101.198022163491,102.89450553729567,1538064.62
2025-03-11,102.89450553729567,106.16498223079084,101.24667743967467,104.49157745187836,1708699.85
2025-03-12,104.49157745187836,107.49201959895076,103.30544443948564,106.2855226711224,1304042.68
2025-03-13,106.2855226711224,107.85735194650483,105.56641403688032,107.13251273062194,1503725.16
2025-03-14,107.13251273062194,108.93699767107493,104.55715064676369,106.34842888216961,1688003.69
2025-03-15,106.34842888216961,107.40282259400776,103.42388163456162,104.4595479975514,1150012.71
2025-03-16,104.4595479975514,104.92986577464168,102.69413388991771,103.15859426402494,3093208.13
2025-03-17,103.15859426402494,107.24931267960334,101.29404501610897,105.34524069499811,1425476.06
2025-03-18,105.34524069499811,106.29291090618462,104.74474960604712,105.69045203650604,1791748.6
2025-03-19,105.69045203650604,106.21873951863469,105.00045725210907,105.52793238938042,1243606.8
2025-03-20,105.52793238938042,106.39579629107942,104.9540961732752,105.82036986835702,798328.74
2025-03-21,105.82036986835702,107.62909771835814,105.21278250387421,107.01465315393516,2608391.98
2025-03-22,107.01465315393516,107.76191816159965,104.52390317129617,105.25890811182327,1724109.93
2025-03-23,105.25890811182327,106.54210934422417,103.17024334650279,104.44350406655597,987203.06
2025-03-24,104.44350406655597,106.17187596525213,103.83440995191168,105.55629228706803,1315319.44
2025-03-25,105.55629228706803,107.84155466329081,103.70213388676945,105.97995438882405,2851247.43
2025-03-26,105.97995438882405,108.96227439812851,104.94813597556742,107.91164904981055,1917844.03
2025-03-27,107.91164904981055,110.39965640551767,106.77757183846889,109.25149830008581,891836.8
2025-03-28,109.25149830008581,110.82711200637102,106.34758720493885,107.90376402821346,1495736.34
2025-03-29,107.90376402821346,108.2289651895122,101.91926294612834,102.22735650850281,1624009.88
2025-03-30,102.22735650850281,103.36622485818835,101.4423869632555,102.57855855038625,1938540.88
2025-03-31,102.57855855038625,104.05084779841914,99.41730377797248,100.86499864823826,1696145.81
2025-04-01,100.86499864823826,102.61595899140026,99.96744504621628,101.71087827574404,1101887.36
2025-04-02,101.71087827574404,104.76491912291016,101.33769931957258,104.38193999549502,1450889.84
2025-04-03,104.38193999549502,105.51288366885974,101.55195848147014,102.6642920090237,1355038.84
2025-04-04,102.6642920090237,104.37235669484058,102.0571897369077,103.75878218723744,2049836.44
2025-04-05,103.75878218723744,107.12734861819075,101.90443081051971,105.24641071122136,1484205.18
2025-04-06,105.24641071122136,106.28932464394515,104.81021827311056,105.85062803466424,1479782.8
2025-04-07,105.85062803466424,106.78591225262282,105.49417468196627,106.42751622152834,1592699.89
2025-04-08,106.42751622152834,107.71320960636253,101.67004900664969,102.9132889079271,1370414.59
2025-04-09,102.9132889079271,103.61271610775067,102.33588710863434,103.03463349663471,2478801.82
2025-04-10,103.03463349663471,104.83502488941676,101.2316242721739,103.03196910836083,2250747.07
2025-04-11,103.03196910836083,105.35929544792721,102.49593910009898,104.8139943463213,2277218.04
2025-04-12,104.8139943463213,107.59267563214514,103.71039056615712,106.47161845518937,1248899.27
2025-04-13,106.47161845518937,108.12526555547183,103.96551525136198,105.60571368873363,1856431.05
2025-04-14,105.60571368873363,105.91358160646854,102.11289939174982,102.4114552214482,2070280.69
2025-04-15,102.4114552214482,104.45904537094101,97.80934249592312,99.80481612659125,1315326.81
2025-04-16,99.80481612659125,103.73860124107624,98.22705007153108,102.12416964823785,1267799.68
2025-04-17,102.12416964823785,102.9459374844797,101.18706430668914,102.00789652195381,1326597.14
2025-04-18,102.00789652195381,103.07705298203653,98.60829576774275,99.6527678542103,1179606.06
2025-04-19,99.6527678542103,100.13131114240873,97.0801247070803,97.54856337952103,2208890.81
2025-04-20,97.54856337952103,98.81560603098065,96.66220618007083,97.92582094954373,2158047.32
2025-04-21,97.92582094954373,98.8814108741326,97.17545802420331,98.1294873419115,1567825.56
2025-04-22,98.1294873419115,101.57300773550948,97.39013466169368,100.81343297474332,1673090.31
2025-04-23,100.81343297474332,102.41357150407805,99.09564262567838,100.69388363501994,1433781.53
2025-04-24,100.69388363501994,103.00300660539693,99.03993414573645,101.33846945820837,3031913.19
2025-04-25,101.33846945820837,102.20892624230716,100.41124299988076,101.28120793043581,1524580.94
2025-04-26,101.28120793043581,103.06751673904998,100.86709992288839,102.64782106667803,1489399.53
2025-04-27,102.64782106667803,105.92739623101338,102.36246108467193,105.63373543500494,1646440.63
2025-04-28,105.63373543500494,109.3294673860232,103.61304690135943,107.27733805410794,1223751.68
2025-04-29,107.27733805410794,111.20375316256869,106.86356604311763,110.77648483421798,1817605.68
2025-04-30,110.77648483421798,113.30413727438295,109.25192836528603,111.76596315387665,2428158.75
2025-05-01,111.76596315387665,112.17144430656568,108.54361773817566,108.93884224193673,1627569.96
2025-05-02,108.93884224193673,110.7132015152993,105.75330510704362,107.50429902226132,2076985.95
2025-05-03,107.50429902226132,109.8835566758009,106.59137427364642,108.95828470455797,1041362.22
2025-05-04,108.95828470455797,109.82216186589278,107.6844186212056,108.54501920168686,1339699.28
2025-05-05,108.54501920168686,108.8261650383333,108.27964392345034,108.56075129762868,1741645.68
2025-05-06,108.56075129762868,110.66263602068503,105.08066124303475,107.15533518670935,1071027.57
2025-05-07,107.15533518670935,110.88456337902844,106.00719362859446,109.70905933063258,1845376.96
2025-05-08,109.70905933063258,113.01014374067876,109.19423836430566,112.48230901694579,1573985.34
2025-05-09,112.48230901694579,112.96485782064363,111.59720123928075,112.07801562541435,1830692.82
2025-05-10,112.07801562541435,113.67679549647393,110.0995940449352,111.69288000106052,1603980.84
2025-05-11,111.69288000106052,114.69578179092805,111.05214924366184,114.0415776338539,1631630.1
2025-05-12,114.0415776338539,117.27412618693045,112.796088640124,116.00717025086739,886325.01
2025-05-13,116.00717025086739,116.6434379404794,112.3706816708705,112.99040321607458,1293893.82
2025-05-14,112.99040321607458,115.27331956700864,111.98455091443604,114.25619901969404,1929971.35
2025-05-15,114.25619901969404,117.01073671207675,112.45256514278613,115.19232526490644,1193154.75
2025-05-16,115.19232526490644,115.84385882669704,114.90441891854015,115.55504591319306,1330145.33
2025-05-17,115.55504591319306,116.26135349872364,113.23788683340032,113.93428785272802,1524091.29
2025-05-18,113.93428785272802,116.05172704419667,110.28749725961428,112.37597562242301,1559595.83
2025-05-19,112.37597562242301,113.9335764766788,105.396621840104,106.87801757936889,2033293.99
2025-05-20,106.87801757936889,108.791283515457,103.86462541991808,105.75783858595143,1800404.07
2025-05-21,105.75783858595143,106.01556559149097,102.19166507208912,102.44130984910012,1440964.73
2025-05-22,102.44130984910012,104.26497629447987,99.749894239795,101.55783297600043,1107470.27
2025-05-23,101.55783297600043,103.87676329540606,99.92640566693434,102.23446652974117,3650622.71
2025-05-24,102.23446652974117,102.6705513378884,99.8992619054495,100.32721124732836,1716139.32
2025-05-25,100.32721124732836,103.55271392609926,99.32732269962209,102.5308631778981,2136253.07
2025-05-26,102.5308631778981,106.79958299429758,101.61034370743751,105.84927094368447,936790.35
2025-05-27,105.84927094368447,108.1344650749682,103.99135642375443,106.26918011832505,1549201.92
2025-05-28,106.26918011832505,108.83122020509978,104.78888064398429,107.33605940552557,1534563.53
2025-05-29,107.33605940552557,108.97713775048715,102.9672407721988,104.56596672281773,1513636.21
2025-05-30,104.56596672281773,106.82502914965902,102.63658125542823,104.88967089640215,2065127.68
2025-05-31,104.88967089640215,105.69074736968919,101.75389268048401,102.53700105026722,1591071.99
2025-06-01,102.53700105026722,102.86803148839478,99.39790164756835,99.7198371542152,1526932.17
2025-06-02,99.7198371542152,100.70091098854516,96.74220575728876,97.70344168482772,1694314.35
2025-06-03,97.70344168482772,99.55102283921615,95.62706773312667,97.47023900315085,1710784.1
2025-06-04,97.47023900315085,98.85038040831503,96.03771167314612,97.41710065963525,1256041.23
2025-06-05,97.41710065963525,97.67580956342529,97.05484337896378,97.31327655889109,2177401.68
2025-06-06,97.31327655889109,99.23166713826478,93.62117090100031,95.50389208088595,1471181.62
2025-06-07,95.50389208088595,96.80076778569693,94.38471183520579,95.67952930234313,1656701.41
2025-06-08,95.67952930234313,96.55304435269127,93.75307471793839,94.61688828956324,2471523.73
2025-06-09,94.61688828956324,95.859343503468,93.58540258324132,94.82558267188833,3515346.04
2025-06-10,94.82558267188833,95.93203464733502,93.37170250753408,94.47405273125638,1911056.01
2025-06-11,94.47405273125638,96.22786993073676,90.05778569298221,91.7612422533502,1099910.88
2025-06-12,91.7612422533502,92.5453871925304,89.99006998268025,90.7657075885901,1582407.06
2025-06-13,90.7657075885901,92.85547974366447,89.50293246922352,91.58135692791356,2610458.92
2025-06-14,91.58135692791356,93.22394381971696,91.20937311554654,92.84681996813343,1604809.56
2025-06-15,92.84681996813343,93.74119996956524,90.1430955094477,91.0198768316182,2093548.5
2025-06-16,91.0198768316182,92.72366185389807,88.22563639820211,89.90861999982728,2086020.69
2025-06-17,89.90861999982728,91.3235580306336,87.86388115111278,89.26874920732584,1425704.78
2025-06-18,89.26874920732584,92.69652038834721,87.59688480474465,90.99237516072434,2728649.94
2025-06-19,90.99237516072434,92.0941480736148,90.59951137492288,91.69823669799833,1892451.66
2025-06-20,91.69823669799833,92.65151232406981,88.88996481246866,89.82375370671829,1688760.31
2025-06-21,89.82375370671829,91.59062611251589,88.79575109755267,90.55426306972112,1631850.77
2025-06-22,90.55426306972112,92.79006096573421,90.21963529126137,92.44843360430043,1268215.23
2025-06-23,92.44843360430043,93.83972759303104,91.39681308647293,92.78428667536829,1395513.29
2025-06-24,92.78428667536829,93.60391851182885,90.82584097988263,91.63532317682902,1316390.45
2025-06-25,91.63532317682902,93.1167064090902,91.43725323692776,92.91586856768747,3001536.02
2025-06-26,92.91586856768747,93.57535335687116,92.54756538534538,93.20590053563078,2203134.01
2025-06-27,93.20590053563078,94.21176685796313,91.83781716552699,92.83973184149784,1320818.38
2025-06-28,92.83973184149784,94.57791389778191,92.47297674840884,94.20576242253013,2695146.02
2025-06-29,94.20576242253013,95.0762068742455,93.34021999478291,94.21061981778796,2391388.03
2025-06-30,94.21061981778796,96.2105901171109,92.347571186604,94.34488631796546,1447674.04
2025-07-01,94.34488631796546,96.63061001131125,93.4094867566983,95.68195385043316,1941396.48
2025-07-02,95.68195385043316,96.84670552678939,93.76277721284461,94.9182319811453,1433640.94
2025-07-03,94.9182319811453,95.82122148749112,92.27830115114988,93.16460783301842,2196592.03
2025-07-04,93.16460783301842,94.03627558218642,92.79866553858233,93.66835461518818,1922603.0
2025-07-05,93.66835461518818,97.66671922603551,92.11722019748218,96.07571919868188,1529203.24
2025-07-06,96.07571919868188,97.53721438609068,91.19646176905991,92.60516317074675,1247605.74
2025-07-07,92.60516317074675,94.66167182046426,91.67921408673327,93.72453030465935,1672691.59
2025-07-08,93.72453030465935,94.29779401360364,93.21529697836365,93.78821467115104,1922265.43
2025-07-09,93.78821467115104,95.20973908223134,91.58013129404092,92.98955055370985,2353055.33
2025-07-10,92.98955055370985,93.72677455304975,91.30038296685618,92.02999961703813,1989516.9
2025-07-11,92.02999961703813,94.40553613144435,91.03825846954535,93.39904180051512,2143029.27
2025-07-12,93.39904180051512,95.06926456912473,92.78265487113666,94.44596844786375,1408744.17
2025-07-13,94.44596844786375,95.35184385535592,91.98972911414522,92.88059024799512,1036754.29
2025-07-14,92.88059024799512,95.07009230492169,91.17071554136862,93.35154756294565,1113569.43
2025-07-15,93.35154756294565,96.16872904689404,92.66292459551343,95.46451939694383,1580479.53
2025-07-16,95.46451939694383,97.42905225234668,94.60738820782763,96.56206670025726,1401259.75
2025-07-17,96.56206670025726,97.63748489426804,92.94779841106947,93.99462281079664,1648483.0
2025-07-18,93.99462281079664,95.67193557496195,93.32579693228274,94.99598443176983,2042328.1
2025-07-19,94.99598443176983,96.84246744699449,91.29349217947578,93.10318391315593,1988777.47
2025-07-20,93.10318391315593,93.80691147373315,92.7415618995346,93.44396582930197,945830.26
2025-07-21,93.44396582930197,93.83737427973715,91.93906584276554,92.32777501814846,3240060.26
2025-07-22,92.32777501814846,94.1808541862619,91.09853457039287,92.94341715608947,1874724.73
2025-07-23,92.94341715608947,94.1482491155152,90.75747794874974,91.94942471526153,1827569.43
2025-07-24,91.94942471526153,92.60434569029545,89.76785429208766,90.41182351532768,1638080.23
2025-07-25,90.41182351532768,91.19168205863194,90.10716975187829,90.88543241173409,1585135.49
2025-07-26,90.88543241173409,91.4639974152051,90.48844752427982,91.06622284049172,2238254.44
2025-07-27,91.06622284049172,92.85279890725693,90.51984157333685,92.29902106827953,1332740.71
2025-07-28,92.29902106827953,93.14814831057961,90.67684184313514,91.51879117116015,1835479.9
2025-07-29,91.51879117116015,92.62443564371746,88.22930444535494,89.30824314331635,2483401.8
2025-07-30,89.30824314331635,91.49144044204772,88.1335884257972,90.30369276078794,1782651.06
2025-07-31,90.30369276078794,93.80202164995806,88.99248843647212,92.45951491436965,1932741.23
2025-08-01,92.45951491436965,92.7254417937342,91.34374597476459,91.60722153563891,1196570.9
2025-08-02,91.60722153563891,93.43680386580176,90.52243942712641,92.3433052993091,2090219.84
2025-08-03,92.3433052993091,92.60142163801484,91.63114401528357,91.88798765834503,1864452.99
2025-08-04,91.88798765834503,96.12762585100438,90.62662941931387,94.82593798945724,1657919.72
2025-08-05,94.82593798945724,95.55958121702992,93.30348906649698,94.03098192907156,2036209.06
2025-08-06,94.03098192907156,95.2476916653006,92.75554368524378,93.97148354475773,1277318.14
2025-08-07,93.97148354475773,94.96626225816371,89.98597338087981,90.94875358466082,2666949.16
2025-08-08,90.94875358466082,94.86700302630881,89.43198058425158,93.31083702440255,3503317.41
2025-08-09,93.31083702440255,93.66167683106691,92.16805268948984,92.51590362273019,1462805.13
2025-08-10,92.51590362273019,95.59425601540794,91.4413315160011,94.49667722571765,2280908.68
2025-08-11,94.49667722571765,95.21596877002136,92.7738821275554,93.48547659632514,1639963.45
2025-08-12,93.48547659632514,93.69366257107222,93.16892559351581,93.3768697079039,1249821.31
2025-08-13,93.3768697079039,94.46808337779594,91.13348115664752,92.21107116025567,2351203.14
2025-08-14,92.21107116025567,93.69367657980207,89.37317122966755,90.83362960891355,1583527.79
2025-08-15,90.83362960891355,92.01890203586957,89.23328891684297,90.41307358043767,1980959.49
2025-08-16,90.41307358043767,90.67034173753103,89.96378237059531,90.22050257166224,2740757.57
2025-08-17,90.22050257166224,91.45278393442972,88.47314671102185,89.6982954814581,1939782.49
2025-08-18,89.6982954814581,91.03514406170491,86.21604025279615,87.52043028995014,1791099.94
2025-08-19,87.52043028995014,88.22427455606422,87.23182849164375,87.9343079810362,1337272.95
2025-08-20,87.9343079810362,88.72070862801748,84.43404363536496,85.19595506357145,1338385.64
2025-08-21,85.19595506357145,85.82418336847265,84.11500827718582,84.73987347212626,1643065.88
2025-08-22,84.73987347212626,86.0526766924279,81.32414817920137,82.60385994776377,1546314.88
2025-08-23,82.60385994776377,84.55236761541398,81.89112952523118,83.82906575645855,2015095.37
2025-08-24,83.82906575645855,86.02293996437297,83.34762410801355,85.53171974407898,1294851.43
2025-08-25,85.53171974407898,87.36534137259224,84.54307779003801,86.36704409187327,1400478.97
2025-08-26,86.36704409187327,87.72047164808241,84.3688941693049,85.71205766368143,1636763.99
2025-08-27,85.71205766368143,86.48895920931236,83.92895452783246,84.69665235139604,1741437.38
2025-08-28,84.69665235139604,86.23280590140122,82.82839860640563,84.35841755042797,1724996.91
2025-08-29,84.35841755042797,85.51534211615815,83.13705048302897,84.29307896972759,1618937.97
2025-08-30,84.29307896972759,85.31316848443711,83.94821629522436,84.96555455524259,1397264.51
2025-08-31,84.96555455524259,87.19968198365586,83.30249898996745,85.52566324768176,1964997.54
2025-09-01,85.52566324768176,86.81053794140658,81.50955680007304,82.75277363869581,2284820.87
2025-09-02,82.75277363869581,84.1789834958539,82.23571718329941,83.6562817348913,1837111.54
2025-09-03,83.6562817348913,84.82868819073278,83.02267564176944,84.1910319416362,1470507.32
2025-09-04,84.1910319416362,85.07462802126372,82.26672507094382,83.13928290451928,1053082.11
2025-09-05,83.13928290451928,83.33797413557858,81.65806906177856,81.85368790100374,2574497.3
2025-09-06,81.85368790100374,83.42891427895144,80.37142612765464,81.94499898296044,1627318.85
2025-09-07,81.94499898296044,82.47759978474507,81.66249345106561,82.19423501119306,2365832.13
2025-09-08,82.19423501119306,82.61193220722723,80.33647874408945,80.74682042407734,2562800.98
2025-09-09,80.74682042407734,81.77408620878458,79.80622169392859,80.8324895413487,2078294.9
2025-09-10,80.8324895413487,82.40949813258159,79.51127565234307,81.08417049703496,2158275.73
2025-09-11,81.08417049703496,83.7839187939612,79.5523418362544,82.23043509311123,2115772.27
2025-09-12,82.23043509311123,82.5657341729647,81.75713610573486,82.09187017960305,1608564.79
2025-09-13,82.09187017960305,82.27895437605665,79.26253650499193,79.4435853627957,1275757.57
2025-09-14,79.4435853627957,80.9418410114531,78.28493795017845,79.77831177124321,2075353.08
2025-09-15,79.77831177124321,80.32617885903785,77.09531315757201,77.6284161190789,1159765.37
2025-09-16,77.6284161190789,77.96843660704238,76.23854915426642,76.57395097589028,1541010.96
2025-09-17,76.57395097589028,76.7329933139998,74.76687706794823,74.92248935819383,1448791.79
2025-09-18,74.92248935819383,76.99574155300562,73.47255976629674,75.53397818787352,1961853.76
2025-09-19,75.53397818787352,76.68275343499505,73.09410035361438,74.22293633008849,1801876.93
2025-09-20,74.22293633008849,76.06205713640158,73.6158306869792,75.44495599765638,1448050.3
2025-09-21,75.44495599765638,76.40772452599745,73.10423488864502,74.0491917841207,1529979.86
2025-09-22,74.0491917841207,75.38394830666282,70.38518554408854,71.6771860273124,2773742.75
2025-09-23,71.6771860273124,72.99699504277683,69.96934381669226,71.28187385543787,1397215.65
2025-09-24,71.28187385543787,72.11058078705975,68.95929010552935,69.77042527808975,1623848.85
2025-09-25,69.77042527808975,72.63215538749711,68.4520514676921,71.28515933912645,1964777.29
2025-09-26,71.28515933912645,72.40005976938436,69.40876091214051,70.51156227853012,1730190.09
2025-09-27,70.51156227853012,72.7040135970193,69.67626146506912,71.85282380299614,1979592.21
2025-09-28,71.85282380299614,72.48960827859561,70.87156342136578,71.50526773537173,2237350.0
2025-09-29,71.50526773537173,73.2845944658799,70.15663885909483,71.9279927619276,2436223.64
2025-09-30,71.9279927619276,72.32392962734356,70.9284162591655,71.3210119206575,1719282.75
2025-10-01,71.3210119206575,75.00877377276791,70.47969076607045,74.13426673474208,1881272.51
2025-10-02,74.13426673474208,74.45978042448341,72.45393301565935,72.77347163539213,1791696.42
2025-10-03,72.77347163539213,73.09394611729509,68.96005637295455,69.26508086064143,1359092.22
2025-10-04,69.26508086064143,69.78029889825612,69.05183988771205,69.56613110554501,1784937.63
2025-10-05,69.56613110554501,70.0935461976516,67.9078444663357,68.42662036646979,1126128.34
2025-10-06,68.42662036646979,69.78661157112576,67.30558278561605,68.66172230064984,1867055.5
2025-10-07,68.66172230064984,69.02663048594158,68.22788827997759,68.592428196239,997613.51
2025-10-08,68.592428196239,69.75741233840924,66.85839529081687,68.01354763831344,1327470.04
2025-10-09,68.01354763831344,69.3660831601962,66.22989725219294,67.57368555963384,2105332.79
2025-10-10,67.57368555963384,68.81120104064887,66.79945463702686,68.03172212732692,1909655.47
2025-10-11,68.03172212732692,69.13232168177267,66.54756931248919,67.64186180780808,1692716.77
2025-10-12,67.64186180780808,68.5904735802453,66.53578924553064,67.48216137364312,1518928.19
2025-10-13,67.48216137364312,68.1753522974998,66.2592631463073,66.9469563316512,1369589.64
2025-10-14,66.9469563316512,69.23732687840952,66.46979290921793,68.74733131044468,1473769.05
2025-10-15,68.74733131044468,71.22115666745077,67.77898529816467,70.23189964955453,2017640.71
2025-10-16,70.23189964955453,70.66392124834478,68.15983262864492,68.58170327781835,1595407.9
2025-10-17,68.58170327781835,69.18467219413105,67.98953882349552,68.59241524796776,1009473.44
2025-10-18,68.59241524796776,68.92050287569197,67.37575580170292,67.69957283261368,1249514.77
2025-10-19,67.69957283261368,68.53901786367045,65.53028007004,66.35302854207139,1387692.81
2025-10-20,66.35302854207139,66.68239483257396,62.69183582014337,63.00458092855919,1591296.54
2025-10-21,63.00458092855919,64.04021321587128,61.64964867134427,62.67994478036997,1579724.42
2025-10-22,62.67994478036997,63.34194703016465,61.77532108088492,62.434733500398394,1305590.41
2025-10-23,62.434733500398394,64.77850848032912,61.50787240989073,63.830920601596105,1982487.73
2025-10-24,63.830920601596105,65.59321072781026,63.181432149766536,64.9325134166186,1036310.81
2025-10-25,64.9325134166186,66.50377061997203,63.8974625875208,65.46030655235941,1410709.41
2025-10-26,65.46030655235941,67.44452665304287,64.28646211757957,66.25640643097664,2068425.87
2025-10-27,66.25640643097664,67.8868505572013,65.56540197940512,67.18614958430639,1945692.93
2025-10-28,67.18614958430639,68.3133501003521,66.60509173700632,67.72760945003495,1589038.2
2025-10-29,67.72760945003495,70.31000949337029,66.71530822643156,69.27458614259484,2149670.32
2025-10-30,69.27458614259484,70.61712369602861,66.55458746496086,67.86990232562972,1814397.15
2025-10-31,67.86990232562972,68.22083403013144,66.99477859415143,67.34298579619374,1730255.29
2025-11-01,67.34298579619374,68.38251071418601,65.63813056153565,66.66722423757298,1975498.05
2025-11-02,66.66722423757298,66.8047874306002,65.94457601473496,66.0809294290916,1881744.12
2025-11-03,66.0809294290916,67.3801887981349,64.6299092770031,65.92612493601172,2371562.88
2025-11-04,65.92612493601172,68.81017898376045,64.84865048234437,67.70365320480803,1586761.44
2025-11-05,67.70365320480803,70.00975691314568,66.41522759634266,68.7023261877509,1599854.49
2025-11-06,68.7023261877509,70.36270269745879,68.43257025461297,70.08750792385472,1785750.6
2025-11-07,70.08750792385472,70.29218576044039,69.80254287322288,70.00698555886724,1709087.85
2025-11-08,70.00698555886724,70.69748474659596,69.1860048215149,69.87520421162338,2704313.26
2025-11-09,69.87520421162338,70.75858747620738,69.66082053109209,70.54215752036734,1938142.42
2025-11-10,70.54215752036734,71.25812877072427,70.3321273387962,71.04659668655488,1418831.85
2025-11-11,71.04659668655488,71.8151714480714,70.78721798846738,71.5539405263618,1171005.34
2025-11-12,71.5539405263618,74.53640837000954,71.33160029004571,74.30551813057326,2517810.85
2025-11-13,74.30551813057326,75.30568667275297,74.02639842357874,75.02386856907194,1547844.22
2025-11-14,75.02386856907194,75.66896940325447,73.44329958473159,74.0802869303152,1846488.08
2025-11-15,74.0802869303152,74.89721517402997,72.43964919689432,73.24739260989944,1692125.8
2025-11-16,73.24739260989944,74.55053172392228,72.96414918033898,74.26335960875511,2079758.84
2025-11-17,74.26335960875511,76.21566850283416,73.2584315883977,75.19809173469808,1480492.68
2025-11-18,75.19809173469808,77.39979815472955,74.22462008475442,76.41062967942185,1751274.57
2025-11-19,76.41062967942185,77.63199341355204,75.85148801874352,77.06804108573203,1483249.69
2025-11-20,77.06804108573203,77.64327584685284,75.22133740810486,75.78701057574256,3407645.3
2025-11-21,75.78701057574256,79.24226189711084,74.29207456888194,77.70940570218501,1408400.57
2025-11-22,77.70940570218501,80.01852924541856,77.13400504249302,79.43038556013485,1955543.12
2025-11-23,79.43038556013485,80.88426078558548,77.49903374858995,78.94400640355781,3462457.56
2025-11-24,78.94400640355781,79.87478252274586,78.49594778590259,79.42399963111696,2237326.69
2025-11-25,79.42399963111696,80.08980314986394,79.00847179741187,79.67297274691106,1690985.81
2025-11-26,79.67297274691106,81.06599351214018,77.81838899238245,79.2031960731077,1772458.58
2025-11-27,79.2031960731077,80.22700809044794,76.73146199433361,77.73631249100478,1387416.39
2025-11-28,77.73631249100478,79.71182840891673,76.50946037766313,78.4733442925339,2587257.43
2025-11-29,78.4733442925339,79.44322573887142,75.65839105648642,76.6051832003556,1606692.49
2025-11-30,76.6051832003556,78.09999002000139,74.39680339463882,75.87740906369409,1669048.61
2025-12-01,75.87740906369409,78.22029603065465,75.68603909397447,78.02351338377832,1364880.64
2025-12-02,78.02351338377832,78.93092816066333,77.65654154728423,78.56142633168614,1572306.76
2025-12-03,78.56142633168614,79.37663486188981,78.24724997425308,79.06046279909754,1727996.07
2025-12-04,79.06046279909754,80.17391338360767,77.58430052385403,78.69256987649162,2232224.24
2025-12-05,78.69256987649162,79.29459918719809,76.14572527400705,76.73276127308988,1817011.8
2025-12-06,76.73276127308988,78.50767321420456,75.49278727482375,77.25919227902632,2235269.57
2025-12-07,77.25919227902632,78.22590796428602,76.93210129351168,77.89612042643512,960259.86
2025-12-08,77.89612042643512,79.40019875438095,77.41766940366442,78.9154866136983,2412828.35
2025-12-09,78.9154866136983,79.16674678773529,78.17366459579009,78.42335787392221,1215643.83
2025-12-10,78.42335787392221,79.98229283469317,76.36517744300491,77.91398689722914,2060446.7
2025-12-11,77.91398689722914,79.8175304886381,76.75190142579805,78.64454870327675,781579.03
2025-12-12,78.64454870327675,78.956093383068,76.75925101918396,77.0645365955244,1728150.36
2025-12-13,77.0645365955244,79.16258933080965,76.01299461471459,78.09695998140997,2154449.48
2025-12-14,78.09695998140997,78.87118381364371,77.1307956847691,77.90309763879063,1377534.93
2025-12-15,77.90309763879063,79.73096340911528,76.46256002544543,78.28339358988408,1715320.35
2025-12-16,78.28339358988408,81.63837355957641,77.93787857871503,81.27963420970984,2143022.82
2025-12-17,81.27963420970984,81.48297485258988,80.72864137096752,80.93111009657193,2042562.71
2025-12-18,80.93111009657193,81.5107086875603,80.54490322641435,81.1235833265572,1151107.61
2025-12-19,81.1235833265572,82.70450826832297,79.59235769623342,81.17236193101976,2182249.26
2025-12-20,81.17236193101976,82.69224940577448,77.14438809239932,78.61641755550951,2605943.05
2025-12-21,78.61641755550951,79.66631423682993,78.36210531474117,79.40943669886806,2303417.6
2025-12-22,79.40943669886806,80.31619263170052,75.58922945694206,76.46233317263032,1249859.67
2025-12-23,76.46233317263032,78.52540728974316,75.36740339366764,77.41680954435371,1295952.04
2025-12-24,77.41680954435371,77.57760711378192,76.40265584277157,76.56167727092094,1732652.27
2025-12-25,76.56167727092094,76.73740481445036,75.48506632460268,75.65872136621331,1967972.92
2025-12-26,75.65872136621331,75.90043853229265,75.3786357809192,75.62022997333155,2113526.98
2025-12-27,75.62022997333155,76.73013925042262,72.93289508341242,74.01930695363102,1394666.89
2025-12-28,74.01930695363102,75.41982472346454,72.49524009161834,73.89337510760829,1668678.58
2025-12-29,73.89337510760829,74.13184422368893,72.36507592001507,72.59936901234131,1385517.74
2025-12-30,72.59936901234131,72.93261374098475,70.77809043494199,71.10447331176957,1321734.66
2025-12-31,71.10447331176957,71.84477077889295,70.12327725854765,70.86104024543329,1881784.7
2026-01-01,70.86104024543329,73.01070933493327,70.15478231825222,72.29020718446027,1669080.12
2026-01-02,72.29020718446027,73.57659190785492,71.86940552154176,73.15078084131217,1905011.06
2026-01-03,73.15078084131217,73.56088631257231,72.10996308512287,72.51651265650273,1473593.38
2026-01-04,72.51651265650273,72.84371923505678,72.00606461054458,72.33244062544794,2009822.79
2026-01-05,72.33244062544794,72.8033240197018,71.2393793706942,71.70618585325744,1282415.47
2026-01-06,71.70618585325744,72.93566484534603,69.13211947372086,70.33814189385085,1517056.79
2026-01-07,70.33814189385085,71.05807468140284,68.45311831325186,69.16100271471124,1289105.88
2026-01-08,69.16100271471124,70.75320703771322,67.88011932659924,69.46666273056663,1825324.48
2026-01-09,69.46666273056663,70.6580644349795,67.47873278591865,68.65623509121144,2674473.56
2026-01-10,68.65623509121144,69.44715095356662,67.80636965380081,68.59659850614086,1864128.77
2026-01-11,68.59659850614086,69.75157937634273,66.34150254700504,67.4776432421447,1657321.82
2026-01-12,67.4776432421447,68.69692476376761,67.14308579089912,68.35800244857404,1618115.98
2026-01-13,68.35800244857404,70.01332231994523,67.43282754998158,69.07839740948822,1470529.21
2026-01-14,69.07839740948822,72.19462048741225,67.77093222031122,70.85355639232044,2240998.1
2026-01-15,70.85355639232044,73.39750814665373,69.92168973057198,72.44471455726776,1884401.64
2026-01-16,72.44471455726776,73.2294633951077,70.6044009079217,71.37759024736143,1118788.66
2026-01-17,71.37759024736143,72.36269552215319,69.42504919863377,70.39661572586891,2231562.95
2026-01-18,70.39661572586891,71.12309410798396,70.08260742503025,70.80725413006492,1367506.24
2026-01-19,70.80725413006492,71.32419905466512,69.29461652995417,69.80423870578737,1442884.7
2026-01-20,69.80423870578737,70.53756754833498,69.34771859266732,70.07924886721489,1879866.27
2026-01-21,70.07924886721489,70.36863087640835,69.40688039075587,69.69467435574776,1463846.71
2026-01-22,69.69467435574776,71.79031842448812,68.66702947478488,70.74715476656716,2978246.12
2026-01-23,70.74715476656716,72.81276985939064,69.79805803248196,71.8488929393732,1601593.23
2026-01-24,71.8488929393732,73.12118812442185,70.23466062095711,71.50079165269977,1991558.27
2026-01-25,71.50079165269977,72.54218785263524,68.40641501894854,69.41746798348467,1155467.91
2026-01-26,69.41746798348467,71.74544548997372,68.2642348908949,70.57301527856855,1457259.75
2026-01-27,70.57301527856855,70.89097483911281,69.56986559221455,69.88472412680325,1645263.18
2026-01-28,69.88472412680325,70.10694448749051,69.64397461648817,69.86613586999307,2181108.07
2026-01-29,69.86613586999307,70.47185495909663,69.11488790062819,69.71933426246721,1298974.11
2026-01-30,69.71933426246721,70.46903646794667,69.41553435052269,70.16330197996368,2294431.75
2026-01-31,70.16330197996368,71.27315421096709,68.36744907429781,69.46627565224534,1754983.69
2026-02-01,69.46627565224534,70.14706287096402,67.5559486011073,68.22456675594522,1845019.44
2026-02-02,68.22456675594522,69.69271819475397,66.9355740638411,68.40040335489822,1410992.56
2026-02-03,68.40040335489822,69.58045181231408,68.15514806800073,69.33185672255416,1335538.64
2026-02-04,69.33185672255416,70.65128797259779,67.88439672744452,69.20134423828947,986377.86
2026-02-05,69.20134423828947,70.24573842081756,68.02527968581559,69.06765623451074,1832258.8
2026-02-06,69.06765623451074,70.20491199196205,66.64272855778914,67.75842677555843,1988622.24
2026-02-07,67.75842677555843,69.0763397250736,67.02217608838109,68.33383673835685,1552949.68
2026-02-08,68.33383673835685,69.5851888963032,67.74932912510013,68.99502566672403,1144253.19
2026-02-09,68.99502566672403,70.03274671508407,67.84693729252226,68.88297301069271,1479343.89
2026-02-10,68.88297301069271,70.23468349177188,66.47962764326064,67.8102885267919,1866199.29
2026-02-11,67.8102885267919,68.07593613006082,67.64278784767075,67.90819361200022,1780040.42
2026-02-12,67.90819361200022,68.9672152624544,67.04246675908881,68.09905521254579,2010974.57
2026-02-13,68.09905521254579,68.53853303790139,67.62237571876126,68.06161190340652,1134595.75
2026-02-14,68.06161190340652,68.68788002594447,66.26813856948463,66.88356692498996,1536300.83
2026-02-15,66.88356692498996,67.99598614380449,66.05822368664712,67.16714356957215,1657958.61
2026-02-16,67.16714356957215,67.75005630534501,66.77058388630103,67.35240283792768,1991554.35
2026-02-17,67.35240283792768,67.9678228486177,67.20500845284795,67.81940647010795,1461968.65
2026-02-18,67.81940647010795,68.0390705780459,67.45818450307235,67.67738862137492,1943233.37
2026-02-19,67.67738862137492,69.27985084380745,67.51070326663995,69.10963794477146,1340822.03
2026-02-20,69.10963794477146,69.30968653259028,68.91542280813658,69.11545504845857,1794770.58
2026-02-21,69.11545504845857,71.05754712394675,68.77171446435564,70.70589659688743,1579839.09
2026-02-22,70.70589659688743,71.67947419805579,69.99926885178553,70.97020498107503,1556987.87
2026-02-23,70.97020498107503,71.69003093267418,68.95028205171016,69.65678645889744,3107794.49
2026-02-24,69.65678645889744,70.77250590188066,69.50243033742352,70.61602415535391,1564249.57
2026-02-25,70.61602415535391,70.79103536309789,70.03401768558903,70.20801771065163,1529478.09
2026-02-26,70.20801771065163,70.6681379867614,69.2550535610094,69.71192259274464,1190613.08
2026-02-27,69.71192259274464,71.10933046013537,69.51030490546162,70.90426433568805,2177445.97
2026-02-28,70.90426433568805,71.30812945712832,69.09346989826314,69.48927535358249,1483980.51
2026-03-01,69.48927535358249,69.67221150302319,67.37179832070085,67.54962819178064,1686439.4
2026-03-02,67.54962819178064,67.78999218152784,67.07808319136618,67.3176216247693,1376517.01
2026-03-03,67.3176216247693,68.59527615135279,66.38251970351003,67.65548106060916,1886196.43
2026-03-04,67.65548106060916,68.92608776975723,67.35616603803312,68.62249457684074,2146223.03
2026-03-05,68.62249457684074,69.48183212660858,67.93423382536892,68.7918725703092,2357940.59
2026-03-06,68.7918725703092,69.92953896980804,65.23555589672905,66.3325505138702,1651157.98
2026-03-07,66.3325505138702,66.5344877678995,65.10434435691911,65.30314778360379,1465603.74
2026-03-08,65.30314778360379,65.75147385851436,63.54997232500837,63.98927828411067,1441936.51
2026-03-09,63.98927828411067,64.8378044975746,61.245593401673155,62.06865124872455,1707518.48
2026-03-10,62.06865124872455,62.386592107236055,61.58753088241814,61.904631565448724,1811287.55
2026-03-11,61.904631565448724,63.1362850821025,61.201415525384434,62.427133592666905,1947798.6
2026-03-12,62.427133592666905,64.34405208312694,61.523545394169595,63.4260059206731,1375639.87
2026-03-13,63.4260059206731,65.16643263766278,62.215807455633886,63.9463065875692,1758092.68
2026-03-14,63.9463065875692,65.1954635510745,62.13910390753573,63.377142555504584,1317600.88
2026-03-15,63.377142555504584,64.8258975726701,63.064275367813984,64.50745051409908,1645845.4
2026-03-16,64.50745051409908,65.65370959287586,63.152525993664824,64.29501013305823,2409774.02
2026-03-17,64.29501013305823,64.55489782994977,64.10583461727543,64.36551486774893,1605801.55
2026-03-18,64.36551486774893,65.01585623657427,63.041399036664664,63.684863183283696,1362744.25
2026-03-19,63.684863183283696,64.35075554466096,62.77611506853945,63.43944128532604,1855687.76
2026-03-20,63.43944128532604,63.66257226876446,62.79296632530676,63.014603055800386,2126003.15
2026-03-21,63.014603055800386,63.49904455211699,61.15107122782761,61.62482846286676,1402741.83
2026-03-22,61.62482846286676,63.268354230589665,60.639109876349245,62.2722793575451,1211520.12
2026-03-23,62.2722793575451,62.814729537571395,61.907701128180854,62.44911600338305,1387679.09
2026-03-24,62.44911600338305,64.1031761196973,61.62382161549983,63.26707205851464,1523036.24
2026-03-25,63.26707205851464,64.49049217717658,61.34602696205992,62.555690823531506,2484727.88
2026-03-26,62.555690823531506,63.46984121596814,62.37115316840994,63.28315755298277,1196761.01
2026-03-27,63.28315755298277,63.42666199039569,61.559780649763375,61.69969433717684,1113028.25
2026-03-28,61.69969433717684,62.673384924540585,61.28134551049877,62.251296015880605,1819581.24
2026-03-29,62.251296015880605,63.180478984499324,62.01831999590439,62.94490711890165,1422876.48
2026-03-30,62.94490711890165,63.16588331512888,61.68292870476904,61.90023745370793,1326802.78
2026-03-31,61.90023745370793,63.63266153266366,61.31766840233547,63.03937161278186,1999820.09
2026-04-01,63.03937161278186,65.54961037177571,62.173325404642725,64.66128206655196,1739199.6
2026-04-02,64.66128206655196,65.65475523174979,63.083967192427174,64.06833008540814,2185756.25
2026-04-03,64.06833008540814,65.86014433229782,63.81474541007657,65.60049529386482,2042674.91
2026-04-04,65.60049529386482,66.40602329384528,63.03755972175257,63.821239713070426,1256811.61
2026-04-05,63.821239713070426,64.77243795706798,62.73839447112911,63.68760094940891,1117187.64
2026-04-06,63.68760094940891,64.52123712145864,60.25055666077976,61.04966366375835,2248822.31
2026-04-07,61.04966366375835,62.62687423786608,60.417153563946805,61.984676856384155,1647987.26
2026-04-08,61.984676856384155,62.60072391689936,59.870390310902565,60.47139734145895,3612208.66
2026-04-09,60.47139734145895,61.44056764168185,57.65448204988903,58.593556340986794,2164910.7
2026-04-10,58.593556340986794,59.212531702972214,58.23286670004066,58.85026183684583,2395129.12
2026-04-11,58.85026183684583,60.17491981750504,58.535776818105774,59.85506531305359,1342522.63
2026-04-12,59.85506531305359,60.039200559391915,59.287388430583164,59.47034012684824,1664758.38
2026-04-13,59.47034012684824,60.15979703215382,58.920691485832975,59.60886806063454,2080896.79
2026-04-14,59.60886806063454,62.201113715373715,58.77665102457337,61.34466273648912,1664599.36
2026-04-15,61.34466273648912,62.046319864896724,59.721574301007706,60.41257020247804,1723972.6
2026-04-16,60.41257020247804,60.625618476340584,59.25525475482207,59.4649612331853,1806678.7
2026-04-17,59.4649612331853,61.73109272599572,58.28370030810281,60.52870080272698,1418558.7
2026-04-18,60.52870080272698,61.28400630588465,60.00308146022537,60.75640958506715,1363098.55
2026-04-19,60.75640958506715,62.3121134784637,60.631811280411846,62.184586291118684,1623865.39
2026-04-20,62.184586291118684,62.98703139999801,60.11197174396432,60.89781200274293,1532643.21
2026-04-21,60.89781200274293,61.02769089272798,59.03618013478243,59.16235776091027,1365125.33
2026-04-22,59.16235776091027,60.24073006299039,56.75449834684268,57.808187733895295,1646969.5
2026-04-23,57.808187733895295,59.23092278879491,57.067520417255665,58.481627032179354,1226479.78
2026-04-24,58.481627032179354,60.11161923217568,58.01807950059655,59.6388987267104,2056961.83
2026-04-25,59.6388987267104,61.1790781104082,59.1593219685067,60.69104071901688,1970004.35
2026-04-26,60.69104071901688,61.48420551161352,60.45648783219149,61.247502066584936,2016875.76
2026-04-27,61.247502066584936,63.11095226397637,60.66114943402221,62.512489283080676,1378461.09
2026-04-28,62.512489283080676,63.20204186192059,61.22366014957738,61.90652859602669,1335482.51
2026-04-29,61.90652859602669,62.19952125095128,59.66669693839578,59.950431732699315,2365400.91
2026-04-30,59.950431732699315,60.802343492088255,57.57480403659088,58.40475126074195,1618835.31
